family,N,d,q,p,sample_idx,relax_core_ratio,relax_rounded_ratio,opt_warm_ratio,opt_cold_ratio
Gilbert,5,,0.1,1,0,0.125,1.0,0.8589115545978769,0.6510327624412556
Gilbert,5,,0.1,1,1,0.0,1.0,0.75,0.5000000000000002
Gilbert,5,,0.1,1,2,0.0,1.0,0.75,0.5000000000000002
Gilbert,5,,0.1,1,3,0.125,1.0,0.921653147773611,0.8816805272182264
Gilbert,5,,0.1,1,4,0.0,1.0,0.75,0.5000000000000002
Gilbert,5,,0.1,1,5,0.484375,0.75,0.7024571608636677,0.6390555412095852
Gilbert,5,,0.1,1,6,0.0,1.0,0.75,0.5000000000000002
Gilbert,5,,0.1,1,7,0.125,1.0,0.9216531477736112,0.8816805272182262
Gilbert,5,,0.1,1,8,0.125,1.0,0.9216531477736112,0.8816805272182263
Gilbert,5,,0.1,1,9,0.125,1.0,0.9216531477736112,0.8816805272182263
Gilbert,5,,0.1,1,10,0.3333333333333333,1.0,0.8228259320804204,0.7098607832040397
Gilbert,5,,0.1,1,11,0.125,1.0,0.9216531477736112,0.8816805272182263
Gilbert,5,,0.1,1,12,0.125,1.0,0.921653147773611,0.8816805272182262
Gilbert,5,,0.1,1,13,0.0,1.0,0.75,0.5000000000000002
Gilbert,5,,0.1,1,14,0.3333333333333333,1.0,0.8228259320804204,0.7098607832040397
Gilbert,5,,0.1,1,15,0.125,1.0,0.9216531477736112,0.8816805272182262
Gilbert,5,,0.1,1,16,0.0,1.0,0.75,0.5000000000000002
Gilbert,5,,0.1,1,17,0.0,1.0,0.75,0.5000000000000002
Gilbert,5,,0.1,1,18,0.125,1.0,0.8589115545978774,0.6510327624412557
Gilbert,5,,0.1,1,19,0.125,1.0,0.921653147773611,0.8816805272182264
Gilbert,5,,0.1,2,0,0.125,1.0,0.9384124847234274,0.8177933775187544
Gilbert,5,,0.1,2,1,0.0,1.0,0.75,0.49999999999999967
Gilbert,5,,0.1,2,2,0.0,1.0,0.75,0.49999999999999967
Gilbert,5,,0.1,2,3,0.125,1.0,0.9929963775681678,0.973322696278797
Gilbert,5,,0.1,2,4,0.0,1.0,0.75,0.49999999999999967
Gilbert,5,,0.1,2,5,0.484375,0.75,0.8142550158300079,0.7671450131376554
Gilbert,5,,0.1,2,6,0.0,1.0,0.75,0.49999999999999967
Gilbert,5,,0.1,2,7,0.125,1.0,0.9929963775681674,0.9733226962787969
Gilbert,5,,0.1,2,8,0.125,1.0,0.9929963775681676,0.9733226962787966
Gilbert,5,,0.1,2,9,0.125,1.0,0.9929963775681676,0.9733226962787966
Gilbert,5,,0.1,2,10,0.3333333333333333,1.0,0.9914479528779016,0.9607353718803421
Gilbert,5,,0.1,2,11,0.125,1.0,0.9929963775681675,0.973322696278797
Gilbert,5,,0.1,2,12,0.125,1.0,0.9929963775681679,0.9733226962787964
Gilbert,5,,0.1,2,13,0.0,1.0,0.75,0.49999999999999967
Gilbert,5,,0.1,2,14,0.3333333333333333,1.0,0.9914479528779009,0.9607353718803423
Gilbert,5,,0.1,2,15,0.125,1.0,0.9929963775681674,0.9733226962787969
Gilbert,5,,0.1,2,16,0.0,1.0,0.75,0.49999999999999967
Gilbert,5,,0.1,2,17,0.0,1.0,0.75,0.49999999999999967
Gilbert,5,,0.1,2,18,0.125,1.0,0.938412484723428,0.8177933775187542
Gilbert,5,,0.1,2,19,0.125,1.0,0.9929963775681674,0.9733226962787965
Gilbert,5,,0.1,3,0,0.125,1.0,0.9952788929419472,0.935965865268602
Gilbert,5,,0.1,3,1,0.0,1.0,0.75,0.5000000000000004
Gilbert,5,,0.1,3,2,0.0,1.0,0.75,0.5000000000000004
Gilbert,5,,0.1,3,3,0.125,1.0,0.9999999999977557,0.9999999999992131
Gilbert,5,,0.1,3,4,0.0,1.0,0.75,0.5000000000000004
Gilbert,5,,0.1,3,5,0.484375,0.75,0.9564396403271557,0.968242317423305
Gilbert,5,,0.1,3,6,0.0,1.0,0.75,0.5000000000000004
Gilbert,5,,0.1,3,7,0.125,1.0,0.9999999999977568,0.9999999999992133
Gilbert,5,,0.1,3,8,0.125,1.0,0.9999999999977558,0.999999999999213
Gilbert,5,,0.1,3,9,0.125,1.0,0.9999999999977558,0.999999999999213
Gilbert,5,,0.1,3,10,0.3333333333333333,1.0,0.999999999942499,0.9999999999819812
Gilbert,5,,0.1,3,11,0.125,1.0,0.999999999997756,0.9999999999992133
Gilbert,5,,0.1,3,12,0.125,1.0,0.999999999997756,0.9999999999992137
Gilbert,5,,0.1,3,13,0.0,1.0,0.75,0.5000000000000004
Gilbert,5,,0.1,3,14,0.3333333333333333,1.0,0.9999999999424986,0.9999999999819815
Gilbert,5,,0.1,3,15,0.125,1.0,0.9999999999977568,0.9999999999992133
Gilbert,5,,0.1,3,16,0.0,1.0,0.75,0.5000000000000004
Gilbert,5,,0.1,3,17,0.0,1.0,0.75,0.5000000000000004
Gilbert,5,,0.1,3,18,0.125,1.0,0.9952788929419475,0.9359658652686027
Gilbert,5,,0.1,3,19,0.125,1.0,0.9999999999977554,0.9999999999992133
Gilbert,5,,0.1,4,0,0.125,1.0,0.998444854775918,0.9915548427426202
Gilbert,5,,0.1,4,1,0.0,1.0,0.75,0.4999999999999994
Gilbert,5,,0.1,4,2,0.0,1.0,0.75,0.4999999999999994
Gilbert,5,,0.1,4,3,0.125,1.0,0.9999999996435316,0.9999999999836462
Gilbert,5,,0.1,4,4,0.0,1.0,0.75,0.4999999999999994
Gilbert,5,,0.1,4,5,0.484375,0.75,0.9810552821948434,0.9885937321737363
Gilbert,5,,0.1,4,6,0.0,1.0,0.75,0.4999999999999994
Gilbert,5,,0.1,4,7,0.125,1.0,0.9999999996435311,0.9999999999836475
Gilbert,5,,0.1,4,8,0.125,1.0,0.9999999996435308,0.9999999999836469
Gilbert,5,,0.1,4,9,0.125,1.0,0.9999999996435308,0.9999999999836469
Gilbert,5,,0.1,4,10,0.3333333333333333,1.0,0.9999999999995556,0.9999999999087236
Gilbert,5,,0.1,4,11,0.125,1.0,0.9999999996435318,0.9999999999836464
Gilbert,5,,0.1,4,12,0.125,1.0,0.9999999996435309,0.9999999999836469
Gilbert,5,,0.1,4,13,0.0,1.0,0.75,0.4999999999999994
Gilbert,5,,0.1,4,14,0.3333333333333333,1.0,0.9999999999995567,0.9999999999087242
Gilbert,5,,0.1,4,15,0.125,1.0,0.9999999996435311,0.9999999999836475
Gilbert,5,,0.1,4,16,0.0,1.0,0.75,0.4999999999999994
Gilbert,5,,0.1,4,17,0.0,1.0,0.75,0.4999999999999994
Gilbert,5,,0.1,4,18,0.125,1.0,0.9984448547759168,0.9915548427426196
Gilbert,5,,0.1,4,19,0.125,1.0,0.9999999996435311,0.9999999999836473
Gilbert,5,,0.1,5,0,0.125,1.0,0.9999014211006054,0.9943371164226334
Gilbert,5,,0.1,5,1,0.0,1.0,0.75,0.5000000000000007
Gilbert,5,,0.1,5,2,0.0,1.0,0.75,0.5000000000000007
Gilbert,5,,0.1,5,3,0.125,1.0,0.9999999997879825,0.9999999999073255
Gilbert,5,,0.1,5,4,0.0,1.0,0.75,0.5000000000000007
Gilbert,5,,0.1,5,5,0.484375,0.75,0.9912140251552097,0.9999999846935486
Gilbert,5,,0.1,5,6,0.0,1.0,0.75,0.5000000000000007
Gilbert,5,,0.1,5,7,0.125,1.0,0.9999999997879823,0.9999999999073258
Gilbert,5,,0.1,5,8,0.125,1.0,0.9999999997879825,0.9999999999073259
Gilbert,5,,0.1,5,9,0.125,1.0,0.9999999997879825,0.9999999999073259
Gilbert,5,,0.1,5,10,0.3333333333333333,1.0,0.9999999999999094,0.9999999999992023
Gilbert,5,,0.1,5,11,0.125,1.0,0.9999999997879825,0.9999999999073254
Gilbert,5,,0.1,5,12,0.125,1.0,0.9999999997879818,0.9999999999073257
Gilbert,5,,0.1,5,13,0.0,1.0,0.75,0.5000000000000007
Gilbert,5,,0.1,5,14,0.3333333333333333,1.0,0.9999999999999084,0.9999999999992024
Gilbert,5,,0.1,5,15,0.125,1.0,0.9999999997879823,0.9999999999073258
Gilbert,5,,0.1,5,16,0.0,1.0,0.75,0.5000000000000007
Gilbert,5,,0.1,5,17,0.0,1.0,0.75,0.5000000000000007
Gilbert,5,,0.1,5,18,0.125,1.0,0.9995423851223724,0.9943371164226341
Gilbert,5,,0.1,5,19,0.125,1.0,0.999999999787982,0.9999999999073254
Gilbert,5,,0.1,6,0,0.125,1.0,0.9998832819299323,0.9978788103649908
Gilbert,5,,0.1,6,1,0.0,1.0,0.75,0.4999999999999991
Gilbert,5,,0.1,6,2,0.0,1.0,0.75,0.4999999999999991
Gilbert,5,,0.1,6,3,0.125,1.0,0.9999999997902597,0.9999999999667929
Gilbert,5,,0.1,6,4,0.0,1.0,0.75,0.4999999999999991
Gilbert,5,,0.1,6,5,0.484375,0.75,0.9999999996330546,0.9999999933429826
Gilbert,5,,0.1,6,6,0.0,1.0,0.75,0.4999999999999991
Gilbert,5,,0.1,6,7,0.125,1.0,0.9999999997902601,0.9999999999667919
Gilbert,5,,0.1,6,8,0.125,1.0,0.9999999997902598,0.9999999999667923
Gilbert,5,,0.1,6,9,0.125,1.0,0.9999999997902598,0.9999999999667923
Gilbert,5,,0.1,6,10,0.3333333333333333,1.0,0.9999999999985626,0.9999999999900405
Gilbert,5,,0.1,6,11,0.125,1.0,0.999999999790259,0.9999999999667919
Gilbert,5,,0.1,6,12,0.125,1.0,0.99999999979026,0.9999999999667919
Gilbert,5,,0.1,6,13,0.0,1.0,0.75,0.4999999999999991
Gilbert,5,,0.1,6,14,0.3333333333333333,1.0,0.9999999999985607,0.9999999999900394
Gilbert,5,,0.1,6,15,0.125,1.0,0.9999999997902601,0.9999999999667919
Gilbert,5,,0.1,6,16,0.0,1.0,0.75,0.4999999999999991
Gilbert,5,,0.1,6,17,0.0,1.0,0.75,0.4999999999999991
Gilbert,5,,0.1,6,18,0.125,1.0,0.9999135646445245,0.9978788103928287
Gilbert,5,,0.1,6,19,0.125,1.0,0.9999999997902607,0.9999999999667931
Gilbert,5,,0.1,7,0,0.125,1.0,0.9999220353548954,0.9999999991653316
Gilbert,5,,0.1,7,1,0.0,1.0,0.75,0.500000000000001
Gilbert,5,,0.1,7,2,0.0,1.0,0.75,0.500000000000001
Gilbert,5,,0.1,7,3,0.125,1.0,0.9999999999946056,0.9999999999949029
Gilbert,5,,0.1,7,4,0.0,1.0,0.75,0.500000000000001
Gilbert,5,,0.1,7,5,0.484375,0.75,0.9999999992296313,0.9999999996561397
Gilbert,5,,0.1,7,6,0.0,1.0,0.75,0.500000000000001
Gilbert,5,,0.1,7,7,0.125,1.0,0.9999999999946054,0.9999999999949024
Gilbert,5,,0.1,7,8,0.125,1.0,0.9999999999946054,0.9999999999949021
Gilbert,5,,0.1,7,9,0.125,1.0,0.9999999999946054,0.9999999999949021
Gilbert,5,,0.1,7,10,0.3333333333333333,1.0,0.9999999999753179,0.9999999999997916
Gilbert,5,,0.1,7,11,0.125,1.0,0.9999999999946054,0.9999999999949034
Gilbert,5,,0.1,7,12,0.125,1.0,0.9999999999946051,0.9999999999949025
Gilbert,5,,0.1,7,13,0.0,1.0,0.75,0.500000000000001
Gilbert,5,,0.1,7,14,0.3333333333333333,1.0,0.999999999975319,0.999999999999792
Gilbert,5,,0.1,7,15,0.125,1.0,0.9999999999946054,0.9999999999949024
Gilbert,5,,0.1,7,16,0.0,1.0,0.75,0.500000000000001
Gilbert,5,,0.1,7,17,0.0,1.0,0.75,0.500000000000001
Gilbert,5,,0.1,7,18,0.125,1.0,0.9999912166226556,0.999999999797307
Gilbert,5,,0.1,7,19,0.125,1.0,0.9999999999946054,0.9999999999949016
Gilbert,5,,0.1,8,0,0.125,1.0,0.9999999848598649,0.9999999993041365
Gilbert,5,,0.1,8,1,0.0,1.0,0.75,0.49999999999999883
Gilbert,5,,0.1,8,2,0.0,1.0,0.75,0.49999999999999883
Gilbert,5,,0.1,8,3,0.125,1.0,0.9999999999996996,0.9999999995619662
Gilbert,5,,0.1,8,4,0.0,1.0,0.75,0.49999999999999883
Gilbert,5,,0.1,8,5,0.484375,0.75,0.9999999996232154,0.9999999993119523
Gilbert,5,,0.1,8,6,0.0,1.0,0.75,0.49999999999999883
Gilbert,5,,0.1,8,7,0.125,1.0,0.9999999999996992,0.9999999995619666
Gilbert,5,,0.1,8,8,0.125,1.0,0.9999999999996976,0.9999999995619657
Gilbert,5,,0.1,8,9,0.125,1.0,0.9999999999996976,0.9999999995619657
Gilbert,5,,0.1,8,10,0.3333333333333333,1.0,0.9999999999996105,0.9999999999998339
Gilbert,5,,0.1,8,11,0.125,1.0,0.9999999999996978,0.9999999995619666
Gilbert,5,,0.1,8,12,0.125,1.0,0.9999999999996984,0.9999999995619674
Gilbert,5,,0.1,8,13,0.0,1.0,0.75,0.49999999999999883
Gilbert,5,,0.1,8,14,0.3333333333333333,1.0,0.9999999999996104,0.9999999999998331
Gilbert,5,,0.1,8,15,0.125,1.0,0.9999999999996992,0.9999999995619666
Gilbert,5,,0.1,8,16,0.0,1.0,0.75,0.49999999999999883
Gilbert,5,,0.1,8,17,0.0,1.0,0.75,0.49999999999999883
Gilbert,5,,0.1,8,18,0.125,1.0,0.9999999984550136,0.9999999994566242
Gilbert,5,,0.1,8,19,0.125,1.0,0.9999999999996982,0.9999999995619657
Gilbert,5,,0.1,9,0,0.125,1.0,0.9999999964395438,0.9999999993968326
Gilbert,5,,0.1,9,1,0.0,1.0,0.75,0.5000000000000013
Gilbert,5,,0.1,9,2,0.0,1.0,0.75,0.5000000000000013
Gilbert,5,,0.1,9,3,0.125,1.0,0.9999999999997802,0.9999999999994926
Gilbert,5,,0.1,9,4,0.0,1.0,0.75,0.5000000000000013
Gilbert,5,,0.1,9,5,0.484375,0.75,0.9999999999625713,0.9999999980481983
Gilbert,5,,0.1,9,6,0.0,1.0,0.75,0.5000000000000013
Gilbert,5,,0.1,9,7,0.125,1.0,0.9999999999997798,0.9999999999994929
Gilbert,5,,0.1,9,8,0.125,1.0,0.9999999999997802,0.9999999999994935
Gilbert,5,,0.1,9,9,0.125,1.0,0.9999999999997802,0.9999999999994935
Gilbert,5,,0.1,9,10,0.3333333333333333,1.0,0.9999999999964001,0.9999999999737067
Gilbert,5,,0.1,9,11,0.125,1.0,0.99999999999978,0.9999999999994924
Gilbert,5,,0.1,9,12,0.125,1.0,0.9999999999997811,0.9999999999994935
Gilbert,5,,0.1,9,13,0.0,1.0,0.75,0.5000000000000013
Gilbert,5,,0.1,9,14,0.3333333333333333,1.0,0.9999999999964014,0.9999999999737068
Gilbert,5,,0.1,9,15,0.125,1.0,0.9999999999997798,0.9999999999994929
Gilbert,5,,0.1,9,16,0.0,1.0,0.75,0.5000000000000013
Gilbert,5,,0.1,9,17,0.0,1.0,0.75,0.5000000000000013
Gilbert,5,,0.1,9,18,0.125,1.0,0.9999987961823233,0.9999999978427385
Gilbert,5,,0.1,9,19,0.125,1.0,0.9999999999997802,0.9999999999994932
Gilbert,5,,0.1,10,0,0.125,1.0,0.9999999815372432,0.9999999993375005
Gilbert,5,,0.1,10,1,0.0,1.0,0.75,0.4999999999999985
Gilbert,5,,0.1,10,2,0.0,1.0,0.75,0.4999999999999985
Gilbert,5,,0.1,10,3,0.125,1.0,0.9999999999996159,0.9999999999928522
Gilbert,5,,0.1,10,4,0.0,1.0,0.75,0.4999999999999985
Gilbert,5,,0.1,10,5,0.484375,0.75,0.9999999999733019,0.9999999998139989
Gilbert,5,,0.1,10,6,0.0,1.0,0.75,0.4999999999999985
Gilbert,5,,0.1,10,7,0.125,1.0,0.9999999999996162,0.9999999999928525
Gilbert,5,,0.1,10,8,0.125,1.0,0.9999999999996156,0.9999999999928528
Gilbert,5,,0.1,10,9,0.125,1.0,0.9999999999996156,0.9999999999928528
Gilbert,5,,0.1,10,10,0.3333333333333333,1.0,0.9999999999922246,0.9999999999970087
Gilbert,5,,0.1,10,11,0.125,1.0,0.9999999999996161,0.9999999999928527
Gilbert,5,,0.1,10,12,0.125,1.0,0.9999999999996166,0.9999999999928509
Gilbert,5,,0.1,10,13,0.0,1.0,0.75,0.4999999999999985
Gilbert,5,,0.1,10,14,0.3333333333333333,1.0,0.9999999999922234,0.9999999999970091
Gilbert,5,,0.1,10,15,0.125,1.0,0.9999999999996162,0.9999999999928525
Gilbert,5,,0.1,10,16,0.0,1.0,0.75,0.4999999999999985
Gilbert,5,,0.1,10,17,0.0,1.0,0.75,0.4999999999999985
Gilbert,5,,0.1,10,18,0.125,1.0,0.9999999314366582,0.9999999982166677
Gilbert,5,,0.1,10,19,0.125,1.0,0.9999999999996165,0.9999999999928525
Gilbert,5,,0.25,1,0,0.20833333333333334,1.0,0.8435492846645739,0.39802367869239436
Gilbert,5,,0.25,1,1,0.20833333333333334,1.0,0.8111970029275081,0.48607891094024724
Gilbert,5,,0.25,1,2,0.125,1.0,0.9216531477736112,0.8816805272182263
Gilbert,5,,0.25,1,3,0.125,1.0,0.9216531477736112,0.8816805272182263
Gilbert,5,,0.25,1,4,0.0,1.0,0.75,0.5000000000000002
Gilbert,5,,0.25,1,5,0.20833333333333334,1.0,0.8111970029275083,0.48607891094024724
Gilbert,5,,0.25,1,6,0.20833333333333334,1.0,0.8429650338722449,0.42792305966929406
Gilbert,5,,0.25,1,7,0.3333333333333333,1.0,0.8228259320804204,0.7098607832040397
Gilbert,5,,0.25,1,8,0.20833333333333334,1.0,0.8429650338722449,0.42792305966929406
Gilbert,5,,0.25,1,9,0.125,1.0,0.8646893704290834,0.5984406188950052
Gilbert,5,,0.25,1,10,0.20833333333333334,1.0,0.8435492846645737,0.39802367869239436
Gilbert,5,,0.25,1,11,0.20833333333333334,1.0,0.811197002927508,0.48607891094024724
Gilbert,5,,0.25,1,12,0.0,1.0,0.75,0.5000000000000002
Gilbert,5,,0.25,1,13,0.0,1.0,0.75,0.5000000000000002
Gilbert,5,,0.25,1,14,0.20833333333333334,1.0,0.843549284664574,0.39802367869239436
Gilbert,5,,0.25,1,15,0.20833333333333334,1.0,0.8111970029275083,0.4860789109402473
Gilbert,5,,0.25,1,16,0.20833333333333334,1.0,0.843549284664574,0.39802367869239436
Gilbert,5,,0.25,1,17,0.17708333333333334,0.5,0.6075715976024811,0.3463913464438522
Gilbert,5,,0.25,1,18,0.3333333333333333,1.0,0.792384223513977,0.48607891094024724
Gilbert,5,,0.25,1,19,0.3333333333333333,1.0,0.5036650431106694,0.47283446583475874
Gilbert,5,,0.25,2,0,0.20833333333333334,1.0,0.9292994466798926,0.7086555675210491
Gilbert,5,,0.25,2,1,0.20833333333333334,1.0,0.9459356698839209,0.8417319942414752
Gilbert,5,,0.25,2,2,0.125,1.0,0.9929963775681675,0.973322696278797
Gilbert,5,,0.25,2,3,0.125,1.0,0.9929963775681676,0.9733226962787966
Gilbert,5,,0.25,2,4,0.0,1.0,0.75,0.49999999999999967
Gilbert,5,,0.25,2,5,0.20833333333333334,1.0,0.9459356698839207,0.8417319942414755
Gilbert,5,,0.25,2,6,0.20833333333333334,1.0,0.9294579910434942,0.6636953026612443
Gilbert,5,,0.25,2,7,0.3333333333333333,1.0,0.991447952877901,0.9607353718803423
Gilbert,5,,0.25,2,8,0.20833333333333334,1.0,0.9294579910434941,0.6636953026612443
Gilbert,5,,0.25,2,9,0.125,1.0,0.8742619963707232,0.70759824722439
Gilbert,5,,0.25,2,10,0.20833333333333334,1.0,0.9292994466798931,0.7086555675210491
Gilbert,5,,0.25,2,11,0.20833333333333334,1.0,0.9459356698839209,0.8417319942414753
Gilbert,5,,0.25,2,12,0.0,1.0,0.75,0.49999999999999967
Gilbert,5,,0.25,2,13,0.0,1.0,0.75,0.49999999999999967
Gilbert,5,,0.25,2,14,0.20833333333333334,1.0,0.9292994466798928,0.7086555675210491
Gilbert,5,,0.25,2,15,0.20833333333333334,1.0,0.9459356698839203,0.8417319942414748
Gilbert,5,,0.25,2,16,0.20833333333333334,1.0,0.9292994466798928,0.7086555675210487
Gilbert,5,,0.25,2,17,0.17708333333333334,0.5,0.7170314718126622,0.5179045103468054
Gilbert,5,,0.25,2,18,0.3333333333333333,1.0,0.9192924590850073,0.8417319942414753
Gilbert,5,,0.25,2,19,0.3333333333333333,1.0,0.8482934124708259,0.741629332838243
Gilbert,5,,0.25,3,0,0.20833333333333334,1.0,0.9679022526226823,0.8634360061415892
Gilbert,5,,0.25,3,1,0.20833333333333334,1.0,0.9612375696426856,0.9361544540962803
Gilbert,5,,0.25,3,2,0.125,1.0,0.999999999997756,0.9999999999992133
Gilbert,5,,0.25,3,3,0.125,1.0,0.9999999999977558,0.999999999999213
Gilbert,5,,0.25,3,4,0.0,1.0,0.75,0.5000000000000004
Gilbert,5,,0.25,3,5,0.20833333333333334,1.0,0.9612375696426848,0.9361544540962798
Gilbert,5,,0.25,3,6,0.20833333333333334,1.0,0.9676961374146732,0.92108924124005
Gilbert,5,,0.25,3,7,0.3333333333333333,1.0,0.9999999999424986,0.9999999999819812
Gilbert,5,,0.25,3,8,0.20833333333333334,1.0,0.9676961374146732,0.9210892412400499
Gilbert,5,,0.25,3,9,0.125,1.0,0.9218388620558415,0.7346918252412937
Gilbert,5,,0.25,3,10,0.20833333333333334,1.0,0.9679022526226828,0.863436006141589
Gilbert,5,,0.25,3,11,0.20833333333333334,1.0,0.9612375696426853,0.9361544540962798
Gilbert,5,,0.25,3,12,0.0,1.0,0.75,0.5000000000000004
Gilbert,5,,0.25,3,13,0.0,1.0,0.75,0.5000000000000004
Gilbert,5,,0.25,3,14,0.20833333333333334,1.0,0.9679022526226809,0.8634360061415887
Gilbert,5,,0.25,3,15,0.20833333333333334,1.0,0.9612375696426853,0.9361544540962798
Gilbert,5,,0.25,3,16,0.20833333333333334,1.0,0.9679022526226818,0.8634360061415892
Gilbert,5,,0.25,3,17,0.17708333333333334,0.5,0.8056319854451695,0.8375062685184532
Gilbert,5,,0.25,3,18,0.3333333333333333,1.0,0.9634433425961623,0.9361544540962798
Gilbert,5,,0.25,3,19,0.3333333333333333,1.0,0.9090145417529597,0.804738058782766
Gilbert,5,,0.25,4,0,0.20833333333333334,1.0,0.9867833283208185,0.8883849077103676
Gilbert,5,,0.25,4,1,0.20833333333333334,1.0,0.9933241996662986,0.9004885712942269
Gilbert,5,,0.25,4,2,0.125,1.0,0.9999999996435318,0.9999999999836464
Gilbert,5,,0.25,4,3,0.125,1.0,0.9999999996435308,0.9999999999836469
Gilbert,5,,0.25,4,4,0.0,1.0,0.75,0.4999999999999994
Gilbert,5,,0.25,4,5,0.20833333333333334,1.0,0.9933241996662997,0.9004885712942273
Gilbert,5,,0.25,4,6,0.20833333333333334,1.0,0.986700489817852,0.9329095594956831
Gilbert,5,,0.25,4,7,0.3333333333333333,1.0,0.9999999999995555,0.9999999999087238
Gilbert,5,,0.25,4,8,0.20833333333333334,1.0,0.986700489817851,0.9329095594846399
Gilbert,5,,0.25,4,9,0.125,1.0,0.9345902511188642,0.8222008323467812
Gilbert,5,,0.25,4,10,0.20833333333333334,1.0,0.986783328320819,0.8883849077103675
Gilbert,5,,0.25,4,11,0.20833333333333334,1.0,0.9933241996662998,0.9004885712942268
Gilbert,5,,0.25,4,12,0.0,1.0,0.75,0.4999999999999994
Gilbert,5,,0.25,4,13,0.0,1.0,0.75,0.4999999999999994
Gilbert,5,,0.25,4,14,0.20833333333333334,1.0,0.9867833283208177,0.8883849077103682
Gilbert,5,,0.25,4,15,0.20833333333333334,1.0,0.9933241996662995,0.9004885712942269
Gilbert,5,,0.25,4,16,0.20833333333333334,1.0,0.9867833283208184,0.8883849077103673
Gilbert,5,,0.25,4,17,0.17708333333333334,0.5,0.9087177289107163,0.862102181372785
Gilbert,5,,0.25,4,18,0.3333333333333333,1.0,0.9898784764040583,0.9004885712942264
Gilbert,5,,0.25,4,19,0.3333333333333333,1.0,0.9886659530178107,0.9386980348109318
Gilbert,5,,0.25,5,0,0.20833333333333334,1.0,0.9895627368385694,0.8934292517685029
Gilbert,5,,0.25,5,1,0.20833333333333334,1.0,0.9970986435107219,0.99125968927552
Gilbert,5,,0.25,5,2,0.125,1.0,0.9999999997879825,0.9999999999073254
Gilbert,5,,0.25,5,3,0.125,1.0,0.9999999997879825,0.9999999999073259
Gilbert,5,,0.25,5,4,0.0,1.0,0.75,0.5000000000000007
Gilbert,5,,0.25,5,5,0.20833333333333334,1.0,0.9970986435078592,0.99125968927552
Gilbert,5,,0.25,5,6,0.20833333333333334,1.0,0.9906675589598098,0.9382090356314782
Gilbert,5,,0.25,5,7,0.3333333333333333,1.0,0.9999999999999091,0.999999999999202
Gilbert,5,,0.25,5,8,0.20833333333333334,1.0,0.9906675589598085,0.9382090358686996
Gilbert,5,,0.25,5,9,0.125,1.0,0.9681792548913513,0.9521920233497685
Gilbert,5,,0.25,5,10,0.20833333333333334,1.0,0.9895627368385691,0.8934292517685046
Gilbert,5,,0.25,5,11,0.20833333333333334,1.0,0.9970986435094994,0.9912596892755184
Gilbert,5,,0.25,5,12,0.0,1.0,0.75,0.5000000000000007
Gilbert,5,,0.25,5,13,0.0,1.0,0.75,0.5000000000000007
Gilbert,5,,0.25,5,14,0.20833333333333334,1.0,0.9895627368385694,0.8934292517685036
Gilbert,5,,0.25,5,15,0.20833333333333334,1.0,0.9970986435090262,0.99125968927552
Gilbert,5,,0.25,5,16,0.20833333333333334,1.0,0.9895627368385697,0.8934292517685026
Gilbert,5,,0.25,5,17,0.17708333333333334,0.5,0.9250486238365218,0.9038649014632153
Gilbert,5,,0.25,5,18,0.3333333333333333,1.0,0.9973288371646335,0.9912596892755193
Gilbert,5,,0.25,5,19,0.3333333333333333,1.0,0.9999999980768691,0.9806210958360806
Gilbert,5,,0.25,6,0,0.20833333333333334,1.0,0.9978129371920422,0.8683482232743178
Gilbert,5,,0.25,6,1,0.20833333333333334,1.0,0.999784477533888,0.9555158339735742
Gilbert,5,,0.25,6,2,0.125,1.0,0.999999999790259,0.9999999999667919
Gilbert,5,,0.25,6,3,0.125,1.0,0.9999999997902598,0.9999999999667923
Gilbert,5,,0.25,6,4,0.0,1.0,0.75,0.4999999999999991
Gilbert,5,,0.25,6,5,0.20833333333333334,1.0,0.9997844788580738,0.955515833973502
Gilbert,5,,0.25,6,6,0.20833333333333334,1.0,0.997462248390414,0.9920524229358222
Gilbert,5,,0.25,6,7,0.3333333333333333,1.0,0.9999999999985616,0.9999999999900404
Gilbert,5,,0.25,6,8,0.20833333333333334,1.0,0.9974622483904145,0.990845406041839
Gilbert,5,,0.25,6,9,0.125,1.0,0.9999975448726953,0.9974793609993624
Gilbert,5,,0.25,6,10,0.20833333333333334,1.0,0.9978129371920424,0.8683482232743175
Gilbert,5,,0.25,6,11,0.20833333333333334,1.0,0.9997844746261365,0.9555158339735463
Gilbert,5,,0.25,6,12,0.0,1.0,0.75,0.4999999999999991
Gilbert,5,,0.25,6,13,0.0,1.0,0.75,0.4999999999999991
Gilbert,5,,0.25,6,14,0.20833333333333334,1.0,0.9978129371920418,0.868348223274317
Gilbert,5,,0.25,6,15,0.20833333333333334,1.0,0.9997844789342659,0.9555158339734949
Gilbert,5,,0.25,6,16,0.20833333333333334,1.0,0.9978129371920423,0.8683482232743174
Gilbert,5,,0.25,6,17,0.17708333333333334,0.5,0.9580788505131296,0.9209845146701171
Gilbert,5,,0.25,6,18,0.3333333333333333,1.0,0.9988852828481628,0.9555158339735236
Gilbert,5,,0.25,6,19,0.3333333333333333,1.0,0.9998887488555447,0.9920555218496784
Gilbert,5,,0.25,7,0,0.20833333333333334,1.0,0.9990790986490742,0.9771245348106649
Gilbert,5,,0.25,7,1,0.20833333333333334,1.0,0.9999999324205993,0.9996706757159856
Gilbert,5,,0.25,7,2,0.125,1.0,0.9999999999946054,0.9999999999949034
Gilbert,5,,0.25,7,3,0.125,1.0,0.9999999999946054,0.9999999999949021
Gilbert,5,,0.25,7,4,0.0,1.0,0.75,0.500000000000001
Gilbert,5,,0.25,7,5,0.20833333333333334,1.0,0.9999999131690789,0.9996706744069819
Gilbert,5,,0.25,7,6,0.20833333333333334,1.0,0.9987412979422127,0.9931762546326243
Gilbert,5,,0.25,7,7,0.3333333333333333,1.0,0.9999999999753176,0.9999999999997918
Gilbert,5,,0.25,7,8,0.20833333333333334,1.0,0.9987412979424347,0.9976515528033056
Gilbert,5,,0.25,7,9,0.125,1.0,0.9999995439966444,0.9972060348365046
Gilbert,5,,0.25,7,10,0.20833333333333334,1.0,0.9990790986490726,0.9771245348108515
Gilbert,5,,0.25,7,11,0.20833333333333334,1.0,0.9999999630392296,0.9996706803221445
Gilbert,5,,0.25,7,12,0.0,1.0,0.75,0.500000000000001
Gilbert,5,,0.25,7,13,0.0,1.0,0.75,0.500000000000001
Gilbert,5,,0.25,7,14,0.20833333333333334,1.0,0.9990790986490753,0.9771245348108536
Gilbert,5,,0.25,7,15,0.20833333333333334,1.0,0.9999998857344083,0.9996706775981822
Gilbert,5,,0.25,7,16,0.20833333333333334,1.0,0.9990790986490742,0.9771245348107588
Gilbert,5,,0.25,7,17,0.17708333333333334,0.5,0.9939046680787755,0.9805785911292536
Gilbert,5,,0.25,7,18,0.3333333333333333,1.0,0.9999999994028558,0.9996706793484877
Gilbert,5,,0.25,7,19,0.3333333333333333,1.0,0.9999999794029728,0.9999916299645465
Gilbert,5,,0.25,8,0,0.20833333333333334,1.0,0.9994961827451615,0.9946526693552148
Gilbert,5,,0.25,8,1,0.20833333333333334,1.0,0.9999999888516413,0.9999835931572555
Gilbert,5,,0.25,8,2,0.125,1.0,0.9999999999996978,0.9999999995619666
Gilbert,5,,0.25,8,3,0.125,1.0,0.9999999999996976,0.9999999995619657
Gilbert,5,,0.25,8,4,0.0,1.0,0.75,0.49999999999999883
Gilbert,5,,0.25,8,5,0.20833333333333334,1.0,0.9999999858779551,0.9999836760652049
Gilbert,5,,0.25,8,6,0.20833333333333334,1.0,0.9994556743461399,0.9974782353950061
Gilbert,5,,0.25,8,7,0.3333333333333333,1.0,0.9999999999996102,0.9999999999998345
Gilbert,5,,0.25,8,8,0.20833333333333334,1.0,0.9994556731856741,0.9988844831316643
Gilbert,5,,0.25,8,9,0.125,1.0,0.9999975670198813,0.9999999043643771
Gilbert,5,,0.25,8,10,0.20833333333333334,1.0,0.9994961827511025,0.99465267103746
Gilbert,5,,0.25,8,11,0.20833333333333334,1.0,0.9999992014052544,0.999983269451934
Gilbert,5,,0.25,8,12,0.0,1.0,0.75,0.49999999999999883
Gilbert,5,,0.25,8,13,0.0,1.0,0.75,0.49999999999999883
Gilbert,5,,0.25,8,14,0.20833333333333334,1.0,0.9994961827425564,0.9946526711023744
Gilbert,5,,0.25,8,15,0.20833333333333334,1.0,0.9999994734585086,0.9999835014905779
Gilbert,5,,0.25,8,16,0.20833333333333334,1.0,0.9994961827420962,0.9946526706186298
Gilbert,5,,0.25,8,17,0.17708333333333334,0.5,0.9999919022473768,0.9990881941198163
Gilbert,5,,0.25,8,18,0.3333333333333333,1.0,0.9999998082815718,0.999983672241547
Gilbert,5,,0.25,8,19,0.3333333333333333,1.0,0.9999972197097472,0.9999999976233177
Gilbert,5,,0.25,9,0,0.20833333333333334,1.0,0.9998989190890102,0.9971629551769675
Gilbert,5,,0.25,9,1,0.20833333333333334,1.0,0.9999995868187206,0.9999997539617592
Gilbert,5,,0.25,9,2,0.125,1.0,0.99999999999978,0.9999999999994924
Gilbert,5,,0.25,9,3,0.125,1.0,0.9999999999997802,0.9999999999994935
Gilbert,5,,0.25,9,4,0.0,1.0,0.75,0.5000000000000013
Gilbert,5,,0.25,9,5,0.20833333333333334,1.0,0.9999996041499437,0.9999990722439676
Gilbert,5,,0.25,9,6,0.20833333333333334,1.0,0.999633483239053,0.9997605167068722
Gilbert,5,,0.25,9,7,0.3333333333333333,1.0,0.9999999999964017,0.9999999999737067
Gilbert,5,,0.25,9,8,0.20833333333333334,1.0,0.999633502393258,0.9871367060626431
Gilbert,5,,0.25,9,9,0.125,1.0,0.9999998921182227,0.9999999258208323
Gilbert,5,,0.25,9,10,0.20833333333333334,1.0,0.999898922230187,0.9647327693460642
Gilbert,5,,0.25,9,11,0.20833333333333334,1.0,0.9999993442789407,0.9999999893904112
Gilbert,5,,0.25,9,12,0.0,1.0,0.75,0.5000000000000013
Gilbert,5,,0.25,9,13,0.0,1.0,0.75,0.5000000000000013
Gilbert,5,,0.25,9,14,0.20833333333333334,1.0,0.999898920742794,0.9647327682910563
Gilbert,5,,0.25,9,15,0.20833333333333334,1.0,0.9999998191004464,0.9999999415652151
Gilbert,5,,0.25,9,16,0.20833333333333334,1.0,0.9998989191407234,0.9960944009266642
Gilbert,5,,0.25,9,17,0.17708333333333334,0.5,0.9999919078824185,0.9991248482220666
Gilbert,5,,0.25,9,18,0.3333333333333333,1.0,0.9999999578113506,0.9999999839325909
Gilbert,5,,0.25,9,19,0.3333333333333333,1.0,0.9999999997425947,0.9999999993949426
Gilbert,5,,0.25,10,0,0.20833333333333334,1.0,0.9999978795877923,0.9974391510655408
Gilbert,5,,0.25,10,1,0.20833333333333334,1.0,0.9999997068553125,0.9999999915175813
Gilbert,5,,0.25,10,2,0.125,1.0,0.9999999999996161,0.9999999999928527
Gilbert,5,,0.25,10,3,0.125,1.0,0.9999999999996156,0.9999999999928528
Gilbert,5,,0.25,10,4,0.0,1.0,0.75,0.4999999999999985
Gilbert,5,,0.25,10,5,0.20833333333333334,1.0,0.9999997038978264,0.9999972180784598
Gilbert,5,,0.25,10,6,0.20833333333333334,1.0,0.9998914086309809,0.9998874240119692
Gilbert,5,,0.25,10,7,0.3333333333333333,1.0,0.9999999999922243,0.9999999999970098
Gilbert,5,,0.25,10,8,0.20833333333333334,1.0,0.9998912878297924,0.9998854106264498
Gilbert,5,,0.25,10,9,0.125,1.0,0.9999998387996429,0.999999998121453
Gilbert,5,,0.25,10,10,0.20833333333333334,1.0,0.9999978741716978,0.998645968220925
Gilbert,5,,0.25,10,11,0.20833333333333334,1.0,0.9999992070249046,0.999998882586798
Gilbert,5,,0.25,10,12,0.0,1.0,0.75,0.4999999999999985
Gilbert,5,,0.25,10,13,0.0,1.0,0.75,0.4999999999999985
Gilbert,5,,0.25,10,14,0.20833333333333334,1.0,0.9999978972276019,0.9948646616381994
Gilbert,5,,0.25,10,15,0.20833333333333334,1.0,0.9999993862019346,0.9999997801882987
Gilbert,5,,0.25,10,16,0.20833333333333334,1.0,0.999997909674805,0.9937768868168915
Gilbert,5,,0.25,10,17,0.17708333333333334,0.5,0.999992078977706,0.9999999973085983
Gilbert,5,,0.25,10,18,0.3333333333333333,1.0,0.9999997203762714,0.9999999955354756
Gilbert,5,,0.25,10,19,0.3333333333333333,1.0,0.9999999955026561,0.999999998911604
Gilbert,5,,0.5,1,0,0.20833333333333334,1.0,0.19974399669465295,0.3170558824719624
Gilbert,5,,0.5,1,1,0.296875,-0.75,0.44454845923587505,0.4445484592358754
Gilbert,5,,0.5,1,2,0.390625,0.75,0.5733073858652444,0.6076592199777029
Gilbert,5,,0.5,1,3,0.20833333333333334,1.0,0.8429650338722449,0.42792305966929406
Gilbert,5,,0.5,1,4,0.3333333333333333,1.0,0.5036650431106694,0.47283446583475874
Gilbert,5,,0.5,1,5,0.20833333333333334,1.0,0.8111970029275081,0.48607891094024724
Gilbert,5,,0.5,1,6,0.390625,-0.25,0.5733073858652444,0.6076592199777028
Gilbert,5,,0.5,1,7,0.25,0.0,0.40460101394526893,0.40460101394526893
Gilbert,5,,0.5,1,8,0.296875,0.75,0.4116015889013679,0.5037951440610766
Gilbert,5,,0.5,1,9,0.203125,0.75,0.31049317219786915,0.40450897605614955
Gilbert,5,,0.5,1,10,0.296875,-0.75,0.4978904236885684,0.49789042368856795
Gilbert,5,,0.5,1,11,0.20833333333333334,1.0,0.19974399669465312,0.3170558824719625
Gilbert,5,,0.5,1,12,0.125,1.0,0.8589115545978774,0.6510327624412556
Gilbert,5,,0.5,1,13,0.390625,-0.25,0.5733073858652444,0.6076592199777029
Gilbert,5,,0.5,1,14,0.20833333333333334,1.0,0.8429650338722449,0.42792305966929406
Gilbert,5,,0.5,1,15,0.125,1.0,0.8646893704290831,0.5984406188950052
Gilbert,5,,0.5,1,16,0.3333333333333333,1.0,0.4529755650464322,0.4433120175579832
Gilbert,5,,0.5,1,17,0.20833333333333334,1.0,0.21093082717570497,0.3722928172191566
Gilbert,5,,0.5,1,18,0.20833333333333334,1.0,0.843549284664574,0.39802367869239436
Gilbert,5,,0.5,1,19,0.296875,0.0,0.4445484592358744,0.44454845923587527
Gilbert,5,,0.5,2,0,0.20833333333333334,1.0,0.8644951771031956,0.4602074091992496
Gilbert,5,,0.5,2,1,0.296875,-0.75,0.7140430896414383,0.7140430896414381
Gilbert,5,,0.5,2,2,0.390625,0.75,0.6962456803649477,0.6931169999013121
Gilbert,5,,0.5,2,3,0.20833333333333334,1.0,0.9294579910434942,0.6636953026612443
Gilbert,5,,0.5,2,4,0.3333333333333333,1.0,0.848293412470826,0.741629332838243
Gilbert,5,,0.5,2,5,0.20833333333333334,1.0,0.9459356698839211,0.8417319942414753
Gilbert,5,,0.5,2,6,0.390625,-0.25,0.6962456803649479,0.6931169999013121
Gilbert,5,,0.5,2,7,0.25,0.0,0.547091021138415,0.5470910211384161
Gilbert,5,,0.5,2,8,0.296875,0.75,0.741025889214018,0.504608765616714
Gilbert,5,,0.5,2,9,0.203125,0.75,0.7223505500404032,0.6477679571303566
Gilbert,5,,0.5,2,10,0.296875,-0.75,0.6237140444872802,0.6237140444872802
Gilbert,5,,0.5,2,11,0.20833333333333334,1.0,0.8644951771031955,0.46020740919924924
Gilbert,5,,0.5,2,12,0.125,1.0,0.9384124847234279,0.8177933775187542
Gilbert,5,,0.5,2,13,0.390625,-0.25,0.6962456803649476,0.6931169999013121
Gilbert,5,,0.5,2,14,0.20833333333333334,1.0,0.9294579910434938,0.6636953026612448
Gilbert,5,,0.5,2,15,0.125,1.0,0.8742619963707234,0.7075982472243896
Gilbert,5,,0.5,2,16,0.3333333333333333,1.0,0.7961114487244716,0.8132527006176288
Gilbert,5,,0.5,2,17,0.20833333333333334,1.0,0.868890838247066,0.5484936431211332
Gilbert,5,,0.5,2,18,0.20833333333333334,1.0,0.9292994466798925,0.708655567521049
Gilbert,5,,0.5,2,19,0.296875,0.0,0.7140430896414384,0.7140430896414385
Gilbert,5,,0.5,3,0,0.20833333333333334,1.0,0.6152123692561192,0.7421962657629201
Gilbert,5,,0.5,3,1,0.296875,-0.75,0.2641189297696129,0.2641189297696135
Gilbert,5,,0.5,3,2,0.390625,0.75,0.8883106505135464,0.7983591317555407
Gilbert,5,,0.5,3,3,0.20833333333333334,1.0,0.9676961374146732,0.92108924124005
Gilbert,5,,0.5,3,4,0.3333333333333333,1.0,0.9090145417529597,0.8047380587827654
Gilbert,5,,0.5,3,5,0.20833333333333334,1.0,0.9612375696426853,0.9361544540962795
Gilbert,5,,0.5,3,6,0.390625,-0.25,0.8883106505135469,0.7983591317555407
Gilbert,5,,0.5,3,7,0.25,0.0,0.4901151377856151,0.49011513778561533
Gilbert,5,,0.5,3,8,0.296875,0.75,0.6919879848683368,0.5561476396899985
Gilbert,5,,0.5,3,9,0.203125,0.75,0.5612163873709818,0.4352917240135481
Gilbert,5,,0.5,3,10,0.296875,-0.75,0.6584480859316315,0.6584480859316315
Gilbert,5,,0.5,3,11,0.20833333333333334,1.0,0.6152123692561197,0.7421962657629203
Gilbert,5,,0.5,3,12,0.125,1.0,0.995278892941948,0.935965865268602
Gilbert,5,,0.5,3,13,0.390625,-0.25,0.888310650513546,0.7983591317555409
Gilbert,5,,0.5,3,14,0.20833333333333334,1.0,0.9676961374146732,0.9210892412400501
Gilbert,5,,0.5,3,15,0.125,1.0,0.9218388620558424,0.7346918252412935
Gilbert,5,,0.5,3,16,0.3333333333333333,1.0,0.6526800187006215,0.655073039003418
Gilbert,5,,0.5,3,17,0.20833333333333334,1.0,0.7822681550559908,0.8675451976950996
Gilbert,5,,0.5,3,18,0.20833333333333334,1.0,0.9679022526226824,0.8634360061415892
Gilbert,5,,0.5,3,19,0.296875,0.0,0.26411892976961254,0.2641189297696134
Gilbert,5,,0.5,4,0,0.20833333333333334,1.0,0.6300232531530315,0.8166499574532979
Gilbert,5,,0.5,4,1,0.296875,-0.75,0.7830524326350896,0.7830524326350881
Gilbert,5,,0.5,4,2,0.390625,0.75,0.8322854466231399,0.92014799787888
Gilbert,5,,0.5,4,3,0.20833333333333334,1.0,0.986700489817852,0.9329095594956831
Gilbert,5,,0.5,4,4,0.3333333333333333,1.0,0.98866595301781,0.938698034810931
Gilbert,5,,0.5,4,5,0.20833333333333334,1.0,0.9933241996662994,0.9004885712942278
Gilbert,5,,0.5,4,6,0.390625,-0.25,0.8322854466231402,0.9201479978788792
Gilbert,5,,0.5,4,7,0.25,0.0,0.5442272296463447,0.5442272296463447
Gilbert,5,,0.5,4,8,0.296875,0.75,0.8576615488947568,0.9426886306505659
Gilbert,5,,0.5,4,9,0.203125,0.75,0.6208922838511087,0.7586044780254737
Gilbert,5,,0.5,4,10,0.296875,-0.75,0.7071296322764876,0.7071296322810833
Gilbert,5,,0.5,4,11,0.20833333333333334,1.0,0.6300232531530313,0.8166499574532988
Gilbert,5,,0.5,4,12,0.125,1.0,0.9984448547759179,0.9915548427426196
Gilbert,5,,0.5,4,13,0.390625,-0.25,0.8322854466231407,0.9201479978788795
Gilbert,5,,0.5,4,14,0.20833333333333334,1.0,0.9867004898178507,0.9329095595149944
Gilbert,5,,0.5,4,15,0.125,1.0,0.934590251118864,0.8222008323467813
Gilbert,5,,0.5,4,16,0.3333333333333333,1.0,0.8246462366775077,0.984739205524348
Gilbert,5,,0.5,4,17,0.20833333333333334,1.0,0.9622829616374812,0.9073758756380744
Gilbert,5,,0.5,4,18,0.20833333333333334,1.0,0.9867833283208188,0.8883849077103673
Gilbert,5,,0.5,4,19,0.296875,0.0,0.7830524326350868,0.783052432635088
Gilbert,5,,0.5,5,0,0.20833333333333334,1.0,0.4877515404444391,0.8486604852478309
Gilbert,5,,0.5,5,1,0.296875,-0.75,0.9356159075670571,0.9356159075670574
Gilbert,5,,0.5,5,2,0.390625,0.75,0.9214854112350791,0.8647708046762316
Gilbert,5,,0.5,5,3,0.20833333333333334,1.0,0.9906675589598098,0.9382090356314782
Gilbert,5,,0.5,5,4,0.3333333333333333,1.0,0.999999998030456,0.9806210958374709
Gilbert,5,,0.5,5,5,0.20833333333333334,1.0,0.997098643508227,0.9912596892755202
Gilbert,5,,0.5,5,6,0.390625,-0.25,0.9214854112324443,0.8647708046826981
Gilbert,5,,0.5,5,7,0.25,0.0,0.8077890603835736,0.8077890603835698
Gilbert,5,,0.5,5,8,0.296875,0.75,0.8045414682980969,0.9720898348116022
Gilbert,5,,0.5,5,9,0.203125,0.75,0.8740655812194059,0.7279295946483221
Gilbert,5,,0.5,5,10,0.296875,-0.75,0.8636283621752718,0.8636283628673542
Gilbert,5,,0.5,5,11,0.20833333333333334,1.0,0.4877515404444403,0.8486604852478449
Gilbert,5,,0.5,5,12,0.125,1.0,0.9995424181350516,0.9943371164226337
Gilbert,5,,0.5,5,13,0.390625,-0.25,0.9214854112345153,0.8647708046756428
Gilbert,5,,0.5,5,14,0.20833333333333334,1.0,0.9906675589598087,0.9382090351380882
Gilbert,5,,0.5,5,15,0.125,1.0,0.9681792540495036,0.9521920233497516
Gilbert,5,,0.5,5,16,0.3333333333333333,1.0,0.817347157974555,0.666665388965315
Gilbert,5,,0.5,5,17,0.20833333333333334,1.0,0.9688293866304667,0.9307624146702779
Gilbert,5,,0.5,5,18,0.20833333333333334,1.0,0.9895627368385695,0.8934292517685029
Gilbert,5,,0.5,5,19,0.296875,0.0,0.9356159075670333,0.9356159075670554
Gilbert,5,,0.5,6,0,0.20833333333333334,1.0,0.7965193791040174,0.7241058711418283
Gilbert,5,,0.5,6,1,0.296875,-0.75,0.671263401989091,0.671263401588546
Gilbert,5,,0.5,6,2,0.390625,0.75,0.9305689966162423,0.9666803551172888
Gilbert,5,,0.5,6,3,0.20833333333333334,1.0,0.997462248390414,0.9920524229358222
Gilbert,5,,0.5,6,4,0.3333333333333333,1.0,0.9999999911883615,0.9920555223125237
Gilbert,5,,0.5,6,5,0.20833333333333334,1.0,0.9997844789315274,0.9555158339735375
Gilbert,5,,0.5,6,6,0.390625,-0.25,0.930568996545737,0.9866641976859174
Gilbert,5,,0.5,6,7,0.25,0.0,0.9498605247176104,0.9498605247176057
Gilbert,5,,0.5,6,8,0.296875,0.75,0.8484914469468184,0.9833842450940649
Gilbert,5,,0.5,6,9,0.203125,0.75,0.7315829100236035,0.5834045957756642
Gilbert,5,,0.5,6,10,0.296875,-0.75,0.789609594682916,0.7896095934091835
Gilbert,5,,0.5,6,11,0.20833333333333334,1.0,0.7965193791040486,0.7241058710906811
Gilbert,5,,0.5,6,12,0.125,1.0,0.9999017364290179,0.9978788103791851
Gilbert,5,,0.5,6,13,0.390625,-0.25,0.930568996602233,0.9666488607082645
Gilbert,5,,0.5,6,14,0.20833333333333334,1.0,0.9974622483904123,0.990845408296499
Gilbert,5,,0.5,6,15,0.125,1.0,0.9999954453728304,0.9974793600925596
Gilbert,5,,0.5,6,16,0.3333333333333333,1.0,0.8726229197674314,0.9999988656212149
Gilbert,5,,0.5,6,17,0.20833333333333334,1.0,0.9827418079635203,0.9509376615178651
Gilbert,5,,0.5,6,18,0.20833333333333334,1.0,0.9978129371920416,0.8683482232743165
Gilbert,5,,0.5,6,19,0.296875,0.0,0.6712634014975797,0.67126340206232
Gilbert,5,,0.5,7,0,0.20833333333333334,1.0,0.8972562591542136,0.8473461307558571
Gilbert,5,,0.5,7,1,0.296875,-0.75,0.8334150436231332,0.7967618765842117
Gilbert,5,,0.5,7,2,0.390625,0.75,0.9682626709214636,0.9793069943561151
Gilbert,5,,0.5,7,3,0.20833333333333334,1.0,0.9987412979422127,0.9931762546326243
Gilbert,5,,0.5,7,4,0.3333333333333333,1.0,0.9998686864150214,0.9999916277154273
Gilbert,5,,0.5,7,5,0.20833333333333334,1.0,0.9999999798387544,0.9996706799401839
Gilbert,5,,0.5,7,6,0.390625,-0.25,0.9682626714096098,0.9482004484088227
Gilbert,5,,0.5,7,7,0.25,0.0,0.9611197070709643,0.9611197070709634
Gilbert,5,,0.5,7,8,0.296875,0.75,0.947723767423741,0.9926383339341961
Gilbert,5,,0.5,7,9,0.203125,0.75,0.8510081966414599,0.9086036268129759
Gilbert,5,,0.5,7,10,0.296875,-0.75,0.721872588554432,0.7218725879806001
Gilbert,5,,0.5,7,11,0.20833333333333334,1.0,0.8972562634320899,0.8473461269587097
Gilbert,5,,0.5,7,12,0.125,1.0,0.9999999787291219,0.9999999979796336
Gilbert,5,,0.5,7,13,0.390625,-0.25,0.9682626713317275,0.9999999981012508
Gilbert,5,,0.5,7,14,0.20833333333333334,1.0,0.9987412979418137,0.9976515596123181
Gilbert,5,,0.5,7,15,0.125,1.0,0.9999989153381192,0.9972060330683483
Gilbert,5,,0.5,7,16,0.3333333333333333,1.0,0.9645047172240906,0.6666666050715632
Gilbert,5,,0.5,7,17,0.20833333333333334,1.0,0.9999992949746401,0.9556756678694297
Gilbert,5,,0.5,7,18,0.20833333333333334,1.0,0.999079098649073,0.9771245348108848
Gilbert,5,,0.5,7,19,0.296875,0.0,0.7967618800080591,0.780443586366301
Gilbert,5,,0.5,8,0,0.20833333333333334,1.0,0.7917579762733453,0.9260761419354561
Gilbert,5,,0.5,8,1,0.296875,-0.75,0.807594889975658,0.8424871291923646
Gilbert,5,,0.5,8,2,0.390625,0.75,0.9882009283008546,0.9849983309614518
Gilbert,5,,0.5,8,3,0.20833333333333334,1.0,0.9994556743461399,0.9974782353950061
Gilbert,5,,0.5,8,4,0.3333333333333333,1.0,0.9999999982119925,0.9999999992711167
Gilbert,5,,0.5,8,5,0.20833333333333334,1.0,0.999999948405789,0.999983092297959
Gilbert,5,,0.5,8,6,0.390625,-0.25,0.988200927727581,0.9974898623342991
Gilbert,5,,0.5,8,7,0.25,0.0,0.979231426653288,0.9792314266532856
Gilbert,5,,0.5,8,8,0.296875,0.75,0.8697202991055334,0.9952915760567693
Gilbert,5,,0.5,8,9,0.203125,0.75,0.9239457544282229,0.9286211627746459
Gilbert,5,,0.5,8,10,0.296875,-0.75,0.7536575386177169,0.7536574634811491
Gilbert,5,,0.5,8,11,0.20833333333333334,1.0,0.674501097842036,0.9251825009224687
Gilbert,5,,0.5,8,12,0.125,1.0,0.9999999910127008,0.9999999991826276
Gilbert,5,,0.5,8,13,0.390625,-0.25,0.9882009286456012,0.9999999992539357
Gilbert,5,,0.5,8,14,0.20833333333333334,1.0,0.9994556764976217,0.9988847702188882
Gilbert,5,,0.5,8,15,0.125,1.0,0.9999982400327657,0.9999995708282021
Gilbert,5,,0.5,8,16,0.3333333333333333,1.0,0.979952996746216,0.999999960589176
Gilbert,5,,0.5,8,17,0.20833333333333334,1.0,0.9999997228256006,0.9999997061349232
Gilbert,5,,0.5,8,18,0.20833333333333334,1.0,0.9994961827527762,0.9946526709867678
Gilbert,5,,0.5,8,19,0.296875,0.0,0.8424871225334734,0.7924605376637259
Gilbert,5,,0.5,9,0,0.20833333333333334,1.0,0.8612120776505101,0.9360793434237656
Gilbert,5,,0.5,9,1,0.296875,-0.75,0.9010426799685448,0.910428497517781
Gilbert,5,,0.5,9,2,0.390625,0.75,0.9761296668985905,0.9468970991736292
Gilbert,5,,0.5,9,3,0.20833333333333334,1.0,0.999633483239053,0.9997605167068722
Gilbert,5,,0.5,9,4,0.3333333333333333,1.0,0.9999997792669788,0.9999999967680798
Gilbert,5,,0.5,9,5,0.20833333333333334,1.0,0.9999944440807346,0.9999993692150629
Gilbert,5,,0.5,9,6,0.390625,-0.25,0.9761296558021637,0.9919714005562399
Gilbert,5,,0.5,9,7,0.25,0.0,0.9895733706424117,0.9895733998511695
Gilbert,5,,0.5,9,8,0.296875,0.75,0.967394703815428,0.9953279783681823
Gilbert,5,,0.5,9,9,0.203125,0.75,0.8962931377904705,0.9776580583895556
Gilbert,5,,0.5,9,10,0.296875,-0.75,0.8864638922793209,0.8864638846957881
Gilbert,5,,0.5,9,11,0.20833333333333334,1.0,0.8092560139559696,0.9557337156681865
Gilbert,5,,0.5,9,12,0.125,1.0,0.9999998247171784,0.9999999991858539
Gilbert,5,,0.5,9,13,0.390625,-0.25,0.97612967028409,0.9862358394261425
Gilbert,5,,0.5,9,14,0.20833333333333334,1.0,0.9996335049650903,0.9871367042959277
Gilbert,5,,0.5,9,15,0.125,1.0,0.9999996984463893,0.9999999756961814
Gilbert,5,,0.5,9,16,0.3333333333333333,1.0,0.9896780287548129,0.6666638077287618
Gilbert,5,,0.5,9,17,0.20833333333333334,1.0,0.9999995377042964,0.9999999957985369
Gilbert,5,,0.5,9,18,0.20833333333333334,1.0,0.9998989218020714,0.964732760505567
Gilbert,5,,0.5,9,19,0.296875,0.0,0.9271940747410057,0.8547084967546995
Gilbert,5,,0.5,10,0,0.20833333333333334,1.0,0.8368511745069473,0.9528854105742193
Gilbert,5,,0.5,10,1,0.296875,-0.75,0.9640247124477934,0.9795865929352257
Gilbert,5,,0.5,10,2,0.390625,0.75,0.9423031714988246,0.9999999992196271
Gilbert,5,,0.5,10,3,0.20833333333333334,1.0,0.9998914086309809,0.9998874240119692
Gilbert,5,,0.5,10,4,0.3333333333333333,1.0,0.999999285849044,0.9999999991583378
Gilbert,5,,0.5,10,5,0.20833333333333334,1.0,0.9999993761791539,0.999999693725762
Gilbert,5,,0.5,10,6,0.390625,-0.25,0.9423031647090965,0.9979558132458223
Gilbert,5,,0.5,10,7,0.25,0.0,0.9913844948917465,0.9913844937381473
Gilbert,5,,0.5,10,8,0.296875,0.75,0.9285330371895928,0.9984388772293578
Gilbert,5,,0.5,10,9,0.203125,0.75,0.9133247446409806,0.9593491749582854
Gilbert,5,,0.5,10,10,0.296875,-0.75,0.9229234789223906,0.922923479661441
Gilbert,5,,0.5,10,11,0.20833333333333334,1.0,0.921355012092565,0.9885061006467889
Gilbert,5,,0.5,10,12,0.125,1.0,0.9999999499573462,0.9999999992719942
Gilbert,5,,0.5,10,13,0.390625,-0.25,0.94230317015082,0.9976352535109169
Gilbert,5,,0.5,10,14,0.20833333333333334,1.0,0.9998912837930855,0.9998222366754296
Gilbert,5,,0.5,10,15,0.125,1.0,0.9999971618117731,0.9999999976242053
Gilbert,5,,0.5,10,16,0.3333333333333333,1.0,0.9939242068300579,0.9999992708971434
Gilbert,5,,0.5,10,17,0.20833333333333334,1.0,0.9998022820137601,0.9999999119984814
Gilbert,5,,0.5,10,18,0.20833333333333334,1.0,0.9999978869957212,0.998645965509796
Gilbert,5,,0.5,10,19,0.296875,0.0,0.9153356514995676,0.9337053855841938
Gilbert,6,,0.1,1,0,0.1,1.0,0.9844107975252696,0.904904223681837
Gilbert,6,,0.1,1,1,0.15625,1.0,0.9393611648831681,0.5000604043361898
Gilbert,6,,0.1,1,2,0.1,1.0,0.9352592840386353,0.7039703380825909
Gilbert,6,,0.1,1,3,0.25,1.0,0.8015084806304966,0.5571959164785169
Gilbert,6,,0.1,1,4,0.25,1.0,0.8566792438640052,0.7760712361630191
Gilbert,6,,0.1,1,5,0.0,1.0,0.75,0.5000000000000001
Gilbert,6,,0.1,1,6,0.0,1.0,0.75,0.5000000000000001
Gilbert,6,,0.1,1,7,0.1,1.0,0.935259284038635,0.7039703380825909
Gilbert,6,,0.1,1,8,0.0,1.0,0.75,0.5000000000000001
Gilbert,6,,0.1,1,9,0.1,1.0,0.9844107975252694,0.904904223681837
Gilbert,6,,0.1,1,10,0.1,1.0,0.9844107975252696,0.904904223681837
Gilbert,6,,0.1,1,11,0.1,1.0,0.9844107975252694,0.9049042236818376
Gilbert,6,,0.1,1,12,0.1,1.0,0.984410797525269,0.9049042236818371
Gilbert,6,,0.1,1,13,0.15625,1.0,0.8677206091101297,0.62007311780298
Gilbert,6,,0.1,1,14,0.0,1.0,0.75,0.5000000000000001
Gilbert,6,,0.1,1,15,0.1,1.0,0.9352592840386352,0.703970338082591
Gilbert,6,,0.1,1,16,0.1,1.0,0.9844107975252696,0.9049042236818373
Gilbert,6,,0.1,1,17,0.1,1.0,0.9352592840386352,0.7039703380825908
Gilbert,6,,0.1,1,18,0.1,1.0,0.9352592840386353,0.7039703380825909
Gilbert,6,,0.1,1,19,0.25,1.0,0.8566792438640052,0.7760712361630192
Gilbert,6,,0.1,2,0,0.1,1.0,0.99362597674565,0.9777191373710228
Gilbert,6,,0.1,2,1,0.15625,1.0,0.9806797640063685,0.8732351299428327
Gilbert,6,,0.1,2,2,0.1,1.0,0.9864138682799446,0.8512367978070341
Gilbert,6,,0.1,2,3,0.25,1.0,0.9241325011823961,0.7859343821994513
Gilbert,6,,0.1,2,4,0.25,1.0,0.9904758670121792,0.9623023177322176
Gilbert,6,,0.1,2,5,0.0,1.0,0.75,0.4999999999999996
Gilbert,6,,0.1,2,6,0.0,1.0,0.75,0.4999999999999996
Gilbert,6,,0.1,2,7,0.1,1.0,0.9864138682799449,0.8512367978070341
Gilbert,6,,0.1,2,8,0.0,1.0,0.75,0.4999999999999996
Gilbert,6,,0.1,2,9,0.1,1.0,0.99362597674565,0.9777191373710231
Gilbert,6,,0.1,2,10,0.1,1.0,0.99362597674565,0.9777191373710228
Gilbert,6,,0.1,2,11,0.1,1.0,0.99362597674565,0.9777191373710231
Gilbert,6,,0.1,2,12,0.1,1.0,0.9936259767456498,0.9777191373710231
Gilbert,6,,0.1,2,13,0.15625,1.0,0.9459814318212822,0.7268351342671802
Gilbert,6,,0.1,2,14,0.0,1.0,0.75,0.4999999999999996
Gilbert,6,,0.1,2,15,0.1,1.0,0.9864138682799453,0.8512367978070341
Gilbert,6,,0.1,2,16,0.1,1.0,0.99362597674565,0.9777191373710235
Gilbert,6,,0.1,2,17,0.1,1.0,0.9864138682799446,0.8512367978070337
Gilbert,6,,0.1,2,18,0.1,1.0,0.9864138682799443,0.8512367978070341
Gilbert,6,,0.1,2,19,0.25,1.0,0.9904758670121794,0.9623023177322173
Gilbert,6,,0.1,3,0,0.1,1.0,0.9999999999814129,0.9999999999773795
Gilbert,6,,0.1,3,1,0.15625,1.0,0.9895588674830139,0.8656202793604024
Gilbert,6,,0.1,3,2,0.1,1.0,0.9970202377788044,0.9486945058593654
Gilbert,6,,0.1,3,3,0.25,1.0,0.9717506450407701,0.8956626798895241
Gilbert,6,,0.1,3,4,0.25,1.0,0.9999999999988214,0.9999999999259926
Gilbert,6,,0.1,3,5,0.0,1.0,0.7500000000000001,0.5000000000000004
Gilbert,6,,0.1,3,6,0.0,1.0,0.7500000000000001,0.5000000000000004
Gilbert,6,,0.1,3,7,0.1,1.0,0.9970202377788032,0.9486945058593659
Gilbert,6,,0.1,3,8,0.0,1.0,0.7500000000000001,0.5000000000000004
Gilbert,6,,0.1,3,9,0.1,1.0,0.999999999981414,0.9999999999773784
Gilbert,6,,0.1,3,10,0.1,1.0,0.9999999999814129,0.9999999999773795
Gilbert,6,,0.1,3,11,0.1,1.0,0.9999999999814136,0.9999999999773788
Gilbert,6,,0.1,3,12,0.1,1.0,0.9999999999814131,0.9999999999773788
Gilbert,6,,0.1,3,13,0.15625,1.0,0.9755846039986673,0.849751702241146
Gilbert,6,,0.1,3,14,0.0,1.0,0.7500000000000001,0.5000000000000004
Gilbert,6,,0.1,3,15,0.1,1.0,0.9970202377788031,0.9486945058593653
Gilbert,6,,0.1,3,16,0.1,1.0,0.9999999999814129,0.999999999977379
Gilbert,6,,0.1,3,17,0.1,1.0,0.9970202377788044,0.9486945058593654
Gilbert,6,,0.1,3,18,0.1,1.0,0.9970202377788043,0.9486945058593657
Gilbert,6,,0.1,3,19,0.25,1.0,0.9999999999988213,0.9999999999259926
Gilbert,6,,0.1,4,0,0.1,1.0,0.999999999962603,0.9999999999393655
Gilbert,6,,0.1,4,1,0.15625,1.0,0.9943130824837889,0.9668488950314594
Gilbert,6,,0.1,4,2,0.1,1.0,0.9989924888500556,0.9928957040738446
Gilbert,6,,0.1,4,3,0.25,1.0,0.9928357543378012,0.9210242959528369
Gilbert,6,,0.1,4,4,0.25,1.0,0.9999999999998701,0.9999999999709566
Gilbert,6,,0.1,4,5,0.0,1.0,0.7500000000000001,0.49999999999999933
Gilbert,6,,0.1,4,6,0.0,1.0,0.7500000000000001,0.49999999999999933
Gilbert,6,,0.1,4,7,0.1,1.0,0.9989924888500559,0.9928957040738442
Gilbert,6,,0.1,4,8,0.0,1.0,0.7500000000000001,0.49999999999999933
Gilbert,6,,0.1,4,9,0.1,1.0,0.9999999999626027,0.9999999999393658
Gilbert,6,,0.1,4,10,0.1,1.0,0.999999999962603,0.9999999999393655
Gilbert,6,,0.1,4,11,0.1,1.0,0.9999999999626039,0.9999999999393658
Gilbert,6,,0.1,4,12,0.1,1.0,0.9999999999626026,0.9999999999393655
Gilbert,6,,0.1,4,13,0.15625,1.0,0.9897629682658382,0.9077337654409399
Gilbert,6,,0.1,4,14,0.0,1.0,0.7500000000000001,0.49999999999999933
Gilbert,6,,0.1,4,15,0.1,1.0,0.9989924888500561,0.9928957040738432
Gilbert,6,,0.1,4,16,0.1,1.0,0.9999999999626024,0.9999999999393658
Gilbert,6,,0.1,4,17,0.1,1.0,0.9989924888500559,0.9928957040738444
Gilbert,6,,0.1,4,18,0.1,1.0,0.9989924888500553,0.9928957040738442
Gilbert,6,,0.1,4,19,0.25,1.0,0.9999999999998714,0.9999999999709571
Gilbert,6,,0.1,5,0,0.1,1.0,0.9999999999795202,0.9999999998744592
Gilbert,6,,0.1,5,1,0.15625,1.0,0.9991392329528532,0.9623180687509624
Gilbert,6,,0.1,5,2,0.1,1.0,0.9998167938489363,0.9951190784906224
Gilbert,6,,0.1,5,3,0.25,1.0,0.9940309735136961,0.9457594621888654
Gilbert,6,,0.1,5,4,0.25,1.0,0.9999999999981695,0.999999999876243
Gilbert,6,,0.1,5,5,0.0,1.0,0.7500000000000003,0.5000000000000008
Gilbert,6,,0.1,5,6,0.0,1.0,0.7500000000000003,0.5000000000000008
Gilbert,6,,0.1,5,7,0.1,1.0,0.9998167938489374,0.9951190784901047
Gilbert,6,,0.1,5,8,0.0,1.0,0.7500000000000003,0.5000000000000008
Gilbert,6,,0.1,5,9,0.1,1.0,0.9999999999795202,0.9999999998744583
Gilbert,6,,0.1,5,10,0.1,1.0,0.9999999999795202,0.9999999998744592
Gilbert,6,,0.1,5,11,0.1,1.0,0.9999999999795216,0.9999999998744595
Gilbert,6,,0.1,5,12,0.1,1.0,0.99999999997952,0.9999999998744595
Gilbert,6,,0.1,5,13,0.15625,1.0,0.9928839723631,0.9509302511863625
Gilbert,6,,0.1,5,14,0.0,1.0,0.7500000000000003,0.5000000000000008
Gilbert,6,,0.1,5,15,0.1,1.0,0.9998167938489366,0.9951190784916086
Gilbert,6,,0.1,5,16,0.1,1.0,0.9999999999795207,0.9999999998744592
Gilbert,6,,0.1,5,17,0.1,1.0,0.9998167938489356,0.9951190784924069
Gilbert,6,,0.1,5,18,0.1,1.0,0.9998167938489366,0.9951190784914872
Gilbert,6,,0.1,5,19,0.25,1.0,0.9999999999981698,0.9999999998762437
Gilbert,6,,0.1,6,0,0.1,1.0,0.9999999999941516,0.9999999999929416
Gilbert,6,,0.1,6,1,0.15625,1.0,0.9998552783239003,0.9999921805420364
Gilbert,6,,0.1,6,2,0.1,1.0,0.9999999918985549,0.9982145693243669
Gilbert,6,,0.1,6,3,0.25,1.0,0.9997303442170281,0.9864768232539173
Gilbert,6,,0.1,6,4,0.25,1.0,0.9999999999512166,0.9999999989582581
Gilbert,6,,0.1,6,5,0.0,1.0,0.7500000000000003,0.49999999999999906
Gilbert,6,,0.1,6,6,0.0,1.0,0.7500000000000003,0.49999999999999906
Gilbert,6,,0.1,6,7,0.1,1.0,0.9999999918985537,0.9982145505304635
Gilbert,6,,0.1,6,8,0.0,1.0,0.7500000000000003,0.49999999999999906
Gilbert,6,,0.1,6,9,0.1,1.0,0.9999999999941522,0.9999999999929419
Gilbert,6,,0.1,6,10,0.1,1.0,0.9999999999941516,0.9999999999929416
Gilbert,6,,0.1,6,11,0.1,1.0,0.999999999994151,0.9999999999929413
Gilbert,6,,0.1,6,12,0.1,1.0,0.9999999999941511,0.9999999999929419
Gilbert,6,,0.1,6,13,0.15625,1.0,0.9976337808852233,0.9534639524132165
Gilbert,6,,0.1,6,14,0.0,1.0,0.7500000000000003,0.49999999999999906
Gilbert,6,,0.1,6,15,0.1,1.0,0.9999999918985552,0.9982145695758315
Gilbert,6,,0.1,6,16,0.1,1.0,0.9999999999941508,0.9999999999929414
Gilbert,6,,0.1,6,17,0.1,1.0,0.9999999918985546,0.9982145638927424
Gilbert,6,,0.1,6,18,0.1,1.0,0.9999999918985564,0.9982145697275076
Gilbert,6,,0.1,6,19,0.25,1.0,0.9999999999512171,0.9999999989582593
Gilbert,6,,0.1,7,0,0.1,1.0,0.9999999999999819,0.999999999999989
Gilbert,6,,0.1,7,1,0.15625,1.0,0.9999904830149182,0.999992844333057
Gilbert,6,,0.1,7,2,0.1,1.0,0.9999999996642235,0.9999999995255008
Gilbert,6,,0.1,7,3,0.25,1.0,0.999998409877534,0.9992325879742017
Gilbert,6,,0.1,7,4,0.25,1.0,0.9999999999981614,0.9999999999990115
Gilbert,6,,0.1,7,5,0.0,1.0,0.7500000000000003,0.5000000000000011
Gilbert,6,,0.1,7,6,0.0,1.0,0.7500000000000003,0.5000000000000011
Gilbert,6,,0.1,7,7,0.1,1.0,0.9999999996641747,0.9999999996921533
Gilbert,6,,0.1,7,8,0.0,1.0,0.7500000000000003,0.5000000000000011
Gilbert,6,,0.1,7,9,0.1,1.0,0.9999999999999819,0.9999999999999897
Gilbert,6,,0.1,7,10,0.1,1.0,0.9999999999999819,0.999999999999989
Gilbert,6,,0.1,7,11,0.1,1.0,0.9999999999999816,0.999999999999989
Gilbert,6,,0.1,7,12,0.1,1.0,0.9999999999999826,0.999999999999989
Gilbert,6,,0.1,7,13,0.15625,1.0,0.9986528228268011,0.9631541344073757
Gilbert,6,,0.1,7,14,0.0,1.0,0.7500000000000003,0.5000000000000011
Gilbert,6,,0.1,7,15,0.1,1.0,0.9999999996642288,0.9999999990304342
Gilbert,6,,0.1,7,16,0.1,1.0,0.9999999999999826,0.9999999999999891
Gilbert,6,,0.1,7,17,0.1,1.0,0.9999999996642168,0.9999999997196836
Gilbert,6,,0.1,7,18,0.1,1.0,0.9999999996642879,0.9999999996592068
Gilbert,6,,0.1,7,19,0.25,1.0,0.9999999999981621,0.9999999999990126
Gilbert,6,,0.1,8,0,0.1,1.0,0.9999999999574587,0.9999999999989864
Gilbert,6,,0.1,8,1,0.15625,1.0,0.9999990417926303,0.9999694548615354
Gilbert,6,,0.1,8,2,0.1,1.0,0.9999999634656696,0.9999999994978375
Gilbert,6,,0.1,8,3,0.25,1.0,0.9999999921898152,0.9999622515083327
Gilbert,6,,0.1,8,4,0.25,1.0,0.9999999999338077,0.9999999999997303
Gilbert,6,,0.1,8,5,0.0,1.0,0.7500000000000003,0.4999999999999987
Gilbert,6,,0.1,8,6,0.0,1.0,0.7500000000000003,0.4999999999999987
Gilbert,6,,0.1,8,7,0.1,1.0,0.999999963466092,0.9999999986356902
Gilbert,6,,0.1,8,8,0.0,1.0,0.7500000000000003,0.4999999999999987
Gilbert,6,,0.1,8,9,0.1,1.0,0.9999999999574587,0.9999999999989854
Gilbert,6,,0.1,8,10,0.1,1.0,0.9999999999574587,0.9999999999989864
Gilbert,6,,0.1,8,11,0.1,1.0,0.9999999999574578,0.9999999999989871
Gilbert,6,,0.1,8,12,0.1,1.0,0.999999999957458,0.9999999999989868
Gilbert,6,,0.1,8,13,0.15625,1.0,0.999281992440122,0.974212745171019
Gilbert,6,,0.1,8,14,0.0,1.0,0.7500000000000003,0.4999999999999987
Gilbert,6,,0.1,8,15,0.1,1.0,0.9999999634657406,0.9999999996700588
Gilbert,6,,0.1,8,16,0.1,1.0,0.9999999999574591,0.9999999999989857
Gilbert,6,,0.1,8,17,0.1,1.0,0.9999999634657366,0.9999999995868247
Gilbert,6,,0.1,8,18,0.1,1.0,0.9999999634655345,0.9999999994432709
Gilbert,6,,0.1,8,19,0.25,1.0,0.9999999999338083,0.9999999999997298
Gilbert,6,,0.1,9,0,0.1,1.0,0.9999999991989158,0.9999999999827116
Gilbert,6,,0.1,9,1,0.15625,1.0,0.9999998442811977,0.9999991750930419
Gilbert,6,,0.1,9,2,0.1,1.0,0.999999995784771,0.9999999977313934
Gilbert,6,,0.1,9,3,0.25,1.0,0.9999998809260217,0.9999999979593269
Gilbert,6,,0.1,9,4,0.25,1.0,0.9999999999893442,0.9999999999964106
Gilbert,6,,0.1,9,5,0.0,1.0,0.7500000000000003,0.5000000000000013
Gilbert,6,,0.1,9,6,0.0,1.0,0.7500000000000003,0.5000000000000013
Gilbert,6,,0.1,9,7,0.1,1.0,0.9999999957847996,0.9999999997877745
Gilbert,6,,0.1,9,8,0.0,1.0,0.7500000000000003,0.5000000000000013
Gilbert,6,,0.1,9,9,0.1,1.0,0.9999999991989149,0.9999999999827113
Gilbert,6,,0.1,9,10,0.1,1.0,0.9999999991989158,0.9999999999827116
Gilbert,6,,0.1,9,11,0.1,1.0,0.9999999991989144,0.9999999999827114
Gilbert,6,,0.1,9,12,0.1,1.0,0.9999999991989151,0.9999999999827104
Gilbert,6,,0.1,9,13,0.15625,1.0,0.9995402746323774,0.9882322996423866
Gilbert,6,,0.1,9,14,0.0,1.0,0.7500000000000003,0.5000000000000013
Gilbert,6,,0.1,9,15,0.1,1.0,0.9999999957847752,0.9999999955806068
Gilbert,6,,0.1,9,16,0.1,1.0,0.9999999991989135,0.9999999999827113
Gilbert,6,,0.1,9,17,0.1,1.0,0.999999995784775,0.9999999999239215
Gilbert,6,,0.1,9,18,0.1,1.0,0.9999999957847621,0.9999999992167574
Gilbert,6,,0.1,9,19,0.25,1.0,0.9999999999893437,0.9999999999964109
Gilbert,6,,0.1,10,0,0.1,1.0,0.9999999999341386,0.999999999998732
Gilbert,6,,0.1,10,1,0.15625,1.0,0.9999998456997126,0.9999993273365297
Gilbert,6,,0.1,10,2,0.1,1.0,0.9999999904469972,0.9999999997544654
Gilbert,6,,0.1,10,3,0.25,1.0,0.9999991862576214,0.9999998504543374
Gilbert,6,,0.1,10,4,0.25,1.0,0.9999999999009905,0.9999999999999305
Gilbert,6,,0.1,10,5,0.0,1.0,0.7500000000000003,0.4999999999999985
Gilbert,6,,0.1,10,6,0.0,1.0,0.7500000000000003,0.4999999999999985
Gilbert,6,,0.1,10,7,0.1,1.0,0.9999999904470481,0.99999999942629
Gilbert,6,,0.1,10,8,0.0,1.0,0.7500000000000003,0.4999999999999985
Gilbert,6,,0.1,10,9,0.1,1.0,0.9999999999341377,0.9999999999987305
Gilbert,6,,0.1,10,10,0.1,1.0,0.9999999999341386,0.999999999998732
Gilbert,6,,0.1,10,11,0.1,1.0,0.9999999999341377,0.9999999999987323
Gilbert,6,,0.1,10,12,0.1,1.0,0.9999999999341398,0.9999999999987315
Gilbert,6,,0.1,10,13,0.15625,1.0,0.9999135049417419,0.9958909947519924
Gilbert,6,,0.1,10,14,0.0,1.0,0.7500000000000003,0.4999999999999985
Gilbert,6,,0.1,10,15,0.1,1.0,0.9999999904470098,0.9999999976681231
Gilbert,6,,0.1,10,16,0.1,1.0,0.9999999999341391,0.999999999998731
Gilbert,6,,0.1,10,17,0.1,1.0,0.999999990447006,0.9999999982841139
Gilbert,6,,0.1,10,18,0.1,1.0,0.9999999904469918,0.9999999995559101
Gilbert,6,,0.1,10,19,0.25,1.0,0.9999999999009902,0.9999999999999301
Gilbert,6,,0.25,1,0,0.1,1.0,0.9352592840386353,0.703970338082591
Gilbert,6,,0.25,1,1,0.25,1.0,0.36918061640691663,0.39699365342482745
Gilbert,6,,0.25,1,2,0.1,1.0,0.9352592840386353,0.7039703380825909
Gilbert,6,,0.25,1,3,0.25,1.0,0.2427692849081912,0.4175731323663466
Gilbert,6,,0.25,1,4,0.15625,1.0,0.8677206091101292,0.62007311780298
Gilbert,6,,0.25,1,5,0.25,1.0,0.8566792438640052,0.7760712361630191
Gilbert,6,,0.25,1,6,0.15625,1.0,0.9393611648831686,0.5000604043361898
Gilbert,6,,0.25,1,7,0.0,1.0,0.75,0.5000000000000001
Gilbert,6,,0.25,1,8,0.25,1.0,0.26090709356849906,0.5152630172078773
Gilbert,6,,0.25,1,9,0.25,1.0,0.8566792438640053,0.7760712361630191
Gilbert,6,,0.25,1,10,0.25,1.0,0.8566792438640052,0.7760712361630191
Gilbert,6,,0.25,1,11,0.25,1.0,0.36918061640691646,0.39699365342482756
Gilbert,6,,0.25,1,12,0.15625,1.0,0.8677206091101292,0.62007311780298
Gilbert,6,,0.25,1,13,0.1,1.0,0.9352592840386356,0.7039703380825907
Gilbert,6,,0.25,1,14,0.375,1.0,0.7285780375305141,0.5521108346998344
Gilbert,6,,0.25,1,15,0.25,1.0,0.3963345694068673,0.5979101335698006
Gilbert,6,,0.25,1,16,0.15625,1.0,0.7866456032525394,0.5428217672322282
Gilbert,6,,0.25,1,17,0.15625,1.0,0.8677206091101294,0.6200731178029799
Gilbert,6,,0.25,1,18,0.125,1.0,0.6433091213494629,0.42159717873088914
Gilbert,6,,0.25,1,19,0.15625,1.0,0.867720609110129,0.6200731178029799
Gilbert,6,,0.25,2,0,0.1,1.0,0.9864138682799446,0.8512367978070341
Gilbert,6,,0.25,2,1,0.25,1.0,0.7839418497941075,0.5901226625168962
Gilbert,6,,0.25,2,2,0.1,1.0,0.9864138682799451,0.8512367978070341
Gilbert,6,,0.25,2,3,0.25,1.0,0.8778074943039605,0.4193461399263294
Gilbert,6,,0.25,2,4,0.15625,1.0,0.9459814318212816,0.7268351342671803
Gilbert,6,,0.25,2,5,0.25,1.0,0.9904758670121787,0.9623023177322181
Gilbert,6,,0.25,2,6,0.15625,1.0,0.9806797640063677,0.8732351299428327
Gilbert,6,,0.25,2,7,0.0,1.0,0.75,0.4999999999999996
Gilbert,6,,0.25,2,8,0.25,1.0,0.9244640164361293,0.7678475868519392
Gilbert,6,,0.25,2,9,0.25,1.0,0.9904758670121792,0.9623023177322179
Gilbert,6,,0.25,2,10,0.25,1.0,0.990475867012179,0.9623023177322176
Gilbert,6,,0.25,2,11,0.25,1.0,0.7839418497941081,0.5901226625168965
Gilbert,6,,0.25,2,12,0.15625,1.0,0.945981431821282,0.7268351342671802
Gilbert,6,,0.25,2,13,0.1,1.0,0.9864138682799446,0.8512367978070341
Gilbert,6,,0.25,2,14,0.375,1.0,0.935350921918344,0.8406490637148453
Gilbert,6,,0.25,2,15,0.25,1.0,0.7737593025045904,0.7473235525880356
Gilbert,6,,0.25,2,16,0.15625,1.0,0.8009650613063863,0.6277942600942943
Gilbert,6,,0.25,2,17,0.15625,1.0,0.945981431821281,0.7268351342671802
Gilbert,6,,0.25,2,18,0.125,1.0,0.8895280757123002,0.6979994721599888
Gilbert,6,,0.25,2,19,0.15625,1.0,0.9459814318212808,0.7268351342671803
Gilbert,6,,0.25,3,0,0.1,1.0,0.9970202377788032,0.9486945058593654
Gilbert,6,,0.25,3,1,0.25,1.0,0.9626026312237277,0.7421074210774208
Gilbert,6,,0.25,3,2,0.1,1.0,0.9970202377788032,0.9486945058593665
Gilbert,6,,0.25,3,3,0.25,1.0,0.9401494077148959,0.4343785939532024
Gilbert,6,,0.25,3,4,0.15625,1.0,0.9755846039986674,0.8497517022411463
Gilbert,6,,0.25,3,5,0.25,1.0,0.999999999998822,0.9999999999259916
Gilbert,6,,0.25,3,6,0.15625,1.0,0.9895588674830146,0.8656202793604025
Gilbert,6,,0.25,3,7,0.0,1.0,0.7500000000000001,0.5000000000000004
Gilbert,6,,0.25,3,8,0.25,1.0,0.9912131904111391,0.8808879956694371
Gilbert,6,,0.25,3,9,0.25,1.0,0.9999999999988224,0.9999999999259919
Gilbert,6,,0.25,3,10,0.25,1.0,0.9999999999988209,0.9999999999259921
Gilbert,6,,0.25,3,11,0.25,1.0,0.9626026312237268,0.7421074210774208
Gilbert,6,,0.25,3,12,0.15625,1.0,0.9755846039986673,0.8497517022411462
Gilbert,6,,0.25,3,13,0.1,1.0,0.9970202377788044,0.9486945058593659
Gilbert,6,,0.25,3,14,0.375,1.0,0.9307467370262578,0.8824489672611557
Gilbert,6,,0.25,3,15,0.25,1.0,0.9806290077884615,0.8201059497047601
Gilbert,6,,0.25,3,16,0.15625,1.0,0.8530074154177766,0.7333524545616987
Gilbert,6,,0.25,3,17,0.15625,1.0,0.975584603998668,0.8497517022411458
Gilbert,6,,0.25,3,18,0.125,1.0,0.9313036237104951,0.9999999932064753
Gilbert,6,,0.25,3,19,0.15625,1.0,0.9755846039986666,0.8497517022411464
Gilbert,6,,0.25,4,0,0.1,1.0,0.9989924888500552,0.9928957040738442
Gilbert,6,,0.25,4,1,0.25,1.0,0.9733484308848377,0.7969098213434046
Gilbert,6,,0.25,4,2,0.1,1.0,0.9989924888500564,0.9928957040738435
Gilbert,6,,0.25,4,3,0.25,1.0,0.9999999895362467,0.6666666666654504
Gilbert,6,,0.25,4,4,0.15625,1.0,0.9897629682658384,0.9077337654409398
Gilbert,6,,0.25,4,5,0.25,1.0,0.9999999999998703,0.9999999999709567
Gilbert,6,,0.25,4,6,0.15625,1.0,0.9943130824837909,0.9668488950346932
Gilbert,6,,0.25,4,7,0.0,1.0,0.7500000000000001,0.49999999999999933
Gilbert,6,,0.25,4,8,0.25,1.0,0.999999999748499,0.9287932884449019
Gilbert,6,,0.25,4,9,0.25,1.0,0.9999999999998688,0.9999999999709567
Gilbert,6,,0.25,4,10,0.25,1.0,0.999999999999871,0.9999999999709571
Gilbert,6,,0.25,4,11,0.25,1.0,0.9733484308848389,0.7969098213434038
Gilbert,6,,0.25,4,12,0.15625,1.0,0.9897629682658381,0.9077337654409394
Gilbert,6,,0.25,4,13,0.1,1.0,0.9989924888500555,0.9928957040738435
Gilbert,6,,0.25,4,14,0.375,1.0,0.9760550948679333,0.9440828402279013
Gilbert,6,,0.25,4,15,0.25,1.0,0.9854646113881829,0.8594260760390122
Gilbert,6,,0.25,4,16,0.15625,1.0,0.8827836929571753,0.8549045823307267
Gilbert,6,,0.25,4,17,0.15625,1.0,0.9897629682658373,0.9077337654409403
Gilbert,6,,0.25,4,18,0.125,1.0,0.9998597569130286,0.9672492295485613
Gilbert,6,,0.25,4,19,0.15625,1.0,0.989762968265839,0.9077337654409404
Gilbert,6,,0.25,5,0,0.1,1.0,0.9998167938489363,0.9951190784918571
Gilbert,6,,0.25,5,1,0.25,1.0,0.9645117877217596,0.8252266588583947
Gilbert,6,,0.25,5,2,0.1,1.0,0.9998167938489356,0.9951190784924148
Gilbert,6,,0.25,5,3,0.25,1.0,0.8708818227453065,0.6666666666630486
Gilbert,6,,0.25,5,4,0.15625,1.0,0.9928839723630967,0.9509302511863632
Gilbert,6,,0.25,5,5,0.25,1.0,0.9999999999981695,0.9999999998762439
Gilbert,6,,0.25,5,6,0.15625,1.0,0.9991392329528528,0.9623180687602492
Gilbert,6,,0.25,5,7,0.0,1.0,0.7500000000000003,0.5000000000000008
Gilbert,6,,0.25,5,8,0.25,1.0,0.9999999977167747,0.9005311515615316
Gilbert,6,,0.25,5,9,0.25,1.0,0.9999999999981685,0.9999999998762439
Gilbert,6,,0.25,5,10,0.25,1.0,0.9999999999981689,0.999999999876243
Gilbert,6,,0.25,5,11,0.25,1.0,0.9645117877226572,0.8252266588583952
Gilbert,6,,0.25,5,12,0.15625,1.0,0.9928839723630997,0.9509302511863624
Gilbert,6,,0.25,5,13,0.1,1.0,0.9998167938489356,0.9951190784917128
Gilbert,6,,0.25,5,14,0.375,1.0,0.9922263669054795,0.9508012506057915
Gilbert,6,,0.25,5,15,0.25,1.0,0.9999999999482093,0.8904255989973261
Gilbert,6,,0.25,5,16,0.15625,1.0,0.9999832033775229,0.8837672400226536
Gilbert,6,,0.25,5,17,0.15625,1.0,0.9928839723630973,0.9509302511863624
Gilbert,6,,0.25,5,18,0.125,1.0,0.9803731252495851,0.9999999996251291
Gilbert,6,,0.25,5,19,0.15625,1.0,0.9928839723630982,0.9509302511863614
Gilbert,6,,0.25,6,0,0.1,1.0,0.9999999918985534,0.9982145627879954
Gilbert,6,,0.25,6,1,0.25,1.0,0.9999999991379417,0.8551801663045697
Gilbert,6,,0.25,6,2,0.1,1.0,0.9999999918985581,0.9982145695885659
Gilbert,6,,0.25,6,3,0.25,1.0,0.9999999990922787,0.8830100735893774
Gilbert,6,,0.25,6,4,0.15625,1.0,0.9976337808852261,0.9534639540628053
Gilbert,6,,0.25,6,5,0.25,1.0,0.9999999999512164,0.9999999989582581
Gilbert,6,,0.25,6,6,0.15625,1.0,0.9998552783239008,0.9999921818180931
Gilbert,6,,0.25,6,7,0.0,1.0,0.7500000000000003,0.49999999999999906
Gilbert,6,,0.25,6,8,0.25,1.0,0.9999999492198014,0.9811186685886737
Gilbert,6,,0.25,6,9,0.25,1.0,0.9999999999512177,0.9999999989582578
Gilbert,6,,0.25,6,10,0.25,1.0,0.9999999999512166,0.9999999989582591
Gilbert,6,,0.25,6,11,0.25,1.0,0.9999999998843213,0.8551801663045725
Gilbert,6,,0.25,6,12,0.15625,1.0,0.9976337808852258,0.9534639534908644
Gilbert,6,,0.25,6,13,0.1,1.0,0.9999999918985518,0.9982145680170238
Gilbert,6,,0.25,6,14,0.375,1.0,0.999806448219116,0.9903197137316946
Gilbert,6,,0.25,6,15,0.25,1.0,0.9999999966308817,0.9288519415002711
Gilbert,6,,0.25,6,16,0.15625,1.0,0.999999993951046,0.9088039533340385
Gilbert,6,,0.25,6,17,0.15625,1.0,0.9976337808852258,0.9534639540425657
Gilbert,6,,0.25,6,18,0.125,1.0,0.9999999792511906,0.9999999769185149
Gilbert,6,,0.25,6,19,0.15625,1.0,0.9976337808852243,0.9534639541017342
Gilbert,6,,0.25,7,0,0.1,1.0,0.9999999996641483,0.9999999982419897
Gilbert,6,,0.25,7,1,0.25,1.0,0.9999999995480267,0.9436550492915543
Gilbert,6,,0.25,7,2,0.1,1.0,0.999999999664313,0.9999999987277629
Gilbert,6,,0.25,7,3,0.25,1.0,0.9999999989513824,0.9126094599688628
Gilbert,6,,0.25,7,4,0.15625,1.0,0.9986528221648927,0.9631541337920213
Gilbert,6,,0.25,7,5,0.25,1.0,0.9999999999981608,0.9999999999990119
Gilbert,6,,0.25,7,6,0.15625,1.0,0.9999904830149613,0.9999964685310805
Gilbert,6,,0.25,7,7,0.0,1.0,0.7500000000000003,0.5000000000000011
Gilbert,6,,0.25,7,8,0.25,1.0,0.9999995529183202,0.9960735793377499
Gilbert,6,,0.25,7,9,0.25,1.0,0.9999999999981615,0.9999999999990128
Gilbert,6,,0.25,7,10,0.25,1.0,0.9999999999981616,0.9999999999990126
Gilbert,6,,0.25,7,11,0.25,1.0,0.9999999994127904,0.9436550497782019
Gilbert,6,,0.25,7,12,0.15625,1.0,0.9986528221836733,0.96315413498003
Gilbert,6,,0.25,7,13,0.1,1.0,0.9999999996640966,0.9999999990038567
Gilbert,6,,0.25,7,14,0.375,1.0,0.9958896877291071,0.9937332741618157
Gilbert,6,,0.25,7,15,0.25,1.0,0.9999999983967096,0.9682731300710837
Gilbert,6,,0.25,7,16,0.15625,1.0,0.9999999816951004,0.9999999992612045
Gilbert,6,,0.25,7,17,0.15625,1.0,0.9986528221004676,0.9631541346978392
Gilbert,6,,0.25,7,18,0.125,1.0,0.9999995585511011,0.9999999994996652
Gilbert,6,,0.25,7,19,0.15625,1.0,0.9986528228300904,0.9631541342838542
Gilbert,6,,0.25,8,0,0.1,1.0,0.9999999634661794,0.9999999988257567
Gilbert,6,,0.25,8,1,0.25,1.0,0.9999999979794235,0.9209873559671127
Gilbert,6,,0.25,8,2,0.1,1.0,0.9999999634653683,0.9999999961824908
Gilbert,6,,0.25,8,3,0.25,1.0,0.9999999981797627,0.9510639413483225
Gilbert,6,,0.25,8,4,0.15625,1.0,0.999282000428587,0.9742127506141769
Gilbert,6,,0.25,8,5,0.25,1.0,0.9999999999338085,0.9999999999997303
Gilbert,6,,0.25,8,6,0.15625,1.0,0.9999990417927133,0.9994229689809428
Gilbert,6,,0.25,8,7,0.0,1.0,0.7500000000000003,0.4999999999999987
Gilbert,6,,0.25,8,8,0.25,1.0,0.9999997698630617,0.995074489633777
Gilbert,6,,0.25,8,9,0.25,1.0,0.9999999999338086,0.9999999999997299
Gilbert,6,,0.25,8,10,0.25,1.0,0.9999999999338076,0.9999999999997307
Gilbert,6,,0.25,8,11,0.25,1.0,0.9999998601502141,0.9209873565047437
Gilbert,6,,0.25,8,12,0.15625,1.0,0.9992819824243582,0.9742127483304684
Gilbert,6,,0.25,8,13,0.1,1.0,0.9999999634662652,0.9999999987258711
Gilbert,6,,0.25,8,14,0.375,1.0,0.9997445209133464,0.9997221218065562
Gilbert,6,,0.25,8,15,0.25,1.0,0.999999432732653,0.9839536104482884
Gilbert,6,,0.25,8,16,0.15625,1.0,0.9999999989106151,0.959907844657204
Gilbert,6,,0.25,8,17,0.15625,1.0,0.9992820011286156,0.9742127460233616
Gilbert,6,,0.25,8,18,0.125,1.0,0.9999991906204762,0.9999999841030739
Gilbert,6,,0.25,8,19,0.15625,1.0,0.9992819970055191,0.9742127487492329
Gilbert,6,,0.25,9,0,0.1,1.0,0.9999999957848049,0.9999999990830976
Gilbert,6,,0.25,9,1,0.25,1.0,0.9999990448723135,0.9195954844060483
Gilbert,6,,0.25,9,2,0.1,1.0,0.9999999957847521,0.9999999993926764
Gilbert,6,,0.25,9,3,0.25,1.0,0.9999998949459693,0.9551447616914026
Gilbert,6,,0.25,9,4,0.15625,1.0,0.9995402759160984,0.9882323050821349
Gilbert,6,,0.25,9,5,0.25,1.0,0.9999999999893447,0.9999999999964098
Gilbert,6,,0.25,9,6,0.15625,1.0,0.9999997691430923,0.9999987400573881
Gilbert,6,,0.25,9,7,0.0,1.0,0.7500000000000003,0.5000000000000013
Gilbert,6,,0.25,9,8,0.25,1.0,0.9999998840872043,0.9618876834124004
Gilbert,6,,0.25,9,9,0.25,1.0,0.9999999999893443,0.9999999999964106
Gilbert,6,,0.25,9,10,0.25,1.0,0.9999999999893442,0.99999999999641
Gilbert,6,,0.25,9,11,0.25,1.0,0.9999997397931387,0.9195954840614805
Gilbert,6,,0.25,9,12,0.15625,1.0,0.9995402233597981,0.9882323005283545
Gilbert,6,,0.25,9,13,0.1,1.0,0.9999999957848097,0.9999999976940848
Gilbert,6,,0.25,9,14,0.375,1.0,0.9999835376487844,0.9996304418837593
Gilbert,6,,0.25,9,15,0.25,1.0,0.9999992745949615,0.9937128073392648
Gilbert,6,,0.25,9,16,0.15625,1.0,0.9999999862420026,0.9909211240407505
Gilbert,6,,0.25,9,17,0.15625,1.0,0.9995402677165535,0.9897104164790672
Gilbert,6,,0.25,9,18,0.125,1.0,0.9999998223901182,0.9999998979474555
Gilbert,6,,0.25,9,19,0.15625,1.0,0.9995402377902138,0.9897104157191352
Gilbert,6,,0.25,10,0,0.1,1.0,0.9999999904470555,0.9999999991146623
Gilbert,6,,0.25,10,1,0.25,1.0,0.9999999067514043,0.9572190191121868
Gilbert,6,,0.25,10,2,0.1,1.0,0.9999999904469729,0.9999999935726661
Gilbert,6,,0.25,10,3,0.25,1.0,0.9999976499959157,0.9778885902139772
Gilbert,6,,0.25,10,4,0.15625,1.0,0.9999135247936404,0.9958909719418536
Gilbert,6,,0.25,10,5,0.25,1.0,0.9999999999009909,0.9999999999999297
Gilbert,6,,0.25,10,6,0.15625,1.0,0.9999997870366353,0.9999983076859157
Gilbert,6,,0.25,10,7,0.0,1.0,0.7500000000000003,0.4999999999999985
Gilbert,6,,0.25,10,8,0.25,1.0,0.9999995260884126,0.9994769458106662
Gilbert,6,,0.25,10,9,0.25,1.0,0.9999999999009898,0.9999999999999297
Gilbert,6,,0.25,10,10,0.25,1.0,0.9999999999009894,0.9999999999999295
Gilbert,6,,0.25,10,11,0.25,1.0,0.999999989748199,0.957218999063925
Gilbert,6,,0.25,10,12,0.15625,1.0,0.9999135145001691,0.9959675712264242
Gilbert,6,,0.25,10,13,0.1,1.0,0.9999999904470613,0.9999999998979205
Gilbert,6,,0.25,10,14,0.375,1.0,0.9999924360828172,0.9999994188269198
Gilbert,6,,0.25,10,15,0.25,1.0,0.9999998385730176,0.9964922671515296
Gilbert,6,,0.25,10,16,0.15625,1.0,0.9999992381422057,0.992459873596811
Gilbert,6,,0.25,10,17,0.15625,1.0,0.9999135143591278,0.9859118543571234
Gilbert,6,,0.25,10,18,0.125,1.0,0.9999997492242385,0.9999993943853417
Gilbert,6,,0.25,10,19,0.15625,1.0,0.9999135085397143,0.9859118546212272
Gilbert,6,,0.5,1,0,0.125,1.0,0.8023323662434446,0.3681866542982322
Gilbert,6,,0.5,1,1,0.25,1.0,0.36407198113500433,0.3850199369284781
Gilbert,6,,0.5,1,2,0.16666666666666666,0.5,0.27850027368327207,0.29861274745470984
Gilbert,6,,0.5,1,3,0.25,1.0,0.2515667957175819,0.6264668490995798
Gilbert,6,,0.5,1,4,0.25,1.0,0.24276928490819114,0.41757313236634674
Gilbert,6,,0.5,1,5,0.1875,0.0,0.26367727022966986,0.26367727022967063
Gilbert,6,,0.5,1,6,0.21875,-0.5,0.30741561374870036,0.30741561374870047
Gilbert,6,,0.5,1,7,0.5,1.0,0.8273514773958336,0.9074840012916755
Gilbert,6,,0.5,1,8,0.234375,0.0,0.38072263531891637,0.38072263531891515
Gilbert,6,,0.5,1,9,0.2604166666666667,1.0,0.47589340066424696,0.4827185953896391
Gilbert,6,,0.5,1,10,0.25,1.0,0.3963345694068674,0.5979101335698007
Gilbert,6,,0.5,1,11,0.375,1.0,0.4310402945086081,0.5594522209331559
Gilbert,6,,0.5,1,12,0.328125,0.0,0.5218716618537111,0.5218716618537104
Gilbert,6,,0.5,1,13,0.25,1.0,0.26090709356849906,0.5152630172078775
Gilbert,6,,0.5,1,14,0.28125,0.75,0.43099955262206724,0.4309995526220666
Gilbert,6,,0.5,1,15,0.25,1.0,0.23664017926859174,0.34846116829579654
Gilbert,6,,0.5,1,16,0.28125,0.0,0.43099955262206713,0.43099955262206724
Gilbert,6,,0.5,1,17,0.375,1.0,0.3968276686377467,0.5396963456893845
Gilbert,6,,0.5,1,18,0.21875,0.0,0.3074156137487007,0.30741561374870047
Gilbert,6,,0.5,1,19,0.25,1.0,0.2495535425007116,0.3888187638590832
Gilbert,6,,0.5,2,0,0.125,1.0,0.9033388184974829,0.620532179545339
Gilbert,6,,0.5,2,1,0.25,1.0,0.7806361849342347,0.745543644594743
Gilbert,6,,0.5,2,2,0.16666666666666666,0.5,0.5809146095473073,0.5619104133947822
Gilbert,6,,0.5,2,3,0.25,1.0,0.8873016971410831,0.7708535393537788
Gilbert,6,,0.5,2,4,0.25,1.0,0.8778074943039607,0.4193461399263296
Gilbert,6,,0.5,2,5,0.1875,0.0,0.6062627239193645,0.6062627239193651
Gilbert,6,,0.5,2,6,0.21875,-0.5,0.46233830099049217,0.46233830099049184
Gilbert,6,,0.5,2,7,0.5,1.0,0.9939348810911338,0.9999999999986472
Gilbert,6,,0.5,2,8,0.234375,0.0,0.22669957788226258,0.2266995778822638
Gilbert,6,,0.5,2,9,0.2604166666666667,1.0,0.6991212118369091,0.7345197585373929
Gilbert,6,,0.5,2,10,0.25,1.0,0.7737593025045904,0.7473235525880351
Gilbert,6,,0.5,2,11,0.375,1.0,0.8238794001862063,0.6672820684497726
Gilbert,6,,0.5,2,12,0.328125,0.0,0.5946934442387206,0.5946934442387206
Gilbert,6,,0.5,2,13,0.25,1.0,0.9244640164361284,0.7678475868519391
Gilbert,6,,0.5,2,14,0.28125,0.75,-0.1780900924999772,-0.17809009249997704
Gilbert,6,,0.5,2,15,0.25,1.0,0.8595282385385263,0.3738680635000085
Gilbert,6,,0.5,2,16,0.28125,0.0,-0.1780900924999772,-0.1780900924999771
Gilbert,6,,0.5,2,17,0.375,1.0,0.8342350818779721,0.7538183063372769
Gilbert,6,,0.5,2,18,0.21875,0.0,0.46233830099049217,0.462338300990492
Gilbert,6,,0.5,2,19,0.25,1.0,0.8816056968276627,0.5739491890099598
Gilbert,6,,0.5,3,0,0.125,1.0,0.9523859767908407,0.8483995779336454
Gilbert,6,,0.5,3,1,0.25,1.0,0.7587927676649492,0.8165715721674923
Gilbert,6,,0.5,3,2,0.16666666666666666,0.5,0.47537192039604453,0.4285197298036761
Gilbert,6,,0.5,3,3,0.25,1.0,0.9525484331724723,0.8584384810220834
Gilbert,6,,0.5,3,4,0.25,1.0,0.9401494077148933,0.4343785939532027
Gilbert,6,,0.5,3,5,0.1875,0.0,0.0016602901197337132,0.001660290119733528
Gilbert,6,,0.5,3,6,0.21875,-0.5,0.6397778914714113,0.6397778914714101
Gilbert,6,,0.5,3,7,0.5,1.0,0.9999999999999392,0.999999999993356
Gilbert,6,,0.5,3,8,0.234375,0.0,0.5804165077461936,0.5804165077461996
Gilbert,6,,0.5,3,9,0.2604166666666667,1.0,0.8169253339145145,0.8431973159154406
Gilbert,6,,0.5,3,10,0.25,1.0,0.9806290077884613,0.8201059497047593
Gilbert,6,,0.5,3,11,0.375,1.0,0.8585505701044202,0.7006537436279802
Gilbert,6,,0.5,3,12,0.328125,0.0,0.9779024032359833,0.9779024032359811
Gilbert,6,,0.5,3,13,0.25,1.0,0.99121319041114,0.8808879956694374
Gilbert,6,,0.5,3,14,0.28125,0.75,0.10792421161321086,0.10792421161321031
Gilbert,6,,0.5,3,15,0.25,1.0,0.5398228366429386,0.10261971683758131
Gilbert,6,,0.5,3,16,0.28125,0.0,0.10792421161321103,0.10792421161321103
Gilbert,6,,0.5,3,17,0.375,1.0,0.595337133875274,0.5000134791949522
Gilbert,6,,0.5,3,18,0.21875,0.0,0.6397778914714105,0.6397778914714102
Gilbert,6,,0.5,3,19,0.25,1.0,0.8088654025300634,0.564996096126655
Gilbert,6,,0.5,4,0,0.125,1.0,0.9756455317997245,0.8534431405810067
Gilbert,6,,0.5,4,1,0.25,1.0,0.9999999996804326,0.8730886768870494
Gilbert,6,,0.5,4,2,0.16666666666666666,0.5,0.6453511389725083,0.6283304526254582
Gilbert,6,,0.5,4,3,0.25,1.0,0.9006700874641513,0.9061616684663361
Gilbert,6,,0.5,4,4,0.25,1.0,0.9999999999797847,0.6666666666627791
Gilbert,6,,0.5,4,5,0.1875,0.0,0.726878051832735,0.7268780518327421
Gilbert,6,,0.5,4,6,0.21875,-0.5,0.666666666656191,0.6666666662713933
Gilbert,6,,0.5,4,7,0.5,1.0,0.9999999999991713,0.9999999999994502
Gilbert,6,,0.5,4,8,0.234375,0.0,0.6247982677673021,0.6247982677673019
Gilbert,6,,0.5,4,9,0.2604166666666667,1.0,0.8747290229352855,0.9110896906477414
Gilbert,6,,0.5,4,10,0.25,1.0,0.9854646113881809,0.8594260760390131
Gilbert,6,,0.5,4,11,0.375,1.0,0.5520164887920566,0.787026117564181
Gilbert,6,,0.5,4,12,0.328125,0.0,0.9999999997107953,0.999999999710746
Gilbert,6,,0.5,4,13,0.25,1.0,0.9999999997484988,0.9287932884449015
Gilbert,6,,0.5,4,14,0.28125,0.75,0.350809947973028,0.35080994797302856
Gilbert,6,,0.5,4,15,0.25,1.0,0.322004644852482,0.28926373433867286
Gilbert,6,,0.5,4,16,0.28125,0.0,0.35080994797303,0.350809947973028
Gilbert,6,,0.5,4,17,0.375,1.0,0.5298580159825516,0.6510459939039156
Gilbert,6,,0.5,4,18,0.21875,0.0,0.6666666666598419,0.6666666666482537
Gilbert,6,,0.5,4,19,0.25,1.0,0.894414021669257,0.5948308281347315
Gilbert,6,,0.5,5,0,0.125,1.0,0.9830110262996291,0.7657896356408482
Gilbert,6,,0.5,5,1,0.25,1.0,0.9789563616756792,0.9117431576824727
Gilbert,6,,0.5,5,2,0.16666666666666666,0.5,0.712193736609529,0.6665067456853496
Gilbert,6,,0.5,5,3,0.25,1.0,0.999999999989194,0.9267586666350605
Gilbert,6,,0.5,5,4,0.25,1.0,0.8708818226375475,0.6666666663803635
Gilbert,6,,0.5,5,5,0.1875,0.0,0.9905446758283917,0.9905446760851526
Gilbert,6,,0.5,5,6,0.21875,-0.5,0.6693990069279442,0.6693990073521854
Gilbert,6,,0.5,5,7,0.5,1.0,0.9999999999919007,0.9999999999994079
Gilbert,6,,0.5,5,8,0.234375,0.0,0.6309776287266788,0.6309776334889448
Gilbert,6,,0.5,5,9,0.2604166666666667,1.0,0.8802425521559244,0.9371476568034304
Gilbert,6,,0.5,5,10,0.25,1.0,0.9999999999799222,0.890425598997326
Gilbert,6,,0.5,5,11,0.375,1.0,0.9999999985515576,0.8937642199547988
Gilbert,6,,0.5,5,12,0.328125,0.0,0.9999999997605156,0.9999999999431868
Gilbert,6,,0.5,5,13,0.25,1.0,0.9999999977167732,0.9005311515610704
Gilbert,6,,0.5,5,14,0.28125,0.75,0.753675576948539,0.7536755769445298
Gilbert,6,,0.5,5,15,0.25,1.0,0.9741675293099935,0.7251256722631804
Gilbert,6,,0.5,5,16,0.28125,0.0,0.7536755769430208,0.7536755769465606
Gilbert,6,,0.5,5,17,0.375,1.0,0.9678261877064648,0.7397730014279423
Gilbert,6,,0.5,5,18,0.21875,0.0,0.669399007915903,0.6693990060677294
Gilbert,6,,0.5,5,19,0.25,1.0,0.8882064194156877,0.611478201651371
Gilbert,6,,0.5,6,0,0.125,1.0,0.9848279350459522,0.8545913983702887
Gilbert,6,,0.5,6,1,0.25,1.0,0.9999999805286145,0.9863803249975821
Gilbert,6,,0.5,6,2,0.16666666666666666,0.5,0.8197667813843671,0.8266961377457899
Gilbert,6,,0.5,6,3,0.25,1.0,0.9999999959965065,0.9578552972651714
Gilbert,6,,0.5,6,4,0.25,1.0,0.9999999991719751,0.8928966735595226
Gilbert,6,,0.5,6,5,0.1875,0.0,0.4738845243746126,0.42634685450771376
Gilbert,6,,0.5,6,6,0.21875,-0.5,0.6709429099018621,0.6709429119030909
Gilbert,6,,0.5,6,7,0.5,1.0,0.9999999999989934,0.9999999999904414
Gilbert,6,,0.5,6,8,0.234375,0.0,0.17701398299099858,0.17701398404865532
Gilbert,6,,0.5,6,9,0.2604166666666667,1.0,0.980384338414781,0.9162797354143678
Gilbert,6,,0.5,6,10,0.25,1.0,0.9999999918936039,0.9288519415002711
Gilbert,6,,0.5,6,11,0.375,1.0,0.9999989496058093,0.8851300781065481
Gilbert,6,,0.5,6,12,0.328125,0.0,0.9999999999653804,0.9999999997570572
Gilbert,6,,0.5,6,13,0.25,1.0,0.9999999492198018,0.9811186688992352
Gilbert,6,,0.5,6,14,0.28125,0.75,0.9221920036242295,0.9221919924027675
Gilbert,6,,0.5,6,15,0.25,1.0,0.982206963773057,0.7464835022351738
Gilbert,6,,0.5,6,16,0.28125,0.0,0.922191995223187,0.9221919821185034
Gilbert,6,,0.5,6,17,0.375,1.0,0.9999999999820233,0.8931457986064282
Gilbert,6,,0.5,6,18,0.21875,0.0,0.6709429092841446,0.6709428972880467
Gilbert,6,,0.5,6,19,0.25,1.0,0.5941081053778116,0.5808863686276734
Gilbert,6,,0.5,7,0,0.125,1.0,0.9959392216917496,0.8784910317308473
Gilbert,6,,0.5,7,1,0.25,1.0,0.9999997480517316,0.9664972728343497
Gilbert,6,,0.5,7,2,0.16666666666666666,0.5,0.880082571345226,0.8142128296192825
Gilbert,6,,0.5,7,3,0.25,1.0,0.9967575409457271,0.9787555854967827
Gilbert,6,,0.5,7,4,0.25,1.0,0.9999999953097974,0.9372707445658764
Gilbert,6,,0.5,7,5,0.1875,0.0,0.2886272021903659,0.3251025097051743
Gilbert,6,,0.5,7,6,0.21875,-0.5,0.6818326075293165,0.6818326083468124
Gilbert,6,,0.5,7,7,0.5,1.0,0.9999999999998733,0.9999999999998254
Gilbert,6,,0.5,7,8,0.234375,0.0,0.27492014919052254,0.2749201489485107
Gilbert,6,,0.5,7,9,0.2604166666666667,1.0,0.9962989856659803,0.9884547925687158
Gilbert,6,,0.5,7,10,0.25,1.0,0.9999999978734793,0.9682731300710795
Gilbert,6,,0.5,7,11,0.375,1.0,0.9999997003877718,0.9085845403567538
Gilbert,6,,0.5,7,12,0.328125,0.0,0.9999999999106046,0.988581467990548
Gilbert,6,,0.5,7,13,0.25,1.0,0.9999995529183189,0.9960735629827772
Gilbert,6,,0.5,7,14,0.28125,0.75,0.9018613884377367,0.9018613885481859
Gilbert,6,,0.5,7,15,0.25,1.0,0.9923476151821706,0.7791532190655815
Gilbert,6,,0.5,7,16,0.28125,0.0,0.88108072303468,0.8810807176633286
Gilbert,6,,0.5,7,17,0.375,1.0,0.9999999994026836,0.8322688443879098
Gilbert,6,,0.5,7,18,0.21875,0.0,0.6818326084325591,0.6818326041309687
Gilbert,6,,0.5,7,19,0.25,1.0,0.8375972515445248,0.583248733529309
Gilbert,6,,0.5,8,0,0.125,1.0,0.9977493433000935,0.9107156688954667
Gilbert,6,,0.5,8,1,0.25,1.0,0.9999996841132561,0.9674522383028555
Gilbert,6,,0.5,8,2,0.16666666666666666,0.5,0.8565663020633342,0.8662763791058329
Gilbert,6,,0.5,8,3,0.25,1.0,0.9999999976145623,0.9858406347379249
Gilbert,6,,0.5,8,4,0.25,1.0,0.999999997996258,0.9181094596426104
Gilbert,6,,0.5,8,5,0.1875,0.0,0.34974725345873864,0.44538439847885886
Gilbert,6,,0.5,8,6,0.21875,-0.5,0.6802617166858548,0.6801670133252199
Gilbert,6,,0.5,8,7,0.5,1.0,0.9999999999999986,0.9999999999989031
Gilbert,6,,0.5,8,8,0.234375,0.0,0.5866756856760604,0.5866756825651833
Gilbert,6,,0.5,8,9,0.2604166666666667,1.0,0.9818953335353658,0.9934166701555993
Gilbert,6,,0.5,8,10,0.25,1.0,0.9999990399196259,0.9839536104482857
Gilbert,6,,0.5,8,11,0.375,1.0,0.9999999940615486,0.9183789200630215
Gilbert,6,,0.5,8,12,0.328125,0.0,0.9999999981867378,0.8672758999017538
Gilbert,6,,0.5,8,13,0.25,1.0,0.9999997698631051,0.9950744893001572
Gilbert,6,,0.5,8,14,0.28125,0.75,0.5167633012474226,0.5167633007049125
Gilbert,6,,0.5,8,15,0.25,1.0,0.9999996275115501,0.8088367064953131
Gilbert,6,,0.5,8,16,0.28125,0.0,0.9987667584134081,0.9976719478396463
Gilbert,6,,0.5,8,17,0.375,1.0,0.9999999777772274,0.9369035086826099
Gilbert,6,,0.5,8,18,0.21875,0.0,0.6802617445684893,0.6802878123304404
Gilbert,6,,0.5,8,19,0.25,1.0,0.9409890075432084,0.5416539485718314
Gilbert,6,,0.5,9,0,0.125,1.0,0.9987374526564464,0.969729153699316
Gilbert,6,,0.5,9,1,0.25,1.0,0.9999998916654673,0.9687401051128434
Gilbert,6,,0.5,9,2,0.16666666666666666,0.5,0.9390636017718842,0.8859363660843932
Gilbert,6,,0.5,9,3,0.25,1.0,0.9999999988707514,0.9896045739585903
Gilbert,6,,0.5,9,4,0.25,1.0,0.9999999101131478,0.9655356170581602
Gilbert,6,,0.5,9,5,0.1875,0.0,0.7132205581694863,0.5225456741375681
Gilbert,6,,0.5,9,6,0.21875,-0.5,0.6630713333198291,0.6967910703494198
Gilbert,6,,0.5,9,7,0.5,1.0,0.9999999999991455,0.999999999999977
Gilbert,6,,0.5,9,8,0.234375,0.0,0.8689940469354442,0.8773550433693662
Gilbert,6,,0.5,9,9,0.2604166666666667,1.0,0.9984823513635481,0.9975525491419726
Gilbert,6,,0.5,9,10,0.25,1.0,0.9999998433860242,0.9937128073392643
Gilbert,6,,0.5,9,11,0.375,1.0,0.9999994483260108,0.9393318655989923
Gilbert,6,,0.5,9,12,0.328125,0.0,0.9999999532703086,0.999999996766588
Gilbert,6,,0.5,9,13,0.25,1.0,0.9999998840879155,0.9618876841539953
Gilbert,6,,0.5,9,14,0.28125,0.75,0.5552855121816114,0.5156058254615774
Gilbert,6,,0.5,9,15,0.25,1.0,0.9943332220297928,0.8767892243437401
Gilbert,6,,0.5,9,16,0.28125,0.0,0.9987616978440343,0.9466571246166393
Gilbert,6,,0.5,9,17,0.375,1.0,0.999999982119037,0.9367926918516232
Gilbert,6,,0.5,9,18,0.21875,0.0,0.8807574693478766,0.7038141086902097
Gilbert,6,,0.5,9,19,0.25,1.0,0.5723334182809037,0.7854829741866202
Gilbert,6,,0.5,10,0,0.125,1.0,0.9991749393699956,0.9907479344114871
Gilbert,6,,0.5,10,1,0.25,1.0,0.9999996935953084,0.9999999148526655
Gilbert,6,,0.5,10,2,0.16666666666666666,0.5,0.9022118139119248,0.8876635367066602
Gilbert,6,,0.5,10,3,0.25,1.0,0.9999999816861079,0.9933079860893065
Gilbert,6,,0.5,10,4,0.25,1.0,0.9999999707422371,0.9708010113429572
Gilbert,6,,0.5,10,5,0.1875,0.0,0.6341412163883183,0.45087785606788194
Gilbert,6,,0.5,10,6,0.21875,-0.5,0.5299175086310579,0.7008982348117835
Gilbert,6,,0.5,10,7,0.5,1.0,0.9999999999998638,0.9999999999869083
Gilbert,6,,0.5,10,8,0.234375,0.0,0.856468603639414,0.9291529286859814
Gilbert,6,,0.5,10,9,0.2604166666666667,1.0,0.9995459282795904,0.9966229352514816
Gilbert,6,,0.5,10,10,0.25,1.0,0.9999999889579764,0.9964922671515286
Gilbert,6,,0.5,10,11,0.375,1.0,0.9999996650467002,0.9449586625975311
Gilbert,6,,0.5,10,12,0.328125,0.0,0.9999999944657829,0.6532468397147935
Gilbert,6,,0.5,10,13,0.25,1.0,0.9999995260931523,0.9994769741523278
Gilbert,6,,0.5,10,14,0.28125,0.75,0.656499773556763,0.9999833530953006
Gilbert,6,,0.5,10,15,0.25,1.0,0.9999989022850911,0.802086414927936
Gilbert,6,,0.5,10,16,0.28125,0.0,0.5810613036536785,0.9999996387761168
Gilbert,6,,0.5,10,17,0.375,1.0,0.9999997625985272,0.9889564363942238
Gilbert,6,,0.5,10,18,0.21875,0.0,0.9211299343255757,0.698055589458615
Gilbert,6,,0.5,10,19,0.25,1.0,0.999999992773633,0.702974949983779
Gilbert,7,,0.1,1,0,0.2,1.0,0.8806496695846965,0.8148891003849694
Gilbert,7,,0.1,1,1,0.0,1.0,0.75,0.5000000000000001
Gilbert,7,,0.1,1,2,0.08333333333333333,1.0,0.9865840787940461,0.9205403772939817
Gilbert,7,,0.1,1,3,0.08333333333333333,1.0,0.9865840787940465,0.9205403772939816
Gilbert,7,,0.1,1,4,0.2,1.0,0.9227200171877247,0.5445433638661248
Gilbert,7,,0.1,1,5,0.2,1.0,0.8806496695846967,0.8148891003849694
Gilbert,7,,0.1,1,6,0.08333333333333333,1.0,0.9865840787940465,0.9205403772939816
Gilbert,7,,0.1,1,7,0.0,1.0,0.75,0.5000000000000001
Gilbert,7,,0.1,1,8,0.08333333333333333,1.0,0.986584078794046,0.9205403772939816
Gilbert,7,,0.1,1,9,0.2,1.0,0.8806496695846965,0.8148891003849694
Gilbert,7,,0.1,1,10,0.08333333333333333,1.0,0.9445247481563147,0.7452619668214983
Gilbert,7,,0.1,1,11,0.125,1.0,0.8610150577778402,0.7306291016583459
Gilbert,7,,0.1,1,12,0.2,1.0,0.8806496695846959,0.8148891003849696
Gilbert,7,,0.1,1,13,0.0,1.0,0.75,0.5000000000000001
Gilbert,7,,0.1,1,14,0.2,1.0,0.8806496695846965,0.8148891003849694
Gilbert,7,,0.1,1,15,0.2,1.0,0.8806496695846964,0.8148891003849694
Gilbert,7,,0.1,1,16,0.0,1.0,0.75,0.5000000000000001
Gilbert,7,,0.1,1,17,0.08333333333333333,1.0,0.9865840787940465,0.9205403772939816
Gilbert,7,,0.1,1,18,0.125,1.0,0.885561194814526,0.6705357197402908
Gilbert,7,,0.1,1,19,0.08333333333333333,1.0,0.9865840787940462,0.9205403772939817
Gilbert,7,,0.1,2,0,0.2,1.0,0.9909196403645277,0.9643140071465904
Gilbert,7,,0.1,2,1,0.0,1.0,0.75,0.49999999999999967
Gilbert,7,,0.1,2,2,0.08333333333333333,1.0,0.9946704884519271,0.9809744243503449
Gilbert,7,,0.1,2,3,0.08333333333333333,1.0,0.9946704884519266,0.980974424350345
Gilbert,7,,0.1,2,4,0.2,1.0,0.9702073347208993,0.8090332921833525
Gilbert,7,,0.1,2,5,0.2,1.0,0.9909196403645268,0.9643140071465905
Gilbert,7,,0.1,2,6,0.08333333333333333,1.0,0.9946704884519276,0.9809744243503444
Gilbert,7,,0.1,2,7,0.0,1.0,0.75,0.49999999999999967
Gilbert,7,,0.1,2,8,0.08333333333333333,1.0,0.994670488451927,0.9809744243503449
Gilbert,7,,0.1,2,9,0.2,1.0,0.9909196403645272,0.9643140071465908
Gilbert,7,,0.1,2,10,0.08333333333333333,1.0,0.9884867113303466,0.8822382872239899
Gilbert,7,,0.1,2,11,0.125,1.0,0.9651966439627355,0.8860545368984006
Gilbert,7,,0.1,2,12,0.2,1.0,0.9909196403645275,0.9643140071465908
Gilbert,7,,0.1,2,13,0.0,1.0,0.75,0.49999999999999967
Gilbert,7,,0.1,2,14,0.2,1.0,0.990919640364527,0.9643140071465905
Gilbert,7,,0.1,2,15,0.2,1.0,0.990919640364527,0.9643140071465908
Gilbert,7,,0.1,2,16,0.0,1.0,0.75,0.49999999999999967
Gilbert,7,,0.1,2,17,0.08333333333333333,1.0,0.9946704884519271,0.9809744243503449
Gilbert,7,,0.1,2,18,0.125,1.0,0.956186525605144,0.7790169414368899
Gilbert,7,,0.1,2,19,0.08333333333333333,1.0,0.9946704884519276,0.9809744243503445
Gilbert,7,,0.1,3,0,0.2,1.0,0.9999999999873787,0.9999999999882622
Gilbert,7,,0.1,3,1,0.0,1.0,0.75,0.5000000000000004
Gilbert,7,,0.1,3,2,0.08333333333333333,1.0,0.99999999991361,0.9999999999861342
Gilbert,7,,0.1,3,3,0.08333333333333333,1.0,0.9999999999136097,0.9999999999861341
Gilbert,7,,0.1,3,4,0.2,1.0,0.9915354375766132,0.8194199501605597
Gilbert,7,,0.1,3,5,0.2,1.0,0.9999999999873787,0.9999999999882612
Gilbert,7,,0.1,3,6,0.08333333333333333,1.0,0.9999999999136101,0.9999999999861333
Gilbert,7,,0.1,3,7,0.0,1.0,0.75,0.5000000000000004
Gilbert,7,,0.1,3,8,0.08333333333333333,1.0,0.9999999999136097,0.9999999999861336
Gilbert,7,,0.1,3,9,0.2,1.0,0.9999999999873781,0.9999999999882616
Gilbert,7,,0.1,3,10,0.08333333333333333,1.0,0.9973175435324952,0.9572102416246032
Gilbert,7,,0.1,3,11,0.125,1.0,0.9749739788481747,0.9502800083716647
Gilbert,7,,0.1,3,12,0.2,1.0,0.9999999999873795,0.9999999999882621
Gilbert,7,,0.1,3,13,0.0,1.0,0.75,0.5000000000000004
Gilbert,7,,0.1,3,14,0.2,1.0,0.9999999999873787,0.9999999999882622
Gilbert,7,,0.1,3,15,0.2,1.0,0.999999999987379,0.9999999999882612
Gilbert,7,,0.1,3,16,0.0,1.0,0.75,0.5000000000000004
Gilbert,7,,0.1,3,17,0.08333333333333333,1.0,0.9999999999136092,0.9999999999861339
Gilbert,7,,0.1,3,18,0.125,1.0,0.980384426945052,0.8792367257209239
Gilbert,7,,0.1,3,19,0.08333333333333333,1.0,0.9999999999136095,0.9999999999861338
Gilbert,7,,0.1,4,0,0.2,1.0,0.999999999967612,0.9999999999961471
Gilbert,7,,0.1,4,1,0.0,1.0,0.75,0.49999999999999944
Gilbert,7,,0.1,4,2,0.08333333333333333,1.0,0.999999999961643,0.9999999999708216
Gilbert,7,,0.1,4,3,0.08333333333333333,1.0,0.9999999999616431,0.9999999999708221
Gilbert,7,,0.1,4,4,0.2,1.0,0.9954580486708633,0.9446448158672475
Gilbert,7,,0.1,4,5,0.2,1.0,0.999999999967612,0.9999999999961477
Gilbert,7,,0.1,4,6,0.08333333333333333,1.0,0.9999999999616446,0.9999999999708216
Gilbert,7,,0.1,4,7,0.0,1.0,0.75,0.49999999999999944
Gilbert,7,,0.1,4,8,0.08333333333333333,1.0,0.9999999999616443,0.9999999999708232
Gilbert,7,,0.1,4,9,0.2,1.0,0.9999999999676131,0.9999999999961482
Gilbert,7,,0.1,4,10,0.08333333333333333,1.0,0.9990863062949679,0.9939182280781708
Gilbert,7,,0.1,4,11,0.125,1.0,0.9944211701272607,0.9865145416834128
Gilbert,7,,0.1,4,12,0.2,1.0,0.999999999967612,0.9999999999961474
Gilbert,7,,0.1,4,13,0.0,1.0,0.75,0.49999999999999944
Gilbert,7,,0.1,4,14,0.2,1.0,0.9999999999676124,0.9999999999961477
Gilbert,7,,0.1,4,15,0.2,1.0,0.999999999967612,0.9999999999961485
Gilbert,7,,0.1,4,16,0.0,1.0,0.75,0.49999999999999944
Gilbert,7,,0.1,4,17,0.08333333333333333,1.0,0.999999999961645,0.999999999970823
Gilbert,7,,0.1,4,18,0.125,1.0,0.9916864919836403,0.924200595944523
Gilbert,7,,0.1,4,19,0.08333333333333333,1.0,0.9999999999616439,0.9999999999708225
Gilbert,7,,0.1,5,0,0.2,1.0,0.9999999999974308,0.9999999999998351
Gilbert,7,,0.1,5,1,0.0,1.0,0.75,0.5000000000000007
Gilbert,7,,0.1,5,2,0.08333333333333333,1.0,0.9999999997496687,0.9999999996457124
Gilbert,7,,0.1,5,3,0.08333333333333333,1.0,0.9999999997496688,0.9999999996457131
Gilbert,7,,0.1,5,4,0.2,1.0,0.9986948318001183,0.9272242316570584
Gilbert,7,,0.1,5,5,0.2,1.0,0.99999999999743,0.9999999999998355
Gilbert,7,,0.1,5,6,0.08333333333333333,1.0,0.9999999997496699,0.9999999996457133
Gilbert,7,,0.1,5,7,0.0,1.0,0.75,0.5000000000000007
Gilbert,7,,0.1,5,8,0.08333333333333333,1.0,0.9999999997496692,0.9999999996457124
Gilbert,7,,0.1,5,9,0.2,1.0,0.9999999999974303,0.9999999999998354
Gilbert,7,,0.1,5,10,0.08333333333333333,1.0,0.9998448668233193,0.9957641534352725
Gilbert,7,,0.1,5,11,0.125,1.0,0.9970111721657642,0.9923970817532677
Gilbert,7,,0.1,5,12,0.2,1.0,0.999999999997429,0.9999999999998357
Gilbert,7,,0.1,5,13,0.0,1.0,0.75,0.5000000000000007
Gilbert,7,,0.1,5,14,0.2,1.0,0.9999999999974298,0.9999999999998364
Gilbert,7,,0.1,5,15,0.2,1.0,0.9999999999974294,0.9999999999998366
Gilbert,7,,0.1,5,16,0.0,1.0,0.75,0.5000000000000007
Gilbert,7,,0.1,5,17,0.08333333333333333,1.0,0.9999999997496677,0.9999999996457127
Gilbert,7,,0.1,5,18,0.125,1.0,0.9942536444694609,0.9594867971353931
Gilbert,7,,0.1,5,19,0.08333333333333333,1.0,0.9999999997496688,0.9999999996457128
Gilbert,7,,0.1,6,0,0.2,1.0,0.9999999994640352,0.9999999999615781
Gilbert,7,,0.1,6,1,0.0,1.0,0.75,0.4999999999999991
Gilbert,7,,0.1,6,2,0.08333333333333333,1.0,0.9999999999897179,0.99999999996407
Gilbert,7,,0.1,6,3,0.08333333333333333,1.0,0.9999999999897167,0.9999999999640709
Gilbert,7,,0.1,6,4,0.2,1.0,0.9995981382839497,0.9982569568234483
Gilbert,7,,0.1,6,5,0.2,1.0,0.9999999994640338,0.9999999999615795
Gilbert,7,,0.1,6,6,0.08333333333333333,1.0,0.9999999999897176,0.9999999999640709
Gilbert,7,,0.1,6,7,0.0,1.0,0.75,0.4999999999999991
Gilbert,7,,0.1,6,8,0.08333333333333333,1.0,0.9999999999897176,0.9999999999640696
Gilbert,7,,0.1,6,9,0.2,1.0,0.9999999994640358,0.9999999999615798
Gilbert,7,,0.1,6,10,0.08333333333333333,1.0,0.9999999933826559,0.9984720027696566
Gilbert,7,,0.1,6,11,0.125,1.0,0.9999999577421061,0.9986768909954341
Gilbert,7,,0.1,6,12,0.2,1.0,0.9999999994640352,0.9999999999615794
Gilbert,7,,0.1,6,13,0.0,1.0,0.75,0.4999999999999991
Gilbert,7,,0.1,6,14,0.2,1.0,0.9999999994640341,0.9999999999615786
Gilbert,7,,0.1,6,15,0.2,1.0,0.9999999994640343,0.9999999999615795
Gilbert,7,,0.1,6,16,0.0,1.0,0.75,0.4999999999999991
Gilbert,7,,0.1,6,17,0.08333333333333333,1.0,0.9999999999897181,0.9999999999640696
Gilbert,7,,0.1,6,18,0.125,1.0,0.997898282008663,0.9783476442472316
Gilbert,7,,0.1,6,19,0.08333333333333333,1.0,0.9999999999897168,0.99999999996407
Gilbert,7,,0.1,7,0,0.2,1.0,0.9999999999093813,0.9999999999971034
Gilbert,7,,0.1,7,1,0.0,1.0,0.75,0.500000000000001
Gilbert,7,,0.1,7,2,0.08333333333333333,1.0,0.9999999999635062,0.999999999375443
Gilbert,7,,0.1,7,3,0.08333333333333333,1.0,0.9999999999635071,0.9999999993754419
Gilbert,7,,0.1,7,4,0.2,1.0,0.999994233565171,0.9985619804296478
Gilbert,7,,0.1,7,5,0.2,1.0,0.9999999999093809,0.9999999999971034
Gilbert,7,,0.1,7,6,0.08333333333333333,1.0,0.999999999963506,0.9999999993754426
Gilbert,7,,0.1,7,7,0.0,1.0,0.75,0.500000000000001
Gilbert,7,,0.1,7,8,0.08333333333333333,1.0,0.999999999963508,0.9999999993754423
Gilbert,7,,0.1,7,9,0.2,1.0,0.9999999999093815,0.9999999999971024
Gilbert,7,,0.1,7,10,0.08333333333333333,1.0,0.9999999982499959,0.999999996914202
Gilbert,7,,0.1,7,11,0.125,1.0,0.9999999938330527,0.9987247302155255
Gilbert,7,,0.1,7,12,0.2,1.0,0.9999999999093813,0.9999999999971024
Gilbert,7,,0.1,7,13,0.0,1.0,0.75,0.500000000000001
Gilbert,7,,0.1,7,14,0.2,1.0,0.999999999909382,0.9999999999971028
Gilbert,7,,0.1,7,15,0.2,1.0,0.999999999909382,0.9999999999971033
Gilbert,7,,0.1,7,16,0.0,1.0,0.75,0.500000000000001
Gilbert,7,,0.1,7,17,0.08333333333333333,1.0,0.9999999999635069,0.9999999993754424
Gilbert,7,,0.1,7,18,0.125,1.0,0.9987422183952074,0.9856021441651759
Gilbert,7,,0.1,7,19,0.08333333333333333,1.0,0.9999999999635062,0.9999999993754426
Gilbert,7,,0.1,8,0,0.2,1.0,0.999999999999889,0.9999999999883373
Gilbert,7,,0.1,8,1,0.0,1.0,0.75,0.4999999999999988
Gilbert,7,,0.1,8,2,0.08333333333333333,1.0,0.9999999999851807,0.9999999999996355
Gilbert,7,,0.1,8,3,0.08333333333333333,1.0,0.9999999999851822,0.9999999999996362
Gilbert,7,,0.1,8,4,0.2,1.0,0.9999994267055724,0.9999860669946535
Gilbert,7,,0.1,8,5,0.2,1.0,0.9999999999998905,0.9999999999883389
Gilbert,7,,0.1,8,6,0.08333333333333333,1.0,0.9999999999851804,0.9999999999996346
Gilbert,7,,0.1,8,7,0.0,1.0,0.75,0.4999999999999988
Gilbert,7,,0.1,8,8,0.08333333333333333,1.0,0.9999999999851809,0.9999999999996364
Gilbert,7,,0.1,8,9,0.2,1.0,0.9999999999998902,0.9999999999883386
Gilbert,7,,0.1,8,10,0.08333333333333333,1.0,0.999999961918815,0.9999999995141616
Gilbert,7,,0.1,8,11,0.125,1.0,0.9999997258350671,0.9997320634097331
Gilbert,7,,0.1,8,12,0.2,1.0,0.9999999999998899,0.9999999999883393
Gilbert,7,,0.1,8,13,0.0,1.0,0.75,0.4999999999999988
Gilbert,7,,0.1,8,14,0.2,1.0,0.9999999999998892,0.99999999998834
Gilbert,7,,0.1,8,15,0.2,1.0,0.9999999999998902,0.9999999999883391
Gilbert,7,,0.1,8,16,0.0,1.0,0.75,0.4999999999999988
Gilbert,7,,0.1,8,17,0.08333333333333333,1.0,0.9999999999851831,0.9999999999996353
Gilbert,7,,0.1,8,18,0.125,1.0,0.9992946230768375,0.9847045139286619
Gilbert,7,,0.1,8,19,0.08333333333333333,1.0,0.9999999999851816,0.9999999999996346
Gilbert,7,,0.1,9,0,0.2,1.0,0.9999999999970818,0.9999999999840693
Gilbert,7,,0.1,9,1,0.0,1.0,0.75,0.5000000000000013
Gilbert,7,,0.1,9,2,0.08333333333333333,1.0,0.9999999999904828,0.9999999999918469
Gilbert,7,,0.1,9,3,0.08333333333333333,1.0,0.9999999999904818,0.9999999999918487
Gilbert,7,,0.1,9,4,0.2,1.0,0.9999996500338835,0.9999999900049765
Gilbert,7,,0.1,9,5,0.2,1.0,0.9999999999970821,0.9999999999840699
Gilbert,7,,0.1,9,6,0.08333333333333333,1.0,0.9999999999904802,0.999999999991848
Gilbert,7,,0.1,9,7,0.0,1.0,0.75,0.5000000000000013
Gilbert,7,,0.1,9,8,0.08333333333333333,1.0,0.9999999999904804,0.9999999999918486
Gilbert,7,,0.1,9,9,0.2,1.0,0.9999999999970821,0.99999999998407
Gilbert,7,,0.1,9,10,0.08333333333333333,1.0,0.9999999983245972,0.9999999990309819
Gilbert,7,,0.1,9,11,0.125,1.0,0.9999957472223567,0.9999998235790171
Gilbert,7,,0.1,9,12,0.2,1.0,0.9999999999970826,0.9999999999840685
Gilbert,7,,0.1,9,13,0.0,1.0,0.75,0.5000000000000013
Gilbert,7,,0.1,9,14,0.2,1.0,0.9999999999970818,0.9999999999840693
Gilbert,7,,0.1,9,15,0.2,1.0,0.9999999999970821,0.9999999999840693
Gilbert,7,,0.1,9,16,0.0,1.0,0.75,0.5000000000000013
Gilbert,7,,0.1,9,17,0.08333333333333333,1.0,0.9999999999904814,0.9999999999918501
Gilbert,7,,0.1,9,18,0.125,1.0,0.9995749991143867,0.9890757312773035
Gilbert,7,,0.1,9,19,0.08333333333333333,1.0,0.999999999990481,0.99999999999185
Gilbert,7,,0.1,10,0,0.2,1.0,0.9999999999633424,0.9999999999999701
Gilbert,7,,0.1,10,1,0.0,1.0,0.75,0.4999999999999985
Gilbert,7,,0.1,10,2,0.08333333333333333,1.0,0.9999999937592534,0.9999999999911818
Gilbert,7,,0.1,10,3,0.08333333333333333,1.0,0.9999999937592543,0.9999999999911795
Gilbert,7,,0.1,10,4,0.2,1.0,0.9999997365633003,0.9999999932673431
Gilbert,7,,0.1,10,5,0.2,1.0,0.9999999999633431,0.9999999999999684
Gilbert,7,,0.1,10,6,0.08333333333333333,1.0,0.999999993759253,0.9999999999911807
Gilbert,7,,0.1,10,7,0.0,1.0,0.75,0.4999999999999985
Gilbert,7,,0.1,10,8,0.08333333333333333,1.0,0.9999999937592534,0.9999999999911807
Gilbert,7,,0.1,10,9,0.2,1.0,0.999999999963342,0.9999999999999701
Gilbert,7,,0.1,10,10,0.08333333333333333,1.0,0.999999990187625,0.999999998705059
Gilbert,7,,0.1,10,11,0.125,1.0,0.9999975784785258,0.9999999826203203
Gilbert,7,,0.1,10,12,0.2,1.0,0.9999999999633428,0.9999999999999701
Gilbert,7,,0.1,10,13,0.0,1.0,0.75,0.4999999999999985
Gilbert,7,,0.1,10,14,0.2,1.0,0.9999999999633438,0.9999999999999709
Gilbert,7,,0.1,10,15,0.2,1.0,0.9999999999633431,0.9999999999999674
Gilbert,7,,0.1,10,16,0.0,1.0,0.75,0.4999999999999985
Gilbert,7,,0.1,10,17,0.08333333333333333,1.0,0.9999999937592525,0.9999999999911814
Gilbert,7,,0.1,10,18,0.125,1.0,0.9999304323366054,0.9884690751074139
Gilbert,7,,0.1,10,19,0.08333333333333333,1.0,0.9999999937592542,0.999999999991182
Gilbert,7,,0.25,1,0,0.1640625,0.625,0.2517207428187678,0.3045372742618575
Gilbert,7,,0.25,1,1,0.1875,1.0,0.8337662611222575,0.3752858259094819
Gilbert,7,,0.25,1,2,0.28125,1.0,0.31762262854709716,0.38979111335825467
Gilbert,7,,0.25,1,3,0.375,1.0,0.5142502525952863,0.4385640324019544
Gilbert,7,,0.25,1,4,0.28125,1.0,0.7972414296187313,0.607855726597094
Gilbert,7,,0.25,1,5,0.125,1.0,0.8610150577778402,0.730629101658346
Gilbert,7,,0.25,1,6,0.28125,1.0,0.3150462611099267,0.43462157467424817
Gilbert,7,,0.25,1,7,0.2,1.0,0.3091805889290836,0.3185291418858551
Gilbert,7,,0.25,1,8,0.28125,1.0,0.30370088386150734,0.3601244858923234
Gilbert,7,,0.25,1,9,0.1875,1.0,0.18025305457007584,0.28973119652059204
Gilbert,7,,0.25,1,10,0.08333333333333333,1.0,0.9865840787940462,0.9205403772939817
Gilbert,7,,0.25,1,11,0.08333333333333333,1.0,0.9445247481563142,0.7452619668214983
Gilbert,7,,0.25,1,12,0.1875,1.0,0.9053669872566241,0.6538020592554106
Gilbert,7,,0.25,1,13,0.08333333333333333,1.0,0.9445247481563146,0.7452619668214985
Gilbert,7,,0.25,1,14,0.375,1.0,0.7757138507583341,0.6078557265970941
Gilbert,7,,0.25,1,15,0.125,1.0,0.8855611948145261,0.6705357197402908
Gilbert,7,,0.25,1,16,0.2,1.0,0.8806496695846961,0.8148891003849696
Gilbert,7,,0.25,1,17,0.2,1.0,0.8518805344905378,0.7306291016583462
Gilbert,7,,0.25,1,18,0.1875,1.0,0.236580984402872,0.30552275997459255
Gilbert,7,,0.25,1,19,0.3333333333333333,0.5,0.5235630873490366,0.5334726905757744
Gilbert,7,,0.25,2,0,0.1640625,0.625,0.5716865909373433,0.5758658074098526
Gilbert,7,,0.25,2,1,0.1875,1.0,0.9200868544049619,0.5731604757263603
Gilbert,7,,0.25,2,2,0.28125,1.0,0.8259528657374136,0.46249855337188417
Gilbert,7,,0.25,2,3,0.375,1.0,0.767420841121022,0.4915315767942095
Gilbert,7,,0.25,2,4,0.28125,1.0,0.9528175255803575,0.8507339344064452
Gilbert,7,,0.25,2,5,0.125,1.0,0.9651966439627364,0.8860545368984003
Gilbert,7,,0.25,2,6,0.28125,1.0,0.8344743210581745,0.5740964544873224
Gilbert,7,,0.25,2,7,0.2,1.0,0.7761233849592591,0.6058996969553858
Gilbert,7,,0.25,2,8,0.28125,1.0,0.7989332580092274,0.6131355207497169
Gilbert,7,,0.25,2,9,0.1875,1.0,0.853489905287406,0.2961510130605995
Gilbert,7,,0.25,2,10,0.08333333333333333,1.0,0.9946704884519271,0.9809744243503449
Gilbert,7,,0.25,2,11,0.08333333333333333,1.0,0.9884867113303469,0.8822382872239897
Gilbert,7,,0.25,2,12,0.1875,1.0,0.968980532420304,0.8003533688615793
Gilbert,7,,0.25,2,13,0.08333333333333333,1.0,0.9884867113303466,0.8822382872239903
Gilbert,7,,0.25,2,14,0.375,1.0,0.9231026993865558,0.8507339344064455
Gilbert,7,,0.25,2,15,0.125,1.0,0.9561865256051447,0.7790169414368903
Gilbert,7,,0.25,2,16,0.2,1.0,0.9909196403645268,0.9643140071465908
Gilbert,7,,0.25,2,17,0.2,1.0,0.9430301129500954,0.8860545368984006
Gilbert,7,,0.25,2,18,0.1875,1.0,0.8732150237984722,0.484697405851573
Gilbert,7,,0.25,2,19,0.3333333333333333,0.5,0.6901800295456467,0.7633798293858488
Gilbert,7,,0.25,3,0,0.1640625,0.625,0.603067821405787,0.6475755670630984
Gilbert,7,,0.25,3,1,0.1875,1.0,0.9575140173390012,0.8075098986841913
Gilbert,7,,0.25,3,2,0.28125,1.0,0.9280279116105488,0.6338791544052733
Gilbert,7,,0.25,3,3,0.375,1.0,0.9685725591061642,0.6369809729884549
Gilbert,7,,0.25,3,4,0.28125,1.0,0.9634221413093897,0.9250938110027856
Gilbert,7,,0.25,3,5,0.125,1.0,0.9749739788481737,0.950280008371665
Gilbert,7,,0.25,3,6,0.28125,1.0,0.9999999999995882,0.6996832977785596
Gilbert,7,,0.25,3,7,0.2,1.0,0.9754258177091677,0.7187049969685304
Gilbert,7,,0.25,3,8,0.28125,1.0,0.9999999999999831,0.7137310807756337
Gilbert,7,,0.25,3,9,0.1875,1.0,0.9400060494489362,0.5951154662372056
Gilbert,7,,0.25,3,10,0.08333333333333333,1.0,0.999999999913611,0.9999999999861332
Gilbert,7,,0.25,3,11,0.08333333333333333,1.0,0.9973175435324947,0.957210241624603
Gilbert,7,,0.25,3,12,0.1875,1.0,0.981124251196145,0.888757959470679
Gilbert,7,,0.25,3,13,0.08333333333333333,1.0,0.9973175435324951,0.9572102416246023
Gilbert,7,,0.25,3,14,0.375,1.0,0.9589282963786453,0.925093811002786
Gilbert,7,,0.25,3,15,0.125,1.0,0.9803844269450522,0.8792367257209245
Gilbert,7,,0.25,3,16,0.2,1.0,0.9999999999873783,0.9999999999882616
Gilbert,7,,0.25,3,17,0.2,1.0,0.9768044732688246,0.9502800083716647
Gilbert,7,,0.25,3,18,0.1875,1.0,0.8880589155434778,0.687044078358078
Gilbert,7,,0.25,3,19,0.3333333333333333,0.5,0.8405423357609947,0.6669358409329346
Gilbert,7,,0.25,4,0,0.1640625,0.625,0.6707772559720511,0.7469413577853131
Gilbert,7,,0.25,4,1,0.1875,1.0,0.9768809088230833,0.8377435175417404
Gilbert,7,,0.25,4,2,0.28125,1.0,0.9999999999338502,0.7160533722756721
Gilbert,7,,0.25,4,3,0.375,1.0,0.9999999999771206,0.6972681755690204
Gilbert,7,,0.25,4,4,0.28125,1.0,0.9939506649462975,0.9524137957974635
Gilbert,7,,0.25,4,5,0.125,1.0,0.9944211701272604,0.9865145416834128
Gilbert,7,,0.25,4,6,0.28125,1.0,0.9999999999432498,0.7088878149438128
Gilbert,7,,0.25,4,7,0.2,1.0,0.9839481611377074,0.7499289487522167
Gilbert,7,,0.25,4,8,0.28125,1.0,0.9999999999970104,0.7499999994629339
Gilbert,7,,0.25,4,9,0.1875,1.0,0.9996577348831369,0.7009090849612136
Gilbert,7,,0.25,4,10,0.08333333333333333,1.0,0.9999999999616436,0.999999999970823
Gilbert,7,,0.25,4,11,0.08333333333333333,1.0,0.9990863062949682,0.993918228078171
Gilbert,7,,0.25,4,12,0.1875,1.0,0.9865509854119774,0.9029050264464984
Gilbert,7,,0.25,4,13,0.08333333333333333,1.0,0.999086306294966,0.9939182280781722
Gilbert,7,,0.25,4,14,0.375,1.0,0.9910805066343681,0.9524137957974628
Gilbert,7,,0.25,4,15,0.125,1.0,0.9916864919836401,0.9242005959445224
Gilbert,7,,0.25,4,16,0.2,1.0,0.9999999999676122,0.9999999999961474
Gilbert,7,,0.25,4,17,0.2,1.0,0.9930677760953579,0.9865145416834128
Gilbert,7,,0.25,4,18,0.1875,1.0,0.47854909970620946,0.7850996703832538
Gilbert,7,,0.25,4,19,0.3333333333333333,0.5,0.9361319344900839,0.999999999975516
Gilbert,7,,0.25,5,0,0.1640625,0.625,0.7834552367235432,0.7975522500588981
Gilbert,7,,0.25,5,1,0.1875,1.0,0.9829905624345863,0.6351794763463552
Gilbert,7,,0.25,5,2,0.28125,1.0,0.9999999995656909,0.6510087201511564
Gilbert,7,,0.25,5,3,0.375,1.0,0.9999999991470048,0.6937516080276533
Gilbert,7,,0.25,5,4,0.28125,1.0,0.9987432756481261,0.9797126502116685
Gilbert,7,,0.25,5,5,0.125,1.0,0.9970111721658885,0.9923970817532677
Gilbert,7,,0.25,5,6,0.28125,1.0,0.9999999998683625,0.8328614396348981
Gilbert,7,,0.25,5,7,0.2,1.0,0.9999999995935255,0.8230816631051969
Gilbert,7,,0.25,5,8,0.28125,1.0,0.999999998160256,0.615362620911024
Gilbert,7,,0.25,5,9,0.1875,1.0,0.9999900797707797,0.7168493088063032
Gilbert,7,,0.25,5,10,0.08333333333333333,1.0,0.9999999997496687,0.9999999996457124
Gilbert,7,,0.25,5,11,0.08333333333333333,1.0,0.9998448668233187,0.9957641534358416
Gilbert,7,,0.25,5,12,0.1875,1.0,0.9953780762447094,0.9662659315574768
Gilbert,7,,0.25,5,13,0.08333333333333333,1.0,0.9998448668233214,0.9957641534351286
Gilbert,7,,0.25,5,14,0.375,1.0,0.9947128399883736,0.9797126502116666
Gilbert,7,,0.25,5,15,0.125,1.0,0.9942536444694596,0.9594867971353931
Gilbert,7,,0.25,5,16,0.2,1.0,0.9999999999974312,0.9999999999998354
Gilbert,7,,0.25,5,17,0.2,1.0,0.9931827781940383,0.992397081753267
Gilbert,7,,0.25,5,18,0.1875,1.0,0.3962744988119222,0.8736267505558892
Gilbert,7,,0.25,5,19,0.3333333333333333,0.5,0.9154398114979142,0.9925414007090284
Gilbert,7,,0.25,6,0,0.1640625,0.625,0.815746546798553,0.8445055114069019
Gilbert,7,,0.25,6,1,0.1875,1.0,0.9854878687546554,0.9372421921962972
Gilbert,7,,0.25,6,2,0.28125,1.0,0.9637695698518516,0.8455463227080873
Gilbert,7,,0.25,6,3,0.375,1.0,0.9999999998973339,0.7678161477216139
Gilbert,7,,0.25,6,4,0.28125,1.0,0.9997280140664891,0.9718773212423366
Gilbert,7,,0.25,6,5,0.125,1.0,0.9999999615478062,0.9986768909954368
Gilbert,7,,0.25,6,6,0.28125,1.0,0.9999999996867571,0.8994751645372256
Gilbert,7,,0.25,6,7,0.2,1.0,0.9999999976697447,0.8399432631568604
Gilbert,7,,0.25,6,8,0.28125,1.0,0.9999999967091688,0.7470169055632985
Gilbert,7,,0.25,6,9,0.1875,1.0,0.9999994337202758,0.7709792080622966
Gilbert,7,,0.25,6,10,0.08333333333333333,1.0,0.9999999999897189,0.99999999996407
Gilbert,7,,0.25,6,11,0.08333333333333333,1.0,0.9999999933833715,0.9984720043933423
Gilbert,7,,0.25,6,12,0.1875,1.0,0.9986393674546314,0.9793679120080054
Gilbert,7,,0.25,6,13,0.08333333333333333,1.0,0.9999999933867247,0.9984720036291609
Gilbert,7,,0.25,6,14,0.375,1.0,0.9966938939764322,0.9718773187961897
Gilbert,7,,0.25,6,15,0.125,1.0,0.9978982820086632,0.9783476442477783
Gilbert,7,,0.25,6,16,0.2,1.0,0.9999999994640347,0.9999999999615788
Gilbert,7,,0.25,6,17,0.2,1.0,0.9993079902166322,0.9986768909954321
Gilbert,7,,0.25,6,18,0.1875,1.0,0.6127040150755138,0.9065352866295031
Gilbert,7,,0.25,6,19,0.3333333333333333,0.5,0.9722302463473156,0.9999999999152777
Gilbert,7,,0.25,7,0,0.1640625,0.625,0.7624798853377123,0.8597764956452365
Gilbert,7,,0.25,7,1,0.1875,1.0,0.9975423563239981,0.7458727088861146
Gilbert,7,,0.25,7,2,0.28125,1.0,0.9999999981710772,0.8272172059609855
Gilbert,7,,0.25,7,3,0.375,1.0,0.9999999526508955,0.7584052674659675
Gilbert,7,,0.25,7,4,0.28125,1.0,0.9999089643031736,0.9873951023297798
Gilbert,7,,0.25,7,5,0.125,1.0,0.9999999958181902,0.99872474516468
Gilbert,7,,0.25,7,6,0.28125,1.0,0.999999992283279,0.9604417522580504
Gilbert,7,,0.25,7,7,0.2,1.0,0.9999999987441441,0.9574484468221076
Gilbert,7,,0.25,7,8,0.28125,1.0,0.9999999557579801,0.7543356032493352
Gilbert,7,,0.25,7,9,0.1875,1.0,0.9999954491898384,0.8331073963897399
Gilbert,7,,0.25,7,10,0.08333333333333333,1.0,0.9999999999635075,0.9999999993754426
Gilbert,7,,0.25,7,11,0.08333333333333333,1.0,0.9999999915588655,0.9999999987640793
Gilbert,7,,0.25,7,12,0.1875,1.0,0.9993461981830528,0.9857108916043952
Gilbert,7,,0.25,7,13,0.08333333333333333,1.0,0.9999998424470068,0.9999999992298193
Gilbert,7,,0.25,7,14,0.375,1.0,0.9991703300046951,0.9873950967602716
Gilbert,7,,0.25,7,15,0.125,1.0,0.9987422174821544,0.9856021438682447
Gilbert,7,,0.25,7,16,0.2,1.0,0.9999999999093825,0.9999999999971025
Gilbert,7,,0.25,7,17,0.2,1.0,0.9993835600975626,0.9987247308286455
Gilbert,7,,0.25,7,18,0.1875,1.0,0.3780632062235502,0.9204645534878865
Gilbert,7,,0.25,7,19,0.3333333333333333,0.5,0.9731250690868295,0.9999999975096566
Gilbert,7,,0.25,8,0,0.1640625,0.625,0.7923183460756729,0.8740531999660269
Gilbert,7,,0.25,8,1,0.1875,1.0,0.9985446730376141,0.9839705549115403
Gilbert,7,,0.25,8,2,0.28125,1.0,0.9999996422376543,0.8003561145188884
Gilbert,7,,0.25,8,3,0.375,1.0,0.9999999984193093,0.7342301365884606
Gilbert,7,,0.25,8,4,0.28125,1.0,0.9999788130111915,0.9945931712400011
Gilbert,7,,0.25,8,5,0.125,1.0,0.9999966636953894,0.9997736065586796
Gilbert,7,,0.25,8,6,0.28125,1.0,0.9999999990223377,0.8985109674116272
Gilbert,7,,0.25,8,7,0.2,1.0,0.9999998890441336,0.7402706599330473
Gilbert,7,,0.25,8,8,0.28125,1.0,0.999998856918686,0.8114144844595985
Gilbert,7,,0.25,8,9,0.1875,1.0,0.9999995890758713,0.866557532728508
Gilbert,7,,0.25,8,10,0.08333333333333333,1.0,0.9999999999851807,0.9999999999996355
Gilbert,7,,0.25,8,11,0.08333333333333333,1.0,0.9999999583244435,0.9999999992694505
Gilbert,7,,0.25,8,12,0.1875,1.0,0.9997090058714815,0.9924901209027399
Gilbert,7,,0.25,8,13,0.08333333333333333,1.0,0.9999999784941117,0.9999999987650415
Gilbert,7,,0.25,8,14,0.375,1.0,0.9996409681957491,0.9965459340648675
Gilbert,7,,0.25,8,15,0.125,1.0,0.9992946248626448,0.9874680375914909
Gilbert,7,,0.25,8,16,0.2,1.0,0.9999999999998899,0.9999999999883389
Gilbert,7,,0.25,8,17,0.2,1.0,0.9998045261901665,0.9998316778529484
Gilbert,7,,0.25,8,18,0.1875,1.0,0.43308995162288383,0.8915300899203179
Gilbert,7,,0.25,8,19,0.3333333333333333,0.5,0.9774201689416248,0.9999999947640873
Gilbert,7,,0.25,9,0,0.1640625,0.625,0.8557733344721578,0.8988617788071042
Gilbert,7,,0.25,9,1,0.1875,1.0,0.999106706575875,0.9850081296938655
Gilbert,7,,0.25,9,2,0.28125,1.0,0.9999999729276379,0.8406225551927388
Gilbert,7,,0.25,9,3,0.375,1.0,0.9999984930981514,0.8484074463366182
Gilbert,7,,0.25,9,4,0.28125,1.0,0.9999849174659151,0.9959892498817805
Gilbert,7,,0.25,9,5,0.125,1.0,0.9999980149895201,0.9999993445797646
Gilbert,7,,0.25,9,6,0.28125,1.0,0.9999999570907783,0.9839811242736307
Gilbert,7,,0.25,9,7,0.2,1.0,0.9999988168098088,0.8887779121016965
Gilbert,7,,0.25,9,8,0.28125,1.0,0.9999998233997516,0.8242714920661701
Gilbert,7,,0.25,9,9,0.1875,1.0,0.999998560046214,0.8862014553493192
Gilbert,7,,0.25,9,10,0.08333333333333333,1.0,0.999999999990482,0.9999999999918487
Gilbert,7,,0.25,9,11,0.08333333333333333,1.0,0.9999999977939916,0.9999999998638133
Gilbert,7,,0.25,9,12,0.1875,1.0,0.9998732308625374,0.9928387391228696
Gilbert,7,,0.25,9,13,0.08333333333333333,1.0,0.9999999953991633,0.9999999998993289
Gilbert,7,,0.25,9,14,0.375,1.0,0.9998905355392259,0.9976980552819944
Gilbert,7,,0.25,9,15,0.125,1.0,0.9995750134241866,0.9884270746085987
Gilbert,7,,0.25,9,16,0.2,1.0,0.9999999999970832,0.9999999999840685
Gilbert,7,,0.25,9,17,0.2,1.0,0.9999534297585985,0.9999781038082762
Gilbert,7,,0.25,9,18,0.1875,1.0,0.8798709049521891,0.9412869274721798
Gilbert,7,,0.25,9,19,0.3333333333333333,0.5,0.9815020599875321,0.9999999510802912
Gilbert,7,,0.25,10,0,0.1640625,0.625,0.8601106781959827,0.944537039283071
Gilbert,7,,0.25,10,1,0.1875,1.0,0.9993857925334303,0.9363771755676854
Gilbert,7,,0.25,10,2,0.28125,1.0,0.9999977991448672,0.8872130607816902
Gilbert,7,,0.25,10,3,0.375,1.0,0.9999989610382075,0.8315378547801707
Gilbert,7,,0.25,10,4,0.28125,1.0,0.9999963817548994,0.9970649698534055
Gilbert,7,,0.25,10,5,0.125,1.0,0.9999997568900405,0.9999999478250995
Gilbert,7,,0.25,10,6,0.28125,1.0,0.9999999513303018,0.9849212620608544
Gilbert,7,,0.25,10,7,0.2,1.0,0.9999998626140221,0.8701965253600502
Gilbert,7,,0.25,10,8,0.28125,1.0,0.999999511998999,0.8314238671047227
Gilbert,7,,0.25,10,9,0.1875,1.0,0.9999989478490308,0.8975121567846366
Gilbert,7,,0.25,10,10,0.08333333333333333,1.0,0.9999999937592529,0.99999999999118
Gilbert,7,,0.25,10,11,0.08333333333333333,1.0,0.9999999902615923,0.9999999969689788
Gilbert,7,,0.25,10,12,0.1875,1.0,0.999941346302725,0.9891060144478174
Gilbert,7,,0.25,10,13,0.08333333333333333,1.0,0.9999999903163422,0.9999999987420004
Gilbert,7,,0.25,10,14,0.375,1.0,0.9999996866440682,0.9992229775826289
Gilbert,7,,0.25,10,15,0.125,1.0,0.9999304284216507,0.9886702030090264
Gilbert,7,,0.25,10,16,0.2,1.0,0.9999999999633413,0.99999999999997
Gilbert,7,,0.25,10,17,0.2,1.0,0.9999354919923465,0.9999999655264272
Gilbert,7,,0.25,10,18,0.1875,1.0,0.9999993862833463,0.9476843930829291
Gilbert,7,,0.25,10,19,0.3333333333333333,0.5,0.9870895206243012,0.9999999829893277
Gilbert,7,,0.5,1,0,0.17708333333333334,0.0,0.26694293665597374,0.2669429366559739
Gilbert,7,,0.5,1,1,0.375,1.0,0.48960478949085773,0.3918791374036746
Gilbert,7,,0.5,1,2,0.1875,1.0,0.6214146212344109,0.4232813628010374
Gilbert,7,,0.5,1,3,0.20833333333333334,-0.5,0.29152230396641793,0.2915223039664175
Gilbert,7,,0.5,1,4,0.20833333333333334,-0.5,0.30367334709535737,0.3036733470953574
Gilbert,7,,0.5,1,5,0.2708333333333333,-0.5,0.4736366692511429,0.4736366692511426
Gilbert,7,,0.5,1,6,0.11458333333333333,0.8333333333333334,0.19965456047237998,0.3034392340076399
Gilbert,7,,0.5,1,7,0.28125,1.0,0.2952242924338569,0.4489005781716364
Gilbert,7,,0.5,1,8,0.1875,1.0,0.19270711342284538,0.5986175689528138
Gilbert,7,,0.5,2,0,0.17708333333333334,0.0,0.418391079800811,0.4183910798008119
Gilbert,7,,0.5,2,1,0.375,1.0,0.7856263399199372,0.3882690639473553
Gilbert,7,,0.5,2,2,0.1875,1.0,0.8697048958077379,0.7303308676572691
Gilbert,7,,0.5,2,3,0.20833333333333334,-0.5,0.5013381174466208,0.5013381174466226
Gilbert,7,,0.5,2,4,0.20833333333333334,-0.5,-0.2822992260712049,-0.28229922607120517
Gilbert,7,,0.5,2,5,0.2708333333333333,-0.5,0.5745625847305117,0.5745625847305119
Gilbert,7,,0.5,2,6,0.11458333333333333,0.8333333333333334,0.7235211381195644,-0.12973664741981067
Gilbert,7,,0.5,2,7,0.28125,1.0,0.8279798889199006,0.45644036387886067
Gilbert,7,,0.5,2,8,0.1875,1.0,0.8506756680864233,0.7432696486939186
Gilbert,7,,0.5,3,0,0.17708333333333334,0.0,0.42489892784006694,0.4248989278400444
Gilbert,7,,0.5,3,1,0.375,1.0,0.9047601725997405,0.5181770215731236
Gilbert,7,,0.5,3,2,0.1875,1.0,0.8792364571975859,0.8311565646243169
Gilbert,7,,0.5,3,3,0.20833333333333334,-0.5,0.46395148709754963,0.46395148709755274
Gilbert,7,,0.5,3,4,0.20833333333333334,-0.5,0.06466614909758335,0.06466614909758366
Gilbert,7,,0.5,3,5,0.2708333333333333,-0.5,0.6408603150505705,0.640860315050571
Gilbert,7,,0.5,3,6,0.11458333333333333,0.8333333333333334,0.28270686514891064,0.6929313909270579
Gilbert,7,,0.5,3,7,0.28125,1.0,0.9491798493302757,0.7084813862191701
Gilbert,7,,0.5,3,8,0.1875,1.0,0.9999999999725466,0.8266051672915815
Gilbert,7,,0.5,4,0,0.17708333333333334,0.0,0.666666666421352,0.5191490979898338
Gilbert,7,,0.5,4,1,0.375,1.0,0.19842896456134634,0.6241201127760195
Gilbert,7,,0.5,4,2,0.1875,1.0,0.9999999997385252,0.9288140631415676
Gilbert,7,,0.5,4,3,0.20833333333333334,-0.5,0.5102778813078351,0.5102778813078365
Gilbert,7,,0.5,4,4,0.20833333333333334,-0.5,0.607286805272945,0.607286805274348
Gilbert,7,,0.5,4,5,0.2708333333333333,-0.5,0.7152904065227869,0.7152904065227852
Gilbert,7,,0.5,4,6,0.11458333333333333,0.8333333333333334,0.8305105793430291,0.8711686895502301
Gilbert,7,,0.5,4,7,0.28125,1.0,0.9999999995221097,0.7674093684163771
Gilbert,7,,0.5,4,8,0.1875,1.0,0.9999999998969749,0.8836948547775147
Gilbert,7,,0.5,5,0,0.17708333333333334,0.0,0.6666666642221691,0.609527441538313
Gilbert,7,,0.5,5,1,0.375,1.0,0.26385556979234925,0.6914717389647765
Gilbert,7,,0.5,5,2,0.1875,1.0,0.9999999998991216,0.8939619194073968
Gilbert,7,,0.5,5,3,0.20833333333333334,-0.5,0.5147929399651181,0.5147929400568709
Gilbert,7,,0.5,5,4,0.20833333333333334,-0.5,0.6274879007248823,0.6274879010288074
Gilbert,7,,0.5,5,5,0.2708333333333333,-0.5,0.7428679431629583,0.7428679431629583
Gilbert,7,,0.5,5,6,0.11458333333333333,0.8333333333333334,0.9084939256035298,0.9507902963871651
Gilbert,7,,0.5,5,7,0.28125,1.0,0.9999999993810224,0.8079505250931518
Gilbert,7,,0.5,5,8,0.1875,1.0,0.9999999999957967,0.9057610106991645
Gilbert,7,,0.5,6,0,0.17708333333333334,0.0,0.666666263331765,0.7049164555724845
Gilbert,7,,0.5,6,1,0.375,1.0,0.32009164109752264,0.7402170570024642
Gilbert,7,,0.5,6,2,0.1875,1.0,0.9999997714906481,0.9067012169965066
Gilbert,7,,0.5,6,3,0.20833333333333334,-0.5,0.6936089416278829,0.6936089505428132
Gilbert,7,,0.5,6,4,0.20833333333333334,-0.5,0.6484251372053794,0.6484251374983568
Gilbert,7,,0.5,6,5,0.2708333333333333,-0.5,0.7609836237186655,0.7609836237187313
Gilbert,7,,0.5,6,6,0.11458333333333333,0.8333333333333334,0.7892729090749007,0.9994017744665323
Gilbert,7,,0.5,6,7,0.28125,1.0,0.999999997304551,0.8378991554665383
Gilbert,7,,0.5,6,8,0.1875,1.0,0.9999999999815141,0.9339270139200393
Gilbert,7,,0.5,7,0,0.17708333333333334,0.0,0.703889544625163,0.6054825587377844
Gilbert,7,,0.5,7,1,0.375,1.0,0.3755646776948709,0.7407378402289704
Gilbert,7,,0.5,7,2,0.1875,1.0,0.9999999953299018,0.9294920578491491
Gilbert,7,,0.5,7,3,0.20833333333333334,-0.5,0.8218113345333783,0.8218113353881553
Gilbert,7,,0.5,7,4,0.20833333333333334,-0.5,0.730497518275612,0.7443893930808754
Gilbert,7,,0.5,7,5,0.2708333333333333,-0.5,0.8453718338460265,0.8453718384228828
Gilbert,7,,0.5,7,6,0.11458333333333333,0.8333333333333334,0.9723051182098273,0.9751349154246388
Gilbert,7,,0.5,7,7,0.28125,1.0,0.9999990192612335,0.8700166987260812
Gilbert,7,,0.5,7,8,0.1875,1.0,0.9999999904677116,0.9634241205348149
Gilbert,7,,0.5,8,0,0.17708333333333334,0.0,0.718548637220429,0.6666665709487911
Gilbert,7,,0.5,8,1,0.375,1.0,0.29150115470129484,0.8364881135581976
Gilbert,7,,0.5,8,2,0.1875,1.0,0.9999997663178288,0.9244764613671186
Gilbert,7,,0.5,8,3,0.20833333333333334,-0.5,0.8500165239747574,0.8160388106638344
Gilbert,7,,0.5,8,4,0.20833333333333334,-0.5,0.721113152209449,0.7701567767085705
Gilbert,7,,0.5,8,5,0.2708333333333333,-0.5,0.8998332100101188,0.8998332118887232
Gilbert,7,,0.5,8,6,0.11458333333333333,0.8333333333333334,0.4759246338529688,0.9944959903545204
Gilbert,7,,0.5,8,7,0.28125,1.0,0.9999999985834839,0.8822819133985497
Gilbert,7,,0.5,8,8,0.1875,1.0,0.9999999871428049,0.9782252367109165
Gilbert,7,,0.5,9,0,0.17708333333333334,0.0,0.7647308111788477,0.714057353653948
Gilbert,7,,0.5,9,1,0.375,1.0,0.33237994900306955,0.8423192901005259
Gilbert,7,,0.5,9,2,0.1875,1.0,0.9999999908077994,0.9884455032021447
Gilbert,7,,0.5,9,3,0.20833333333333334,-0.5,0.8440755262174613,0.8462171786253744
Gilbert,7,,0.5,9,4,0.20833333333333334,-0.5,0.8174833523212662,0.7815463904755452
Gilbert,7,,0.5,9,5,0.2708333333333333,-0.5,0.9308831137797089,0.9308831089382895
Gilbert,7,,0.5,9,6,0.11458333333333333,0.8333333333333334,0.3728273511904636,0.9999892818542259
Gilbert,7,,0.5,9,7,0.28125,1.0,0.9999998456536593,0.9137776487691582
Gilbert,7,,0.5,9,8,0.1875,1.0,0.9999998309029299,0.9828277599277866
Gilbert,7,,0.5,10,0,0.17708333333333334,0.0,0.7669548852209652,0.24979691009469254
Gilbert,7,,0.5,10,1,0.375,1.0,0.3902921452875022,0.8706433923699199
Gilbert,7,,0.5,10,2,0.1875,1.0,0.9999998173085887,0.9985506344283765
Gilbert,7,,0.5,10,3,0.20833333333333334,-0.5,0.8477622496643115,0.17079846404736143
Gilbert,7,,0.5,10,4,0.20833333333333334,-0.5,0.8287087714324747,0.7836210480795954
Gilbert,7,,0.5,10,5,0.2708333333333333,-0.5,0.9198916583981879,0.9198916695378269
Gilbert,7,,0.5,10,6,0.11458333333333333,0.8333333333333334,0.3047092302939351,0.9997639534105439
Gilbert,7,,0.5,10,7,0.28125,1.0,0.9999999912186486,0.9283306747680307
Gilbert,7,,0.5,10,8,0.1875,1.0,0.9999998679445653,0.9847882275797741
Gilbert,8,,0.1,1,0,0.15625,0.8,0.26115332445432254,0.3388725700183822
Gilbert,8,,0.1,1,1,0.225,1.0,0.26858699225900623,0.4208197534042382
Gilbert,8,,0.1,1,2,0.07142857142857142,1.0,0.954031457567848,0.9317718380821026
Gilbert,8,,0.1,1,3,0.07142857142857142,1.0,0.9039241309754793,0.7776015741190834
Gilbert,8,,0.1,1,4,0.16666666666666666,1.0,0.8981675146495552,0.8438437332823779
Gilbert,8,,0.1,1,5,0.40625,1.0,0.4899712328467015,0.5926041567437859
Gilbert,8,,0.1,1,6,0.0,1.0,0.75,0.5000000000000001
Gilbert,8,,0.1,1,7,0.16666666666666666,1.0,0.8981675146495554,0.8438437332823779
Gilbert,8,,0.1,1,8,0.16666666666666666,1.0,0.8981675146495554,0.8438437332823776
Gilbert,8,,0.1,1,9,0.16666666666666666,1.0,0.8981675146495552,0.8438437332823779
Gilbert,8,,0.1,1,10,0.16666666666666666,1.0,0.8490939993666472,0.6824299381720401
Gilbert,8,,0.1,1,11,0.07142857142857142,1.0,0.9540314575678478,0.9317718380821027
Gilbert,8,,0.1,1,12,0.16666666666666666,1.0,0.8981675146495554,0.8438437332823776
Gilbert,8,,0.1,1,13,0.225,1.0,0.8218842624035345,0.5381709854108436
Gilbert,8,,0.1,1,14,0.07142857142857142,1.0,0.9540314575678475,0.9317718380821027
Gilbert,8,,0.1,1,15,0.07142857142857142,1.0,0.9039241309754792,0.7776015741190834
Gilbert,8,,0.1,1,16,0.07142857142857142,1.0,0.954031457567848,0.9317718380821025
Gilbert,8,,0.1,1,17,0.07142857142857142,1.0,0.9540314575678475,0.9317718380821027
Gilbert,8,,0.1,1,18,0.07142857142857142,1.0,0.9540314575678482,0.9317718380821025
Gilbert,8,,0.1,1,19,0.07142857142857142,1.0,0.9039241309754795,0.7776015741190835
Gilbert,8,,0.1,2,0,0.15625,0.8,0.7385926788922347,0.6574842368502303
Gilbert,8,,0.1,2,1,0.225,1.0,0.8477428937891671,0.6820826830144815
Gilbert,8,,0.1,2,2,0.07142857142857142,1.0,0.9954788940658826,0.9834437855900949
Gilbert,8,,0.1,2,3,0.07142857142857142,1.0,0.9463746531871783,0.8989403775990389
Gilbert,8,,0.1,2,4,0.16666666666666666,1.0,0.9916364218659207,0.9674808128422914
Gilbert,8,,0.1,2,5,0.40625,1.0,0.8331297903939614,0.8088579867548437
Gilbert,8,,0.1,2,6,0.0,1.0,0.75,0.49999999999999967
Gilbert,8,,0.1,2,7,0.16666666666666666,1.0,0.9916364218659212,0.9674808128422917
Gilbert,8,,0.1,2,8,0.16666666666666666,1.0,0.9916364218659212,0.9674808128422914
Gilbert,8,,0.1,2,9,0.16666666666666666,1.0,0.991636421865921,0.9674808128422917
Gilbert,8,,0.1,2,10,0.16666666666666666,1.0,0.9440092980766694,0.8553746359169497
Gilbert,8,,0.1,2,11,0.07142857142857142,1.0,0.9954788940658827,0.9834437855900945
Gilbert,8,,0.1,2,12,0.16666666666666666,1.0,0.9916364218659209,0.9674808128422917
Gilbert,8,,0.1,2,13,0.225,1.0,0.9608530292549945,0.8839543821981213
Gilbert,8,,0.1,2,14,0.07142857142857142,1.0,0.9954788940658819,0.9834437855900954
Gilbert,8,,0.1,2,15,0.07142857142857142,1.0,0.9463746531871783,0.8989403775990394
Gilbert,8,,0.1,2,16,0.07142857142857142,1.0,0.995478894065882,0.9834437855900949
Gilbert,8,,0.1,2,17,0.07142857142857142,1.0,0.9954788940658819,0.9834437855900954
Gilbert,8,,0.1,2,18,0.07142857142857142,1.0,0.9954788940658812,0.9834437855900947
Gilbert,8,,0.1,2,19,0.07142857142857142,1.0,0.946374653187178,0.8989403775990402
Gilbert,8,,0.1,3,0,0.15625,0.8,0.8759497206293897,0.8730388955239426
Gilbert,8,,0.1,3,1,0.225,1.0,0.9999999999998309,0.7993031480045656
Gilbert,8,,0.1,3,2,0.07142857142857142,1.0,0.9999999999775621,0.9999999999849819
Gilbert,8,,0.1,3,3,0.07142857142857142,1.0,0.9963913030558954,0.963304099050614
Gilbert,8,,0.1,3,4,0.16666666666666666,1.0,0.9999999999986048,0.999999999964024
Gilbert,8,,0.1,3,5,0.40625,1.0,0.999999999951629,0.8800783880220238
Gilbert,8,,0.1,3,6,0.0,1.0,0.75,0.5000000000000004
Gilbert,8,,0.1,3,7,0.16666666666666666,1.0,0.9999999999986043,0.999999999964024
Gilbert,8,,0.1,3,8,0.16666666666666666,1.0,0.9999999999986051,0.999999999964024
Gilbert,8,,0.1,3,9,0.16666666666666666,1.0,0.9999999999986043,0.999999999964024
Gilbert,8,,0.1,3,10,0.16666666666666666,1.0,0.9806835207841913,0.936573581502126
Gilbert,8,,0.1,3,11,0.07142857142857142,1.0,0.9999999999775614,0.9999999999849807
Gilbert,8,,0.1,3,12,0.16666666666666666,1.0,0.999999999998605,0.9999999999640251
Gilbert,8,,0.1,3,13,0.225,1.0,0.9693321557584934,0.9612159321602931
Gilbert,8,,0.1,3,14,0.07142857142857142,1.0,0.9999999999775625,0.9999999999849809
Gilbert,8,,0.1,3,15,0.07142857142857142,1.0,0.996391303055895,0.9633040990506138
Gilbert,8,,0.1,3,16,0.07142857142857142,1.0,0.9999999999775625,0.9999999999849818
Gilbert,8,,0.1,3,17,0.07142857142857142,1.0,0.9999999999775625,0.9999999999849809
Gilbert,8,,0.1,3,18,0.07142857142857142,1.0,0.9999999999775616,0.9999999999849809
Gilbert,8,,0.1,3,19,0.07142857142857142,1.0,0.9963913030558942,0.9633040990506141
Gilbert,8,,0.1,4,0,0.15625,0.8,0.941023076082466,0.9006189882055633
Gilbert,8,,0.1,4,1,0.225,1.0,0.9999999999499906,0.8970508900879363
Gilbert,8,,0.1,4,2,0.07142857142857142,1.0,0.9999999999931235,0.9999999999929984
Gilbert,8,,0.1,4,3,0.07142857142857142,1.0,0.9999497378328766,0.9946986564708504
Gilbert,8,,0.1,4,4,0.16666666666666666,1.0,0.9999999999968433,0.9999999999679613
Gilbert,8,,0.1,4,5,0.40625,1.0,0.9999999999259336,0.963030121149685
Gilbert,8,,0.1,4,6,0.0,1.0,0.75,0.4999999999999994
Gilbert,8,,0.1,4,7,0.16666666666666666,1.0,0.9999999999968425,0.9999999999679616
Gilbert,8,,0.1,4,8,0.16666666666666666,1.0,0.9999999999968413,0.999999999967962
Gilbert,8,,0.1,4,9,0.16666666666666666,1.0,0.9999999999968416,0.9999999999679621
Gilbert,8,,0.1,4,10,0.16666666666666666,1.0,0.9950960779962502,0.9777884052142606
Gilbert,8,,0.1,4,11,0.07142857142857142,1.0,0.9999999999931237,0.9999999999929978
Gilbert,8,,0.1,4,12,0.16666666666666666,1.0,0.9999999999968425,0.9999999999679624
Gilbert,8,,0.1,4,13,0.225,1.0,0.9935987163859871,0.989270743836839
Gilbert,8,,0.1,4,14,0.07142857142857142,1.0,0.999999999993123,0.9999999999929984
Gilbert,8,,0.1,4,15,0.07142857142857142,1.0,0.9999497378317367,0.994698656470851
Gilbert,8,,0.1,4,16,0.07142857142857142,1.0,0.9999999999931227,0.9999999999929988
Gilbert,8,,0.1,4,17,0.07142857142857142,1.0,0.999999999993123,0.9999999999929984
Gilbert,8,,0.1,4,18,0.07142857142857142,1.0,0.9999999999931225,0.9999999999929984
Gilbert,8,,0.1,4,19,0.07142857142857142,1.0,0.9999497378326876,0.994698656470849
Gilbert,8,,0.1,5,0,0.15625,0.8,0.9410334161357851,0.8848852190044401
Gilbert,8,,0.1,5,1,0.225,1.0,0.9999999984874435,0.8973778395391226
Gilbert,8,,0.1,5,2,0.07142857142857142,1.0,0.9999999999659739,0.9999999999836293
Gilbert,8,,0.1,5,3,0.07142857142857142,1.0,0.999999923826179,0.996275209977644
Gilbert,8,,0.1,5,4,0.16666666666666666,1.0,0.9999999999997738,0.9999999999965326
Gilbert,8,,0.1,5,5,0.40625,1.0,0.9999999998889899,0.9715501999441636
Gilbert,8,,0.1,5,6,0.0,1.0,0.75,0.5000000000000008
Gilbert,8,,0.1,5,7,0.16666666666666666,1.0,0.9999999999997732,0.9999999999965326
Gilbert,8,,0.1,5,8,0.16666666666666666,1.0,0.9999999999997738,0.9999999999965322
Gilbert,8,,0.1,5,9,0.16666666666666666,1.0,0.9999999999997738,0.9999999999965329
Gilbert,8,,0.1,5,10,0.16666666666666666,1.0,0.995496304771009,0.9909392317592846
Gilbert,8,,0.1,5,11,0.07142857142857142,1.0,0.9999999999659741,0.99999999998363
Gilbert,8,,0.1,5,12,0.16666666666666666,1.0,0.9999999999997735,0.9999999999965326
Gilbert,8,,0.1,5,13,0.225,1.0,0.9988050826431198,0.994930103762696
Gilbert,8,,0.1,5,14,0.07142857142857142,1.0,0.9999999999659757,0.9999999999836303
Gilbert,8,,0.1,5,15,0.07142857142857142,1.0,0.9999999234655489,0.9962752099776433
Gilbert,8,,0.1,5,16,0.07142857142857142,1.0,0.9999999999659762,0.9999999999836303
Gilbert,8,,0.1,5,17,0.07142857142857142,1.0,0.9999999999659757,0.9999999999836303
Gilbert,8,,0.1,5,18,0.07142857142857142,1.0,0.9999999999659749,0.9999999999836303
Gilbert,8,,0.1,5,19,0.07142857142857142,1.0,0.9999999228777902,0.9962752099776442
Gilbert,8,,0.1,6,0,0.15625,0.8,0.9461307815960307,0.9191672696054262
Gilbert,8,,0.1,6,1,0.225,1.0,0.9999996885992019,0.9417256461807876
Gilbert,8,,0.1,6,2,0.07142857142857142,1.0,0.9999999996414343,0.99999999995381
Gilbert,8,,0.1,6,3,0.07142857142857142,1.0,0.9999999990578914,0.9986686384862017
Gilbert,8,,0.1,6,4,0.16666666666666666,1.0,0.9999999999064088,0.9999999999814251
Gilbert,8,,0.1,6,5,0.40625,1.0,0.9999998820013001,0.9923626611923286
Gilbert,8,,0.1,6,6,0.0,1.0,0.75,0.4999999999999991
Gilbert,8,,0.1,6,7,0.16666666666666666,1.0,0.9999999999064079,0.9999999999814241
Gilbert,8,,0.1,6,8,0.16666666666666666,1.0,0.99999999990641,0.9999999999814259
Gilbert,8,,0.1,6,9,0.16666666666666666,1.0,0.9999999999064079,0.9999999999814247
Gilbert,8,,0.1,6,10,0.16666666666666666,1.0,0.9998011669375781,0.9931268960305379
Gilbert,8,,0.1,6,11,0.07142857142857142,1.0,0.9999999996414325,0.99999999995381
Gilbert,8,,0.1,6,12,0.16666666666666666,1.0,0.9999999999064099,0.9999999999814254
Gilbert,8,,0.1,6,13,0.225,1.0,0.9997806036323427,0.9969316470127074
Gilbert,8,,0.1,6,14,0.07142857142857142,1.0,0.999999999641432,0.9999999999538102
Gilbert,8,,0.1,6,15,0.07142857142857142,1.0,0.9999999994888411,0.9986686379083807
Gilbert,8,,0.1,6,16,0.07142857142857142,1.0,0.9999999996414327,0.9999999999538103
Gilbert,8,,0.1,6,17,0.07142857142857142,1.0,0.999999999641432,0.9999999999538102
Gilbert,8,,0.1,6,18,0.07142857142857142,1.0,0.9999999996414333,0.9999999999538091
Gilbert,8,,0.1,6,19,0.07142857142857142,1.0,0.99999999953995,0.998668630542945
Gilbert,8,,0.1,7,0,0.15625,0.8,0.9934908862872183,0.9637885099012712
Gilbert,8,,0.1,7,1,0.225,1.0,0.9999996260765494,0.9646519644295142
Gilbert,8,,0.1,7,2,0.07142857142857142,1.0,0.9999999999595142,0.999999999990598
Gilbert,8,,0.1,7,3,0.07142857142857142,1.0,0.9999999985238031,0.9999999994050052
Gilbert,8,,0.1,7,4,0.16666666666666666,1.0,0.9999999997377841,0.9999999999951283
Gilbert,8,,0.1,7,5,0.40625,1.0,0.9999997206453978,0.994021426763456
Gilbert,8,,0.1,7,6,0.0,1.0,0.75,0.500000000000001
Gilbert,8,,0.1,7,7,0.16666666666666666,1.0,0.9999999997377836,0.999999999995128
Gilbert,8,,0.1,7,8,0.16666666666666666,1.0,0.999999999737784,0.9999999999951292
Gilbert,8,,0.1,7,9,0.16666666666666666,1.0,0.9999999997377825,0.9999999999951283
Gilbert,8,,0.1,7,10,0.16666666666666666,1.0,0.9999983732955614,0.99515230186439
Gilbert,8,,0.1,7,11,0.07142857142857142,1.0,0.9999999999595162,0.9999999999905966
Gilbert,8,,0.1,7,12,0.16666666666666666,1.0,0.9999999997377826,0.9999999999951292
Gilbert,8,,0.1,7,13,0.225,1.0,0.9999012942896244,0.9984456256287864
Gilbert,8,,0.1,7,14,0.07142857142857142,1.0,0.9999999999595138,0.9999999999905972
Gilbert,8,,0.1,7,15,0.07142857142857142,1.0,0.9999999914191385,0.9999999988422028
Gilbert,8,,0.1,7,16,0.07142857142857142,1.0,0.9999999999595142,0.9999999999905983
Gilbert,8,,0.1,7,17,0.07142857142857142,1.0,0.9999999999595138,0.9999999999905972
Gilbert,8,,0.1,7,18,0.07142857142857142,1.0,0.9999999999595138,0.9999999999905977
Gilbert,8,,0.1,7,19,0.07142857142857142,1.0,0.9999999892642741,0.9999999993609529
Gilbert,8,,0.1,8,0,0.15625,0.8,0.9959345786221292,0.9688679332270862
Gilbert,8,,0.1,8,1,0.225,1.0,0.9999999977890471,0.9515619388063158
Gilbert,8,,0.1,8,2,0.07142857142857142,1.0,0.9999999996292476,0.9999999999122814
Gilbert,8,,0.1,8,3,0.07142857142857142,1.0,0.9999997759277229,0.9999999972464987
Gilbert,8,,0.1,8,4,0.16666666666666666,1.0,0.9999999995094835,0.9999999999999032
Gilbert,8,,0.1,8,5,0.40625,1.0,0.9999999931800174,0.9967209501620183
Gilbert,8,,0.1,8,6,0.0,1.0,0.75,0.49999999999999883
Gilbert,8,,0.1,8,7,0.16666666666666666,1.0,0.9999999995094838,0.9999999999999041
Gilbert,8,,0.1,8,8,0.16666666666666666,1.0,0.9999999995094829,0.9999999999999036
Gilbert,8,,0.1,8,9,0.16666666666666666,1.0,0.999999999509483,0.9999999999999035
Gilbert,8,,0.1,8,10,0.16666666666666666,1.0,0.9999999977073593,0.9999999333660746
Gilbert,8,,0.1,8,11,0.07142857142857142,1.0,0.9999999996292475,0.9999999999122812
Gilbert,8,,0.1,8,12,0.16666666666666666,1.0,0.999999999509484,0.9999999999999032
Gilbert,8,,0.1,8,13,0.225,1.0,0.9999833854871003,0.998401158826827
Gilbert,8,,0.1,8,14,0.07142857142857142,1.0,0.9999999996292497,0.9999999999122784
Gilbert,8,,0.1,8,15,0.07142857142857142,1.0,0.9999996653406111,0.9999999991493441
Gilbert,8,,0.1,8,16,0.07142857142857142,1.0,0.9999999996292488,0.99999999991228
Gilbert,8,,0.1,8,17,0.07142857142857142,1.0,0.9999999996292497,0.9999999999122784
Gilbert,8,,0.1,8,18,0.07142857142857142,1.0,0.9999999996292471,0.9999999999122808
Gilbert,8,,0.1,8,19,0.07142857142857142,1.0,0.999999719224072,0.9999999925375272
Gilbert,8,,0.1,9,0,0.15625,0.8,0.9985875214316348,0.9447604412165118
Gilbert,8,,0.1,9,1,0.225,1.0,0.9999999118590189,0.9844425031609296
Gilbert,8,,0.1,9,2,0.07142857142857142,1.0,0.9999999998590472,0.9999999999278959
Gilbert,8,,0.1,9,3,0.07142857142857142,1.0,0.999999867048553,0.999999998938305
Gilbert,8,,0.1,9,4,0.16666666666666666,1.0,0.9999999999988244,0.999999999999864
Gilbert,8,,0.1,9,5,0.40625,1.0,0.9999999448158764,0.9983747225659462
Gilbert,8,,0.1,9,6,0.0,1.0,0.75,0.5000000000000013
Gilbert,8,,0.1,9,7,0.16666666666666666,1.0,0.9999999999988235,0.9999999999998644
Gilbert,8,,0.1,9,8,0.16666666666666666,1.0,0.9999999999988253,0.9999999999998641
Gilbert,8,,0.1,9,9,0.16666666666666666,1.0,0.999999999998824,0.9999999999998647
Gilbert,8,,0.1,9,10,0.16666666666666666,1.0,0.9999998944496897,0.9999995719549567
Gilbert,8,,0.1,9,11,0.07142857142857142,1.0,0.9999999998590486,0.9999999999278961
Gilbert,8,,0.1,9,12,0.16666666666666666,1.0,0.999999999998824,0.9999999999998646
Gilbert,8,,0.1,9,13,0.225,1.0,0.9999873739346541,0.9993042399804347
Gilbert,8,,0.1,9,14,0.07142857142857142,1.0,0.999999999859046,0.9999999999278961
Gilbert,8,,0.1,9,15,0.07142857142857142,1.0,0.9999998107786977,0.9999999994249956
Gilbert,8,,0.1,9,16,0.07142857142857142,1.0,0.9999999998590471,0.9999999999278962
Gilbert,8,,0.1,9,17,0.07142857142857142,1.0,0.999999999859046,0.9999999999278961
Gilbert,8,,0.1,9,18,0.07142857142857142,1.0,0.9999999998590482,0.9999999999278957
Gilbert,8,,0.1,9,19,0.07142857142857142,1.0,0.9999998206224802,0.9999999980828111
Gilbert,8,,0.1,10,0,0.15625,0.8,0.9999118568937095,0.9989606851021235
Gilbert,8,,0.1,10,1,0.225,1.0,0.9999998539875955,0.9836044999606663
Gilbert,8,,0.1,10,2,0.07142857142857142,1.0,0.9999999999602893,0.9999999999978995
Gilbert,8,,0.1,10,3,0.07142857142857142,1.0,0.9999987551399337,0.9999999993645188
Gilbert,8,,0.1,10,4,0.16666666666666666,1.0,0.9999999999748992,0.9999999999357527
Gilbert,8,,0.1,10,5,0.40625,1.0,0.999999163790845,0.9990079165330291
Gilbert,8,,0.1,10,6,0.0,1.0,0.75,0.4999999999999985
Gilbert,8,,0.1,10,7,0.16666666666666666,1.0,0.9999999999749004,0.9999999999357501
Gilbert,8,,0.1,10,8,0.16666666666666666,1.0,0.9999999999749013,0.999999999935754
Gilbert,8,,0.1,10,9,0.16666666666666666,1.0,0.9999999999749005,0.9999999999357527
Gilbert,8,,0.1,10,10,0.16666666666666666,1.0,0.9999996079333565,0.9999999850758844
Gilbert,8,,0.1,10,11,0.07142857142857142,1.0,0.9999999999602885,0.9999999999978986
Gilbert,8,,0.1,10,12,0.16666666666666666,1.0,0.9999999999748992,0.9999999999357537
Gilbert,8,,0.1,10,13,0.225,1.0,0.9999970230958077,0.9999791158925809
Gilbert,8,,0.1,10,14,0.07142857142857142,1.0,0.9999999999602908,0.9999999999979009
Gilbert,8,,0.1,10,15,0.07142857142857142,1.0,0.9999985239771423,0.9999999991162518
Gilbert,8,,0.1,10,16,0.07142857142857142,1.0,0.9999999999602911,0.9999999999978998
Gilbert,8,,0.1,10,17,0.07142857142857142,1.0,0.9999999999602908,0.9999999999979009
Gilbert,8,,0.1,10,18,0.07142857142857142,1.0,0.9999999999602881,0.999999999997898
Gilbert,8,,0.1,10,19,0.07142857142857142,1.0,0.9999984418039414,0.9999999998149851
Gilbert,8,,0.25,1,0,0.3,1.0,0.45519569142147615,0.39787239647087735
Gilbert,8,,0.25,1,1,0.15,1.0,0.7168110165407162,0.2823615834123979
Gilbert,8,,0.25,1,2,0.3,1.0,0.47638885947378284,0.5482053942968907
Gilbert,8,,0.25,1,3,0.2421875,0.5,0.3616962439199542,0.43559380987959334
Gilbert,8,,0.25,1,4,0.21875,1.0,0.2266138064868144,0.4171765776502638
Gilbert,8,,0.25,1,5,0.3,1.0,0.45603969670637207,0.6044105076097592
Gilbert,8,,0.25,1,6,0.225,1.0,0.2276430435035297,0.311227667339299
Gilbert,8,,0.25,1,7,0.225,1.0,0.25176310336385943,0.3850702591562906
Gilbert,8,,0.25,1,8,0.3125,1.0,0.4093879920784283,0.45956341797801004
Gilbert,8,,0.25,1,9,0.225,1.0,0.7354951682181264,0.5267687916736841
Gilbert,8,,0.25,1,10,0.3125,1.0,0.382089689007925,0.44285515719030744
Gilbert,8,,0.25,1,11,0.07142857142857142,1.0,0.9540314575678482,0.9317718380821025
Gilbert,8,,0.25,1,12,0.0859375,1.0,0.20945954837862046,0.26601030827646227
Gilbert,8,,0.25,1,13,0.15,1.0,0.7755461436262006,0.31695056922196635
Gilbert,8,,0.25,1,14,0.1328125,0.75,0.18113740933556446,0.30788208649032167
Gilbert,8,,0.25,1,15,0.21875,1.0,0.881029920084992,0.4909070606321091
Gilbert,8,,0.25,1,16,0.16666666666666666,1.0,0.8318281719656273,0.4485633594885208
Gilbert,8,,0.25,1,17,0.3,1.0,0.4861584970437822,0.45289968682090703
Gilbert,8,,0.25,1,18,0.3,1.0,0.4861584970437822,0.45289968682090703
Gilbert,8,,0.25,1,19,0.19375,0.9,0.4888207165899415,0.4469017862612394
Gilbert,8,,0.25,2,0,0.3,1.0,0.7666196790734419,0.6533125412365791
Gilbert,8,,0.25,2,1,0.15,1.0,0.7484608169599003,0.5963731762051793
Gilbert,8,,0.25,2,2,0.3,1.0,0.7860292018476194,0.7137651278689124
Gilbert,8,,0.25,2,3,0.2421875,0.5,0.4183761737648497,0.6375128208191926
Gilbert,8,,0.25,2,4,0.21875,1.0,0.8869598496780918,0.2794294663189557
Gilbert,8,,0.25,2,5,0.3,1.0,0.7665749321581845,0.737166157227753
Gilbert,8,,0.25,2,6,0.225,1.0,0.81698179972013,0.5703018858483999
Gilbert,8,,0.25,2,7,0.225,1.0,0.8051412196543006,0.624833746085929
Gilbert,8,,0.25,2,8,0.3125,1.0,0.7652239675920114,0.6937703376388625
Gilbert,8,,0.25,2,9,0.225,1.0,0.7760640002042133,0.641052838580665
Gilbert,8,,0.25,2,10,0.3125,1.0,0.8163556548195103,0.5966516959042392
Gilbert,8,,0.25,2,11,0.07142857142857142,1.0,0.995478894065883,0.9834437855900953
Gilbert,8,,0.25,2,12,0.0859375,1.0,0.7317935290015228,0.41917842603534566
Gilbert,8,,0.25,2,13,0.15,1.0,0.8254022576869456,0.6756346085464748
Gilbert,8,,0.25,2,14,0.1328125,0.75,0.7592268928507582,0.36001869960833216
Gilbert,8,,0.25,2,15,0.21875,1.0,0.9615996984310692,0.7542481285441107
Gilbert,8,,0.25,2,16,0.16666666666666666,1.0,0.927411971393108,0.8183599835784815
Gilbert,8,,0.25,2,17,0.3,1.0,0.8215974986064392,0.7383459450610308
Gilbert,8,,0.25,2,18,0.3,1.0,0.8215974986064396,0.7383459450610307
Gilbert,8,,0.25,2,19,0.19375,0.9,0.8287270439142667,0.7007656366153944
Gilbert,8,,0.25,3,0,0.3,1.0,0.9723323013990252,0.6961807924671887
Gilbert,8,,0.25,3,1,0.15,1.0,0.8097057623295711,0.44814612973292645
Gilbert,8,,0.25,3,2,0.3,1.0,0.787445465513508,0.7902441938275555
Gilbert,8,,0.25,3,3,0.2421875,0.5,0.4341149456989675,0.6668005488566819
Gilbert,8,,0.25,3,4,0.21875,1.0,0.9999999999951017,0.5614152018718142
Gilbert,8,,0.25,3,5,0.3,1.0,0.9723488037748925,0.7993217418618336
Gilbert,8,,0.25,3,6,0.225,1.0,0.6041686947033511,0.5780109042600603
Gilbert,8,,0.25,3,7,0.225,1.0,0.6055308471388636,0.764007926142184
Gilbert,8,,0.25,3,8,0.3125,1.0,0.7886627656624067,0.7789044515306061
Gilbert,8,,0.25,3,9,0.225,1.0,0.8414760944712645,0.7392617704645249
Gilbert,8,,0.25,3,10,0.3125,1.0,0.8671394388426586,0.6558274992774922
Gilbert,8,,0.25,3,11,0.07142857142857142,1.0,0.9999999999775616,0.9999999999849806
Gilbert,8,,0.25,3,12,0.0859375,1.0,0.8073874634758537,0.7697644222643668
Gilbert,8,,0.25,3,13,0.15,1.0,0.8782598859944486,0.7931490977146367
Gilbert,8,,0.25,3,14,0.1328125,0.75,0.8763106714094471,0.6933992587894474
Gilbert,8,,0.25,3,15,0.21875,1.0,0.9806358331884224,0.8920989390685489
Gilbert,8,,0.25,3,16,0.16666666666666666,1.0,0.9937412680297463,0.8986492154473318
Gilbert,8,,0.25,3,17,0.3,1.0,0.8956090793517782,0.7393950834853401
Gilbert,8,,0.25,3,18,0.3,1.0,0.8956090793517777,0.7393950834853402
Gilbert,8,,0.25,3,19,0.19375,0.9,0.9116665379013454,0.7937306854997725
Gilbert,8,,0.25,4,0,0.3,1.0,0.9782659509926397,0.797988568426376
Gilbert,8,,0.25,4,1,0.15,1.0,0.8424315301717584,0.6622349964321264
Gilbert,8,,0.25,4,2,0.3,1.0,0.9911134462119989,0.8511274579542633
Gilbert,8,,0.25,4,3,0.2421875,0.5,0.5754539891647502,0.7238001973788598
Gilbert,8,,0.25,4,4,0.21875,1.0,0.9999999999867007,0.7798531430595685
Gilbert,8,,0.25,4,5,0.3,1.0,0.999999999671183,0.8254637908909966
Gilbert,8,,0.25,4,6,0.225,1.0,0.754312745699764,0.5899517504517247
Gilbert,8,,0.25,4,7,0.225,1.0,0.9025408156342831,0.7849257943820241
Gilbert,8,,0.25,4,8,0.3125,1.0,0.9023649403186587,0.8164852794044385
Gilbert,8,,0.25,4,9,0.225,1.0,0.8651180567948756,0.8333012805774753
Gilbert,8,,0.25,4,10,0.3125,1.0,0.9444486248831907,0.9062697718074367
Gilbert,8,,0.25,4,11,0.07142857142857142,1.0,0.999999999993123,0.9999999999929978
Gilbert,8,,0.25,4,12,0.0859375,1.0,0.8522963724182532,0.8633675676504008
Gilbert,8,,0.25,4,13,0.15,1.0,0.9016136266810004,0.8708123800853219
Gilbert,8,,0.25,4,14,0.1328125,0.75,0.9220125372873104,0.8071367198599817
Gilbert,8,,0.25,4,15,0.21875,1.0,0.9850707838372382,0.9582373342071651
Gilbert,8,,0.25,4,16,0.16666666666666666,1.0,0.997962822673423,0.9421809878756736
Gilbert,8,,0.25,4,17,0.3,1.0,0.9999999998505306,0.7510982096025233
Gilbert,8,,0.25,4,18,0.3,1.0,0.9999999998505309,0.7510982096025229
Gilbert,8,,0.25,4,19,0.19375,0.9,0.9103018121944462,0.8522388367585132
Gilbert,8,,0.25,5,0,0.3,1.0,0.9804221263915777,0.8523278578299038
Gilbert,8,,0.25,5,1,0.15,1.0,0.9994391198640926,0.7734788891564555
Gilbert,8,,0.25,5,2,0.3,1.0,0.9911479915004261,0.883672690132757
Gilbert,8,,0.25,5,3,0.2421875,0.5,0.675985203648455,0.7919860664729598
Gilbert,8,,0.25,5,4,0.21875,1.0,0.9999999995319133,0.8270388849854255
Gilbert,8,,0.25,5,5,0.3,1.0,0.9999999999403046,0.8336743829920625
Gilbert,8,,0.25,5,6,0.225,1.0,0.3771099306272174,0.6126364751353978
Gilbert,8,,0.25,5,7,0.225,1.0,0.9999988904101607,0.890919909210077
Gilbert,8,,0.25,5,8,0.3125,1.0,0.8936395315676503,0.8941417203944371
Gilbert,8,,0.25,5,9,0.225,1.0,0.9993982608508528,0.8146477282032027
Gilbert,8,,0.25,5,10,0.3125,1.0,0.9717599106461058,0.9443693205840145
Gilbert,8,,0.25,5,11,0.07142857142857142,1.0,0.9999999999659744,0.9999999999836293
Gilbert,8,,0.25,5,12,0.0859375,1.0,0.9251263151137952,0.864515412704182
Gilbert,8,,0.25,5,13,0.15,1.0,0.9826048969648795,0.9219567975791584
Gilbert,8,,0.25,5,14,0.1328125,0.75,0.8398261831522393,0.9118426501515169
Gilbert,8,,0.25,5,15,0.21875,1.0,0.9954747944821989,0.9633962199896443
Gilbert,8,,0.25,5,16,0.16666666666666666,1.0,0.9992722219190385,0.948389499760346
Gilbert,8,,0.25,5,17,0.3,1.0,0.999999999989695,0.8578480590455678
Gilbert,8,,0.25,5,18,0.3,1.0,0.999999999989695,0.8578480590455687
Gilbert,8,,0.25,5,19,0.19375,0.9,0.9651683160088222,0.9223120714145416
Gilbert,8,,0.25,6,0,0.3,1.0,0.9999999263324802,0.8977992741599596
Gilbert,8,,0.25,6,1,0.15,1.0,0.999999999111014,0.846722108059021
Gilbert,8,,0.25,6,2,0.3,1.0,0.9955044671235196,0.9083805817269279
Gilbert,8,,0.25,6,3,0.2421875,0.5,0.6568422717514776,0.8999610283395347
Gilbert,8,,0.25,6,4,0.21875,1.0,0.999999999727584,0.8004378443785772
Gilbert,8,,0.25,6,5,0.3,1.0,0.9999999934582411,0.8622796296083237
Gilbert,8,,0.25,6,6,0.225,1.0,0.49306291347894093,0.6126366963010215
Gilbert,8,,0.25,6,7,0.225,1.0,0.9999999992878663,0.929909281005251
Gilbert,8,,0.25,6,8,0.3125,1.0,0.9490011998211464,0.899758012828247
Gilbert,8,,0.25,6,9,0.225,1.0,0.9996054490536851,0.8900640482354302
Gilbert,8,,0.25,6,10,0.3125,1.0,0.9860270499624687,0.9626458457324113
Gilbert,8,,0.25,6,11,0.07142857142857142,1.0,0.9999999996414324,0.9999999999538106
Gilbert,8,,0.25,6,12,0.0859375,1.0,0.9383468149081549,0.7854859910660004
Gilbert,8,,0.25,6,13,0.15,1.0,0.9863156254442093,0.9423898458910708
Gilbert,8,,0.25,6,14,0.1328125,0.75,0.920477165314907,0.827937594096561
Gilbert,8,,0.25,6,15,0.21875,1.0,0.9985741563171966,0.9740244457046244
Gilbert,8,,0.25,6,16,0.16666666666666666,1.0,0.9999999243711079,0.9999999985238969
Gilbert,8,,0.25,6,17,0.3,1.0,0.999999999363029,0.8819240074219188
Gilbert,8,,0.25,6,18,0.3,1.0,0.9999999993630283,0.8819240074826732
Gilbert,8,,0.25,6,19,0.19375,0.9,0.9645755349281657,0.9626056269703493
Gilbert,8,,0.25,7,0,0.3,1.0,0.9999996988690855,0.925913445496815
Gilbert,8,,0.25,7,1,0.15,1.0,0.9999999994068874,0.8511667515102908
Gilbert,8,,0.25,7,2,0.3,1.0,0.995636007826296,0.9323302022569969
Gilbert,8,,0.25,7,3,0.2421875,0.5,0.8012269587090971,0.8473155970246702
Gilbert,8,,0.25,7,4,0.21875,1.0,0.9999999456259951,0.8454362205047619
Gilbert,8,,0.25,7,5,0.3,1.0,0.9999999652752323,0.8932267246133307
Gilbert,8,,0.25,7,6,0.225,1.0,0.9999999979559803,0.6291304499258008
Gilbert,8,,0.25,7,7,0.225,1.0,0.999999998537285,0.9367374299217921
Gilbert,8,,0.25,7,8,0.3125,1.0,0.9502897267539987,0.9300972792694637
Gilbert,8,,0.25,7,9,0.225,1.0,0.9999999995307753,0.8788204577149241
Gilbert,8,,0.25,7,10,0.3125,1.0,0.9839551086854872,0.9781721319304562
Gilbert,8,,0.25,7,11,0.07142857142857142,1.0,0.999999999959513,0.9999999999905977
Gilbert,8,,0.25,7,12,0.0859375,1.0,0.6077899360078312,0.823081497991481
Gilbert,8,,0.25,7,13,0.15,1.0,0.9943228041557134,0.9560826640153547
Gilbert,8,,0.25,7,14,0.1328125,0.75,0.9275231938551127,0.9326879831500351
Gilbert,8,,0.25,7,15,0.21875,1.0,0.999353744477492,0.9820753945559453
Gilbert,8,,0.25,7,16,0.16666666666666666,1.0,0.9999999877314204,0.9999999997349849
Gilbert,8,,0.25,7,17,0.3,1.0,0.9999999865595385,0.9040682632131958
Gilbert,8,,0.25,7,18,0.3,1.0,0.9999999865595172,0.9040682630206891
Gilbert,8,,0.25,7,19,0.19375,0.9,0.9920021172944186,0.9865402035487414
Gilbert,8,,0.25,8,0,0.3,1.0,0.9999999419269688,0.9319251957743294
Gilbert,8,,0.25,8,1,0.15,1.0,0.9999962506460168,0.8498201346886161
Gilbert,8,,0.25,8,2,0.3,1.0,0.9956731825103198,0.9508831432737104
Gilbert,8,,0.25,8,3,0.2421875,0.5,0.9221560352902982,0.9127574442992307
Gilbert,8,,0.25,8,4,0.21875,1.0,0.9999994965412733,0.8919284452922585
Gilbert,8,,0.25,8,5,0.3,1.0,0.9999995339489418,0.9276750234977318
Gilbert,8,,0.25,8,6,0.225,1.0,0.7616680913375321,0.6320716807042245
Gilbert,8,,0.25,8,7,0.225,1.0,0.9999999919387335,0.9457478540443669
Gilbert,8,,0.25,8,8,0.3125,1.0,0.9573157951939314,0.935062661703966
Gilbert,8,,0.25,8,9,0.225,1.0,0.9999989964769181,0.9280023653112623
Gilbert,8,,0.25,8,10,0.3125,1.0,0.9917074114468089,0.9815344925542581
Gilbert,8,,0.25,8,11,0.07142857142857142,1.0,0.9999999996292459,0.9999999999122784
Gilbert,8,,0.25,8,12,0.0859375,1.0,0.8243029290554165,0.9173466082359203
Gilbert,8,,0.25,8,13,0.15,1.0,0.996134869076284,0.9771029352457692
Gilbert,8,,0.25,8,14,0.1328125,0.75,0.9242363622737906,0.8932323484554332
Gilbert,8,,0.25,8,15,0.21875,1.0,0.9997131307685017,0.9898813730464204
Gilbert,8,,0.25,8,16,0.16666666666666666,1.0,0.9999999976646788,0.9999999995872114
Gilbert,8,,0.25,8,17,0.3,1.0,0.9999997016636781,0.9549689189852988
Gilbert,8,,0.25,8,18,0.3,1.0,0.9999997016637536,0.9549689166862898
Gilbert,8,,0.25,8,19,0.19375,0.9,0.9960758295813319,0.9925420564048071
Gilbert,8,,0.25,9,0,0.3,1.0,0.9999996294431881,0.9515811297346055
Gilbert,8,,0.25,9,1,0.15,1.0,0.9999996873760993,0.9205691449395494
Gilbert,8,,0.25,9,2,0.3,1.0,0.9956890850035365,0.9685010117853914
Gilbert,8,,0.25,9,3,0.2421875,0.5,0.9462971743763556,0.9308037504911832
Gilbert,8,,0.25,9,4,0.21875,1.0,0.9999999597683966,0.9152584239362498
Gilbert,8,,0.25,9,5,0.3,1.0,0.9999999833002283,0.944696577666799
Gilbert,8,,0.25,9,6,0.225,1.0,0.8716480023301065,0.6354761300428202
Gilbert,8,,0.25,9,7,0.225,1.0,0.9999999901996368,0.948967401786129
Gilbert,8,,0.25,9,8,0.3125,1.0,0.999999999445328,0.9665188395747699
Gilbert,8,,0.25,9,9,0.225,1.0,0.9999999391271708,0.9178812517320821
Gilbert,8,,0.25,9,10,0.3125,1.0,0.99367608247411,0.9766054282840672
Gilbert,8,,0.25,9,11,0.07142857142857142,1.0,0.9999999998590461,0.9999999999278971
Gilbert,8,,0.25,9,12,0.0859375,1.0,0.8203754423740908,0.9676422299293382
Gilbert,8,,0.25,9,13,0.15,1.0,0.9958933699369936,0.9867126997164224
Gilbert,8,,0.25,9,14,0.1328125,0.75,0.9586254277992781,0.8850285552453054
Gilbert,8,,0.25,9,15,0.21875,1.0,0.9998538496689832,0.9889800359466603
Gilbert,8,,0.25,9,16,0.16666666666666666,1.0,0.9999998191743371,0.9999999989180571
Gilbert,8,,0.25,9,17,0.3,1.0,0.9999999346747558,0.9697708956752551
Gilbert,8,,0.25,9,18,0.3,1.0,0.999999925569443,0.969770896738822
Gilbert,8,,0.25,9,19,0.19375,0.9,0.9997743123876968,0.9999881845969597
Gilbert,8,,0.25,10,0,0.3,1.0,0.9999986570301973,0.9785688438321145
Gilbert,8,,0.25,10,1,0.15,1.0,0.9999998090065961,0.8710859303354092
Gilbert,8,,0.25,10,2,0.3,1.0,0.9956896448983968,0.9781598797723167
Gilbert,8,,0.25,10,3,0.2421875,0.5,0.9480639070567279,0.9083893845264732
Gilbert,8,,0.25,10,4,0.21875,1.0,0.9999997317612586,0.9392129047893054
Gilbert,8,,0.25,10,5,0.3,1.0,0.9999993651353194,0.9605683071013509
Gilbert,8,,0.25,10,6,0.225,1.0,0.9999999009445869,0.6378879030750537
Gilbert,8,,0.25,10,7,0.225,1.0,0.9999999976062837,0.9999999960796409
Gilbert,8,,0.25,10,8,0.3125,1.0,0.9999999977458751,0.9839813640563786
Gilbert,8,,0.25,10,9,0.225,1.0,0.9999999880377232,0.9363835962094719
Gilbert,8,,0.25,10,10,0.3125,1.0,0.9920756292917101,0.983522969102883
Gilbert,8,,0.25,10,11,0.07142857142857142,1.0,0.9999999999602872,0.9999999999979006
Gilbert,8,,0.25,10,12,0.0859375,1.0,0.8481369686127465,0.9775773282144804
Gilbert,8,,0.25,10,13,0.15,1.0,0.9990502319659609,0.9893302871691201
Gilbert,8,,0.25,10,14,0.1328125,0.75,0.9790234721688879,0.9801597822474607
Gilbert,8,,0.25,10,15,0.21875,1.0,0.9999326683144576,0.9965194262774585
Gilbert,8,,0.25,10,16,0.16666666666666666,1.0,0.9999990832874258,0.9999999990499496
Gilbert,8,,0.25,10,17,0.3,1.0,0.9999998245436048,0.9811359181336332
Gilbert,8,,0.25,10,18,0.3,1.0,0.99999976895864,0.9811359227079262
Gilbert,8,,0.25,10,19,0.19375,0.9,0.9999999887226452,0.9998658407247621
Gilbert,9,,0.1,1,0,0.1875,1.0,0.7530006340716269,0.6228165973229561
Gilbert,9,,0.1,1,1,0.14285714285714285,1.0,0.979498788570608,0.8653049451816283
Gilbert,9,,0.1,1,2,0.08928571428571429,1.0,0.8733995078363532,0.7376205802584883
Gilbert,9,,0.1,1,3,0.0625,1.0,0.9596255226230654,0.940226076510291
Gilbert,9,,0.1,1,4,0.125,1.0,0.7894815524852002,0.6089214871719463
Gilbert,9,,0.1,1,5,0.25,1.0,0.8566792438640052,0.7760712361630192
Gilbert,9,,0.1,1,6,0.25,1.0,0.8120500622444157,0.5728256747014809
Gilbert,9,,0.1,1,7,0.08928571428571429,1.0,0.8686234430178436,0.7099886574338077
Gilbert,9,,0.1,1,8,0.4,1.0,0.5590538460708319,0.48278894066757977
Gilbert,9,,0.1,1,9,0.25,1.0,0.8120500622444157,0.5728256747014809
Gilbert,9,,0.1,1,10,0.14285714285714285,1.0,0.8651831796850827,0.717874260960363
Gilbert,9,,0.1,1,11,0.14285714285714285,1.0,0.8651831796850828,0.717874260960363
Gilbert,9,,0.1,1,12,0.125,1.0,0.8797222931095031,0.6586733534463772
Gilbert,9,,0.1,1,13,0.1875,1.0,0.8200138550299219,0.6559296954725146
Gilbert,9,,0.1,1,14,0.14285714285714285,1.0,0.9140469865844495,0.6721115778135364
Gilbert,9,,0.1,1,15,0.1875,1.0,0.9481826443071163,0.707191972882403
Gilbert,9,,0.1,1,16,0.0625,1.0,0.9596255226230657,0.9402260765102909
Gilbert,9,,0.1,1,17,0.0625,1.0,0.9596255226230654,0.940226076510291
Gilbert,9,,0.1,1,18,0.25,1.0,0.8120500622444157,0.5728256747014809
Gilbert,9,,0.1,1,19,0.25,1.0,0.8566792438640052,0.776071236163019
Gilbert,9,,0.1,2,0,0.1875,1.0,0.7532148341894637,0.7477410461442296
Gilbert,9,,0.1,2,1,0.14285714285714285,1.0,0.9909860309074785,0.9705778304672174
Gilbert,9,,0.1,2,2,0.08928571428571429,1.0,0.9118349312172465,0.8404652521886193
Gilbert,9,,0.1,2,3,0.0625,1.0,0.9959702965796741,0.9893883912231252
Gilbert,9,,0.1,2,4,0.125,1.0,0.7922890881710339,0.6948929316133774
Gilbert,9,,0.1,2,5,0.25,1.0,0.9904758670121793,0.9623023177322176
Gilbert,9,,0.1,2,6,0.25,1.0,0.9366322061344844,0.8209227098140301
Gilbert,9,,0.1,2,7,0.08928571428571429,1.0,0.8753883399054165,0.7628858368911925
Gilbert,9,,0.1,2,8,0.4,1.0,0.7709834099490993,0.643620620509658
Gilbert,9,,0.1,2,9,0.25,1.0,0.9366322061344836,0.8209227098140298
Gilbert,9,,0.1,2,10,0.14285714285714285,1.0,0.9505106163962467,0.8734592264026632
Gilbert,9,,0.1,2,11,0.14285714285714285,1.0,0.9505106163962466,0.873459226402664
Gilbert,9,,0.1,2,12,0.125,1.0,0.9562315401318582,0.7507179247799759
Gilbert,9,,0.1,2,13,0.1875,1.0,0.8784080838190159,0.801587276278951
Gilbert,9,,0.1,2,14,0.14285714285714285,1.0,0.9783621074896234,0.8151268781068616
Gilbert,9,,0.1,2,15,0.1875,1.0,0.9777071698026849,0.8881713768449692
Gilbert,9,,0.1,2,16,0.0625,1.0,0.995970296579674,0.9893883912231247
Gilbert,9,,0.1,2,17,0.0625,1.0,0.9959702965796748,0.9893883912231245
Gilbert,9,,0.1,2,18,0.25,1.0,0.9366322061344835,0.8209227098140297
Gilbert,9,,0.1,2,19,0.25,1.0,0.9904758670121794,0.9623023177322176
Gilbert,9,,0.1,3,0,0.1875,1.0,0.8882000116711689,0.8322110095193782
Gilbert,9,,0.1,3,1,0.14285714285714285,1.0,0.999999999999846,0.9999999999999923
Gilbert,9,,0.1,3,2,0.08928571428571429,1.0,0.9437628029010952,0.9133905964783248
Gilbert,9,,0.1,3,3,0.0625,1.0,0.999999999938164,0.9999999999991203
Gilbert,9,,0.1,3,4,0.125,1.0,0.9547218591138074,0.8145833491199713
Gilbert,9,,0.1,3,5,0.25,1.0,0.9999999999988223,0.9999999999259916
Gilbert,9,,0.1,3,6,0.25,1.0,0.9693430047045508,0.9161645260406406
Gilbert,9,,0.1,3,7,0.08928571428571429,1.0,0.9996632936220168,0.8365284543953073
Gilbert,9,,0.1,3,8,0.4,1.0,0.999999999997194,0.6566329767185369
Gilbert,9,,0.1,3,9,0.25,1.0,0.9693430047045509,0.9161645260406411
Gilbert,9,,0.1,3,10,0.14285714285714285,1.0,0.9833308486564213,0.9454264564636115
Gilbert,9,,0.1,3,11,0.14285714285714285,1.0,0.9833308486564221,0.9454264564636107
Gilbert,9,,0.1,3,12,0.125,1.0,0.9796403242694632,0.8493327064288655
Gilbert,9,,0.1,3,13,0.1875,1.0,0.917671659803756,0.8637754976059951
Gilbert,9,,0.1,3,14,0.14285714285714285,1.0,0.9940583054167338,0.885960165227084
Gilbert,9,,0.1,3,15,0.1875,1.0,0.9884120727588265,0.9393170521912282
Gilbert,9,,0.1,3,16,0.0625,1.0,0.9999999999381646,0.9999999999991189
Gilbert,9,,0.1,3,17,0.0625,1.0,0.9999999999381637,0.9999999999991189
Gilbert,9,,0.1,3,18,0.25,1.0,0.9693430047045509,0.9161645260406397
Gilbert,9,,0.1,3,19,0.25,1.0,0.9999999999988213,0.9999999999259921
Gilbert,9,,0.1,4,0,0.1875,1.0,0.9080497893036225,0.8662051674455284
Gilbert,9,,0.1,4,1,0.14285714285714285,1.0,0.9999999995397876,0.9999999999897963
Gilbert,9,,0.1,4,2,0.08928571428571429,1.0,0.9573537652679308,0.9449664243711616
Gilbert,9,,0.1,4,3,0.0625,1.0,0.9999999999882462,0.9999999999847391
Gilbert,9,,0.1,4,4,0.125,1.0,0.9994956883852754,0.8405697034828611
Gilbert,9,,0.1,4,5,0.25,1.0,0.9999999999998703,0.999999999970956
Gilbert,9,,0.1,4,6,0.25,1.0,0.9938577441842479,0.9117512670680403
Gilbert,9,,0.1,4,7,0.08928571428571429,1.0,0.999999999646751,0.8848466338930278
Gilbert,9,,0.1,4,8,0.4,1.0,0.9999999999265077,0.7734897291828526
Gilbert,9,,0.1,4,9,0.25,1.0,0.9938577441842474,0.9117512670680394
Gilbert,9,,0.1,4,10,0.14285714285714285,1.0,0.9957680052079639,0.9809267954532752
Gilbert,9,,0.1,4,11,0.14285714285714285,1.0,0.9957680052079622,0.980926795453275
Gilbert,9,,0.1,4,12,0.125,1.0,0.990273781270588,0.8623960992789836
Gilbert,9,,0.1,4,13,0.1875,1.0,0.999996940308992,0.9304379571246858
Gilbert,9,,0.1,4,14,0.14285714285714285,1.0,0.9974142710973711,0.9214235717311892
Gilbert,9,,0.1,4,15,0.1875,1.0,0.9955820586873871,0.9861228629656539
Gilbert,9,,0.1,4,16,0.0625,1.0,0.9999999999882461,0.99999999998474
Gilbert,9,,0.1,4,17,0.0625,1.0,0.999999999988245,0.9999999999847404
Gilbert,9,,0.1,4,18,0.25,1.0,0.9938577441842473,0.9117512670680387
Gilbert,9,,0.1,4,19,0.25,1.0,0.9999999999998712,0.9999999999709551
Gilbert,9,,0.1,5,0,0.1875,1.0,0.9998673525880569,0.9183038944359341
Gilbert,9,,0.1,5,1,0.14285714285714285,1.0,0.9999999998811155,0.99999999996242
Gilbert,9,,0.1,5,2,0.08928571428571429,1.0,0.9999997756754988,0.9704599743350207
Gilbert,9,,0.1,5,3,0.0625,1.0,0.9999999993664476,0.9999999998011436
Gilbert,9,,0.1,5,4,0.125,1.0,0.99999999059367,0.8878698323168742
Gilbert,9,,0.1,5,5,0.25,1.0,0.9999999999981689,0.999999999876243
Gilbert,9,,0.1,5,6,0.25,1.0,0.9952713235019003,0.9649420006497588
Gilbert,9,,0.1,5,7,0.08928571428571429,1.0,0.9999999989959639,0.87064154986754
Gilbert,9,,0.1,5,8,0.4,1.0,0.999999989402005,0.7951756686641416
Gilbert,9,,0.1,5,9,0.25,1.0,0.995271323501901,0.964942000649805
Gilbert,9,,0.1,5,10,0.14285714285714285,1.0,0.9960976498436113,0.9921403062035451
Gilbert,9,,0.1,5,11,0.14285714285714285,1.0,0.9960976498436102,0.9921403062035447
Gilbert,9,,0.1,5,12,0.125,1.0,0.9929845789095476,0.9181193565489876
Gilbert,9,,0.1,5,13,0.1875,1.0,0.9999999237742424,0.9557658990045091
Gilbert,9,,0.1,5,14,0.14285714285714285,1.0,0.9993124126274341,0.9612125409036719
Gilbert,9,,0.1,5,15,0.1875,1.0,0.9991935769015151,0.9933554631003628
Gilbert,9,,0.1,5,16,0.0625,1.0,0.9999999993664473,0.9999999998011435
Gilbert,9,,0.1,5,17,0.0625,1.0,0.9999999993664465,0.9999999998011442
Gilbert,9,,0.1,5,18,0.25,1.0,0.9952713235018983,0.9649420006496282
Gilbert,9,,0.1,5,19,0.25,1.0,0.9999999999981699,0.9999999998762433
Gilbert,9,,0.1,6,0,0.1875,1.0,0.99999999993625,0.9586510030658933
Gilbert,9,,0.1,6,1,0.14285714285714285,1.0,0.9999999999809956,0.9999999999803618
Gilbert,9,,0.1,6,2,0.08928571428571429,1.0,0.9999999940101392,0.9842539657463167
Gilbert,9,,0.1,6,3,0.0625,1.0,0.9999999965253659,0.9999999999995124
Gilbert,9,,0.1,6,4,0.125,1.0,0.9999999465643864,0.91663810418718
Gilbert,9,,0.1,6,5,0.25,1.0,0.9999999999512165,0.9999999989582583
Gilbert,9,,0.1,6,6,0.25,1.0,0.9997931378124886,0.9908032454351045
Gilbert,9,,0.1,6,7,0.08928571428571429,1.0,0.9999996630269047,0.9179721943383736
Gilbert,9,,0.1,6,8,0.4,1.0,0.9999999695396987,0.8040247824394072
Gilbert,9,,0.1,6,9,0.25,1.0,0.9997931526911431,0.9908032455119585
Gilbert,9,,0.1,6,10,0.14285714285714285,1.0,0.9998254787881927,0.9940053432907073
Gilbert,9,,0.1,6,11,0.14285714285714285,1.0,0.9998254870846685,0.9940053432911101
Gilbert,9,,0.1,6,12,0.125,1.0,0.9968513910579286,0.9188904240094286
Gilbert,9,,0.1,6,13,0.1875,1.0,0.9999985796324539,0.9766120800790242
Gilbert,9,,0.1,6,14,0.14285714285714285,1.0,0.9999101161410936,0.9788524033837221
Gilbert,9,,0.1,6,15,0.1875,1.0,0.9998186507610805,0.9987185618361446
Gilbert,9,,0.1,6,16,0.0625,1.0,0.999999996525366,0.9999999999995131
Gilbert,9,,0.1,6,17,0.0625,1.0,0.9999999965253664,0.9999999999995144
Gilbert,9,,0.1,6,18,0.25,1.0,0.9997931531367691,0.990803245519334
Gilbert,9,,0.1,6,19,0.25,1.0,0.9999999999512165,0.9999999989582588
Gilbert,9,,0.1,7,0,0.1875,1.0,0.9984429712261834,0.9727028239233086
Gilbert,9,,0.1,7,1,0.14285714285714285,1.0,0.9999999999061507,0.99999999998152
Gilbert,9,,0.1,7,2,0.08928571428571429,1.0,0.9999999871130577,0.9893235013800038
Gilbert,9,,0.1,7,3,0.0625,1.0,0.9999999999965672,0.9999999999926368
Gilbert,9,,0.1,7,4,0.125,1.0,0.9999998598302903,0.9042938679140956
Gilbert,9,,0.1,7,5,0.25,1.0,0.9999999999981615,0.9999999999990115
Gilbert,9,,0.1,7,6,0.25,1.0,0.9999971059777569,0.9963441836432301
Gilbert,9,,0.1,7,7,0.08928571428571429,1.0,0.9999998965820576,0.9645010163461462
Gilbert,9,,0.1,7,8,0.4,1.0,0.9999999840690652,0.8362445028571897
Gilbert,9,,0.1,7,9,0.25,1.0,0.9999993317559359,0.9963441850246552
Gilbert,9,,0.1,7,10,0.14285714285714285,1.0,0.9999999958908398,0.9958352488352141
Gilbert,9,,0.1,7,11,0.14285714285714285,1.0,0.9999999952429047,0.9958352563026239
Gilbert,9,,0.1,7,12,0.125,1.0,0.9980471847736551,0.9575909921062743
Gilbert,9,,0.1,7,13,0.1875,1.0,0.9999989333976759,0.9728275724988044
Gilbert,9,,0.1,7,14,0.14285714285714285,1.0,0.999988163624885,0.9861132582945987
Gilbert,9,,0.1,7,15,0.1875,1.0,0.9999568274385094,0.998821960322633
Gilbert,9,,0.1,7,16,0.0625,1.0,0.9999999999965687,0.9999999999926362
Gilbert,9,,0.1,7,17,0.0625,1.0,0.9999999999965684,0.9999999999926348
Gilbert,9,,0.1,7,18,0.25,1.0,0.9999982784427127,0.996344184584173
Gilbert,9,,0.1,7,19,0.25,1.0,0.9999999999981618,0.9999999999990106
Gilbert,9,,0.1,8,0,0.1875,1.0,0.9999999940954618,0.981655054984779
Gilbert,9,,0.1,8,1,0.14285714285714285,1.0,0.9999999999439425,0.9999999999820748
Gilbert,9,,0.1,8,2,0.08928571428571429,1.0,0.9999997940677854,0.9899019944980489
Gilbert,9,,0.1,8,3,0.0625,1.0,0.9999999998603512,0.9999999998880409
Gilbert,9,,0.1,8,4,0.125,1.0,0.9999993661360199,0.8801820901527636
Gilbert,9,,0.1,8,5,0.25,1.0,0.9999999999338067,0.9999999999997312
Gilbert,9,,0.1,8,6,0.25,1.0,0.9999999425597643,0.9999999968638565
Gilbert,9,,0.1,8,7,0.08928571428571429,1.0,0.9999999627508893,0.9689156942532181
Gilbert,9,,0.1,8,8,0.4,1.0,0.9999995362066869,0.7775363536682145
Gilbert,9,,0.1,8,9,0.25,1.0,0.9999999807167926,0.9999999820553929
Gilbert,9,,0.1,8,10,0.14285714285714285,1.0,0.9999997160723476,0.9997814804233095
Gilbert,9,,0.1,8,11,0.14285714285714285,1.0,0.9999999731081777,0.9997809358517452
Gilbert,9,,0.1,8,12,0.125,1.0,0.9989990407475865,0.9916320147427428
Gilbert,9,,0.1,8,13,0.1875,1.0,0.9999995573219813,0.9830468287803953
Gilbert,9,,0.1,8,14,0.14285714285714285,1.0,0.9999922864933664,0.9894115450776725
Gilbert,9,,0.1,8,15,0.1875,1.0,0.9999852968804962,0.9997198108334922
Gilbert,9,,0.1,8,16,0.0625,1.0,0.9999999998603537,0.9999999998880419
Gilbert,9,,0.1,8,17,0.0625,1.0,0.9999999998603508,0.99999999988804
Gilbert,9,,0.1,8,18,0.25,1.0,0.9999999778269375,0.9999999848206537
Gilbert,9,,0.1,8,19,0.25,1.0,0.9999999999338097,0.9999999999997294
Gilbert,9,,0.1,9,0,0.1875,1.0,0.999999969406003,0.9827129351475506
Gilbert,9,,0.1,9,1,0.14285714285714285,1.0,0.999999999966677,0.9999999999998419
Gilbert,9,,0.1,9,2,0.08928571428571429,1.0,0.9999987322295015,0.9899629736132509
Gilbert,9,,0.1,9,3,0.0625,1.0,0.999999999983114,0.9999999999898237
Gilbert,9,,0.1,9,4,0.125,1.0,0.9999997385086158,0.9537183897750499
Gilbert,9,,0.1,9,5,0.25,1.0,0.999999999989345,0.9999999999964104
Gilbert,9,,0.1,9,6,0.25,1.0,0.9999999934510343,0.9999999606897525
Gilbert,9,,0.1,9,7,0.08928571428571429,1.0,0.99999921015125,0.991112482298374
Gilbert,9,,0.1,9,8,0.4,1.0,0.9999997474349918,0.9318219878254353
Gilbert,9,,0.1,9,9,0.25,1.0,0.9999999841729365,0.9999999827756465
Gilbert,9,,0.1,9,10,0.14285714285714285,1.0,0.9999989996935943,0.9999999988792597
Gilbert,9,,0.1,9,11,0.14285714285714285,1.0,0.9999997830704083,0.9999999654327799
Gilbert,9,,0.1,9,12,0.125,1.0,0.9993625406910999,0.9843410613211153
Gilbert,9,,0.1,9,13,0.1875,1.0,0.9999992536560068,0.9887574773404152
Gilbert,9,,0.1,9,14,0.14285714285714285,1.0,0.9999964131625656,0.996180733099793
Gilbert,9,,0.1,9,15,0.1875,1.0,0.999995303883073,0.9998463729150554
Gilbert,9,,0.1,9,16,0.0625,1.0,0.9999999999831142,0.9999999999898213
Gilbert,9,,0.1,9,17,0.0625,1.0,0.9999999999831161,0.9999999999898237
Gilbert,9,,0.1,9,18,0.25,1.0,0.9999999660065048,0.999999995641323
Gilbert,9,,0.1,9,19,0.25,1.0,0.9999999999893427,0.999999999996411
Gilbert,9,,0.1,10,0,0.1875,1.0,0.9999998966633022,0.9838498012019724
Gilbert,9,,0.1,10,1,0.14285714285714285,1.0,0.9999999993153074,0.9999999999982406
Gilbert,9,,0.1,10,2,0.08928571428571429,1.0,0.9999999543223677,0.9956145800597921
Gilbert,9,,0.1,10,3,0.0625,1.0,0.9999999999993517,0.9999999999648317
Gilbert,9,,0.1,10,4,0.125,1.0,0.9999999485421979,0.9520805385562197
Gilbert,9,,0.1,10,5,0.25,1.0,0.9999999999009895,0.9999999999999275
Gilbert,9,,0.1,10,6,0.25,1.0,0.999999980505708,0.9999999985962313
Gilbert,9,,0.1,10,7,0.08928571428571429,1.0,0.9999999492745376,0.9907378474348537
Gilbert,9,,0.1,10,8,0.4,1.0,0.9999999768184429,0.7877115449897788
Gilbert,9,,0.1,10,9,0.25,1.0,0.9999994528171342,0.9999999828435605
Gilbert,9,,0.1,10,10,0.14285714285714285,1.0,0.9999996542701749,0.9999999897260908
Gilbert,9,,0.1,10,11,0.14285714285714285,1.0,0.9999998536464085,0.9999999924211413
Gilbert,9,,0.1,10,12,0.125,1.0,0.9995895718037359,0.991000615062631
Gilbert,9,,0.1,10,13,0.1875,1.0,0.999999405874266,0.9907207779043693
Gilbert,9,,0.1,10,14,0.14285714285714285,1.0,0.999998534548204,0.9981851606258983
Gilbert,9,,0.1,10,15,0.1875,1.0,0.9999986582564522,0.9999652421440999
Gilbert,9,,0.1,10,16,0.0625,1.0,0.9999999999993556,0.9999999999648322
Gilbert,9,,0.1,10,17,0.0625,1.0,0.9999999999993561,0.9999999999648314
Gilbert,9,,0.1,10,18,0.25,1.0,0.9999999790715183,0.9999999985884739
Gilbert,9,,0.1,10,19,0.25,1.0,0.9999999999009894,0.9999999999999286
Gilbert,9,,0.25,1,0,0.4,1.0,0.5285393175562485,0.4728566283583402
Gilbert,9,,0.25,1,1,0.325,1.0,0.41759385883917605,0.4027164211115445
Gilbert,9,,0.25,1,2,0.2109375,1.0,0.28179185088474806,0.30230375034090207
Gilbert,9,,0.25,1,3,0.234375,0.0,0.39899113847731704,0.39899113847731493
Gilbert,9,,0.25,1,4,0.2578125,0.625,0.38919938632440787,0.42843267032720384
Gilbert,9,,0.25,1,5,0.25,1.0,0.27979892282656116,0.276816244885554
Gilbert,9,,0.25,1,6,0.234375,0.0,0.3167982357382938,0.3167982357382936
Gilbert,9,,0.25,1,7,0.25,1.0,0.8036352071835834,0.4561799197018353
Gilbert,9,,0.25,1,8,0.125,1.0,0.8797222931095031,0.6586733534463772
Gilbert,9,,0.25,1,9,0.3046875,0.75,0.4698805209863253,0.46547071020384906
Gilbert,9,,0.25,1,10,0.1875,1.0,0.5510167037054114,0.2836978878264474
Gilbert,9,,0.25,1,11,0.21875,0.625,0.37560165290446235,0.38133048634863154
Gilbert,9,,0.25,1,12,0.175,1.0,0.16702671411889652,0.23021315079030344
Gilbert,9,,0.25,1,13,0.175,1.0,0.49935953688123547,0.29663069166960204
Gilbert,9,,0.25,1,14,0.25,1.0,0.37531509207665437,0.4004130348431847
Gilbert,9,,0.25,1,15,0.14285714285714285,1.0,0.8651831796850826,0.7178742609603631
Gilbert,9,,0.25,1,16,0.1875,1.0,0.7426659542881703,0.31789962568405256
Gilbert,9,,0.25,1,17,0.25,1.0,0.2381419517398411,0.3061203774200132
Gilbert,9,,0.25,1,18,0.08928571428571429,1.0,0.8900041331516785,0.7816027771279861
Gilbert,9,,0.25,1,19,0.325,1.0,0.3561307217290146,0.35735402008427497
Gilbert,9,,0.25,2,0,0.4,1.0,0.7855478099896448,0.6275956558239628
Gilbert,9,,0.25,2,1,0.325,1.0,0.8285746358531909,0.4583406992875162
Gilbert,9,,0.25,2,2,0.2109375,1.0,0.5683366455844965,0.7178024295315171
Gilbert,9,,0.25,2,3,0.234375,0.0,0.4589549871202233,0.4589549871202243
Gilbert,9,,0.25,2,4,0.2578125,0.625,0.4477026249402045,0.586698478270638
Gilbert,9,,0.25,2,5,0.25,1.0,0.8314517247750555,0.5561460111413374
Gilbert,9,,0.25,2,6,0.234375,0.0,0.5700774712581156,0.5700774712581155
Gilbert,9,,0.25,2,7,0.25,1.0,0.9178265541120357,0.7860814277318271
Gilbert,9,,0.25,2,8,0.125,1.0,0.95623154013186,0.750717924779976
Gilbert,9,,0.25,2,9,0.3046875,0.75,0.7625333890006543,0.3959000925488471
Gilbert,9,,0.25,2,10,0.1875,1.0,0.7414694234713674,0.5312733835387559
Gilbert,9,,0.25,2,11,0.21875,0.625,0.5059974510652901,0.6510697781468785
Gilbert,9,,0.25,2,12,0.175,1.0,0.8585909179317787,0.3891234839603701
Gilbert,9,,0.25,2,13,0.175,1.0,0.6489301205004221,0.5244689150578048
Gilbert,9,,0.25,2,14,0.25,1.0,0.7875340504398815,0.6029335470657847
Gilbert,9,,0.25,2,15,0.14285714285714285,1.0,0.9505106163962468,0.8734592264026638
Gilbert,9,,0.25,2,16,0.1875,1.0,0.7753626524128,0.5520000520844215
Gilbert,9,,0.25,2,17,0.25,1.0,0.806443022222064,0.43831320492253434
Gilbert,9,,0.25,2,18,0.08928571428571429,1.0,0.974454420408175,0.9173086049813373
Gilbert,9,,0.25,2,19,0.325,1.0,0.7965679715206158,0.4211891168371843
Gilbert,9,,0.25,3,0,0.4,1.0,0.9747045860114071,0.6869811530285574
Gilbert,9,,0.25,3,1,0.325,1.0,0.9257540836823779,0.4876312725001988
Gilbert,9,,0.25,3,2,0.2109375,1.0,0.7284057553345786,0.8024993516206882
Gilbert,9,,0.25,3,3,0.234375,0.0,0.5479210381995703,0.5479210381995665
Gilbert,9,,0.25,3,4,0.2578125,0.625,0.3288473478810752,0.45668126972047784
Gilbert,9,,0.25,3,5,0.25,1.0,0.8468606434189926,0.6112056011636909
Gilbert,9,,0.25,3,6,0.234375,0.0,0.27234802542451897,0.2723480254245196
Gilbert,9,,0.25,3,7,0.25,1.0,0.9712532669128863,0.8414653850500874
Gilbert,9,,0.25,3,8,0.125,1.0,0.9796403242694622,0.8493327064288652
Gilbert,9,,0.25,3,9,0.3046875,0.75,0.8481265756306163,0.6491352517544351
Gilbert,9,,0.25,3,10,0.1875,1.0,0.8457652657393172,0.7082291668698728
Gilbert,9,,0.25,3,11,0.21875,0.625,0.6710323225558397,0.6517908886346784
Gilbert,9,,0.25,3,12,0.175,1.0,0.9218586903860617,0.4832686998755297
Gilbert,9,,0.25,3,13,0.175,1.0,0.7850956972252459,0.6568269431543982
Gilbert,9,,0.25,3,14,0.25,1.0,0.7007807329688674,0.7510125047938693
Gilbert,9,,0.25,3,15,0.14285714285714285,1.0,0.9833308486564211,0.9454264564636105
Gilbert,9,,0.25,3,16,0.1875,1.0,0.9993932912846563,0.5603008530864672
Gilbert,9,,0.25,3,17,0.25,1.0,0.9401711797178518,0.6576057649334882
Gilbert,9,,0.25,3,18,0.08928571428571429,1.0,0.9815497936813907,0.9627543261473367
Gilbert,9,,0.25,3,19,0.325,1.0,0.5648017747549335,0.5300943202747435
Gilbert,9,,0.25,4,0,0.4,1.0,0.9850211668198721,0.7688446898165269
Gilbert,9,,0.25,4,1,0.325,1.0,0.9999999986845779,0.7237380713927719
Gilbert,9,,0.25,4,2,0.2109375,1.0,0.44142458646671856,0.8217797456045294
Gilbert,9,,0.25,4,3,0.234375,0.0,0.6282150772704556,0.6282150772704505
Gilbert,9,,0.25,4,4,0.2578125,0.625,0.7396226864793878,0.7091807412725428
Gilbert,9,,0.25,4,5,0.25,1.0,0.9990143295512333,0.26889498923224003
Gilbert,9,,0.25,4,6,0.234375,0.0,0.6416480626132822,0.6416480626772819
Gilbert,9,,0.25,4,7,0.25,1.0,0.9937926474556763,0.8704638522556616
Gilbert,9,,0.25,4,8,0.125,1.0,0.990273781270589,0.8623960992789813
Gilbert,9,,0.25,4,9,0.3046875,0.75,0.875422150628556,0.7383265450625873
Gilbert,9,,0.25,4,10,0.1875,1.0,0.999999999920063,0.7921821935484329
Gilbert,9,,0.25,4,11,0.21875,0.625,0.782677554926392,0.8335631576245093
Gilbert,9,,0.25,4,12,0.175,1.0,0.5508409499004091,0.5643547015747441
Gilbert,9,,0.25,4,13,0.175,1.0,0.8649111746469238,0.7068970065956124
Gilbert,9,,0.25,4,14,0.25,1.0,0.9999999998987456,0.7486553137184958
Gilbert,9,,0.25,4,15,0.14285714285714285,1.0,0.9957680052079642,0.9809267954532734
Gilbert,9,,0.25,4,16,0.1875,1.0,0.9999927128693579,0.5855267528555417
Gilbert,9,,0.25,4,17,0.25,1.0,0.9241306474998179,0.33911277340858326
Gilbert,9,,0.25,4,18,0.08928571428571429,1.0,0.9956188443354159,0.9894124384553852
Gilbert,9,,0.25,4,19,0.325,1.0,0.97691117149404,0.6297912373978051
Gilbert,9,,0.25,5,0,0.4,1.0,0.9866769455291656,0.7680752155402221
Gilbert,9,,0.25,5,1,0.325,1.0,0.9999999999997442,0.8187669679814136
Gilbert,9,,0.25,5,2,0.2109375,1.0,0.34415708809387263,0.8286109652690643
Gilbert,9,,0.25,5,3,0.234375,0.0,0.6365716003771295,0.6365716002071756
Gilbert,9,,0.25,5,4,0.2578125,0.625,0.7679255031896153,0.8221590607790847
Gilbert,9,,0.25,5,5,0.25,1.0,0.9999868626846666,0.6527229020556371
Gilbert,9,,0.25,5,6,0.234375,0.0,0.6914893839954388,0.6914893843518319
Gilbert,9,,0.25,5,7,0.25,1.0,0.999999998413402,0.9175048490206136
Gilbert,9,,0.25,5,8,0.125,1.0,0.9929845789095483,0.9181193565489902
Gilbert,9,,0.25,5,9,0.3046875,0.75,0.8809763224833546,0.7378018586425098
Gilbert,9,,0.25,5,10,0.1875,1.0,0.915945068161939,0.7907203794112795
Gilbert,9,,0.25,5,11,0.21875,0.625,0.8412676441802028,0.8416839899561064
Gilbert,9,,0.25,5,12,0.175,1.0,0.08719697071928927,0.5864935280035484
Gilbert,9,,0.25,5,13,0.175,1.0,0.9999999997564796,0.7354180064081263
Gilbert,9,,0.25,5,14,0.25,1.0,0.49999999992798544,0.8459213949205813
Gilbert,9,,0.25,5,15,0.14285714285714285,1.0,0.9960976498436113,0.9921403062035458
Gilbert,9,,0.25,5,16,0.1875,1.0,0.9999996957065638,0.6026214183668106
Gilbert,9,,0.25,5,17,0.25,1.0,0.9271437065347993,0.7989456350272055
Gilbert,9,,0.25,5,18,0.08928571428571429,1.0,0.999710692442915,0.9943622322510767
Gilbert,9,,0.25,5,19,0.325,1.0,0.9999999999978183,0.6597765253040648
Gilbert,9,,0.25,6,0,0.4,1.0,0.9875982853888576,0.7798914817542513
Gilbert,9,,0.25,6,1,0.325,1.0,0.9328248815270213,0.8340776515030542
Gilbert,9,,0.25,6,2,0.2109375,1.0,0.541047854624868,0.8346773382330368
Gilbert,9,,0.25,6,3,0.234375,0.0,0.691523352182993,0.6915233530384882
Gilbert,9,,0.25,6,4,0.2578125,0.625,0.8286437329687563,0.8489580477436605
Gilbert,9,,0.25,6,5,0.25,1.0,0.9999992974337776,0.620720831696367
Gilbert,9,,0.25,6,6,0.234375,0.0,0.7723143023089584,0.6846643634371541
Gilbert,9,,0.25,6,7,0.25,1.0,0.9999999973778716,0.9480793262863036
Gilbert,9,,0.25,6,8,0.125,1.0,0.9968513910579389,0.9188904240094281
Gilbert,9,,0.25,6,9,0.3046875,0.75,0.8832012916986473,0.830529155359824
Gilbert,9,,0.25,6,10,0.1875,1.0,0.9999999997076876,0.868029165989259
Gilbert,9,,0.25,6,11,0.21875,0.625,0.8853825806372728,0.920846423556763
Gilbert,9,,0.25,6,12,0.175,1.0,0.4340815767604055,0.6475974560950203
Gilbert,9,,0.25,6,13,0.175,1.0,0.9999999991199647,0.8185736492628497
Gilbert,9,,0.25,6,14,0.25,1.0,0.9999999973787833,0.9233855122464082
Gilbert,9,,0.25,6,15,0.14285714285714285,1.0,0.9998254804319245,0.9940053432906074
Gilbert,9,,0.25,6,16,0.1875,1.0,0.9999931705315003,0.6225472088377947
Gilbert,9,,0.25,6,17,0.25,1.0,0.9329060403858561,0.38266058770846023
Gilbert,9,,0.25,6,18,0.08928571428571429,1.0,0.9999890278281427,0.9990242731910818
Gilbert,9,,0.25,6,19,0.325,1.0,0.9999999993918642,0.7279054005656844
Gilbert,9,,0.25,7,0,0.4,1.0,0.9923819610398101,0.8062739013934056
Gilbert,9,,0.25,7,1,0.325,1.0,0.9999999997763285,0.8938808604035167
Gilbert,9,,0.25,7,2,0.2109375,1.0,0.7445127832896187,0.8328166016085392
Gilbert,9,,0.25,7,3,0.234375,0.0,0.6928751085216676,0.6928751021597871
Gilbert,9,,0.25,7,4,0.2578125,0.625,0.8440924963698718,0.8781333391198329
Gilbert,9,,0.25,7,5,0.25,1.0,0.999988757624438,0.7926944158700275
Gilbert,9,,0.25,7,6,0.234375,0.0,0.7536570173161672,0.774344739627221
Gilbert,9,,0.25,7,7,0.25,1.0,0.9999999966288181,0.9826856195539969
Gilbert,9,,0.25,7,8,0.125,1.0,0.998047184773648,0.9575909921062923
Gilbert,9,,0.25,7,9,0.3046875,0.75,0.9284276859928564,0.7698236004338339
Gilbert,9,,0.25,7,10,0.1875,1.0,0.9999996862698306,0.9022582269181876
Gilbert,9,,0.25,7,11,0.21875,0.625,0.8753542985549156,0.931717443032995
Gilbert,9,,0.25,7,12,0.175,1.0,0.438857248561826,0.6574990885396993
Gilbert,9,,0.25,7,13,0.175,1.0,0.9999999920873582,0.8430228105663267
Gilbert,9,,0.25,7,14,0.25,1.0,0.99999997305267,0.9196788894945828
Gilbert,9,,0.25,7,15,0.14285714285714285,1.0,0.9999991995998598,0.99583525491889
Gilbert,9,,0.25,7,16,0.1875,1.0,0.9999998322870413,0.6233533992946655
Gilbert,9,,0.25,7,17,0.25,1.0,0.9374098934767716,0.8390709784925962
Gilbert,9,,0.25,7,18,0.08928571428571429,1.0,0.9999891063224017,0.9990650678919233
Gilbert,9,,0.25,7,19,0.325,1.0,0.9999999999190509,0.6776798235963992
Gilbert,9,,0.25,8,0,0.4,1.0,0.994310278309003,0.8111588820176407
Gilbert,9,,0.25,8,1,0.325,1.0,0.9999998386608222,0.8118914482243642
Gilbert,9,,0.25,8,2,0.2109375,1.0,0.7685993636632934,0.8358416590007953
Gilbert,9,,0.25,8,3,0.234375,0.0,0.5820734712448491,0.5874144917508455
Gilbert,9,,0.25,8,4,0.2578125,0.625,0.9077536706121677,0.9105452070339927
Gilbert,9,,0.25,8,5,0.25,1.0,0.9999999944931484,0.6711579105184016
Gilbert,9,,0.25,8,6,0.234375,0.0,0.8225991734804405,0.866138874107153
Gilbert,9,,0.25,8,7,0.25,1.0,0.9999998847087723,0.9837408745185933
Gilbert,9,,0.25,8,8,0.125,1.0,0.9989990412998053,0.9916320140511585
Gilbert,9,,0.25,8,9,0.3046875,0.75,0.9368844666440986,0.8006654512488367
Gilbert,9,,0.25,8,10,0.1875,1.0,0.958978082396666,0.8757555344566658
Gilbert,9,,0.25,8,11,0.21875,0.625,0.8631415942696593,0.8480442415920526
Gilbert,9,,0.25,8,12,0.175,1.0,0.9813217838454238,0.6631346949310595
Gilbert,9,,0.25,8,13,0.175,1.0,0.9999999993126878,0.8656475269448114
Gilbert,9,,0.25,8,14,0.25,1.0,0.9999985394925613,0.9539437411570711
Gilbert,9,,0.25,8,15,0.14285714285714285,1.0,0.999999954224007,0.9997812784901369
Gilbert,9,,0.25,8,16,0.1875,1.0,0.9999936498837432,0.6296745037247473
Gilbert,9,,0.25,8,17,0.25,1.0,0.9386129073201832,0.8329419067086544
Gilbert,9,,0.25,8,18,0.08928571428571429,1.0,0.9999930773099387,0.9999130137436202
Gilbert,9,,0.25,8,19,0.325,1.0,0.9999999896116674,0.6800968417572092
Gilbert,9,,0.25,9,0,0.4,1.0,0.9944482461871701,0.8514092658764577
Gilbert,9,,0.25,9,1,0.325,1.0,0.9999999991828087,0.8886647531653793
Gilbert,9,,0.25,9,2,0.2109375,1.0,0.8184169885838796,0.8361450607741244
Gilbert,9,,0.25,9,3,0.234375,0.0,0.7899254915899198,0.8025134228589607
Gilbert,9,,0.25,9,4,0.2578125,0.625,0.9455100211080903,0.9118435106628298
Gilbert,9,,0.25,9,5,0.25,1.0,0.9999999034611238,0.7967885605959922
Gilbert,9,,0.25,9,6,0.234375,0.0,0.8551296867804496,0.8850389848092348
Gilbert,9,,0.25,9,7,0.25,1.0,0.9999997795087913,0.9879387057982756
Gilbert,9,,0.25,9,8,0.125,1.0,0.9993625438162,0.9839801988754165
Gilbert,9,,0.25,9,9,0.3046875,0.75,0.9485672511947121,0.8814834866216377
Gilbert,9,,0.25,9,10,0.1875,1.0,0.9618594729845634,0.8744475345018694
Gilbert,9,,0.25,9,11,0.21875,0.625,0.9252893903549346,0.9039137869868046
Gilbert,9,,0.25,9,12,0.175,1.0,-0.024931455771662937,0.6725858852872632
Gilbert,9,,0.25,9,13,0.175,1.0,0.9999999805662856,0.9004082006845827
Gilbert,9,,0.25,9,14,0.25,1.0,0.9999999385728153,0.9640270596693755
Gilbert,9,,0.25,9,15,0.14285714285714285,1.0,0.99999921628142,0.9999998856594654
Gilbert,9,,0.25,9,16,0.1875,1.0,0.9999999025130752,0.8770168752604487
Gilbert,9,,0.25,9,17,0.25,1.0,0.9386617129789997,0.8999590405049618
Gilbert,9,,0.25,9,18,0.08928571428571429,1.0,0.9999889591636995,0.9998095679413243
Gilbert,9,,0.25,9,19,0.325,1.0,0.9999998036224328,0.7939803167169682
Gilbert,9,,0.25,10,0,0.4,1.0,0.9952767473031713,0.8828016582909359
Gilbert,9,,0.25,10,1,0.325,1.0,0.999999991601709,0.8682154169269871
Gilbert,9,,0.25,10,2,0.2109375,1.0,0.9216441443306571,0.8362425348147019
Gilbert,9,,0.25,10,3,0.234375,0.0,0.8262215533046784,0.7271610861172387
Gilbert,9,,0.25,10,4,0.2578125,0.625,0.8134673557500383,0.9311262651277062
Gilbert,9,,0.25,10,5,0.25,1.0,0.99999993658361,0.775302215076182
Gilbert,9,,0.25,10,6,0.234375,0.0,0.8868106216807148,0.8863062124544066
Gilbert,9,,0.25,10,7,0.25,1.0,0.9999994031956838,0.9917898009054668
Gilbert,9,,0.25,10,8,0.125,1.0,0.9995895549864219,0.9909671376642356
Gilbert,9,,0.25,10,9,0.3046875,0.75,0.8881128182224427,0.8960887342882118
Gilbert,9,,0.25,10,10,0.1875,1.0,0.9627508202256275,0.8858542748345561
Gilbert,9,,0.25,10,11,0.21875,0.625,0.9514075684515269,0.8537109648643317
Gilbert,9,,0.25,10,12,0.175,1.0,0.9999999400810392,0.6743243611067362
Gilbert,9,,0.25,10,13,0.175,1.0,0.999995219682275,0.908586721631614
Gilbert,9,,0.25,10,14,0.25,1.0,0.9999998639735307,0.9713567483241242
Gilbert,9,,0.25,10,15,0.14285714285714285,1.0,0.999999920444734,0.9999999862501726
Gilbert,9,,0.25,10,16,0.1875,1.0,0.9999996884660091,0.8418186389555465
Gilbert,9,,0.25,10,17,0.25,1.0,0.9386704213683865,0.8444316611930868
Gilbert,9,,0.25,10,18,0.08928571428571429,1.0,0.9999895218157098,0.9999979772750868
Gilbert,9,,0.25,10,19,0.325,1.0,0.9999999921941803,0.782711415797992
Gilbert,10,,0.1,1,0,0.125,1.0,0.921653147773611,0.8816805272182262
Gilbert,10,,0.1,1,1,0.05555555555555555,1.0,0.9208916091746432,0.823747375375422
Gilbert,10,,0.1,1,2,0.05555555555555555,1.0,0.9640102201607164,0.9468183817483613
Gilbert,10,,0.1,1,3,0.21428571428571427,1.0,0.8220747449558707,0.476985455503897
Gilbert,10,,0.1,1,4,0.18229166666666666,1.0,0.4342869788355122,0.6797553035006855
Gilbert,10,,0.1,1,5,0.21428571428571427,1.0,0.8220747449558703,0.476985455503897
Gilbert,10,,0.1,1,6,0.125,1.0,0.9229896764656903,0.7468676147861537
Gilbert,10,,0.1,1,7,0.125,1.0,0.759174780015185,0.5978137570950881
Gilbert,10,,0.1,1,8,0.21428571428571427,1.0,0.8220747449558706,0.4769854555038971
Gilbert,10,,0.1,1,9,0.078125,1.0,0.9193503494543565,0.7615198945203798
Gilbert,10,,0.1,1,10,0.16071428571428573,1.0,0.9213008386234304,0.4770069141025281
Gilbert,10,,0.1,1,11,0.125,1.0,0.921653147773611,0.8816805272182262
Gilbert,10,,0.1,1,12,0.125,1.0,0.8594841559809545,0.6243164138383188
Gilbert,10,,0.1,1,13,0.05555555555555555,1.0,0.9208916091746436,0.8237473753754221
Gilbert,10,,0.1,1,14,0.18229166666666666,0.9166666666666666,0.49739583333333176,0.6712132420431093
Gilbert,10,,0.1,1,15,0.125,1.0,0.9476993716357679,0.747917832073435
Gilbert,10,,0.1,1,16,0.21428571428571427,1.0,0.8220747449558703,0.476985455503897
Gilbert,10,,0.1,1,17,0.125,1.0,0.9476993716357676,0.7479178320734354
Gilbert,10,,0.1,1,18,0.15104166666666666,1.0,0.27727658499265256,0.31726573602224717
Gilbert,10,,0.1,1,19,0.2708333333333333,1.0,0.8467020133190887,0.6819716762495475
Gilbert,10,,0.1,2,0,0.125,1.0,0.9929963775681679,0.9733226962787964
Gilbert,10,,0.1,2,1,0.05555555555555555,1.0,0.9574306716764812,0.9212884714000433
Gilbert,10,,0.1,2,2,0.05555555555555555,1.0,0.9963674328958033,0.9905268355345961
Gilbert,10,,0.1,2,3,0.21428571428571427,1.0,0.9254579755326511,0.7897966999192657
Gilbert,10,,0.1,2,4,0.18229166666666666,1.0,0.8386221317523913,0.8211370542700115
Gilbert,10,,0.1,2,5,0.21428571428571427,1.0,0.9254579755326517,0.7897966999192662
Gilbert,10,,0.1,2,6,0.125,1.0,0.9818873617242688,0.9250661984483044
Gilbert,10,,0.1,2,7,0.125,1.0,0.7768968982899009,0.6726937815197293
Gilbert,10,,0.1,2,8,0.21428571428571427,1.0,0.9254579755326517,0.7897966999192662
Gilbert,10,,0.1,2,9,0.078125,1.0,0.9719873083162367,0.8600026483137846
Gilbert,10,,0.1,2,10,0.16071428571428573,1.0,0.974389942096416,0.8233460049982319
Gilbert,10,,0.1,2,11,0.125,1.0,0.9929963775681688,0.9733226962787966
Gilbert,10,,0.1,2,12,0.125,1.0,0.9549542774464423,0.7508351453497801
Gilbert,10,,0.1,2,13,0.05555555555555555,1.0,0.9574306716764807,0.9212884714000431
Gilbert,10,,0.1,2,14,0.18229166666666666,0.9166666666666666,0.5266927083333314,0.7783847763286968
Gilbert,10,,0.1,2,15,0.125,1.0,0.9812650410273014,0.8878203879590024
Gilbert,10,,0.1,2,16,0.21428571428571427,1.0,0.9254579755326517,0.7897966999192663
Gilbert,10,,0.1,2,17,0.125,1.0,0.9812650410273002,0.8878203879590021
Gilbert,10,,0.1,2,18,0.15104166666666666,1.0,0.5340140812941873,0.45775825138473875
Gilbert,10,,0.1,2,19,0.2708333333333333,1.0,0.9300616494023871,0.8209564608528117
Gilbert,10,,0.1,3,0,0.125,1.0,0.9999999999977551,0.9999999999992131
Gilbert,10,,0.1,3,1,0.05555555555555555,1.0,0.9999509873948915,0.9714411593621237
Gilbert,10,,0.1,3,2,0.05555555555555555,1.0,0.9999999999576522,0.9999999999960735
Gilbert,10,,0.1,3,3,0.21428571428571427,1.0,0.975259130876258,0.8019650444065444
Gilbert,10,,0.1,3,4,0.18229166666666666,1.0,0.9355667211157446,0.8935003433096043
Gilbert,10,,0.1,3,5,0.21428571428571427,1.0,0.9752591308762574,0.8019650444065453
Gilbert,10,,0.1,3,6,0.125,1.0,0.9925563316059972,0.9675581857272034
Gilbert,10,,0.1,3,7,0.125,1.0,0.8843523569017268,0.6974855276772398
Gilbert,10,,0.1,3,8,0.21428571428571427,1.0,0.9752591308762572,0.8019650444065449
Gilbert,10,,0.1,3,9,0.078125,1.0,0.9876661502124446,0.9241328626826203
Gilbert,10,,0.1,3,10,0.16071428571428573,1.0,0.9908182024547685,0.9074832752794677
Gilbert,10,,0.1,3,11,0.125,1.0,0.999999999997756,0.999999999999213
Gilbert,10,,0.1,3,12,0.125,1.0,0.9882933584843796,0.9038617124944294
Gilbert,10,,0.1,3,13,0.05555555555555555,1.0,0.9999509873948919,0.9714411593621229
Gilbert,10,,0.1,3,14,0.18229166666666666,0.9166666666666666,0.57503255208334,0.847879048113378
Gilbert,10,,0.1,3,15,0.125,1.0,0.9943516970636993,0.9521253458312309
Gilbert,10,,0.1,3,16,0.21428571428571427,1.0,0.9752591308762575,0.8019650444065451
Gilbert,10,,0.1,3,17,0.125,1.0,0.9943516970637007,0.9521253458312309
Gilbert,10,,0.1,3,18,0.15104166666666666,1.0,0.5994718999269283,0.508415925340212
Gilbert,10,,0.1,3,19,0.2708333333333333,1.0,0.9672514316796512,0.8736616104628133
Gilbert,10,,0.1,4,0,0.125,1.0,0.9999999996435317,0.9999999999836455
Gilbert,10,,0.1,4,1,0.05555555555555555,1.0,0.9999584886303351,0.9957938799511596
Gilbert,10,,0.1,4,2,0.05555555555555555,1.0,0.9999999998814597,0.9999999999299907
Gilbert,10,,0.1,4,3,0.21428571428571427,1.0,0.9945238735287417,0.9052608047628176
Gilbert,10,,0.1,4,4,0.18229166666666666,1.0,0.9595994044074447,0.9197560343743142
Gilbert,10,,0.1,4,5,0.21428571428571427,1.0,0.9945238733110795,0.9052608047630856
Gilbert,10,,0.1,4,6,0.125,1.0,0.9976048699636872,0.989375865039612
Gilbert,10,,0.1,4,7,0.125,1.0,0.7971092628206276,0.7042547636147315
Gilbert,10,,0.1,4,8,0.21428571428571427,1.0,0.9945238733797075,0.905260804762882
Gilbert,10,,0.1,4,9,0.078125,1.0,0.9946898317938034,0.9516889571163685
Gilbert,10,,0.1,4,10,0.16071428571428573,1.0,0.9950771112512852,0.922122040571679
Gilbert,10,,0.1,4,11,0.125,1.0,0.9999999996435309,0.9999999999836451
Gilbert,10,,0.1,4,12,0.125,1.0,0.9958314498377313,0.9421136670044603
Gilbert,10,,0.1,4,13,0.05555555555555555,1.0,0.9999584886303331,0.9957938799511611
Gilbert,10,,0.1,4,14,0.18229166666666666,0.9166666666666666,0.5929768880208776,0.938710645739032
Gilbert,10,,0.1,4,15,0.125,1.0,0.9970563151936223,0.9832912561057063
Gilbert,10,,0.1,4,16,0.21428571428571427,1.0,0.9945238729043497,0.9052608047629359
Gilbert,10,,0.1,4,17,0.125,1.0,0.9970563151936234,0.9832912561057062
Gilbert,10,,0.1,4,18,0.15104166666666666,1.0,0.6478464788063638,0.8561848703297074
Gilbert,10,,0.1,4,19,0.2708333333333333,1.0,0.9847823315332479,0.8970902773758307
Gilbert,10,,0.1,5,0,0.125,1.0,0.9999999997879834,0.9999999999073262
Gilbert,10,,0.1,5,1,0.05555555555555555,1.0,0.9999999096767189,0.9970132295349485
Gilbert,10,,0.1,5,2,0.05555555555555555,1.0,0.9999999999958966,0.9999999991859205
Gilbert,10,,0.1,5,3,0.21428571428571427,1.0,0.9999999937037861,0.9106517911068346
Gilbert,10,,0.1,5,4,0.18229166666666666,1.0,0.9876078947216408,0.9642904963803596
Gilbert,10,,0.1,5,5,0.21428571428571427,1.0,0.9999999953352405,0.9106517911145231
Gilbert,10,,0.1,5,6,0.125,1.0,0.9994232908884594,0.996289185627761
Gilbert,10,,0.1,5,7,0.125,1.0,0.9004311953915745,0.7626201993895454
Gilbert,10,,0.1,5,8,0.21428571428571427,1.0,0.999999998924282,0.9106517911266186
Gilbert,10,,0.1,5,9,0.078125,1.0,0.9963604586498641,0.974023973152077
Gilbert,10,,0.1,5,10,0.16071428571428573,1.0,0.9975256137548543,0.9449406837031665
Gilbert,10,,0.1,5,11,0.125,1.0,0.9999999997879823,0.9999999999073257
Gilbert,10,,0.1,5,12,0.125,1.0,0.9989268985685623,0.9515536267329547
Gilbert,10,,0.1,5,13,0.05555555555555555,1.0,0.9999999066170441,0.9970132295349483
Gilbert,10,,0.1,5,14,0.18229166666666666,0.9166666666666666,0.7038909924345211,0.9416747942824494
Gilbert,10,,0.1,5,15,0.125,1.0,0.9989291550055497,0.9930704681362966
Gilbert,10,,0.1,5,16,0.21428571428571427,1.0,0.9999999964586385,0.9106517910989229
Gilbert,10,,0.1,5,17,0.125,1.0,0.9989291550055512,0.9930704681362962
Gilbert,10,,0.1,5,18,0.15104166666666666,1.0,0.8352200287621182,0.9017680181174684
Gilbert,10,,0.1,5,19,0.2708333333333333,1.0,0.9894970863253313,0.9059928809011404
Gilbert,10,,0.1,6,0,0.125,1.0,0.9999999997902596,0.999999999966793
Gilbert,10,,0.1,6,1,0.05555555555555555,1.0,0.9999999583263833,0.9989444666590539
Gilbert,10,,0.1,6,2,0.05555555555555555,1.0,0.9999999999651088,0.9999999999036393
Gilbert,10,,0.1,6,3,0.21428571428571427,1.0,0.9999999944840126,0.906258602636502
Gilbert,10,,0.1,6,4,0.18229166666666666,1.0,0.984111219379327,0.9858177966880198
Gilbert,10,,0.1,6,5,0.21428571428571427,1.0,0.9999999988176071,0.9062585989467173
Gilbert,10,,0.1,6,6,0.125,1.0,0.9999445828329241,0.9997203275557093
Gilbert,10,,0.1,6,7,0.125,1.0,0.9486494551752462,0.8920500314297345
Gilbert,10,,0.1,6,8,0.21428571428571427,1.0,0.9999999983278887,0.9062586022691791
Gilbert,10,,0.1,6,9,0.078125,1.0,0.9985023014432084,0.9861545643825227
Gilbert,10,,0.1,6,10,0.16071428571428573,1.0,0.9991751374373619,0.9493436489944488
Gilbert,10,,0.1,6,11,0.125,1.0,0.9999999997902607,0.9999999999667917
Gilbert,10,,0.1,6,12,0.125,1.0,0.9993595251652817,0.9677859572510844
Gilbert,10,,0.1,6,13,0.05555555555555555,1.0,0.9999999945104511,0.9989444661809515
Gilbert,10,,0.1,6,14,0.18229166666666666,0.9166666666666666,0.8736997114196582,0.9830461586543852
Gilbert,10,,0.1,6,15,0.125,1.0,0.9997114970870271,0.9946971872493432
Gilbert,10,,0.1,6,16,0.21428571428571427,1.0,0.9999999979589168,0.9062586024359908
Gilbert,10,,0.1,6,17,0.125,1.0,0.9997114970874326,0.9946971852421111
Gilbert,10,,0.1,6,18,0.15104166666666666,1.0,0.8632392698331728,0.923189975247363
Gilbert,10,,0.1,6,19,0.2708333333333333,1.0,0.9934737965759345,0.9413491951488488
Gilbert,10,,0.1,7,0,0.125,1.0,0.9999999999946052,0.9999999999949007
Gilbert,10,,0.1,7,1,0.05555555555555555,1.0,0.9999998390822411,0.9999999923643834
Gilbert,10,,0.1,7,2,0.05555555555555555,1.0,0.9999999999997653,0.9999999998819666
Gilbert,10,,0.1,7,3,0.21428571428571427,1.0,0.9999999987876231,0.9240774412780837
Gilbert,10,,0.1,7,4,0.18229166666666666,1.0,0.9976845072070382,0.9754311040419065
Gilbert,10,,0.1,7,5,0.21428571428571427,1.0,0.9999999952821075,0.9240774413467981
Gilbert,10,,0.1,7,6,0.125,1.0,0.9999970977261453,0.9999999993046425
Gilbert,10,,0.1,7,7,0.125,1.0,0.9572321057317342,0.8698122531059332
Gilbert,10,,0.1,7,8,0.21428571428571427,1.0,0.9999999987619005,0.9240774396197539
Gilbert,10,,0.1,7,9,0.078125,1.0,0.9989910587360361,0.9905701987912728
Gilbert,10,,0.1,7,10,0.16071428571428573,1.0,0.9997164818097402,0.9999999964355312
Gilbert,10,,0.1,7,11,0.125,1.0,0.9999999999946054,0.9999999999949019
Gilbert,10,,0.1,7,12,0.125,1.0,0.9998286209510985,0.9843582097328416
Gilbert,10,,0.1,7,13,0.05555555555555555,1.0,0.9999999737486314,0.999999999248324
Gilbert,10,,0.1,7,14,0.18229166666666666,0.9166666666666666,0.9111149464027424,0.9809809376707008
Gilbert,10,,0.1,7,15,0.125,1.0,0.9999962454468112,0.996351104841802
Gilbert,10,,0.1,7,16,0.21428571428571427,1.0,0.9999999995329976,0.9240774403924001
Gilbert,10,,0.1,7,17,0.125,1.0,0.9999962703363593,0.9963511126675334
Gilbert,10,,0.1,7,18,0.15104166666666666,1.0,0.7997472694083875,0.9320483401318483
Gilbert,10,,0.1,7,19,0.2708333333333333,1.0,0.9963049696681154,0.9656698915025848
Gilbert,10,,0.1,8,0,0.125,1.0,0.9999999999997025,0.9999999995619662
Gilbert,10,,0.1,8,1,0.05555555555555555,1.0,0.9999999804150355,0.9999999640702979
Gilbert,10,,0.1,8,2,0.05555555555555555,1.0,0.99999999989725,0.9999999999989255
Gilbert,10,,0.1,8,3,0.21428571428571427,1.0,0.9999998782203603,0.9557860575737472
Gilbert,10,,0.1,8,4,0.18229166666666666,1.0,0.9986137893938952,0.9946066097261038
Gilbert,10,,0.1,8,5,0.21428571428571427,1.0,0.999999741855443,0.9557860577721692
Gilbert,10,,0.1,8,6,0.125,1.0,0.9999960852163385,0.9999999956974132
Gilbert,10,,0.1,8,7,0.125,1.0,0.9995596280214832,0.9274713844554949
Gilbert,10,,0.1,8,8,0.21428571428571427,1.0,0.9999998776157712,0.9557860563238615
Gilbert,10,,0.1,8,9,0.078125,1.0,0.9993860466397315,0.9899939653021885
Gilbert,10,,0.1,8,10,0.16071428571428573,1.0,0.9999454367982606,0.9923714511074159
Gilbert,10,,0.1,8,11,0.125,1.0,0.9999999999996987,0.9999999995619637
Gilbert,10,,0.1,8,12,0.125,1.0,0.99993209568973,0.9883348083662237
Gilbert,10,,0.1,8,13,0.05555555555555555,1.0,0.999999645261584,0.99999999931945
Gilbert,10,,0.1,8,14,0.18229166666666666,0.9166666666666666,0.9433231094505817,0.9913607928719695
Gilbert,10,,0.1,8,15,0.125,1.0,0.9999996178256733,0.9998086058221473
Gilbert,10,,0.1,8,16,0.21428571428571427,1.0,0.9999998877909376,0.955786058065849
Gilbert,10,,0.1,8,17,0.125,1.0,0.9999996187262736,0.9998082362401718
Gilbert,10,,0.1,8,18,0.15104166666666666,1.0,0.8422811912623146,0.942174956059136
Gilbert,10,,0.1,8,19,0.2708333333333333,1.0,0.9974499724963177,0.9784495814174585
Gilbert,10,,0.1,9,0,0.125,1.0,0.9999999999997808,0.9999999999994922
Gilbert,10,,0.1,9,1,0.05555555555555555,1.0,0.9999999254330398,0.9999999989437431
Gilbert,10,,0.1,9,2,0.05555555555555555,1.0,0.9999999999729563,0.9999999999172364
Gilbert,10,,0.1,9,3,0.21428571428571427,1.0,0.9999994818372492,0.9884498880900063
Gilbert,10,,0.1,9,4,0.18229166666666666,1.0,0.9993332522475225,0.9963288711805762
Gilbert,10,,0.1,9,5,0.21428571428571427,1.0,0.9999999892163883,0.988449890614029
Gilbert,10,,0.1,9,6,0.125,1.0,0.999996902006278,0.9999999939395133
Gilbert,10,,0.1,9,7,0.125,1.0,0.9999318032447739,0.9346282865359214
Gilbert,10,,0.1,9,8,0.21428571428571427,1.0,0.9999995236583855,0.9884498903997956
Gilbert,10,,0.1,9,9,0.078125,1.0,0.9996528829325562,0.9916603108078411
Gilbert,10,,0.1,9,10,0.16071428571428573,1.0,0.9999945140976997,0.9999998817971301
Gilbert,10,,0.1,9,11,0.125,1.0,0.9999999999997807,0.9999999999994896
Gilbert,10,,0.1,9,12,0.125,1.0,0.9999703981961277,0.9947207182557211
Gilbert,10,,0.1,9,13,0.05555555555555555,1.0,0.9999998274609412,0.9999999992021424
Gilbert,10,,0.1,9,14,0.18229166666666666,0.9166666666666666,0.9365193688338674,0.9909119787861794
Gilbert,10,,0.1,9,15,0.125,1.0,0.9999990317587526,0.9999997538124524
Gilbert,10,,0.1,9,16,0.21428571428571427,1.0,0.9999994477851372,0.9884498892311198
Gilbert,10,,0.1,9,17,0.125,1.0,0.9999997496931738,0.9999999904277697
Gilbert,10,,0.1,9,18,0.15104166666666666,1.0,0.8414742736365429,0.9864849997651146
Gilbert,10,,0.1,9,19,0.2708333333333333,1.0,0.9990328804960177,0.9847376697053246
Gilbert,10,,0.1,10,0,0.125,1.0,0.9999999999996172,0.9999999999928505
Gilbert,10,,0.1,10,1,0.05555555555555555,1.0,0.9999992668967492,0.9999999941188388
Gilbert,10,,0.1,10,2,0.05555555555555555,1.0,0.9999999999061855,0.9999999999961524
Gilbert,10,,0.1,10,3,0.21428571428571427,1.0,0.9999993732133851,0.9947936054030789
Gilbert,10,,0.1,10,4,0.18229166666666666,1.0,0.9995985991111601,0.9999999842347486
Gilbert,10,,0.1,10,5,0.21428571428571427,1.0,0.9999996857179637,0.9947936051948228
Gilbert,10,,0.1,10,6,0.125,1.0,0.9999988773000448,0.9999999994921082
Gilbert,10,,0.1,10,7,0.125,1.0,0.9999873243421612,0.9747901252707247
Gilbert,10,,0.1,10,8,0.21428571428571427,1.0,0.999999169009482,0.9947936026337784
Gilbert,10,,0.1,10,9,0.078125,1.0,0.9999563233275938,0.9919189153775436
Gilbert,10,,0.1,10,10,0.16071428571428573,1.0,0.999998303686766,0.99999869297473
Gilbert,10,,0.1,10,11,0.125,1.0,0.9999999999996145,0.999999999992853
Gilbert,10,,0.1,10,12,0.125,1.0,0.9999930449782709,0.9964649407852061
Gilbert,10,,0.1,10,13,0.05555555555555555,1.0,0.9999991813303267,0.9999999981591488
Gilbert,10,,0.1,10,14,0.18229166666666666,0.9166666666666666,0.9258042855951286,0.9960105587586335
Gilbert,10,,0.1,10,15,0.125,1.0,0.9999998642915364,0.9999999941347137
Gilbert,10,,0.1,10,16,0.21428571428571427,1.0,0.9999992962730515,0.9947936075974572
Gilbert,10,,0.1,10,17,0.125,1.0,0.9999998400192384,0.9999999948242823
Gilbert,10,,0.1,10,18,0.15104166666666666,1.0,0.9029217737922458,0.9717215998980397
Gilbert,10,,0.1,10,19,0.2708333333333333,1.0,0.9995857915559233,0.9877417621420316
Gilbert,10,,0.25,1,0,0.2708333333333333,1.0,0.3285169131874418,0.30904322685578317
Gilbert,10,,0.25,1,1,0.14583333333333334,1.0,0.7858954585086378,0.6024243447936208
Gilbert,10,,0.25,1,2,0.14583333333333334,1.0,0.4981490787100166,0.24905666940928187
Gilbert,10,,0.25,1,3,0.425,1.0,0.4873690392218374,0.5332598351029484
Gilbert,10,,0.25,1,4,0.15,0.7,0.2235705739875562,0.2803760357769569
Gilbert,10,,0.25,1,5,0.2,0.3,0.28893134300893014,0.28893134300893025
Gilbert,10,,0.25,1,6,0.3333333333333333,1.0,0.47033024994406686,0.3667624972612644
Gilbert,10,,0.25,1,7,0.14583333333333334,1.0,0.17047460161866113,0.21120327985803114
Gilbert,10,,0.25,1,8,0.21428571428571427,1.0,0.9051277487445718,0.5107374357015028
Gilbert,10,,0.25,1,9,0.2,1.0,0.6980960598771602,0.39187348521291837
Gilbert,10,,0.25,1,10,0.25625,0.3,0.3749343348497608,0.3749343348497607
Gilbert,10,,0.25,1,11,0.35625,0.8,0.5385277518392051,0.5231602252182217
Gilbert,10,,0.25,1,12,0.2,1.0,0.22096640182820276,0.30865109996079937
Gilbert,10,,0.25,1,13,0.20833333333333334,1.0,0.2172130935546003,0.28323253806555126
Gilbert,10,,0.25,1,14,0.1625,0.7,0.224106363129326,0.3238982118825774
Gilbert,10,,0.25,1,15,0.20833333333333334,1.0,0.7792154166764272,0.3336347386155832
Gilbert,10,,0.25,1,16,0.3333333333333333,1.0,0.5002292415648396,0.36724332932156684
Gilbert,10,,0.25,1,17,0.275,1.0,0.2845710921266046,0.3222915834733388
Gilbert,10,,0.25,1,18,0.34375,0.75,0.4420423253976518,0.43394338672808797
Gilbert,10,,0.25,1,19,0.14583333333333334,1.0,0.6952114560790071,0.2904944438967433
Gilbert,10,,0.25,2,0,0.2708333333333333,1.0,0.8063825139944543,0.643418287715552
Gilbert,10,,0.25,2,1,0.14583333333333334,1.0,0.8524525654625951,0.7143249000405444
Gilbert,10,,0.25,2,2,0.14583333333333334,1.0,0.6628351853212631,0.4894078450471551
Gilbert,10,,0.25,2,3,0.425,1.0,0.8168401060407519,0.6921564847942641
Gilbert,10,,0.25,2,4,0.15,0.7,0.4941255522420951,0.5285243955885714
Gilbert,10,,0.25,2,5,0.2,0.3,0.2776879827989716,0.2776879827989719
Gilbert,10,,0.25,2,6,0.3333333333333333,1.0,0.7586250860292614,0.5036669848664237
Gilbert,10,,0.25,2,7,0.14583333333333334,1.0,0.6755808296741326,0.45736451144653795
Gilbert,10,,0.25,2,8,0.21428571428571427,1.0,0.9691249408850616,0.7647419707535379
Gilbert,10,,0.25,2,9,0.2,1.0,0.7782524575263972,0.4158536070152351
Gilbert,10,,0.25,2,10,0.25625,0.3,0.39194841936892433,0.39194841936892405
Gilbert,10,,0.25,2,11,0.35625,0.8,0.7070377951832568,0.6273670916204482
Gilbert,10,,0.25,2,12,0.2,1.0,0.8569285068611074,0.7573905504018648
Gilbert,10,,0.25,2,13,0.20833333333333334,1.0,0.8295837378743411,0.43987739835630296
Gilbert,10,,0.25,2,14,0.1625,0.7,0.5516587732953011,0.5654530333556977
Gilbert,10,,0.25,2,15,0.20833333333333334,1.0,0.8875341276377574,0.5866157529381851
Gilbert,10,,0.25,2,16,0.3333333333333333,1.0,0.7614694797714123,0.6393184950968983
Gilbert,10,,0.25,2,17,0.275,1.0,0.278280761348909,0.5190248184314321
Gilbert,10,,0.25,2,18,0.34375,0.75,0.6066051537435337,0.625900184340002
Gilbert,10,,0.25,2,19,0.14583333333333334,1.0,0.7266564688568974,0.5486043325092077
Gilbert,10,,0.25,3,0,0.2708333333333333,1.0,0.9584872471711633,0.7257105557626948
Gilbert,10,,0.25,3,1,0.14583333333333334,1.0,0.903478891546154,0.807594392450901
Gilbert,10,,0.25,3,2,0.14583333333333334,1.0,0.789426077995602,0.21036780334719643
Gilbert,10,,0.25,3,3,0.425,1.0,0.9999999999993703,0.7603898063184664
Gilbert,10,,0.25,3,4,0.15,0.7,0.6759942511812383,0.6061241559847338
Gilbert,10,,0.25,3,5,0.2,0.3,0.28039803938560864,0.2803980393856104
Gilbert,10,,0.25,3,6,0.3333333333333333,1.0,0.999999999994493,0.7040133676743755
Gilbert,10,,0.25,3,7,0.14583333333333334,1.0,0.643693122372644,0.7047719658302524
Gilbert,10,,0.25,3,8,0.21428571428571427,1.0,0.9924384988958634,0.897156967816058
Gilbert,10,,0.25,3,9,0.2,1.0,0.8566188299869021,0.45540064213877063
Gilbert,10,,0.25,3,10,0.25625,0.3,0.5834741244718685,0.5834741244718679
Gilbert,10,,0.25,3,11,0.35625,0.8,0.915556052392003,0.6662785931790907
Gilbert,10,,0.25,3,12,0.2,1.0,0.9002128847316658,0.7625810521778347
Gilbert,10,,0.25,3,13,0.20833333333333334,1.0,0.7139147146366444,0.5478205043334157
Gilbert,10,,0.25,3,14,0.1625,0.7,0.4941700588519863,0.829575172925652
Gilbert,10,,0.25,3,15,0.20833333333333334,1.0,0.9552787847493156,0.3568572717618869
Gilbert,10,,0.25,3,16,0.3333333333333333,1.0,0.9999999999655304,0.6508527481188432
Gilbert,10,,0.25,3,17,0.275,1.0,0.8319805365273071,0.5983656983150308
Gilbert,10,,0.25,3,18,0.34375,0.75,0.647952837927945,0.935120903144495
Gilbert,10,,0.25,3,19,0.14583333333333334,1.0,0.9992020272806225,0.3181912134209631
Gilbert,10,,0.25,4,0,0.2708333333333333,1.0,0.9999999999358112,0.8042764768722842
Gilbert,10,,0.25,4,1,0.14583333333333334,1.0,0.9240979652269545,0.8577968283748613
Gilbert,10,,0.25,4,2,0.14583333333333334,1.0,0.7927107586073907,0.6332814652914871
Gilbert,10,,0.25,4,3,0.425,1.0,0.9770296304778787,0.8453736896288231
Gilbert,10,,0.25,4,4,0.15,0.7,0.7564505932685031,0.7016438757050254
Gilbert,10,,0.25,4,5,0.2,0.3,0.7455292527523719,0.7455292462465357
Gilbert,10,,0.25,4,6,0.3333333333333333,1.0,0.9670095368574062,0.6862140646258608
Gilbert,10,,0.25,4,7,0.14583333333333334,1.0,0.9744421847892178,0.7362290800150167
Gilbert,10,,0.25,4,8,0.21428571428571427,1.0,0.9959745640002663,0.9278764356498115
Gilbert,10,,0.25,4,9,0.2,1.0,0.9999999998043645,0.5991946969727786
Gilbert,10,,0.25,4,10,0.25625,0.3,0.6450124825027959,0.645012482502793
Gilbert,10,,0.25,4,11,0.35625,0.8,0.881055049025252,0.8388285477688399
Gilbert,10,,0.25,4,12,0.2,1.0,0.9999999999851547,0.777372018770377
Gilbert,10,,0.25,4,13,0.20833333333333334,1.0,0.8270174048352925,0.5517320232248689
Gilbert,10,,0.25,4,14,0.1625,0.7,0.6298205622729258,0.774130413245584
Gilbert,10,,0.25,4,15,0.20833333333333334,1.0,0.978302534106242,0.6748663716176885
Gilbert,10,,0.25,4,16,0.3333333333333333,1.0,0.9999999999958539,0.7860162648883101
Gilbert,10,,0.25,4,17,0.275,1.0,0.9999999998995216,0.6727523386584611
Gilbert,10,,0.25,4,18,0.34375,0.75,0.8629334777158847,0.662246959472575
Gilbert,10,,0.25,4,19,0.14583333333333334,1.0,0.9999999996387867,0.7699265255133843
Gilbert,10,,0.25,5,0,0.2708333333333333,1.0,0.9999999999921223,0.8540737900113581
Gilbert,10,,0.25,5,1,0.14583333333333334,1.0,0.9743604610921238,0.8110132930568176
Gilbert,10,,0.25,5,2,0.14583333333333334,1.0,0.9999887186197768,0.715926268789762
Gilbert,10,,0.25,5,3,0.425,1.0,0.9779711725900009,0.8239766724620574
Gilbert,10,,0.25,5,4,0.15,0.7,0.7322380685140566,0.7140464097271348
Gilbert,10,,0.25,5,5,0.2,0.3,0.7626712990036884,0.7626712993028113
Gilbert,10,,0.25,5,6,0.3333333333333333,1.0,0.9702530436386866,0.7794514302554371
Gilbert,10,,0.25,5,7,0.14583333333333334,1.0,0.9999999938582742,0.7186140903529341
Gilbert,10,,0.25,5,8,0.21428571428571427,1.0,0.9986540278213195,0.9516689486685108
Gilbert,10,,0.25,5,9,0.2,1.0,0.9999999987083662,0.6199482192031183
Gilbert,10,,0.25,5,10,0.25625,0.3,0.7140775771526393,0.7140775771538539
Gilbert,10,,0.25,5,11,0.35625,0.8,0.8859291235035439,0.7781497311383654
Gilbert,10,,0.25,5,12,0.2,1.0,0.9999999999934059,0.7853602035427834
Gilbert,10,,0.25,5,13,0.20833333333333334,1.0,0.6821031235137948,0.5913667081916175
Gilbert,10,,0.25,5,14,0.1625,0.7,0.8199430112067599,0.8332541770345465
Gilbert,10,,0.25,5,15,0.20833333333333334,1.0,0.9873053871270514,0.775026946972471
Gilbert,10,,0.25,5,16,0.3333333333333333,1.0,0.9999999996140386,0.7233669685000267
Gilbert,10,,0.25,5,17,0.275,1.0,0.9999999999429277,0.6274965822041776
Gilbert,10,,0.25,5,18,0.34375,0.75,0.783961583575748,0.9383281070620744
Gilbert,10,,0.25,5,19,0.14583333333333334,1.0,0.9999998068141881,0.6732127791908985
Gilbert,10,,0.25,6,0,0.2708333333333333,1.0,0.9999999996288036,0.8885893357907952
Gilbert,10,,0.25,6,1,0.14583333333333334,1.0,0.9937988817214946,0.8820663050414498
Gilbert,10,,0.25,6,2,0.14583333333333334,1.0,0.9999991324677744,0.7504694771118113
Gilbert,10,,0.25,6,3,0.425,1.0,0.9779719216666514,0.9072040480327196
Gilbert,10,,0.25,6,4,0.15,0.7,0.8309507354768174,0.8164069450426134
Gilbert,10,,0.25,6,5,0.2,0.3,0.8792482554461616,0.8792482522833621
Gilbert,10,,0.25,6,6,0.3333333333333333,1.0,0.9815625070492712,0.8106312603555859
Gilbert,10,,0.25,6,7,0.14583333333333334,1.0,0.9999999970012939,0.7970064732210019
Gilbert,10,,0.25,6,8,0.21428571428571427,1.0,0.9995569833514012,0.970298822740487
Gilbert,10,,0.25,6,9,0.2,1.0,0.9999989167906673,0.5974599278710668
Gilbert,10,,0.25,6,10,0.25625,0.3,0.7435377937047957,0.743537793423412
Gilbert,10,,0.25,6,11,0.35625,0.8,0.9738107044260838,0.8934110492241112
Gilbert,10,,0.25,6,12,0.2,1.0,0.9999999987960793,0.7896579578234432
Gilbert,10,,0.25,6,13,0.20833333333333334,1.0,0.9580379313015289,0.6796630625097887
Gilbert,10,,0.25,6,14,0.1625,0.7,0.8371477742698821,0.8770568688311183
Gilbert,10,,0.25,6,15,0.20833333333333334,1.0,0.9910423179100839,0.7003983384929451
Gilbert,10,,0.25,6,16,0.3333333333333333,1.0,0.9999999994498497,0.771161405349317
Gilbert,10,,0.25,6,17,0.275,1.0,0.9999999999857023,0.6914177851374914
Gilbert,10,,0.25,6,18,0.34375,0.75,0.8207916200818399,0.9123119748561249
Gilbert,10,,0.25,6,19,0.14583333333333334,1.0,0.9999999941375698,0.8504184635299211
Gilbert,10,,0.25,7,0,0.2708333333333333,1.0,0.9999998635690424,0.9215282226409841
Gilbert,10,,0.25,7,1,0.14583333333333334,1.0,0.9941515898323678,0.976661344255411
Gilbert,10,,0.25,7,2,0.14583333333333334,1.0,0.9999941365816208,0.755228709917456
Gilbert,10,,0.25,7,3,0.425,1.0,0.9999996283986367,0.8873257221683051
Gilbert,10,,0.25,7,4,0.15,0.7,0.7890959934721737,0.8291096666864058
Gilbert,10,,0.25,7,5,0.2,0.3,0.8543229029792239,0.8543229006217343
Gilbert,10,,0.25,7,6,0.3333333333333333,1.0,0.9999999420436975,0.8364903647456877
Gilbert,10,,0.25,7,7,0.14583333333333334,1.0,0.9999999985242095,0.8443174692467333
Gilbert,10,,0.25,7,8,0.21428571428571427,1.0,0.9999945253789486,0.9998523021328177
Gilbert,10,,0.25,7,9,0.2,1.0,0.9999998949260671,0.6385047832054166
Gilbert,10,,0.25,7,10,0.25625,0.3,0.7703135173934842,0.7703135176788923
Gilbert,10,,0.25,7,11,0.35625,0.8,0.9966556591825174,0.9181319280690939
Gilbert,10,,0.25,7,12,0.2,1.0,0.9999999895656451,0.7934986290793851
Gilbert,10,,0.25,7,13,0.20833333333333334,1.0,0.9999999854753185,0.8133530416585497
Gilbert,10,,0.25,7,14,0.1625,0.7,0.8598825571372405,0.8819975078345834
Gilbert,10,,0.25,7,15,0.20833333333333334,1.0,0.9925387907611162,0.7789246753895988
Gilbert,10,,0.25,7,16,0.3333333333333333,1.0,0.9999999808669772,0.868928553284586
Gilbert,10,,0.25,7,17,0.275,1.0,0.9999999882998527,0.6555062906549507
Gilbert,10,,0.25,7,18,0.34375,0.75,0.8319607846168898,0.8979256316516921
Gilbert,10,,0.25,7,19,0.14583333333333334,1.0,0.999999847702429,0.8754382645572463
Gilbert,10,,0.25,8,0,0.2708333333333333,1.0,0.9968929735816214,0.934082607021658
Gilbert,10,,0.25,8,1,0.14583333333333334,1.0,0.9999999958708523,0.9791788787687098
Gilbert,10,,0.25,8,2,0.14583333333333334,1.0,0.9999996966744545,0.8110321315980017
Gilbert,10,,0.25,8,3,0.425,1.0,0.9999992762026679,0.9419522196311647
Gilbert,10,,0.25,8,4,0.15,0.7,0.7743549975563486,0.844784311697175
Gilbert,10,,0.25,8,5,0.2,0.3,0.8874183231415502,0.9005994462073632
Gilbert,10,,0.25,8,6,0.3333333333333333,1.0,0.9999999853596301,0.8566212753251068
Gilbert,10,,0.25,8,7,0.14583333333333334,1.0,0.9999999944775979,0.8011125090625222
Gilbert,10,,0.25,8,8,0.21428571428571427,1.0,0.9999995250841918,0.9999379233804712
Gilbert,10,,0.25,8,9,0.2,1.0,0.9999999431156926,0.9565604695720257
Gilbert,10,,0.25,8,10,0.25625,0.3,0.7899559797392186,0.7899559607468067
Gilbert,10,,0.25,8,11,0.35625,0.8,0.9986666223118599,0.9463889322146979
Gilbert,10,,0.25,8,12,0.2,1.0,0.9999999910983247,0.7950764377877819
Gilbert,10,,0.25,8,13,0.20833333333333334,1.0,0.9999996327845957,0.8472367206146614
Gilbert,10,,0.25,8,14,0.1625,0.7,0.8969327904759755,0.8366874638686488
Gilbert,10,,0.25,8,15,0.20833333333333334,1.0,0.9955750660628154,0.799670483530798
Gilbert,10,,0.25,8,16,0.3333333333333333,1.0,0.9999997639981276,0.8631307191109272
Gilbert,10,,0.25,8,17,0.275,1.0,0.9999999989746293,0.7163097525143245
Gilbert,10,,0.25,8,18,0.34375,0.75,0.7999881164215232,0.9999999950023529
Gilbert,10,,0.25,8,19,0.14583333333333334,1.0,0.9999998743405354,0.8926252317278732
Gilbert,10,,0.25,9,0,0.2708333333333333,1.0,0.9999999984323571,0.9559612197504457
Gilbert,10,,0.25,9,1,0.14583333333333334,1.0,0.9999998987128261,0.9586533905737552
Gilbert,10,,0.25,9,2,0.14583333333333334,1.0,0.999998882009108,0.889100918811638
Gilbert,10,,0.25,9,3,0.425,1.0,0.9999995388226919,0.9430622866476408
Gilbert,10,,0.25,9,4,0.15,0.7,0.8685197247899387,0.8644898591712105
Gilbert,10,,0.25,9,5,0.2,0.3,0.9547684412843802,0.8915628304296922
Gilbert,10,,0.25,9,6,0.3333333333333333,1.0,0.9999995460756349,0.8712957517365642
Gilbert,10,,0.25,9,7,0.14583333333333334,1.0,0.9999999977470004,0.8492098373024858
Gilbert,10,,0.25,9,8,0.21428571428571427,1.0,0.9999996515106085,0.9999999760827339
Gilbert,10,,0.25,9,9,0.2,1.0,0.9999999290257616,0.9700965941015254
Gilbert,10,,0.25,9,10,0.25625,0.3,0.7841697222717884,0.7841697175384554
Gilbert,10,,0.25,9,11,0.35625,0.8,0.9995137303786011,0.9506170361599586
Gilbert,10,,0.25,9,12,0.2,1.0,0.9999999896257152,0.7957135770587117
Gilbert,10,,0.25,9,13,0.20833333333333334,1.0,0.9999999582643616,0.7669290721818101
Gilbert,10,,0.25,9,14,0.1625,0.7,0.8700243712498755,0.9050448556201058
Gilbert,10,,0.25,9,15,0.20833333333333334,1.0,0.9969530855325871,0.9028160510276436
Gilbert,10,,0.25,9,16,0.3333333333333333,1.0,0.9999998888635795,0.8589675764796255
Gilbert,10,,0.25,9,17,0.275,1.0,0.9999999885659442,0.8244331669204394
Gilbert,10,,0.25,9,18,0.34375,0.75,0.8955387603389198,0.9543576626694833
Gilbert,10,,0.25,9,19,0.14583333333333334,1.0,0.9999999400922007,0.8042759754791292
Gilbert,10,,0.25,10,0,0.2708333333333333,1.0,0.9876374364614127,0.9384615964169217
Gilbert,10,,0.25,10,1,0.14583333333333334,1.0,0.999999998598366,0.9818424213383032
Gilbert,10,,0.25,10,2,0.14583333333333334,1.0,0.9999970464771856,0.8360252839744274
Gilbert,10,,0.25,10,3,0.425,1.0,0.9999998392879906,0.9443618222844915
Gilbert,10,,0.25,10,4,0.15,0.7,0.8898834587059122,0.8681832076502257
Gilbert,10,,0.25,10,5,0.2,0.3,0.9058303794623951,0.9401383407182509
Gilbert,10,,0.25,10,6,0.3333333333333333,1.0,0.9999998291762657,0.9129007017612522
Gilbert,10,,0.25,10,7,0.14583333333333334,1.0,0.9999999792164567,0.8689874941125835
Gilbert,10,,0.25,10,8,0.21428571428571427,1.0,0.9999997214306541,0.9999999947151783
Gilbert,10,,0.25,10,9,0.2,1.0,0.9999996786122848,0.9627210046705994
Gilbert,10,,0.25,10,10,0.25625,0.3,0.8055004503380463,0.7913808327890197
Gilbert,10,,0.25,10,11,0.35625,0.8,0.9997791101732169,0.9709475368370686
Gilbert,10,,0.25,10,12,0.2,1.0,0.999999987434902,0.7964709133854917
Gilbert,10,,0.25,10,13,0.20833333333333334,1.0,0.9999999652357308,0.8484419508427168
Gilbert,10,,0.25,10,14,0.1625,0.7,0.955199931588308,0.885915543772484
Gilbert,10,,0.25,10,15,0.20833333333333334,1.0,0.998201944069861,0.8889510616830903
Gilbert,10,,0.25,10,16,0.3333333333333333,1.0,0.9999995549843915,0.8783329562825526
Gilbert,10,,0.25,10,17,0.275,1.0,0.9999999841651945,0.8474325463746613
Gilbert,10,,0.25,10,18,0.34375,0.75,0.9363186625997241,0.9999998997904319
Gilbert,10,,0.25,10,19,0.14583333333333334,1.0,0.9999996403439194,0.9712948523318059
Gilbert,11,,0.1,1,0,0.1875,1.0,0.8468679744524746,0.7019078575061469
Gilbert,11,,0.1,1,1,0.3541666666666667,1.0,0.4222910819972349,0.4854164763022828
Gilbert,11,,0.1,1,2,0.09375,1.0,0.9423610656361607,0.7636996571590371
Gilbert,11,,0.1,1,3,0.140625,1.0,0.8545911891010887,0.7145827312206641
Gilbert,11,,0.1,1,4,0.140625,1.0,0.7346336712178521,0.6010739287294817
Gilbert,11,,0.1,1,5,0.23214285714285715,1.0,0.9150473959440166,0.5408103352990091
Gilbert,11,,0.1,1,6,0.140625,1.0,0.8387190939681951,0.6712885340810938
Gilbert,11,,0.1,1,7,0.17857142857142858,1.0,0.8076373686805959,0.7369574496536365
Gilbert,11,,0.1,1,8,0.05,1.0,0.9395538251201103,0.815370054781328
Gilbert,11,,0.1,1,9,0.23214285714285715,1.0,0.9150473959440163,0.540810335299009
Gilbert,11,,0.1,1,10,0.1111111111111111,1.0,0.9298332118090017,0.8945449546654883
Gilbert,11,,0.1,1,11,0.1111111111111111,1.0,0.8890505537060065,0.8657430973711063
Gilbert,11,,0.1,1,12,0.140625,1.0,0.9327351498187673,0.8292583323391616
Gilbert,11,,0.1,1,13,0.1111111111111111,1.0,0.8890505537060067,0.8657430973711063
Gilbert,11,,0.1,1,14,0.23214285714285715,1.0,0.8060948824540238,0.6195196855175136
Gilbert,11,,0.1,1,15,0.1111111111111111,1.0,0.889050553706006,0.8657430973711064
Gilbert,11,,0.1,1,16,0.2857142857142857,1.0,0.45814239599515866,0.4439126222991345
Gilbert,11,,0.1,1,17,0.17857142857142858,1.0,0.9301659854618419,0.7013476181477417
Gilbert,11,,0.1,1,18,0.2857142857142857,1.0,0.7916401257762227,0.5339185144715761
Gilbert,11,,0.1,1,19,0.017857142857142856,1.0,0.84164196056966,0.6550160869473142
Gilbert,11,,0.1,2,0,0.1875,1.0,0.9499697066685203,0.878532480023561
Gilbert,11,,0.1,2,1,0.3541666666666667,1.0,0.8167366941891107,0.6884451802083412
Gilbert,11,,0.1,2,2,0.09375,1.0,0.981293404915865,0.8812800786150101
Gilbert,11,,0.1,2,3,0.140625,1.0,0.9025712043643905,0.8481264029760976
Gilbert,11,,0.1,2,4,0.140625,1.0,0.7346441666942893,0.757819851766045
Gilbert,11,,0.1,2,5,0.23214285714285715,1.0,0.965558843667381,0.7999707042955083
Gilbert,11,,0.1,2,6,0.140625,1.0,0.8894152681704481,0.7957915317149553
Gilbert,11,,0.1,2,7,0.17857142857142858,1.0,0.9180759214058745,0.8624155907142885
Gilbert,11,,0.1,2,8,0.05,1.0,0.9419675774629432,0.925509895161299
Gilbert,11,,0.1,2,9,0.23214285714285715,1.0,0.9655588436673807,0.7999707042955072
Gilbert,11,,0.1,2,10,0.1111111111111111,1.0,0.9935619865798763,0.975689436201733
Gilbert,11,,0.1,2,11,0.1111111111111111,1.0,0.9598639541540227,0.93182377225961
Gilbert,11,,0.1,2,12,0.140625,1.0,0.9801436346765585,0.9339936085792362
Gilbert,11,,0.1,2,13,0.1111111111111111,1.0,0.9598639541540225,0.9318237722596096
Gilbert,11,,0.1,2,14,0.23214285714285715,1.0,0.8765285527128397,0.7591932959447114
Gilbert,11,,0.1,2,15,0.1111111111111111,1.0,0.9598639541540225,0.9318237722596088
Gilbert,11,,0.1,2,16,0.2857142857142857,1.0,0.8200779865474199,0.7155289273000905
Gilbert,11,,0.1,2,17,0.17857142857142858,1.0,0.9728797851732397,0.8471748125386425
Gilbert,11,,0.1,2,18,0.2857142857142857,1.0,0.9181337258492369,0.7824612867658516
Gilbert,11,,0.1,2,19,0.017857142857142856,1.0,0.9371320907904774,0.7280147840090709
Gilbert,11,,0.1,3,0,0.1875,1.0,0.9764018977885991,0.9415007226913477
Gilbert,11,,0.1,3,1,0.3541666666666667,1.0,0.953402167003583,0.732436473211251
Gilbert,11,,0.1,3,2,0.09375,1.0,0.9889923591845973,0.9281083621598328
Gilbert,11,,0.1,3,3,0.140625,1.0,0.9353775931113001,0.8951835117338403
Gilbert,11,,0.1,3,4,0.140625,1.0,0.8780626954857104,0.8693594105803117
Gilbert,11,,0.1,3,5,0.23214285714285715,1.0,0.9865983262749515,0.9062147700768931
Gilbert,11,,0.1,3,6,0.140625,1.0,0.9203571558744661,0.8508642148201464
Gilbert,11,,0.1,3,7,0.17857142857142858,1.0,0.9582134637350765,0.9134006735235651
Gilbert,11,,0.1,3,8,0.05,1.0,0.944672841908378,0.96305124764487
Gilbert,11,,0.1,3,9,0.23214285714285715,1.0,0.9865983262749511,0.9062147700768912
Gilbert,11,,0.1,3,10,0.1111111111111111,1.0,0.9999999998042178,0.9999999997418251
Gilbert,11,,0.1,3,11,0.1111111111111111,1.0,0.9869221441363811,0.9610332895548583
Gilbert,11,,0.1,3,12,0.140625,1.0,0.9914171783607166,0.9626936365165586
Gilbert,11,,0.1,3,13,0.1111111111111111,1.0,0.9869221441363796,0.9610332895548583
Gilbert,11,,0.1,3,14,0.23214285714285715,1.0,0.8939225071709848,0.8406545075583738
Gilbert,11,,0.1,3,15,0.1111111111111111,1.0,0.9869221441363796,0.9610332895548583
Gilbert,11,,0.1,3,16,0.2857142857142857,1.0,0.9473986739711598,0.8117336790022323
Gilbert,11,,0.1,3,17,0.17857142857142858,1.0,0.9828495594273038,0.9037334934177129
Gilbert,11,,0.1,3,18,0.2857142857142857,1.0,0.9643996070571764,0.858241528062085
Gilbert,11,,0.1,3,19,0.017857142857142856,1.0,0.9704038715802727,0.8873221291474058
Gilbert,11,,0.1,4,0,0.1875,1.0,0.9952056041160611,0.9810659509738364
Gilbert,11,,0.1,4,1,0.3541666666666667,1.0,0.9997359714033994,0.7791032978928142
Gilbert,11,,0.1,4,2,0.09375,1.0,0.9930362444519893,0.9535957624078305
Gilbert,11,,0.1,4,3,0.140625,1.0,0.9999976219943376,0.9444975531676703
Gilbert,11,,0.1,4,4,0.140625,1.0,0.8967662931190485,0.9404458397499617
Gilbert,11,,0.1,4,5,0.23214285714285715,1.0,0.9924435775541328,0.9261719181140391
Gilbert,11,,0.1,4,6,0.140625,1.0,0.9399455055388798,0.8693255043944661
Gilbert,11,,0.1,4,7,0.17857142857142858,1.0,0.9852486764925058,0.94200980626162
Gilbert,11,,0.1,4,8,0.05,1.0,0.9973473010791978,0.9852916893682672
Gilbert,11,,0.1,4,9,0.23214285714285715,1.0,0.992443577554134,0.9261719181140423
Gilbert,11,,0.1,4,10,0.1111111111111111,1.0,0.99999999996969,0.9999999999684207
Gilbert,11,,0.1,4,11,0.1111111111111111,1.0,0.9966800370787132,0.9804463017593403
Gilbert,11,,0.1,4,12,0.140625,1.0,0.9949215418937751,0.9747110346639758
Gilbert,11,,0.1,4,13,0.1111111111111111,1.0,0.9966800370787134,0.9804463017593403
Gilbert,11,,0.1,4,14,0.23214285714285715,1.0,0.9512110629443083,0.8646336312102924
Gilbert,11,,0.1,4,15,0.1111111111111111,1.0,0.996680037078712,0.9804463017593411
Gilbert,11,,0.1,4,16,0.2857142857142857,1.0,0.9751208583408982,0.8241249521589171
Gilbert,11,,0.1,4,17,0.17857142857142858,1.0,0.9884519747982129,0.9626316293654548
Gilbert,11,,0.1,4,18,0.2857142857142857,1.0,0.9865117979183504,0.8827310079375589
Gilbert,11,,0.1,4,19,0.017857142857142856,1.0,0.9836675179710008,0.9057617962577702
Gilbert,11,,0.1,5,0,0.1875,1.0,0.9962627650967043,0.9916983731313247
Gilbert,11,,0.1,5,1,0.3541666666666667,1.0,0.9999999999853489,0.8921315470600114
Gilbert,11,,0.1,5,2,0.09375,1.0,0.9976079549350483,0.985634285825576
Gilbert,11,,0.1,5,3,0.140625,1.0,0.9999998851066759,0.9665014976589056
Gilbert,11,,0.1,5,4,0.140625,1.0,0.9056445539537934,0.965016412634191
Gilbert,11,,0.1,5,5,0.23214285714285715,1.0,0.9973092691218428,0.9244942069065132
Gilbert,11,,0.1,5,6,0.140625,1.0,0.9911679282791506,0.9109299068430444
Gilbert,11,,0.1,5,7,0.17857142857142858,1.0,0.9875317399566111,0.9566269694392364
Gilbert,11,,0.1,5,8,0.05,1.0,0.9962576177886809,0.9938786482919166
Gilbert,11,,0.1,5,9,0.23214285714285715,1.0,0.9973092691218426,0.9244942069065635
Gilbert,11,,0.1,5,10,0.1111111111111111,1.0,0.9999999995009736,0.9999999998239283
Gilbert,11,,0.1,5,11,0.1111111111111111,1.0,0.9969341097772324,0.9894025689039094
Gilbert,11,,0.1,5,12,0.140625,1.0,0.99728880020375,0.9868893408951066
Gilbert,11,,0.1,5,13,0.1111111111111111,1.0,0.9969341097772322,0.989402568903909
Gilbert,11,,0.1,5,14,0.23214285714285715,1.0,0.9999999985725495,0.9278232415080444
Gilbert,11,,0.1,5,15,0.1111111111111111,1.0,0.9969341097772326,0.9894025689039102
Gilbert,11,,0.1,5,16,0.2857142857142857,1.0,0.9999999999664121,0.8881390488043205
Gilbert,11,,0.1,5,17,0.17857142857142858,1.0,0.996679292708362,0.9636616438357335
Gilbert,11,,0.1,5,18,0.2857142857142857,1.0,0.9886992225275273,0.8852977959219105
Gilbert,11,,0.1,5,19,0.017857142857142856,1.0,0.9886976773047417,0.6428044837922204
Gilbert,11,,0.1,6,0,0.1875,1.0,0.9998374261331947,0.9922498408704976
Gilbert,11,,0.1,6,1,0.3541666666666667,1.0,0.9999999935942036,0.8899797202214884
Gilbert,11,,0.1,6,2,0.09375,1.0,0.9992509757436812,0.9925459990765212
Gilbert,11,,0.1,6,3,0.140625,1.0,0.9999988520841634,0.9819398590295314
Gilbert,11,,0.1,6,4,0.140625,1.0,0.9158990775966035,0.9738389620785757
Gilbert,11,,0.1,6,5,0.23214285714285715,1.0,0.9992037559903287,0.9284592835987241
Gilbert,11,,0.1,6,6,0.140625,1.0,0.9999999718687466,0.9157526549003867
Gilbert,11,,0.1,6,7,0.17857142857142858,1.0,0.9971881501627601,0.9744280072575895
Gilbert,11,,0.1,6,8,0.05,1.0,0.9994693515804446,0.997767072660243
Gilbert,11,,0.1,6,9,0.23214285714285715,1.0,0.9992037559903283,0.9284592836056895
Gilbert,11,,0.1,6,10,0.1111111111111111,1.0,0.9999999999199365,0.9999999999875774
Gilbert,11,,0.1,6,11,0.1111111111111111,1.0,0.9998133574686796,0.9947382347748194
Gilbert,11,,0.1,6,12,0.140625,1.0,0.9991101894641456,0.9928208565657934
Gilbert,11,,0.1,6,13,0.1111111111111111,1.0,0.9998603070479789,0.9947382347748209
Gilbert,11,,0.1,6,14,0.23214285714285715,1.0,0.9999999985848522,0.9545315222453971
Gilbert,11,,0.1,6,15,0.1111111111111111,1.0,0.999860282761179,0.9947382347748213
Gilbert,11,,0.1,6,16,0.2857142857142857,1.0,0.9999999998976772,0.8639232561750452
Gilbert,11,,0.1,6,17,0.17857142857142858,1.0,0.9989519198428862,0.9908394998548004
Gilbert,11,,0.1,6,18,0.2857142857142857,1.0,0.9989791585579327,0.9127073803805731
Gilbert,11,,0.1,6,19,0.017857142857142856,1.0,0.9900052592848773,0.9540719177764624
Gilbert,11,,0.1,7,0,0.1875,1.0,0.9997751989012877,0.9997148248799781
Gilbert,11,,0.1,7,1,0.3541666666666667,1.0,0.9999998667228217,0.916360402513719
Gilbert,11,,0.1,7,2,0.09375,1.0,0.9996563187073411,0.9913978454400693
Gilbert,11,,0.1,7,3,0.140625,1.0,0.9999992475824796,0.9846593467906279
Gilbert,11,,0.1,7,4,0.140625,1.0,0.9858515172773178,0.9799206706605621
Gilbert,11,,0.1,7,5,0.23214285714285715,1.0,0.9996964836042185,0.9512233046797816
Gilbert,11,,0.1,7,6,0.140625,1.0,0.9999999662054905,0.9405948969874
Gilbert,11,,0.1,7,7,0.17857142857142858,1.0,0.9980585010371936,0.9840623534038134
Gilbert,11,,0.1,7,8,0.05,1.0,0.9994735793958022,0.9998924217303691
Gilbert,11,,0.1,7,9,0.23214285714285715,1.0,0.9996964836042331,0.9512232894802656
Gilbert,11,,0.1,7,10,0.1111111111111111,1.0,0.9999999998916161,0.9999999999926518
Gilbert,11,,0.1,7,11,0.1111111111111111,1.0,0.9999814383236646,0.9991967370705588
Gilbert,11,,0.1,7,12,0.140625,1.0,0.9997689416030957,0.9946943604024077
Gilbert,11,,0.1,7,13,0.1111111111111111,1.0,0.9999977746695257,0.999196737070575
Gilbert,11,,0.1,7,14,0.23214285714285715,1.0,0.9999995629861814,0.9566796970853069
Gilbert,11,,0.1,7,15,0.1111111111111111,1.0,0.9999995141997216,0.9991967370705566
Gilbert,11,,0.1,7,16,0.2857142857142857,1.0,0.998786179355725,0.9232746893871757
Gilbert,11,,0.1,7,17,0.17857142857142858,1.0,0.9995138219629374,0.992309020326486
Gilbert,11,,0.1,7,18,0.2857142857142857,1.0,0.9996958231902102,0.9435917627074779
Gilbert,11,,0.1,7,19,0.017857142857142856,1.0,0.9971631465184085,0.9606280518256367
Gilbert,11,,0.1,8,0,0.1875,1.0,0.9999217263570667,0.9999999975288365
Gilbert,11,,0.1,8,1,0.3541666666666667,1.0,0.9999999042259402,0.9150828515690376
Gilbert,11,,0.1,8,2,0.09375,1.0,0.9998489197068132,0.9956961948493744
Gilbert,11,,0.1,8,3,0.140625,1.0,0.9999993927702189,0.9829287107106182
Gilbert,11,,0.1,8,4,0.140625,1.0,0.991742308432045,0.9869525507216691
Gilbert,11,,0.1,8,5,0.23214285714285715,1.0,0.9999209451605157,0.9353577377920212
Gilbert,11,,0.1,8,6,0.140625,1.0,0.9999989896534592,0.946377128842043
Gilbert,11,,0.1,8,7,0.17857142857142858,1.0,0.9990402702748244,0.987172692614311
Gilbert,11,,0.1,8,8,0.05,1.0,0.9999820988710046,0.9999999855060395
Gilbert,11,,0.1,8,9,0.23214285714285715,1.0,0.9999209452419928,0.9353577373473696
Gilbert,11,,0.1,8,10,0.1111111111111111,1.0,0.9999999994625663,0.9999999999999374
Gilbert,11,,0.1,8,11,0.1111111111111111,1.0,0.9999205161687443,0.999999993379509
Gilbert,11,,0.1,8,12,0.140625,1.0,0.9999391023707512,0.9983867369593571
Gilbert,11,,0.1,8,13,0.1111111111111111,1.0,0.9999998517444403,0.9999999933827244
Gilbert,11,,0.1,8,14,0.23214285714285715,1.0,0.999999999543756,0.978995806207525
Gilbert,11,,0.1,8,15,0.1111111111111111,1.0,0.9999999792662732,0.9999999934167833
Gilbert,11,,0.1,8,16,0.2857142857142857,1.0,0.9999999739806039,0.9745068391113356
Gilbert,11,,0.1,8,17,0.17857142857142858,1.0,0.9997653847078337,0.9951402947172657
Gilbert,11,,0.1,8,18,0.2857142857142857,1.0,0.9996398893685506,0.967615420301225
Gilbert,11,,0.1,8,19,0.017857142857142856,1.0,0.9975317212601926,0.9858827112941763
Gilbert,11,,0.1,9,0,0.1875,1.0,0.999999731939325,0.9999999991711229
Gilbert,11,,0.1,9,1,0.3541666666666667,1.0,0.9999999735395523,0.9495064973988295
Gilbert,11,,0.1,9,2,0.09375,1.0,0.9999359221541129,0.9956971354508196
Gilbert,11,,0.1,9,3,0.140625,1.0,0.9999999112732837,0.9922538139818999
Gilbert,11,,0.1,9,4,0.140625,1.0,0.9926246913468946,0.9908004286647013
Gilbert,11,,0.1,9,5,0.23214285714285715,1.0,0.9999718488442573,0.9773382239657958
Gilbert,11,,0.1,9,6,0.140625,1.0,0.9999996780197505,0.9602773252405151
Gilbert,11,,0.1,9,7,0.17857142857142858,1.0,0.9993969209078654,0.9888682451525305
Gilbert,11,,0.1,9,8,0.05,1.0,0.999999694341805,0.9999998849577137
Gilbert,11,,0.1,9,9,0.23214285714285715,1.0,0.9999720539893434,0.977338252791571
Gilbert,11,,0.1,9,10,0.1111111111111111,1.0,0.9999999999960877,0.9999999999923992
Gilbert,11,,0.1,9,11,0.1111111111111111,1.0,0.9999990933849721,0.99999999405505
Gilbert,11,,0.1,9,12,0.140625,1.0,0.9999831491750308,0.9994074977511281
Gilbert,11,,0.1,9,13,0.1111111111111111,1.0,0.9999999714583869,0.9999999957479986
Gilbert,11,,0.1,9,14,0.23214285714285715,1.0,0.9999998147773884,0.981888675784948
Gilbert,11,,0.1,9,15,0.1111111111111111,1.0,0.9999987728225679,0.9999999950509191
Gilbert,11,,0.1,9,16,0.2857142857142857,1.0,0.9999999958749477,0.9478782969355611
Gilbert,11,,0.1,9,17,0.17857142857142858,1.0,0.9998973703416186,0.9954102188264239
Gilbert,11,,0.1,9,18,0.2857142857142857,1.0,0.9999999947325885,0.9717074669862503
Gilbert,11,,0.1,9,19,0.017857142857142856,1.0,0.9986783487676153,0.9865042504606267
Gilbert,11,,0.1,10,0,0.1875,1.0,0.9999999820690418,0.9999999987764139
Gilbert,11,,0.1,10,1,0.3541666666666667,1.0,0.9999999845523931,0.9434012656006839
Gilbert,11,,0.1,10,2,0.09375,1.0,0.9999701810614084,0.9981952935970417
Gilbert,11,,0.1,10,3,0.140625,1.0,0.9999995914019835,0.9951549505899083
Gilbert,11,,0.1,10,4,0.140625,1.0,0.9964433323110287,0.9922692307716171
Gilbert,11,,0.1,10,5,0.23214285714285715,1.0,0.999982420248637,0.9969219011553118
Gilbert,11,,0.1,10,6,0.140625,1.0,0.9999999199119984,0.9647334836940629
Gilbert,11,,0.1,10,7,0.17857142857142858,1.0,0.9995100701573347,0.9950410540134971
Gilbert,11,,0.1,10,8,0.05,1.0,0.9999983248822328,0.9999999921065463
Gilbert,11,,0.1,10,9,0.23214285714285715,1.0,0.9999823935397744,0.9969219089687629
Gilbert,11,,0.1,10,10,0.1111111111111111,1.0,0.9999999999994308,0.9999999999922677
Gilbert,11,,0.1,10,11,0.1111111111111111,1.0,0.9999990311806708,0.9999999919982964
Gilbert,11,,0.1,10,12,0.140625,1.0,0.9999918666355461,0.9998568968511364
Gilbert,11,,0.1,10,13,0.1111111111111111,1.0,0.9999999036813745,0.999999992839263
Gilbert,11,,0.1,10,14,0.23214285714285715,1.0,0.9999999822158235,0.988899450684621
Gilbert,11,,0.1,10,15,0.1111111111111111,1.0,0.999999987257444,0.9999999934140535
Gilbert,11,,0.1,10,16,0.2857142857142857,1.0,0.9999997765457044,0.973267713692682
Gilbert,11,,0.1,10,17,0.17857142857142858,1.0,0.9999503375299008,0.9964521137344553
Gilbert,11,,0.1,10,18,0.2857142857142857,1.0,0.9999998226017761,0.9752258211489513
Gilbert,11,,0.1,10,19,0.017857142857142856,1.0,0.9991735673628186,0.9876247164458494
Gilbert,11,,0.25,1,0,0.10416666666666667,1.0,0.7860553485286251,0.2925866389272522
Gilbert,11,,0.25,1,1,0.2857142857142857,1.0,0.3670465856341538,0.3200907838969597
Gilbert,11,,0.25,1,2,0.23125,0.3,0.2966770773336279,0.29667707733362764
Gilbert,11,,0.25,1,3,0.2916666666666667,1.0,0.3390522204883318,0.3617673968796382
Gilbert,11,,0.25,1,4,0.18125,0.7,0.2804098162495186,0.35135620877195245
Gilbert,11,,0.25,1,5,0.14375,0.8,0.23807663648861704,0.2808717602600523
Gilbert,11,,0.25,1,6,0.26875,1.0,0.3202484036313221,0.4057825766541627
Gilbert,11,,0.25,1,7,0.16666666666666666,1.0,0.8001859241360374,0.31939975258404396
Gilbert,11,,0.25,1,8,0.15625,0.8333333333333334,0.2827793318792899,0.3143508001363476
Gilbert,11,,0.25,1,9,0.2916666666666667,1.0,0.31866662748714986,0.45138040161214305
Gilbert,11,,0.25,1,10,0.15625,0.0,0.25473642078639236,0.25473642078639147
Gilbert,11,,0.25,1,11,0.2916666666666667,1.0,0.2924532464654958,0.3872662143610081
Gilbert,11,,0.25,1,12,0.3125,0.375,0.4741963351533818,0.4741963351533818
Gilbert,11,,0.25,1,13,0.19375,0.2,0.29871223876311975,0.31480236115706256
Gilbert,11,,0.25,1,14,0.2125,0.3,0.3136125494807647,0.31361254948076384
Gilbert,11,,0.25,1,15,0.25625,0.8,0.42311700311954636,0.4203421994314832
Gilbert,11,,0.25,1,16,0.3541666666666667,1.0,0.385110612943061,0.3570982842360613
Gilbert,11,,0.25,1,17,0.19375,1.0,0.24903993918527534,0.3669587347183156
Gilbert,11,,0.25,1,18,0.25,0.7,0.3154237271463793,0.2993439503783322
Gilbert,11,,0.25,1,19,0.17857142857142858,1.0,0.8752800865043537,0.6713406961481451
Gilbert,11,,0.25,2,0,0.10416666666666667,1.0,0.8965440458051294,0.6124705229947348
Gilbert,11,,0.25,2,1,0.2857142857142857,1.0,0.782575277665163,0.5310786719045343
Gilbert,11,,0.25,2,2,0.23125,0.3,0.43000731873936393,0.4300073187393614
Gilbert,11,,0.25,2,3,0.2916666666666667,1.0,0.6780805646749836,0.5918913909587227
Gilbert,11,,0.25,2,4,0.18125,0.7,0.5855728815960837,0.48426729558025805
Gilbert,11,,0.25,2,5,0.14375,0.8,0.5817959973129355,0.6229029999675034
Gilbert,11,,0.25,2,6,0.26875,1.0,0.7217167391938631,0.6423263109486255
Gilbert,11,,0.25,2,7,0.16666666666666666,1.0,0.8908824127726609,0.6238737809832325
Gilbert,11,,0.25,2,8,0.15625,0.8333333333333334,0.5420605027166434,0.2478543787744264
Gilbert,11,,0.25,2,9,0.2916666666666667,1.0,0.8094521791565154,0.6662741295717419
Gilbert,11,,0.25,2,10,0.15625,0.0,0.3308892264935645,0.3308892264935638
Gilbert,11,,0.25,2,11,0.2916666666666667,1.0,0.8101816402118769,0.5634400082295412
Gilbert,11,,0.25,2,12,0.3125,0.375,0.5400247731620061,0.540024773162006
Gilbert,11,,0.25,2,13,0.19375,0.2,0.48026071714067065,0.4998007281471514
Gilbert,11,,0.25,2,14,0.2125,0.3,0.31770890930205936,0.31770890930205864
Gilbert,11,,0.25,2,15,0.25625,0.8,0.5460887328516206,0.5125661488697213
Gilbert,11,,0.25,2,16,0.3541666666666667,1.0,0.7877135464394222,0.5269641169785113
Gilbert,11,,0.25,2,17,0.19375,1.0,0.676774695407658,0.4334580012855387
Gilbert,11,,0.25,2,18,0.25,0.7,0.5353194269444224,0.4684655619624022
Gilbert,11,,0.25,2,19,0.17857142857142858,1.0,0.9426210833358135,0.7697741259252773
Gilbert,11,,0.25,3,0,0.10416666666666667,1.0,0.952175508510556,0.5816991827854079
Gilbert,11,,0.25,3,1,0.2857142857142857,1.0,0.5808168646127878,0.6189948583232443
Gilbert,11,,0.25,3,2,0.23125,0.3,0.4944528629036514,0.4944528629036533
Gilbert,11,,0.25,3,3,0.2916666666666667,1.0,0.39959706934948686,0.6027188195038989
Gilbert,11,,0.25,3,4,0.18125,0.7,0.4940406539142077,0.8162699906774487
Gilbert,11,,0.25,3,5,0.14375,0.8,0.22710607077603556,0.7735751313667233
Gilbert,11,,0.25,3,6,0.26875,1.0,0.9090755014279484,0.6416613189131972
Gilbert,11,,0.25,3,7,0.16666666666666666,1.0,0.9494916838851144,0.66232818709928
Gilbert,11,,0.25,3,8,0.15625,0.8333333333333334,0.6191512242346625,0.5188821366879359
Gilbert,11,,0.25,3,9,0.2916666666666667,1.0,0.9999999998969188,0.6700776525701699
Gilbert,11,,0.25,3,10,0.15625,0.0,0.42647801877838204,0.4264780187783835
Gilbert,11,,0.25,3,11,0.2916666666666667,1.0,0.9188779694105741,0.5944303054732354
Gilbert,11,,0.25,3,12,0.3125,0.375,0.961556734996895,0.9615567349968885
Gilbert,11,,0.25,3,13,0.19375,0.2,0.4515415868584466,0.5682374335453659
Gilbert,11,,0.25,3,14,0.2125,0.3,0.24833164054640183,0.2483316405464004
Gilbert,11,,0.25,3,15,0.25625,0.8,0.7700299218651927,0.639696287643176
Gilbert,11,,0.25,3,16,0.3541666666666667,1.0,0.9085982011900652,0.5480078002657334
Gilbert,11,,0.25,3,17,0.19375,1.0,0.5423704681808753,0.6468498434890173
Gilbert,11,,0.25,3,18,0.25,0.7,0.6543738475166955,0.664136031965624
Gilbert,11,,0.25,3,19,0.17857142857142858,1.0,0.9682126841241098,0.8311514086951112
Gilbert,11,,0.25,4,0,0.10416666666666667,1.0,0.9772787120044146,0.7331540023989818
Gilbert,11,,0.25,4,1,0.2857142857142857,1.0,0.9999999996389487,0.6196589313930864
Gilbert,11,,0.25,4,2,0.23125,0.3,0.6032321413812534,0.6032321413812222
Gilbert,11,,0.25,4,3,0.2916666666666667,1.0,0.9463119855703735,0.6592847121245932
Gilbert,11,,0.25,4,4,0.18125,0.7,0.7656181837483425,0.8263118135192288
Gilbert,11,,0.25,4,5,0.14375,0.8,0.771253667152093,0.8075543591218912
Gilbert,11,,0.25,4,6,0.26875,1.0,0.9104232120875387,0.8103078816756067
Gilbert,11,,0.25,4,7,0.16666666666666666,1.0,0.9740448869986386,0.8562274488940593
Gilbert,11,,0.25,4,8,0.15625,0.8333333333333334,0.7863771742410055,0.8108779433604593
Gilbert,11,,0.25,4,9,0.2916666666666667,1.0,0.9999999996215682,0.533354237789287
Gilbert,11,,0.25,4,10,0.15625,0.0,0.4365307273458576,0.43653072734585746
Gilbert,11,,0.25,4,11,0.2916666666666667,1.0,0.9999999999968131,0.6794057583011655
Gilbert,11,,0.25,4,12,0.3125,0.375,0.7388084377070215,0.7388084377069319
Gilbert,11,,0.25,4,13,0.19375,0.2,0.6038801289941367,0.5998062549938543
Gilbert,11,,0.25,4,14,0.2125,0.3,0.5179838492022634,0.517983850421522
Gilbert,11,,0.25,4,15,0.25625,0.8,0.7637709497034136,0.7549280787330854
Gilbert,11,,0.25,4,16,0.3541666666666667,1.0,0.9999999999810386,0.6330103447063525
Gilbert,11,,0.25,4,17,0.19375,1.0,0.7365536772880259,0.694964890938462
Gilbert,11,,0.25,4,18,0.25,0.7,0.7698443367305859,0.7751600137249065
Gilbert,11,,0.25,4,19,0.17857142857142858,1.0,0.9821547218602029,0.8311671764023514
Gilbert,11,,0.25,5,0,0.10416666666666667,1.0,0.9855303426059917,0.8203235034700945
Gilbert,11,,0.25,5,1,0.2857142857142857,1.0,0.9999999993133276,0.6366264397051152
Gilbert,11,,0.25,5,2,0.23125,0.3,0.6999999994494012,0.6999999995633452
Gilbert,11,,0.25,5,3,0.2916666666666667,1.0,0.9788536450838613,0.7555277470013143
Gilbert,11,,0.25,5,4,0.18125,0.7,0.8164204225218537,0.8862864846975604
Gilbert,11,,0.25,5,5,0.14375,0.8,0.8306399280500308,0.6730101062085433
Gilbert,11,,0.25,5,6,0.26875,1.0,0.9746645627557784,0.4669887093307832
Gilbert,11,,0.25,5,7,0.16666666666666666,1.0,0.9819844078838557,0.8698959003930087
Gilbert,11,,0.25,5,8,0.15625,0.8333333333333334,0.76555829000676,0.8656291300288333
Gilbert,11,,0.25,5,9,0.2916666666666667,1.0,0.9999999999516321,0.7814196828871506
Gilbert,11,,0.25,5,10,0.15625,0.0,0.5939435728942998,0.5939435728942962
Gilbert,11,,0.25,5,11,0.2916666666666667,1.0,0.99999999999931,0.6754451124745255
Gilbert,11,,0.25,5,12,0.3125,0.375,0.8143086025705345,0.8143086023522429
Gilbert,11,,0.25,5,13,0.19375,0.2,0.6491487263181357,0.6879220606418791
Gilbert,11,,0.25,5,14,0.2125,0.3,0.5534450308639933,0.5534450303658135
Gilbert,11,,0.25,5,15,0.25625,0.8,0.8788215373520594,0.999999997730856
Gilbert,11,,0.25,5,16,0.3541666666666667,1.0,0.9999999996583133,0.744741714182123
Gilbert,11,,0.25,5,17,0.19375,1.0,0.9492835446678469,0.6795845854226167
Gilbert,11,,0.25,5,18,0.25,0.7,0.8008717513615705,0.7860373918065806
Gilbert,11,,0.25,5,19,0.17857142857142858,1.0,0.9861579099179842,0.8631019841315707
Gilbert,11,,0.25,6,0,0.10416666666666667,1.0,0.9876723647290002,0.8221201496958406
Gilbert,11,,0.25,6,1,0.2857142857142857,1.0,0.7861225439596148,0.6874314853144174
Gilbert,11,,0.25,6,2,0.23125,0.3,0.737224466559644,0.6147141016985058
Gilbert,11,,0.25,6,3,0.2916666666666667,1.0,0.9872803439732105,0.7689681891015638
Gilbert,11,,0.25,6,4,0.18125,0.7,0.9226281491980236,0.9568310351714444
Gilbert,11,,0.25,6,5,0.14375,0.8,0.8744766325473087,0.7903107453591203
Gilbert,11,,0.25,6,6,0.26875,1.0,0.985600052342311,0.9337837804639761
Gilbert,11,,0.25,6,7,0.16666666666666666,1.0,0.9848922905950075,0.9159059152732939
Gilbert,11,,0.25,6,8,0.15625,0.8333333333333334,0.7714391360313106,0.7364198254442386
Gilbert,11,,0.25,6,9,0.2916666666666667,1.0,0.9999999999681117,0.8067181156547863
Gilbert,11,,0.25,6,10,0.15625,0.0,0.5763069544992255,0.5763069567156112
Gilbert,11,,0.25,6,11,0.2916666666666667,1.0,0.9999999997927603,0.7802520048965511
Gilbert,11,,0.25,6,12,0.3125,0.375,0.8144879773746283,0.8144879783483406
Gilbert,11,,0.25,6,13,0.19375,0.2,0.6854139674153947,0.7457124623408383
Gilbert,11,,0.25,6,14,0.2125,0.3,0.5695525905001517,0.5695525878424885
Gilbert,11,,0.25,6,15,0.25625,0.8,0.8853945057031506,0.9999999974620932
Gilbert,11,,0.25,6,16,0.3541666666666667,1.0,0.9999999996881977,0.7604237740539362
Gilbert,11,,0.25,6,17,0.19375,1.0,0.9511748733358167,0.8313387542043266
Gilbert,11,,0.25,6,18,0.25,0.7,0.8268328641643382,0.82412935401488
Gilbert,11,,0.25,6,19,0.17857142857142858,1.0,0.9966196354563089,0.9338349021455576
Gilbert,11,,0.25,7,0,0.10416666666666667,1.0,0.9920396692846648,0.7031470205490654
Gilbert,11,,0.25,7,1,0.2857142857142857,1.0,0.999999996461778,0.7387628740603924
Gilbert,11,,0.25,7,2,0.23125,0.3,0.7304162876650031,0.7042072204091149
Gilbert,11,,0.25,7,3,0.2916666666666667,1.0,0.9916105177743267,0.8083184751490947
Gilbert,11,,0.25,7,4,0.18125,0.7,0.9145223116988591,0.9705132598090138
Gilbert,11,,0.25,7,5,0.14375,0.8,0.8937571340934245,0.8487997708440528
Gilbert,11,,0.25,7,6,0.26875,1.0,0.9900007173400909,0.9437542004247697
Gilbert,11,,0.25,7,7,0.16666666666666666,1.0,0.9949603995102244,0.9214234872149346
Gilbert,11,,0.25,7,8,0.15625,0.8333333333333334,0.8415690264150913,0.6810849755960291
Gilbert,11,,0.25,7,9,0.2916666666666667,1.0,0.9999999625698095,0.8275109803395105
Gilbert,11,,0.25,7,10,0.15625,0.0,0.6649811278549397,0.6649811306610107
Gilbert,11,,0.25,7,11,0.2916666666666667,1.0,0.9999999977268111,0.8016162260866307
Gilbert,11,,0.25,7,12,0.3125,0.375,0.852026518635592,0.8520265182276536
Gilbert,11,,0.25,7,13,0.19375,0.2,0.7168390380928809,0.6890310424630546
Gilbert,11,,0.25,7,14,0.2125,0.3,0.6476000525453225,0.6476000518526875
Gilbert,11,,0.25,7,15,0.25625,0.8,0.9149888687136525,0.7490389985817123
Gilbert,11,,0.25,7,16,0.3541666666666667,1.0,0.9999999963359154,0.8130769117567636
Gilbert,11,,0.25,7,17,0.19375,1.0,0.9526158139909283,0.8842313147433831
Gilbert,11,,0.25,7,18,0.25,0.7,0.7396393630222386,0.8633409786257188
Gilbert,11,,0.25,7,19,0.17857142857142858,1.0,0.9981531412524894,0.9407266239419876
Gilbert,11,,0.25,8,0,0.10416666666666667,1.0,0.9942514418865596,0.8077356965089959
Gilbert,11,,0.25,8,1,0.2857142857142857,1.0,0.9999999520562967,0.8143502304751326
Gilbert,11,,0.25,8,2,0.23125,0.3,0.7624152656985895,0.6999999924875226
Gilbert,11,,0.25,8,3,0.2916666666666667,1.0,0.9957087730886126,0.8067615730217382
Gilbert,11,,0.25,8,4,0.18125,0.7,0.9409262764496917,0.9748258117441205
Gilbert,11,,0.25,8,5,0.14375,0.8,0.8595516953231073,0.888190172256682
Gilbert,11,,0.25,8,6,0.26875,1.0,0.9972006334460899,0.9596196714584094
Gilbert,11,,0.25,8,7,0.16666666666666666,1.0,0.9960252752301216,0.9390960395790664
Gilbert,11,,0.25,8,8,0.15625,0.8333333333333334,0.8711025779015111,0.8737521275640291
Gilbert,11,,0.25,8,9,0.2916666666666667,1.0,0.9999999937249161,0.8697021305974935
Gilbert,11,,0.25,8,10,0.15625,0.0,0.507245472914987,0.5072454468369824
Gilbert,11,,0.25,8,11,0.2916666666666667,1.0,0.999999980917552,0.8639314206860934
Gilbert,11,,0.25,8,12,0.3125,0.375,0.8515601732188941,0.8515601736235934
Gilbert,11,,0.25,8,13,0.19375,0.2,0.7607160704935707,0.9891856024285424
Gilbert,11,,0.25,8,14,0.2125,0.3,0.680897629163509,0.6808976298407787
Gilbert,11,,0.25,8,15,0.25625,0.8,0.9289987846789061,0.9999999999303248
Gilbert,11,,0.25,8,16,0.3541666666666667,1.0,0.9999999975150123,0.7929116424843948
Gilbert,11,,0.25,8,17,0.19375,1.0,0.9791356399312189,0.9070282852821391
Gilbert,11,,0.25,8,18,0.25,0.7,0.8448146068386052,0.8854612939258217
Gilbert,11,,0.25,8,19,0.17857142857142858,1.0,0.9989728725636774,0.9412908621847974
Gilbert,11,,0.25,9,0,0.10416666666666667,1.0,0.9956275730916441,0.8893261561627459
Gilbert,11,,0.25,9,1,0.2857142857142857,1.0,0.999999674741731,0.8275300706161062
Gilbert,11,,0.25,9,2,0.23125,0.3,0.7593349210549227,0.6994276291182182
Gilbert,11,,0.25,9,3,0.2916666666666667,1.0,0.9971965426868117,0.748384625104482
Gilbert,11,,0.25,9,4,0.18125,0.7,0.9440256506522905,0.9813371235150138
Gilbert,11,,0.25,9,5,0.14375,0.8,0.8628931955831453,0.9059929372768478
Gilbert,11,,0.25,9,6,0.26875,1.0,0.9982303670156055,0.9529075139990674
Gilbert,11,,0.25,9,7,0.16666666666666666,1.0,0.997223397273563,0.9540932579356106
Gilbert,11,,0.25,9,8,0.15625,0.8333333333333334,0.8773294135741699,0.8960714255081652
Gilbert,11,,0.25,9,9,0.2916666666666667,1.0,0.999999972772592,0.8844256008652541
Gilbert,11,,0.25,9,10,0.15625,0.0,0.7280989153005771,0.7280989168081824
Gilbert,11,,0.25,9,11,0.2916666666666667,1.0,0.9999998689772776,0.8615529749075143
Gilbert,11,,0.25,9,12,0.3125,0.375,0.8674852294243525,0.8674852355997218
Gilbert,11,,0.25,9,13,0.19375,0.2,0.863270030656109,0.6006401645475927
Gilbert,11,,0.25,9,14,0.2125,0.3,0.6708228238408542,0.6142797359935193
Gilbert,11,,0.25,9,15,0.25625,0.8,0.9309268464114524,0.9999999898996352
Gilbert,11,,0.25,9,16,0.3541666666666667,1.0,0.9999999060443535,0.8118707626319753
Gilbert,11,,0.25,9,17,0.19375,1.0,0.978470223404304,0.9425479975002243
Gilbert,11,,0.25,9,18,0.25,0.7,0.8506754609407272,0.8969480325615595
Gilbert,11,,0.25,9,19,0.17857142857142858,1.0,0.9993471972761742,0.9870908947168276
Gilbert,11,,0.25,10,0,0.10416666666666667,1.0,0.9973280643057248,0.8977998219494604
Gilbert,11,,0.25,10,1,0.2857142857142857,1.0,0.9999999554565956,0.8621405013453598
Gilbert,11,,0.25,10,2,0.23125,0.3,0.726762434095861,0.6999997965621694
Gilbert,11,,0.25,10,3,0.2916666666666667,1.0,0.998878453888667,0.7499999445870986
Gilbert,11,,0.25,10,4,0.18125,0.7,0.9238307373233179,0.988070809322154
Gilbert,11,,0.25,10,5,0.14375,0.8,0.9020804722429867,0.9385427353662662
Gilbert,11,,0.25,10,6,0.26875,1.0,0.9983619856125326,0.9709125085404479
Gilbert,11,,0.25,10,7,0.16666666666666666,1.0,0.9983031004800021,0.9554518393618182
Gilbert,11,,0.25,10,8,0.15625,0.8333333333333334,0.8518577563267687,0.9377133953732913
Gilbert,11,,0.25,10,9,0.2916666666666667,1.0,0.9999999724894346,0.8706081501343647
Gilbert,11,,0.25,10,10,0.15625,0.0,0.6750080571646426,0.6750080298498137
Gilbert,11,,0.25,10,11,0.2916666666666667,1.0,0.9999991565560671,0.9016798018760758
Gilbert,11,,0.25,10,12,0.3125,0.375,0.856558559316732,0.8565584879959663
Gilbert,11,,0.25,10,13,0.19375,0.2,0.8701696082926288,0.9999999255070533
Gilbert,11,,0.25,10,14,0.2125,0.3,0.6998881975750804,0.7557923928629476
Gilbert,11,,0.25,10,15,0.25625,0.8,0.9335016295389048,0.9999999917196861
Gilbert,11,,0.25,10,16,0.3541666666666667,1.0,0.9999992928713012,0.8266960889087794
Gilbert,11,,0.25,10,17,0.19375,1.0,0.9873419331899619,0.7541667788851554
Gilbert,11,,0.25,10,18,0.25,0.7,0.8665503009299085,0.9266653633631661
Gilbert,11,,0.25,10,19,0.17857142857142858,1.0,0.9995265683035971,0.9766176182285518
Gilbert,12,,0.1,1,0,0.125,1.0,0.857423131999735,0.6951229764809747
Gilbert,12,,0.1,1,1,0.045454545454545456,1.0,0.9921310228517545,0.9564316498578648
Gilbert,12,,0.1,1,2,0.1076388888888889,0.8888888888888888,0.9313257637336803,0.7928172313787666
Gilbert,12,,0.1,1,3,0.125,1.0,0.9620649786871225,0.773667167091975
Gilbert,12,,0.1,1,4,0.25,1.0,0.8015084806304966,0.5571959164785435
Gilbert,12,,0.1,1,5,0.15625,1.0,0.8152238362811868,0.6485183276597574
Gilbert,12,,0.1,1,6,0.16666666666666666,1.0,0.8599982745664548,0.7279964261559159
Gilbert,12,,0.1,1,7,0.203125,1.0,0.8036615086580123,0.43591014830927305
Gilbert,12,,0.1,1,8,0.19140625,0.875,0.37696375387128034,0.3315182016760939
Gilbert,12,,0.1,1,9,0.13671875,0.9375,0.8385525265572567,0.7394649963156394
Gilbert,12,,0.1,1,10,0.125,1.0,0.9014204943425779,0.6946771253795142
Gilbert,12,,0.1,1,11,0.125,1.0,0.9241864960699291,0.7451845076769229
Gilbert,12,,0.1,1,12,0.203125,1.0,0.8173019633113513,0.4416698823453718
Gilbert,12,,0.1,1,13,0.30357142857142855,1.0,0.784690327126177,0.5480763775696845
Gilbert,12,,0.1,1,14,0.25,1.0,0.925676090919855,0.4828230735893622
Gilbert,12,,0.1,1,15,0.203125,1.0,0.23430234784966264,0.2408865386637009
Gilbert,12,,0.1,1,16,0.25,1.0,0.8259633138547856,0.5725315570986844
Gilbert,12,,0.1,1,17,0.25,1.0,0.8193996847403214,0.6026630440740827
Gilbert,12,,0.1,1,18,0.15625,1.0,0.8016554051546103,0.6840347660395301
Gilbert,12,,0.1,1,19,0.25,1.0,0.32033702350901716,0.4139849856371271
Gilbert,12,,0.1,2,0,0.125,1.0,0.9471240814903648,0.8553649263959385
Gilbert,12,,0.1,2,1,0.045454545454545456,1.0,0.9970735778257627,0.9922026794146145
Gilbert,12,,0.1,2,2,0.1076388888888889,0.8888888888888888,0.9737885262619437,0.9663051839201486
Gilbert,12,,0.1,2,3,0.125,1.0,0.9832660577915764,0.9173029771640516
Gilbert,12,,0.1,2,4,0.25,1.0,0.924132501182396,0.78593438219945
Gilbert,12,,0.1,2,5,0.15625,1.0,0.8743620556050651,0.7656936279797772
Gilbert,12,,0.1,2,6,0.16666666666666666,1.0,0.9547373084459811,0.889876265554788
Gilbert,12,,0.1,2,7,0.203125,1.0,0.9114102116890506,0.7346036322284049
Gilbert,12,,0.1,2,8,0.19140625,0.875,0.6104842394470905,0.6783757757407964
Gilbert,12,,0.1,2,9,0.13671875,0.9375,0.9168835284322028,0.8194090156306458
Gilbert,12,,0.1,2,10,0.125,1.0,0.9633508882946331,0.8154727357738365
Gilbert,12,,0.1,2,11,0.125,1.0,0.9666649861479788,0.8692296998262314
Gilbert,12,,0.1,2,12,0.203125,1.0,0.9247469595750927,0.7948432215365646
Gilbert,12,,0.1,2,13,0.30357142857142855,1.0,0.9117242579316762,0.7956285852920024
Gilbert,12,,0.1,2,14,0.25,1.0,0.9682806712316117,0.8246481213576008
Gilbert,12,,0.1,2,15,0.203125,1.0,0.3760892445642468,0.5037401714627349
Gilbert,12,,0.1,2,16,0.25,1.0,0.9043130419337166,0.7837704076009568
Gilbert,12,,0.1,2,17,0.25,1.0,0.9453806990542437,0.8758250141573289
Gilbert,12,,0.1,2,18,0.15625,1.0,0.8579087697552101,0.8221172227664155
Gilbert,12,,0.1,2,19,0.25,1.0,0.8461109223933297,0.7089113212006881
Gilbert,12,,0.1,3,0,0.125,1.0,0.9772174763292237,0.9356482298226099
Gilbert,12,,0.1,3,1,0.045454545454545456,1.0,0.999999999988773,0.9999999999545275
Gilbert,12,,0.1,3,2,0.1076388888888889,0.8888888888888888,0.9911693800207431,0.9817197418332009
Gilbert,12,,0.1,3,3,0.125,1.0,0.9922727273264178,0.9558682240749311
Gilbert,12,,0.1,3,4,0.25,1.0,0.9717506450407698,0.8956626798895246
Gilbert,12,,0.1,3,5,0.15625,1.0,0.9160701203874411,0.8469610931652729
Gilbert,12,,0.1,3,6,0.16666666666666666,1.0,0.9788461445290033,0.9476023259606328
Gilbert,12,,0.1,3,7,0.203125,1.0,0.9695122654868215,0.8588032677170281
Gilbert,12,,0.1,3,8,0.19140625,0.875,0.8118550505453798,0.6771575696529262
Gilbert,12,,0.1,3,9,0.13671875,0.9375,0.9468729662195924,0.9120310283078651
Gilbert,12,,0.1,3,10,0.125,1.0,0.983674542527324,0.8652076449369273
Gilbert,12,,0.1,3,11,0.125,1.0,0.9830163321173627,0.9282712561435787
Gilbert,12,,0.1,3,12,0.203125,1.0,0.970298381837441,0.8886781696589054
Gilbert,12,,0.1,3,13,0.30357142857142855,1.0,0.9584964240558743,0.8806852577825008
Gilbert,12,,0.1,3,14,0.25,1.0,0.9789774616156295,0.8263574730999
Gilbert,12,,0.1,3,15,0.203125,1.0,0.7077977887160142,0.5875237519893792
Gilbert,12,,0.1,3,16,0.25,1.0,0.9256672946580808,0.8608141020769334
Gilbert,12,,0.1,3,17,0.25,1.0,0.9696879194079715,0.9350700608148593
Gilbert,12,,0.1,3,18,0.15625,1.0,0.9015896616376494,0.8907636765199455
Gilbert,12,,0.1,3,19,0.25,1.0,0.9346316128609435,0.79817087135992
Gilbert,12,,0.1,4,0,0.125,1.0,0.9921374895749943,0.9697994018332563
Gilbert,12,,0.1,4,1,0.045454545454545456,1.0,0.9999999999957704,0.999999999835879
Gilbert,12,,0.1,4,2,0.1076388888888889,0.8888888888888888,0.9990756261579293,0.995107508339841
Gilbert,12,,0.1,4,3,0.125,1.0,0.997054233723357,0.9890966243576729
Gilbert,12,,0.1,4,4,0.25,1.0,0.9928357543378008,0.9210242959528722
Gilbert,12,,0.1,4,5,0.15625,1.0,0.9362813440872946,0.8602988379757059
Gilbert,12,,0.1,4,6,0.16666666666666666,1.0,0.9956862813058982,0.9831654427803449
Gilbert,12,,0.1,4,7,0.203125,1.0,0.9899572589859527,0.8907358685620351
Gilbert,12,,0.1,4,8,0.19140625,0.875,0.8312175365197525,0.7972134378050117
Gilbert,12,,0.1,4,9,0.13671875,0.9375,0.9834557693198968,0.9562701879046551
Gilbert,12,,0.1,4,10,0.125,1.0,0.9929805382492332,0.8827841173683862
Gilbert,12,,0.1,4,11,0.125,1.0,0.9921205616484166,0.9676155348059952
Gilbert,12,,0.1,4,12,0.203125,1.0,0.9884530442628543,0.9280430380505129
Gilbert,12,,0.1,4,13,0.30357142857142855,1.0,0.9910384519603882,0.9010958945107023
Gilbert,12,,0.1,4,14,0.25,1.0,0.9911239092691913,0.9296110320178194
Gilbert,12,,0.1,4,15,0.203125,1.0,0.9999999998319824,0.557906622902785
Gilbert,12,,0.1,4,16,0.25,1.0,0.9663520185070127,0.9244819529074858
Gilbert,12,,0.1,4,17,0.25,1.0,0.9945396976579702,0.9800702240158735
Gilbert,12,,0.1,4,18,0.15625,1.0,0.9995492766467932,0.9267627713797159
Gilbert,12,,0.1,4,19,0.25,1.0,0.8539446420960383,0.7956138977823386
Gilbert,12,,0.1,5,0,0.125,1.0,0.9921987102571711,0.9811809938407426
Gilbert,12,,0.1,5,1,0.045454545454545456,1.0,0.9999999999169602,0.9999999999863871
Gilbert,12,,0.1,5,2,0.1076388888888889,0.8888888888888888,0.9998617267413938,0.9967671103399911
Gilbert,12,,0.1,5,3,0.125,1.0,0.99945051012906,0.9953480141356594
Gilbert,12,,0.1,5,4,0.25,1.0,0.9940309735136962,0.9457594621773833
Gilbert,12,,0.1,5,5,0.15625,1.0,0.9830487644708208,0.9192622658085688
Gilbert,12,,0.1,5,6,0.16666666666666666,1.0,0.9966466759710941,0.9925414737682358
Gilbert,12,,0.1,5,7,0.203125,1.0,0.9901444694468633,0.9236982765287634
Gilbert,12,,0.1,5,8,0.19140625,0.875,0.9066560827922502,0.913795689078445
Gilbert,12,,0.1,5,9,0.13671875,0.9375,0.9901524217524127,0.9643922602446958
Gilbert,12,,0.1,5,10,0.125,1.0,0.9953791397674389,0.9207857870316547
Gilbert,12,,0.1,5,11,0.125,1.0,0.9940843846288772,0.968378894532558
Gilbert,12,,0.1,5,12,0.203125,1.0,0.9885163726719629,0.9366952817616261
Gilbert,12,,0.1,5,13,0.30357142857142855,1.0,0.9910521146213923,0.945880980039037
Gilbert,12,,0.1,5,14,0.25,1.0,0.9963320908506904,0.9408180683668811
Gilbert,12,,0.1,5,15,0.203125,1.0,0.9999999994620388,0.7525143365618908
Gilbert,12,,0.1,5,16,0.25,1.0,0.959152045415957,0.9475720430504315
Gilbert,12,,0.1,5,17,0.25,1.0,0.9961955845005293,0.9910793620252256
Gilbert,12,,0.1,5,18,0.15625,1.0,0.9999992153288519,0.9420975831551973
Gilbert,12,,0.1,5,19,0.25,1.0,0.9999999990147691,0.880887952694423
Gilbert,12,,0.1,6,0,0.125,1.0,0.9992498775213201,0.9913095444906609
Gilbert,12,,0.1,6,1,0.045454545454545456,1.0,0.999999999998099,0.9999999999993499
Gilbert,12,,0.1,6,2,0.1076388888888889,0.8888888888888888,0.9999999937422162,0.9999999991123034
Gilbert,12,,0.1,6,3,0.125,1.0,0.9998785854484823,0.9991181197470242
Gilbert,12,,0.1,6,4,0.25,1.0,0.9997303522163684,0.9864768228870842
Gilbert,12,,0.1,6,5,0.15625,1.0,0.9953466830808056,0.919697436428034
Gilbert,12,,0.1,6,6,0.16666666666666666,1.0,0.9997641178572122,0.9929960012819031
Gilbert,12,,0.1,6,7,0.203125,1.0,0.9927767662067899,0.9441427854641801
Gilbert,12,,0.1,6,8,0.19140625,0.875,0.8620918486053711,0.9662684948393735
Gilbert,12,,0.1,6,9,0.13671875,0.9375,0.9883396939255349,0.9910901592894747
Gilbert,12,,0.1,6,10,0.125,1.0,0.9967612104652752,0.925096502530492
Gilbert,12,,0.1,6,11,0.125,1.0,0.9987533900219768,0.9891988659513342
Gilbert,12,,0.1,6,12,0.203125,1.0,0.9984652054343336,0.9583446584381863
Gilbert,12,,0.1,6,13,0.30357142857142855,1.0,0.9954847404389644,0.9600849107487838
Gilbert,12,,0.1,6,14,0.25,1.0,0.998859242021669,0.9878332017003858
Gilbert,12,,0.1,6,15,0.203125,1.0,0.9999999986195207,0.6932506767138142
Gilbert,12,,0.1,6,16,0.25,1.0,0.9907285810111623,0.9528218798921407
Gilbert,12,,0.1,6,17,0.25,1.0,0.9998361258249381,0.9919022618754763
Gilbert,12,,0.1,6,18,0.15625,1.0,0.9999993347778939,0.9518399707341687
Gilbert,12,,0.1,6,19,0.25,1.0,0.9999999999125888,0.9126964545432216
Gilbert,12,,0.1,7,0,0.125,1.0,0.9999998844594798,0.9943504227689846
Gilbert,12,,0.1,7,1,0.045454545454545456,1.0,0.9999999999747904,0.999999999938715
Gilbert,12,,0.1,7,2,0.1076388888888889,0.8888888888888888,0.9999999993660755,0.999999999086945
Gilbert,12,,0.1,7,3,0.125,1.0,0.9999710044077363,0.9991953294407292
Gilbert,12,,0.1,7,4,0.25,1.0,0.9999998332433379,0.9992325885153753
Gilbert,12,,0.1,7,5,0.15625,1.0,0.9960958857711373,0.9599390604099318
Gilbert,12,,0.1,7,6,0.16666666666666666,1.0,0.9999793811056423,0.9997449065045934
Gilbert,12,,0.1,7,7,0.203125,1.0,0.999156642702814,0.9636826610669543
Gilbert,12,,0.1,7,8,0.19140625,0.875,0.9181449007742675,0.9740587882934268
Gilbert,12,,0.1,7,9,0.13671875,0.9375,0.9976632583320841,0.990131096277975
Gilbert,12,,0.1,7,10,0.125,1.0,0.9979245266070669,0.9471595579497394
Gilbert,12,,0.1,7,11,0.125,1.0,0.999411075718922,0.9903116219208137
Gilbert,12,,0.1,7,12,0.203125,1.0,0.9999999950113748,0.9576992641069999
Gilbert,12,,0.1,7,13,0.30357142857142855,1.0,0.9944719614785391,0.9607207320703749
Gilbert,12,,0.1,7,14,0.25,1.0,0.9994699483025921,0.9906636219042203
Gilbert,12,,0.1,7,15,0.203125,1.0,0.9999998139194424,0.5900954944402688
Gilbert,12,,0.1,7,16,0.25,1.0,0.9999999992040511,0.9733693709929695
Gilbert,12,,0.1,7,17,0.25,1.0,0.9999972273953311,0.9997059095971215
Gilbert,12,,0.1,7,18,0.15625,1.0,0.9999999997548905,0.9671161232672791
Gilbert,12,,0.1,7,19,0.25,1.0,0.9999999992272074,0.9405135234952351
Gilbert,12,,0.1,8,0,0.125,1.0,0.9999999690191537,0.9948673547418516
Gilbert,12,,0.1,8,1,0.045454545454545456,1.0,0.9999999997750018,0.9999999999111495
Gilbert,12,,0.1,8,2,0.1076388888888889,0.8888888888888888,0.9999999992941486,0.9999999990447894
Gilbert,12,,0.1,8,3,0.125,1.0,0.999990171607736,0.9998131630131435
Gilbert,12,,0.1,8,4,0.25,1.0,0.9999999459398936,0.9999622530956918
Gilbert,12,,0.1,8,5,0.15625,1.0,0.9984915399296954,0.959619627761164
Gilbert,12,,0.1,8,6,0.16666666666666666,1.0,0.999914447609826,0.9999999977717192
Gilbert,12,,0.1,8,7,0.203125,1.0,0.9999999919189833,0.977995242991721
Gilbert,12,,0.1,8,8,0.19140625,0.875,0.9431677645545298,0.9779255024339106
Gilbert,12,,0.1,8,9,0.13671875,0.9375,0.9988838632726244,0.9950940749648742
Gilbert,12,,0.1,8,10,0.125,1.0,0.9985226637870189,0.9521862223906162
Gilbert,12,,0.1,8,11,0.125,1.0,0.9997508494313804,0.9943182860335958
Gilbert,12,,0.1,8,12,0.203125,1.0,0.9999998536335257,0.9757058660260487
Gilbert,12,,0.1,8,13,0.30357142857142855,1.0,0.9977849236476323,0.9770498477136603
Gilbert,12,,0.1,8,14,0.25,1.0,0.999738103347873,0.9909641194202715
Gilbert,12,,0.1,8,15,0.203125,1.0,0.9999999927770192,0.8113889112040534
Gilbert,12,,0.1,8,16,0.25,1.0,0.9999996706658457,0.9823206074637694
Gilbert,12,,0.1,8,17,0.25,1.0,0.9999994815161052,0.9999999354611424
Gilbert,12,,0.1,8,18,0.15625,1.0,0.9999999881774376,0.9804974916609411
Gilbert,12,,0.1,8,19,0.25,1.0,0.9999999991156329,0.9551124362253446
Gilbert,12,,0.1,9,0,0.125,1.0,0.9999997587663234,0.997034205674558
Gilbert,12,,0.1,9,1,0.045454545454545456,1.0,0.9999999996201353,0.9999999998355786
Gilbert,12,,0.1,9,2,0.1076388888888889,0.8888888888888888,0.9999999451236437,0.9999999980054517
Gilbert,12,,0.1,9,3,0.125,1.0,0.9999963504666126,0.9998931803177585
Gilbert,12,,0.1,9,4,0.25,1.0,0.9999994697761105,0.9999999969051989
Gilbert,12,,0.1,9,5,0.15625,1.0,0.9999999499651157,0.9786951076137415
Gilbert,12,,0.1,9,6,0.16666666666666666,1.0,0.9999999990514582,0.9999999959713405
Gilbert,12,,0.1,9,7,0.203125,1.0,0.9999998641000901,0.9745837359209628
Gilbert,12,,0.1,9,8,0.19140625,0.875,0.9841523704469466,0.987580539074614
Gilbert,12,,0.1,9,9,0.13671875,0.9375,0.9983974613337663,0.9971423771790137
Gilbert,12,,0.1,9,10,0.125,1.0,0.9995750599925637,0.969854222625982
Gilbert,12,,0.1,9,11,0.125,1.0,0.9999592771284659,0.9956964812766517
Gilbert,12,,0.1,9,12,0.203125,1.0,0.9999999942182098,0.9884183715533112
Gilbert,12,,0.1,9,13,0.30357142857142855,1.0,0.9996393220387519,0.9934568113023813
Gilbert,12,,0.1,9,14,0.25,1.0,0.9998858838136989,0.9929594412534232
Gilbert,12,,0.1,9,15,0.203125,1.0,0.9999999816854308,0.6770543305518376
Gilbert,12,,0.1,9,16,0.25,1.0,0.9999994659497012,0.999964212679959
Gilbert,12,,0.1,9,17,0.25,1.0,0.9999999365223172,0.9999999994977267
Gilbert,12,,0.1,9,18,0.15625,1.0,0.9999998675231189,0.9871471647445996
Gilbert,12,,0.1,9,19,0.25,1.0,0.9999999966065791,0.9638646217646331
Gilbert,12,,0.1,10,0,0.125,1.0,0.9999992741665577,0.9977448210341657
Gilbert,12,,0.1,10,1,0.045454545454545456,1.0,0.9999999927026445,0.999999999988047
Gilbert,12,,0.1,10,2,0.1076388888888889,0.8888888888888888,0.9999999774076362,0.9999999990607772
Gilbert,12,,0.1,10,3,0.125,1.0,0.9999991424379355,0.9999975175019995
Gilbert,12,,0.1,10,4,0.25,1.0,0.999999670783603,0.9999999981026789
Gilbert,12,,0.1,10,5,0.15625,1.0,0.9999996228045165,0.9908290354567173
Gilbert,12,,0.1,10,6,0.16666666666666666,1.0,0.9999999892047625,0.9999999986668333
Gilbert,12,,0.1,10,7,0.203125,1.0,0.9999999826614884,0.9432853456680317
Gilbert,12,,0.1,10,8,0.19140625,0.875,0.9948719628592873,0.9688069485312432
Gilbert,12,,0.1,10,9,0.13671875,0.9375,0.9997420667737447,0.9972468228291154
Gilbert,12,,0.1,10,10,0.125,1.0,0.9998881864520359,0.9588903230398422
Gilbert,12,,0.1,10,11,0.125,1.0,0.9999986817910328,0.995833826741064
Gilbert,12,,0.1,10,12,0.203125,1.0,0.9999997552398302,0.9972181098563981
Gilbert,12,,0.1,10,13,0.30357142857142855,1.0,0.9995764503157855,0.9937521194102025
Gilbert,12,,0.1,10,14,0.25,1.0,0.9999443701976816,0.9873601886037916
Gilbert,12,,0.1,10,15,0.203125,1.0,0.9999991915154728,0.7877688864540349
Gilbert,12,,0.1,10,16,0.25,1.0,0.9999996582566816,0.9999999909506921
Gilbert,12,,0.1,10,17,0.25,1.0,0.9999999895132836,0.9999999971206344
Gilbert,12,,0.1,10,18,0.15625,1.0,0.9999999674859695,0.9897851003458082
Gilbert,12,,0.1,10,19,0.25,1.0,0.9998824113617075,0.9873629207150395
Gilbert,12,,0.25,1,0,0.20625,0.4,0.31030882315604524,0.32074346374725743
Gilbert,12,,0.25,1,1,0.0625,1.0,0.478562772607769,0.2330175159826858
Gilbert,12,,0.25,1,2,0.17708333333333334,0.3333333333333333,0.23269662826466353,0.30056524138978236
Gilbert,12,,0.25,1,3,0.24375,0.5,0.3865397686234108,0.38653976862340855
Gilbert,12,,0.25,1,4,0.20625,0.5,0.31420507823908544,0.31420507823908495
Gilbert,12,,0.25,1,5,0.15,0.5,0.2554022942096301,0.25540229420963384
Gilbert,12,,0.25,1,6,0.15104166666666666,0.3333333333333333,0.27127826235134206,0.28561969633682427
Gilbert,12,,0.25,1,7,0.20625,0.5,0.32538904060792995,0.3086617984464988
Gilbert,12,,0.25,1,8,0.1875,0.2,0.29486130298496416,0.2948613029849674
Gilbert,12,,0.25,1,9,0.1875,1.0,0.6239562020164376,0.32669801116078506
Gilbert,12,,0.25,1,10,0.09375,0.5,0.21224049538532502,0.2575338051134836
Gilbert,12,,0.25,1,11,0.171875,0.8333333333333334,0.25247395533478006,0.2947726744357248
Gilbert,12,,0.25,1,12,0.1875,1.0,0.18489205023340416,0.2690302972981617
Gilbert,12,,0.25,1,13,0.15104166666666666,0.5,0.25460473428174996,0.2735742291307853
Gilbert,12,,0.25,1,14,0.2708333333333333,0.75,0.37244158384618475,0.4560679604466114
Gilbert,12,,0.25,1,15,0.013392857142857142,0.9285714285714286,0.7443709065482205,0.20316118136651995
Gilbert,12,,0.25,1,16,0.25,1.0,0.2672116023022425,0.5704874230760218
Gilbert,12,,0.25,1,17,0.24375,0.5,0.31007383075442957,0.3100738307544309
Gilbert,12,,0.25,1,18,0.125,1.0,0.7914028144786704,0.3423583364019432
Gilbert,12,,0.25,1,19,0.175,-0.2,0.3251682649000589,0.33223813518083567
Gilbert,12,,0.25,2,0,0.20625,0.4,0.4025669369182155,0.5250813480786676
Gilbert,12,,0.25,2,1,0.0625,1.0,0.6238791558024329,0.49518844850623206
Gilbert,12,,0.25,2,2,0.17708333333333334,0.3333333333333333,0.48091994487494927,0.5040878046505058
Gilbert,12,,0.25,2,3,0.24375,0.5,0.5251549791869718,0.5251549791869685
Gilbert,12,,0.25,2,4,0.20625,0.5,0.3264142033171657,0.32641420331716553
Gilbert,12,,0.25,2,5,0.15,0.5,0.448166477446213,0.44816647743405313
Gilbert,12,,0.25,2,6,0.15104166666666666,0.3333333333333333,0.5427482150641921,0.4897355160685379
Gilbert,12,,0.25,2,7,0.20625,0.5,0.4257283193410345,0.4308685128036142
Gilbert,12,,0.25,2,8,0.1875,0.2,0.496689398291074,0.49668939829107456
Gilbert,12,,0.25,2,9,0.1875,1.0,0.681919425463756,0.5326175650681015
Gilbert,12,,0.25,2,10,0.09375,0.5,0.40383984689872515,0.26367177971548683
Gilbert,12,,0.25,2,11,0.171875,0.8333333333333334,0.5126374924224524,0.46552778694281843
Gilbert,12,,0.25,2,12,0.1875,1.0,0.8525210353065749,0.43036840119886693
Gilbert,12,,0.25,2,13,0.15104166666666666,0.5,0.5112247570304063,0.12605648784328038
Gilbert,12,,0.25,2,14,0.2708333333333333,0.75,0.4177124288452732,0.7171672898101092
Gilbert,12,,0.25,2,15,0.013392857142857142,0.9285714285714286,0.8417755475489835,0.5304698538715635
Gilbert,12,,0.25,2,16,0.25,1.0,0.814672390823147,0.7121538581171744
Gilbert,12,,0.25,2,17,0.24375,0.5,0.34580365969919447,0.3458036596991942
Gilbert,12,,0.25,2,18,0.125,1.0,0.9014565948139447,0.598885468428949
Gilbert,12,,0.25,2,19,0.175,-0.2,0.5617057713152118,0.41867896371690394
Gilbert,12,,0.25,3,0,0.20625,0.4,0.4782526811956763,0.6624877583286564
Gilbert,12,,0.25,3,1,0.0625,1.0,0.7645751039285482,0.5544268307841023
Gilbert,12,,0.25,3,2,0.17708333333333334,0.3333333333333333,0.6642660108461028,0.3727880056012443
Gilbert,12,,0.25,3,3,0.24375,0.5,0.6672166808152212,0.6672166808152837
Gilbert,12,,0.25,3,4,0.20625,0.5,0.46098305092593284,0.46098305092592823
Gilbert,12,,0.25,3,5,0.15,0.5,0.5268501740216285,0.526850174021764
Gilbert,12,,0.25,3,6,0.15104166666666666,0.3333333333333333,0.6736602554601081,0.7262820851887247
Gilbert,12,,0.25,3,7,0.20625,0.5,0.5078669120244094,0.434577694064037
Gilbert,12,,0.25,3,8,0.1875,0.2,0.5468889775096416,0.5468889775096368
Gilbert,12,,0.25,3,9,0.1875,1.0,0.9992782073042714,0.3974689950574682
Gilbert,12,,0.25,3,10,0.09375,0.5,0.3894693161834308,0.5441943715098019
Gilbert,12,,0.25,3,11,0.171875,0.8333333333333334,0.38569519871080876,0.570097174130026
Gilbert,12,,0.25,3,12,0.1875,1.0,0.9152461069226895,0.5581721163263014
Gilbert,12,,0.25,3,13,0.15104166666666666,0.5,0.6196036108666116,0.7537169223304349
Gilbert,12,,0.25,3,14,0.2708333333333333,0.75,0.861565251038832,0.7699124607511422
Gilbert,12,,0.25,3,15,0.013392857142857142,0.9285714285714286,0.924162490606615,0.8391972007178411
Gilbert,12,,0.25,3,16,0.25,1.0,0.6694564655111928,0.8256480326286649
Gilbert,12,,0.25,3,17,0.24375,0.5,0.6356736866648826,0.6356736866648809
Gilbert,12,,0.25,3,18,0.125,1.0,0.9541192329654823,0.7607150079727966
Gilbert,12,,0.25,3,19,0.175,-0.2,0.7066675160832796,0.656185701943963
Gilbert,12,,0.25,4,0,0.20625,0.4,0.48259081848684293,0.6096645591406544
Gilbert,12,,0.25,4,1,0.0625,1.0,0.8476874774346626,0.6689687188333342
Gilbert,12,,0.25,4,2,0.17708333333333334,0.3333333333333333,0.7330500465063401,0.6164066516535205
Gilbert,12,,0.25,4,3,0.24375,0.5,0.754408992197446,0.7544089921969439
Gilbert,12,,0.25,4,4,0.20625,0.5,0.5620873578101403,0.5620873587989671
Gilbert,12,,0.25,4,5,0.15,0.5,0.6190200026377435,0.6190200023889864
Gilbert,12,,0.25,4,6,0.15104166666666666,0.3333333333333333,0.737480407113762,0.802926130882729
Gilbert,12,,0.25,4,7,0.20625,0.5,0.5835844000852788,0.5702273583955748
Gilbert,12,,0.25,4,8,0.1875,0.2,0.6688253131449156,0.668825313144897
Gilbert,12,,0.25,4,9,0.1875,1.0,0.9999999997119328,0.6498560125405598
Gilbert,12,,0.25,4,10,0.09375,0.5,0.613098691129607,0.5147691653222848
Gilbert,12,,0.25,4,11,0.171875,0.8333333333333334,0.10590567908404654,0.5181169897703009
Gilbert,12,,0.25,4,12,0.1875,1.0,0.9208471232038572,0.602307743494901
Gilbert,12,,0.25,4,13,0.15104166666666666,0.5,0.6753029185660345,0.6016732427595716
Gilbert,12,,0.25,4,14,0.2708333333333333,0.75,0.9068689805235159,0.8192066070125255
Gilbert,12,,0.25,4,15,0.013392857142857142,0.9285714285714286,0.9643519380757274,0.8227695087543652
Gilbert,12,,0.25,4,16,0.25,1.0,0.7445984784171051,0.8967414856849711
Gilbert,12,,0.25,4,17,0.24375,0.5,0.5970814291989122,0.597081429198908
Gilbert,12,,0.25,4,18,0.125,1.0,0.9773689259610544,0.809472161432859
Gilbert,12,,0.25,4,19,0.175,-0.2,0.7201508481326757,0.6088043833146422
Gilbert,12,,0.25,5,0,0.20625,0.4,0.6502343288156309,0.6542606329036541
Gilbert,12,,0.25,5,1,0.0625,1.0,0.9146977538338246,0.7236572780969984
Gilbert,12,,0.25,5,2,0.17708333333333334,0.3333333333333333,0.7776356400106041,0.7020968799877134
Gilbert,12,,0.25,5,3,0.24375,0.5,0.764623889970605,0.7646238899437068
Gilbert,12,,0.25,5,4,0.20625,0.5,0.6309346297431944,0.6309346277708459
Gilbert,12,,0.25,5,5,0.15,0.5,0.7277697395014519,0.727769739040108
Gilbert,12,,0.25,5,6,0.15104166666666666,0.3333333333333333,0.8137824205588832,0.8532504174520755
Gilbert,12,,0.25,5,7,0.20625,0.5,0.6541256534109463,0.6449557741000582
Gilbert,12,,0.25,5,8,0.1875,0.2,0.7318312992231991,0.6379850729832963
Gilbert,12,,0.25,5,9,0.1875,1.0,0.9999999999691686,0.6827924343671768
Gilbert,12,,0.25,5,10,0.09375,0.5,0.6045905176353863,0.6945884160938729
Gilbert,12,,0.25,5,11,0.171875,0.8333333333333334,0.6800500556023373,0.3581357616940161
Gilbert,12,,0.25,5,12,0.1875,1.0,0.8977045059772543,0.6371759326770746
Gilbert,12,,0.25,5,13,0.15104166666666666,0.5,0.7460296186855341,0.7070145168752937
Gilbert,12,,0.25,5,14,0.2708333333333333,0.75,0.916681331130971,0.8477028230521683
Gilbert,12,,0.25,5,15,0.013392857142857142,0.9285714285714286,0.9760548621720396,0.8622793558615102
Gilbert,12,,0.25,5,16,0.25,1.0,0.9999999998065904,0.9237436186366715
Gilbert,12,,0.25,5,17,0.24375,0.5,0.6317960611446363,0.6317960598686948
Gilbert,12,,0.25,5,18,0.125,1.0,0.9854471118008195,0.8392599511519822
Gilbert,12,,0.25,5,19,0.175,-0.2,0.6513291454595305,0.7499231619729236
Gilbert,12,,0.25,6,0,0.20625,0.4,0.6938289187841511,0.6463274678188021
Gilbert,12,,0.25,6,1,0.0625,1.0,0.9999999982945319,0.742295580739999
Gilbert,12,,0.25,6,2,0.17708333333333334,0.3333333333333333,0.8395237734601911,0.6676555854058174
Gilbert,12,,0.25,6,3,0.24375,0.5,0.8198404438604058,0.8198404433188224
Gilbert,12,,0.25,6,4,0.20625,0.5,0.6760965035311658,0.6760965050593646
Gilbert,12,,0.25,6,5,0.15,0.5,0.739252813479981,0.7392528113258579
Gilbert,12,,0.25,6,6,0.15104166666666666,0.3333333333333333,0.8514684723914122,0.8917451921598071
Gilbert,12,,0.25,6,7,0.20625,0.5,0.6479780299704782,0.6303586303749498
Gilbert,12,,0.25,6,8,0.1875,0.2,0.6755090862492207,0.7144507181474749
Gilbert,12,,0.25,6,9,0.1875,1.0,0.9999978198853509,0.8627583479608246
Gilbert,12,,0.25,6,10,0.09375,0.5,0.7440803215256023,0.7174485378654192
Gilbert,12,,0.25,6,11,0.171875,0.8333333333333334,0.6590708265090721,0.5965042555746499
Gilbert,12,,0.25,6,12,0.1875,1.0,0.8982676662579703,0.6713165729694103
Gilbert,12,,0.25,6,13,0.15104166666666666,0.5,0.8229616883677194,0.7090573668047814
Gilbert,12,,0.25,6,14,0.2708333333333333,0.75,0.9641626548188743,0.8977389606803087
Gilbert,12,,0.25,6,15,0.013392857142857142,0.9285714285714286,0.980721465935679,0.8651025471223713
Gilbert,12,,0.25,6,16,0.25,1.0,0.9999999999783569,0.9367425750519177
Gilbert,12,,0.25,6,17,0.24375,0.5,0.7373443232370273,0.7373443232277876
Gilbert,12,,0.25,6,18,0.125,1.0,0.9876798857617716,0.862125474120853
Gilbert,12,,0.25,6,19,0.175,-0.2,0.8532510955413134,0.7110409799644154
Gilbert,12,,0.25,7,0,0.20625,0.4,0.6044280513528317,0.6776097996493486
Gilbert,12,,0.25,7,1,0.0625,1.0,0.9999999928721643,0.6810527109724038
Gilbert,12,,0.25,7,2,0.17708333333333334,0.3333333333333333,0.719480626904328,0.7509855240054701
Gilbert,12,,0.25,7,3,0.24375,0.5,0.8268274493272969,0.8268274489849446
Gilbert,12,,0.25,7,4,0.20625,0.5,0.6723113501990057,0.6723113513211633
Gilbert,12,,0.25,7,5,0.15,0.5,0.7768403164236352,0.7768403148097667
Gilbert,12,,0.25,7,6,0.15104166666666666,0.3333333333333333,0.8389082240175935,0.9031993353970204
Gilbert,12,,0.25,7,7,0.20625,0.5,0.7988588848561656,0.6823683957498711
Gilbert,12,,0.25,7,8,0.1875,0.2,0.7304588215443177,0.693710448485939
Gilbert,12,,0.25,7,9,0.1875,1.0,0.9999999767563961,0.8783520444292598
Gilbert,12,,0.25,7,10,0.09375,0.5,0.7268523070541113,0.7291713942724549
Gilbert,12,,0.25,7,11,0.171875,0.8333333333333334,0.6984357881731945,0.5661430488826067
Gilbert,12,,0.25,7,12,0.1875,1.0,0.8998292931014175,0.7455648143680332
Gilbert,12,,0.25,7,13,0.15104166666666666,0.5,0.8009396279970341,0.7435762617357368
Gilbert,12,,0.25,7,14,0.2708333333333333,0.75,0.9633578371821659,0.9017093955028962
Gilbert,12,,0.25,7,15,0.013392857142857142,0.9285714285714286,0.9828063939713916,0.9408501770567045
Gilbert,12,,0.25,7,16,0.25,1.0,0.999999999718505,0.9569062904046591
Gilbert,12,,0.25,7,17,0.24375,0.5,0.7804310819149693,0.7804310739811532
Gilbert,12,,0.25,7,18,0.125,1.0,0.9944761387799729,0.8688130385502322
Gilbert,12,,0.25,7,19,0.175,-0.2,0.865863209632568,0.7300656577839078
Gilbert,12,,0.25,8,0,0.20625,0.4,0.7272511559686216,0.743137163188657
Gilbert,12,,0.25,8,1,0.0625,1.0,0.9999998272764214,0.7165482213795613
Gilbert,12,,0.25,8,2,0.17708333333333334,0.3333333333333333,0.7609970764418273,0.6024152618852313
Gilbert,12,,0.25,8,3,0.24375,0.5,0.8355229047678687,0.8355229064009395
Gilbert,12,,0.25,8,4,0.20625,0.5,0.744026765487118,0.7440267572045803
Gilbert,12,,0.25,8,5,0.15,0.5,0.7890892130529515,0.7890892580586966
Gilbert,12,,0.25,8,6,0.15104166666666666,0.3333333333333333,0.8727116543968932,0.9516929436968415
Gilbert,12,,0.25,8,7,0.20625,0.5,0.7336849800527006,0.6981457254024924
Gilbert,12,,0.25,8,8,0.1875,0.2,0.7358991794987094,0.7999999926125978
Gilbert,12,,0.25,8,9,0.1875,1.0,0.9999998502936314,0.8902159835905219
Gilbert,12,,0.25,8,10,0.09375,0.5,0.7356859778996843,0.7384769631643996
Gilbert,12,,0.25,8,11,0.171875,0.8333333333333334,0.7461542505956853,0.6344584732381645
Gilbert,12,,0.25,8,12,0.1875,1.0,0.9064145384324416,0.7355133591596212
Gilbert,12,,0.25,8,13,0.15104166666666666,0.5,0.7869642850837367,0.7745679723407523
Gilbert,12,,0.25,8,14,0.2708333333333333,0.75,0.9825493089448408,0.9633100487160986
Gilbert,12,,0.25,8,15,0.013392857142857142,0.9285714285714286,0.9870254997063868,0.7493385550893169
Gilbert,12,,0.25,8,16,0.25,1.0,0.9999999952394294,0.9770384978182555
Gilbert,12,,0.25,8,17,0.24375,0.5,0.7922675775842242,0.792267572192434
Gilbert,12,,0.25,8,18,0.125,1.0,0.9953619788508973,0.8579772245919312
Gilbert,12,,0.25,8,19,0.175,-0.2,0.7817442077563858,0.8290751677956336
Gilbert,12,,0.25,9,0,0.20625,0.4,0.6439526268074565,0.8129854364734108
Gilbert,12,,0.25,9,1,0.0625,1.0,0.999999945332957,0.7351983407672872
Gilbert,12,,0.25,9,2,0.17708333333333334,0.3333333333333333,0.7076826581203971,0.8364023468247508
Gilbert,12,,0.25,9,3,0.24375,0.5,0.8398523273387608,0.8398523258778632
Gilbert,12,,0.25,9,4,0.20625,0.5,0.7869306740146753,0.7870057529334946
Gilbert,12,,0.25,9,5,0.15,0.5,0.8055933837999392,0.8055933882187286
Gilbert,12,,0.25,9,6,0.15104166666666666,0.3333333333333333,0.8992524025609536,0.9553445458254851
Gilbert,12,,0.25,9,7,0.20625,0.5,0.7590099119252688,0.8263316236078909
Gilbert,12,,0.25,9,8,0.1875,0.2,0.7361667376598555,0.8999304562223106
Gilbert,12,,0.25,9,9,0.1875,1.0,0.999999417667594,0.6785354457315075
Gilbert,12,,0.25,9,10,0.09375,0.5,0.8103793160810158,0.8558575522762901
Gilbert,12,,0.25,9,11,0.171875,0.8333333333333334,0.6799599094100697,0.7027564347235805
Gilbert,12,,0.25,9,12,0.1875,1.0,0.9999999890908379,0.7426593776171169
Gilbert,12,,0.25,9,13,0.15104166666666666,0.5,0.9049646182949832,0.8728100899776271
Gilbert,12,,0.25,9,14,0.2708333333333333,0.75,0.9909027755204236,0.8200984244200157
Gilbert,12,,0.25,9,15,0.013392857142857142,0.9285714285714286,0.9904116942469633,0.9381455131337749
Gilbert,12,,0.25,9,16,0.25,1.0,0.9999999998169322,0.9859125811247159
Gilbert,12,,0.25,9,17,0.24375,0.5,0.7981193444960193,0.7981193458462924
Gilbert,12,,0.25,9,18,0.125,1.0,0.9978352131637931,0.9043359606418958
Gilbert,12,,0.25,9,19,0.175,-0.2,0.7203331289316116,0.8138058770396543
Gilbert,12,,0.25,10,0,0.20625,0.4,0.7667112855061365,0.8672024919626475
Gilbert,12,,0.25,10,1,0.0625,1.0,0.9999999862332195,0.7523044990910349
Gilbert,12,,0.25,10,2,0.17708333333333334,0.3333333333333333,0.8574380216672219,0.7584599739268166
Gilbert,12,,0.25,10,3,0.24375,0.5,0.8585915902863768,0.8585916092990349
Gilbert,12,,0.25,10,4,0.20625,0.5,0.8595500443933114,0.8206326473166747
Gilbert,12,,0.25,10,5,0.15,0.5,0.824906309696485,0.824906484308689
Gilbert,12,,0.25,10,6,0.15104166666666666,0.3333333333333333,0.9327632591221401,0.9535590572733686
Gilbert,12,,0.25,10,7,0.20625,0.5,0.8164174866069389,0.7295957004196773
Gilbert,12,,0.25,10,8,0.1875,0.2,0.8508844334606553,0.7086556309019366
Gilbert,12,,0.25,10,9,0.1875,1.0,0.9999994218176796,0.9077731902502294
Gilbert,12,,0.25,10,10,0.09375,0.5,0.8265556888172689,0.8987078059964464
Gilbert,12,,0.25,10,11,0.171875,0.8333333333333334,0.6995752715981984,0.6519687233401971
Gilbert,12,,0.25,10,12,0.1875,1.0,0.7735963698718695,0.7498383613888558
Gilbert,12,,0.25,10,13,0.15104166666666666,0.5,0.9633457429373653,0.851659963518364
Gilbert,12,,0.25,10,14,0.2708333333333333,0.75,0.9905595339731431,0.9221969191999794
Gilbert,12,,0.25,10,15,0.013392857142857142,0.9285714285714286,0.9924272694872766,0.9469801474125382
Gilbert,12,,0.25,10,16,0.25,1.0,0.9999999932643978,0.9884623136534209
Gilbert,12,,0.25,10,17,0.24375,0.5,0.8181404020341528,0.8181404080651085
Gilbert,12,,0.25,10,18,0.125,1.0,0.9985476172464649,0.909159992607342
Gilbert,12,,0.25,10,19,0.175,-0.2,0.8828355130108895,0.8728589962717109
Gilbert,13,,0.1,1,0,0.18055555555555555,1.0,0.8185741826849701,0.635859520636797
Gilbert,13,,0.1,1,1,0.18055555555555555,1.0,0.880982741089118,0.6550061937611518
Gilbert,13,,0.1,1,2,0.1125,1.0,0.9263458329623996,0.7567768462328404
Gilbert,13,,0.1,1,3,0.18055555555555555,1.0,0.8125016306174616,0.5513507400870031
Gilbert,13,,0.1,1,4,0.17578125,0.875,0.41308593749999994,0.6527789610593024
Gilbert,13,,0.1,1,5,0.09090909090909091,1.0,0.9604946015465181,0.8118389766262556
Gilbert,13,,0.1,1,6,0.2222222222222222,1.0,0.8515535454532299,0.6997359785267891
Gilbert,13,,0.1,1,7,0.1125,1.0,0.926345832962399,0.7567768462328404
Gilbert,13,,0.1,1,8,0.1125,1.0,0.9405285127486973,0.7149407417662895
Gilbert,13,,0.1,1,9,0.171875,1.0,0.18257691211071891,0.3687431080840423
Gilbert,13,,0.1,1,10,0.2222222222222222,1.0,0.8126501751305919,0.45284951078721847
Gilbert,13,,0.1,1,11,0.21875,1.0,0.8002206706038963,0.4701337842246617
Gilbert,13,,0.1,1,12,0.25892857142857145,0.6428571428571429,0.45504451630210907,0.42916497422948147
Gilbert,13,,0.1,1,13,0.18055555555555555,1.0,0.7934962738046121,0.5932366340987065
Gilbert,13,,0.1,1,14,0.171875,1.0,0.1749764689037176,0.27385005279882846
Gilbert,13,,0.1,1,15,0.2222222222222222,1.0,0.8233927872903869,0.5216580779007738
Gilbert,13,,0.1,1,16,0.1125,1.0,0.8448156927308409,0.6693616106677323
Gilbert,13,,0.1,1,17,0.375,1.0,0.479631273484181,0.5635268011145544
Gilbert,13,,0.1,1,18,0.32142857142857145,1.0,0.32890213248663375,0.4297882555868588
Gilbert,13,,0.1,1,19,0.18055555555555555,1.0,0.8328433155303119,0.521660900517745
Gilbert,13,,0.1,2,0,0.18055555555555555,1.0,0.835465444261657,0.743589522425334
Gilbert,13,,0.1,2,1,0.18055555555555555,1.0,0.9513817075696243,0.7754028737942872
Gilbert,13,,0.1,2,2,0.1125,1.0,0.9700729921138859,0.8772494577858623
Gilbert,13,,0.1,2,3,0.18055555555555555,1.0,0.9190440736343743,0.6526669483341018
Gilbert,13,,0.1,2,4,0.17578125,0.875,0.4622497558593749,0.7713178405899096
Gilbert,13,,0.1,2,5,0.09090909090909091,1.0,0.9863381064232126,0.9168655765797034
Gilbert,13,,0.1,2,6,0.2222222222222222,1.0,0.9137813309482343,0.8558836534468948
Gilbert,13,,0.1,2,7,0.1125,1.0,0.9700729921138855,0.8772494577858623
Gilbert,13,,0.1,2,8,0.1125,1.0,0.9819303517625239,0.867616323999745
Gilbert,13,,0.1,2,9,0.171875,1.0,0.8612632134639284,0.7072208952992347
Gilbert,13,,0.1,2,10,0.2222222222222222,1.0,0.920655489235418,0.7935766619255309
Gilbert,13,,0.1,2,11,0.21875,1.0,0.9259347388818991,0.8039330019632811
Gilbert,13,,0.1,2,12,0.25892857142857145,0.6428571428571429,0.6573498514256023,0.7220069194614711
Gilbert,13,,0.1,2,13,0.18055555555555555,1.0,0.8099620455228153,0.6784447130388654
Gilbert,13,,0.1,2,14,0.171875,1.0,0.8174592748710108,0.6567490232087205
Gilbert,13,,0.1,2,15,0.2222222222222222,1.0,0.9315334547551236,0.8114405047426995
Gilbert,13,,0.1,2,16,0.1125,1.0,0.8650326744380049,0.749298490907724
Gilbert,13,,0.1,2,17,0.375,1.0,0.8112475728287089,0.766746775610747
Gilbert,13,,0.1,2,18,0.32142857142857145,1.0,0.8190745069385228,0.586217071157798
Gilbert,13,,0.1,2,19,0.18055555555555555,1.0,0.9424080361642339,0.8350467745443966
Gilbert,13,,0.1,3,0,0.18055555555555555,1.0,0.8971721004407406,0.812604387944454
Gilbert,13,,0.1,3,1,0.18055555555555555,1.0,0.9779571940538373,0.8324297218054161
Gilbert,13,,0.1,3,2,0.1125,1.0,0.9846406404159161,0.9151499524590918
Gilbert,13,,0.1,3,3,0.18055555555555555,1.0,0.9704139948823995,0.7444797584888467
Gilbert,13,,0.1,3,4,0.17578125,0.875,0.5242595672607422,0.8441608535078509
Gilbert,13,,0.1,3,5,0.09090909090909091,1.0,0.9957773605562346,0.9650316033134497
Gilbert,13,,0.1,3,6,0.2222222222222222,1.0,0.9348926989276704,0.886857372326438
Gilbert,13,,0.1,3,7,0.1125,1.0,0.9846406404159165,0.9151499524590904
Gilbert,13,,0.1,3,8,0.1125,1.0,0.9933472102743176,0.9418346178954762
Gilbert,13,,0.1,3,9,0.171875,1.0,0.9999999999973412,0.788996844075297
Gilbert,13,,0.1,3,10,0.2222222222222222,1.0,0.9779351697494596,0.8674288594452375
Gilbert,13,,0.1,3,11,0.21875,1.0,0.9570874044289892,0.9074168186366158
Gilbert,13,,0.1,3,12,0.25892857142857145,0.6428571428571429,0.7912274322077343,0.7285733452835795
Gilbert,13,,0.1,3,13,0.18055555555555555,1.0,0.8751257660943883,0.7604528955890407
Gilbert,13,,0.1,3,14,0.171875,1.0,0.9999999999985548,0.7800929411972558
Gilbert,13,,0.1,3,15,0.2222222222222222,1.0,0.9718690853425562,0.8215853870188311
Gilbert,13,,0.1,3,16,0.1125,1.0,0.904421806833532,0.883968641825455
Gilbert,13,,0.1,3,17,0.375,1.0,0.9999999999997273,0.8637694092537315
Gilbert,13,,0.1,3,18,0.32142857142857145,1.0,0.9175249963578823,0.688774554642044
Gilbert,13,,0.1,3,19,0.18055555555555555,1.0,0.969247492095154,0.845873069525962
Gilbert,13,,0.1,4,0,0.18055555555555555,1.0,0.913983800958312,0.8382360066294878
Gilbert,13,,0.1,4,1,0.18055555555555555,1.0,0.989885051116803,0.8531905997105921
Gilbert,13,,0.1,4,2,0.1125,1.0,0.9927730010615351,0.9542388759647367
Gilbert,13,,0.1,4,3,0.18055555555555555,1.0,0.9853579239143393,0.7980970936262974
Gilbert,13,,0.1,4,4,0.17578125,0.875,0.5365880727767944,0.8846502206388804
Gilbert,13,,0.1,4,5,0.09090909090909091,1.0,0.9978273309113311,0.9878249862317332
Gilbert,13,,0.1,4,6,0.2222222222222222,1.0,0.9694039989604902,0.9481837574130001
Gilbert,13,,0.1,4,7,0.1125,1.0,0.9927730010615363,0.9542388759647359
Gilbert,13,,0.1,4,8,0.1125,1.0,0.9964607748053386,0.9726855440234725
Gilbert,13,,0.1,4,9,0.171875,1.0,0.9999999999840652,0.8112670884972365
Gilbert,13,,0.1,4,10,0.2222222222222222,1.0,0.9944501876439757,0.910809498168846
Gilbert,13,,0.1,4,11,0.21875,1.0,0.9868912924290646,0.9053574089113028
Gilbert,13,,0.1,4,12,0.25892857142857145,0.6428571428571429,0.7685330844058045,0.8609152630916579
Gilbert,13,,0.1,4,13,0.18055555555555555,1.0,0.9136320714706846,0.8320005740148675
Gilbert,13,,0.1,4,14,0.171875,1.0,0.9999999999995615,0.7526018036187879
Gilbert,13,,0.1,4,15,0.2222222222222222,1.0,0.989322466777348,0.8194736560891902
Gilbert,13,,0.1,4,16,0.1125,1.0,0.9267778441998612,0.9316496472559053
Gilbert,13,,0.1,4,17,0.375,1.0,0.9893820569357785,0.9395090878762488
Gilbert,13,,0.1,4,18,0.32142857142857145,1.0,0.9999999999353334,0.6828102424656982
Gilbert,13,,0.1,4,19,0.18055555555555555,1.0,0.9909166237373704,0.9046963563354092
Gilbert,13,,0.1,5,0,0.18055555555555555,1.0,0.9996766659544386,0.9180634340126012
Gilbert,13,,0.1,5,1,0.18055555555555555,1.0,0.9930373825041284,0.8949975403892054
Gilbert,13,,0.1,5,2,0.1125,1.0,0.9950469101625062,0.9730639125406008
Gilbert,13,,0.1,5,3,0.18055555555555555,1.0,0.9930974284146757,0.8485012138940411
Gilbert,13,,0.1,5,4,0.17578125,0.875,0.5123726651072502,0.9380317362726793
Gilbert,13,,0.1,5,5,0.09090909090909091,1.0,0.9991457669611887,0.994899449201137
Gilbert,13,,0.1,5,6,0.2222222222222222,1.0,0.9724725390382396,0.9667128738464194
Gilbert,13,,0.1,5,7,0.1125,1.0,0.9950469101625081,0.9730639125405993
Gilbert,13,,0.1,5,8,0.1125,1.0,0.9980766518374601,0.9830565135084676
Gilbert,13,,0.1,5,9,0.171875,1.0,0.9999999997957739,0.8674907163048572
Gilbert,13,,0.1,5,10,0.2222222222222222,1.0,0.9999999999092574,0.9235665676957101
Gilbert,13,,0.1,5,11,0.21875,1.0,0.9896953645077621,0.9324863179308254
Gilbert,13,,0.1,5,12,0.25892857142857145,0.6428571428571429,0.8618808167363711,0.7803433408154269
Gilbert,13,,0.1,5,13,0.18055555555555555,1.0,0.9080049247664839,0.8725399460551494
Gilbert,13,,0.1,5,14,0.171875,1.0,0.9999999999974204,0.7791526834883928
Gilbert,13,,0.1,5,15,0.2222222222222222,1.0,0.990753225796434,0.9260342866282735
Gilbert,13,,0.1,5,16,0.1125,1.0,0.9999999981273999,0.9356523477976866
Gilbert,13,,0.1,5,17,0.375,1.0,0.9999992205539733,0.9570159157975081
Gilbert,13,,0.1,5,18,0.32142857142857145,1.0,0.9999999998368818,0.7309086705695781
Gilbert,13,,0.1,5,19,0.18055555555555555,1.0,0.9909821312118829,0.9621609831835612
Gilbert,13,,0.1,6,0,0.18055555555555555,1.0,0.9999999174857616,0.8986690416834873
Gilbert,13,,0.1,6,1,0.18055555555555555,1.0,0.9954687078619793,0.9133212106667286
Gilbert,13,,0.1,6,2,0.1125,1.0,0.9986017595092292,0.985356168552362
Gilbert,13,,0.1,6,3,0.18055555555555555,1.0,0.9960030058454505,0.8699649632609782
Gilbert,13,,0.1,6,4,0.17578125,0.875,0.486632355954498,0.9662009407639415
Gilbert,13,,0.1,6,5,0.09090909090909091,1.0,0.9997820263338407,0.9961882626691917
Gilbert,13,,0.1,6,6,0.2222222222222222,1.0,0.9761122916893272,0.9831696227462348
Gilbert,13,,0.1,6,7,0.1125,1.0,0.9986017595092296,0.9853561685523609
Gilbert,13,,0.1,6,8,0.1125,1.0,0.9993075643779562,0.9921640825514579
Gilbert,13,,0.1,6,9,0.171875,1.0,0.9999999920017549,0.9306814494003238
Gilbert,13,,0.1,6,10,0.2222222222222222,1.0,0.99999999721098,0.9516262573201671
Gilbert,13,,0.1,6,11,0.21875,1.0,0.9976357785909462,0.9671866842547326
Gilbert,13,,0.1,6,12,0.25892857142857145,0.6428571428571429,0.9033544388707156,0.9459090415862837
Gilbert,13,,0.1,6,13,0.18055555555555555,1.0,0.9267500476083804,0.9270483205177124
Gilbert,13,,0.1,6,14,0.171875,1.0,0.9999999999794292,0.7895868894397123
Gilbert,13,,0.1,6,15,0.2222222222222222,1.0,0.9991796194863419,0.9181724369572714
Gilbert,13,,0.1,6,16,0.1125,1.0,0.9999999996432087,0.9612182501049121
Gilbert,13,,0.1,6,17,0.375,1.0,0.9999990682557623,0.9826140180454095
Gilbert,13,,0.1,6,18,0.32142857142857145,1.0,0.9999999959647071,0.7319151229664698
Gilbert,13,,0.1,6,19,0.18055555555555555,1.0,0.9991811631364941,0.9669719556919153
Gilbert,13,,0.1,7,0,0.18055555555555555,1.0,0.9999999957753061,0.9443077374563068
Gilbert,13,,0.1,7,1,0.18055555555555555,1.0,0.997436459652908,0.9143171206340371
Gilbert,13,,0.1,7,2,0.1125,1.0,0.9991967573038973,0.9793671821772966
Gilbert,13,,0.1,7,3,0.18055555555555555,1.0,0.9972049432193096,0.8967729264187569
Gilbert,13,,0.1,7,4,0.17578125,0.875,0.4692289130471182,0.9704342167781519
Gilbert,13,,0.1,7,5,0.09090909090909091,1.0,0.999997256556124,0.997341381479666
Gilbert,13,,0.1,7,6,0.2222222222222222,1.0,0.9999999994339797,0.9805995217400039
Gilbert,13,,0.1,7,7,0.1125,1.0,0.9991967571824617,0.9793671821781349
Gilbert,13,,0.1,7,8,0.1125,1.0,0.9997855749176896,0.9948958533521435
Gilbert,13,,0.1,7,9,0.171875,1.0,0.9999998734044933,0.9465628253825089
Gilbert,13,,0.1,7,10,0.2222222222222222,1.0,0.9999997333269133,0.9648886025465812
Gilbert,13,,0.1,7,11,0.21875,1.0,0.9990714350391328,0.9964980564270258
Gilbert,13,,0.1,7,12,0.25892857142857145,0.6428571428571429,0.8877635499558238,0.945909054537892
Gilbert,13,,0.1,7,13,0.18055555555555555,1.0,0.9657138037867592,0.9235751527805446
Gilbert,13,,0.1,7,14,0.171875,1.0,0.9999999992687512,0.7703498431050727
Gilbert,13,,0.1,7,15,0.2222222222222222,1.0,0.9997510345784709,0.958186257414702
Gilbert,13,,0.1,7,16,0.1125,1.0,0.999999986214738,0.9758806365417811
Gilbert,13,,0.1,7,17,0.375,1.0,0.9999999820318565,0.9871986337539618
Gilbert,13,,0.1,7,18,0.32142857142857145,1.0,0.9999999988915166,0.809846526555674
Gilbert,13,,0.1,7,19,0.18055555555555555,1.0,0.9999999962194038,0.9815880603153803
Gilbert,13,,0.1,8,0,0.18055555555555555,1.0,0.9999998540582646,0.9275210754975585
Gilbert,13,,0.1,8,1,0.18055555555555555,1.0,0.9982074727924213,0.9199993471853326
Gilbert,13,,0.1,8,2,0.1125,1.0,0.9995301566737922,0.9892951182815082
Gilbert,13,,0.1,8,3,0.18055555555555555,1.0,0.9988227370208649,0.8940607869547874
Gilbert,13,,0.1,8,4,0.17578125,0.875,0.5283074539529481,0.9731756300564655
Gilbert,13,,0.1,8,5,0.09090909090909091,1.0,0.999999700601633,0.9998601870840311
Gilbert,13,,0.1,8,6,0.2222222222222222,1.0,0.9999949773569627,0.9878256784621003
Gilbert,13,,0.1,8,7,0.1125,1.0,0.9995301592128516,0.9892951139120395
Gilbert,13,,0.1,8,8,0.1125,1.0,0.9999612716994051,0.9953730371204028
Gilbert,13,,0.1,8,9,0.171875,1.0,0.9999999996672907,0.9541878091003851
Gilbert,13,,0.1,8,10,0.2222222222222222,1.0,0.999999973234869,0.9785941382430187
Gilbert,13,,0.1,8,11,0.21875,1.0,0.99959474688785,0.9999998752329969
Gilbert,13,,0.1,8,12,0.25892857142857145,0.6428571428571429,0.9053021133469473,0.9512880408932346
Gilbert,13,,0.1,8,13,0.18055555555555555,1.0,0.9999970138410078,0.943903796021448
Gilbert,13,,0.1,8,14,0.171875,1.0,0.9999999998316295,0.8777923617422652
Gilbert,13,,0.1,8,15,0.2222222222222222,1.0,0.9994457149851126,0.9902783128034199
Gilbert,13,,0.1,8,16,0.1125,1.0,0.9999994543723366,0.9657742655672589
Gilbert,13,,0.1,8,17,0.375,1.0,0.999999969897914,0.9938841220501623
Gilbert,13,,0.1,8,18,0.32142857142857145,1.0,0.9999999967998272,0.8369417013267039
Gilbert,13,,0.1,8,19,0.18055555555555555,1.0,0.9999999657444777,0.98790519776629
Gilbert,13,,0.1,9,0,0.18055555555555555,1.0,0.999999746124407,0.9707183179613597
Gilbert,13,,0.1,9,1,0.18055555555555555,1.0,0.9993671037801266,0.9322976173739883
Gilbert,13,,0.1,9,2,0.1125,1.0,0.9997357263288075,0.9923269228063454
Gilbert,13,,0.1,9,3,0.18055555555555555,1.0,0.9993702762521942,0.9067616913302624
Gilbert,13,,0.1,9,4,0.17578125,0.875,0.48043758807477854,0.9874138572914242
Gilbert,13,,0.1,9,5,0.09090909090909091,1.0,0.9999997937836095,0.9999999880275019
Gilbert,13,,0.1,9,6,0.2222222222222222,1.0,0.9999999867652289,0.9935731338304377
Gilbert,13,,0.1,9,7,0.1125,1.0,0.9997357115857659,0.9923269713792215
Gilbert,13,,0.1,9,8,0.1125,1.0,0.9999960039501488,0.9973293699954698
Gilbert,13,,0.1,9,9,0.171875,1.0,0.9999999973183752,0.9589588151463261
Gilbert,13,,0.1,9,10,0.2222222222222222,1.0,0.9999995871801927,0.986569704916488
Gilbert,13,,0.1,9,11,0.21875,1.0,0.9999536891331718,0.9999950648611349
Gilbert,13,,0.1,9,12,0.25892857142857145,0.6428571428571429,0.8796471645286383,0.9571908244069066
Gilbert,13,,0.1,9,13,0.18055555555555555,1.0,0.9999996012778494,0.9598326335666248
Gilbert,13,,0.1,9,14,0.171875,1.0,0.9999995941641818,0.881799921949253
Gilbert,13,,0.1,9,15,0.2222222222222222,1.0,0.99970935976808,0.9809015676695056
Gilbert,13,,0.1,9,16,0.1125,1.0,0.9999997806859673,0.9793678881818426
Gilbert,13,,0.1,9,17,0.375,1.0,0.999999956613281,0.9964808803323126
Gilbert,13,,0.1,9,18,0.32142857142857145,1.0,0.9999999959319031,0.8260432189458264
Gilbert,13,,0.1,9,19,0.18055555555555555,1.0,0.9999999794247838,0.9955478936166343
Gilbert,13,,0.1,10,0,0.18055555555555555,1.0,0.9999995583283892,0.9851002983444985
Gilbert,13,,0.1,10,1,0.18055555555555555,1.0,0.9997252658920325,0.9345333724580323
Gilbert,13,,0.1,10,2,0.1125,1.0,0.999962047780382,0.996419908635005
Gilbert,13,,0.1,10,3,0.18055555555555555,1.0,0.9996442449592292,0.9199798223323765
Gilbert,13,,0.1,10,4,0.17578125,0.875,0.45934178543600257,0.983830452973904
Gilbert,13,,0.1,10,5,0.09090909090909091,1.0,0.9999998681269923,0.9999999400762613
Gilbert,13,,0.1,10,6,0.2222222222222222,1.0,0.9999964722489492,0.9931764617383441
Gilbert,13,,0.1,10,7,0.1125,1.0,0.9999620568498431,0.9964199030004199
Gilbert,13,,0.1,10,8,0.1125,1.0,0.9999987248765956,0.9979650623806773
Gilbert,13,,0.1,10,9,0.171875,1.0,0.9999999724195607,0.9777736084703151
Gilbert,13,,0.1,10,10,0.2222222222222222,1.0,0.9999997782098168,0.990499028099019
Gilbert,13,,0.1,10,11,0.21875,1.0,0.9999983361651779,0.9999997899458677
Gilbert,13,,0.1,10,12,0.25892857142857145,0.6428571428571429,0.9473542381711161,0.9700167218604723
Gilbert,13,,0.1,10,13,0.18055555555555555,1.0,0.9999982581842587,0.977898651274333
Gilbert,13,,0.1,10,14,0.171875,1.0,0.9999999013498413,0.853221267430324
Gilbert,13,,0.1,10,15,0.2222222222222222,1.0,0.9999212041213177,0.9910109584563292
Gilbert,13,,0.1,10,16,0.1125,1.0,0.9999998663167062,0.9890707287913024
Gilbert,13,,0.1,10,17,0.375,1.0,0.9999994329138107,0.997964867574301
Gilbert,13,,0.1,10,18,0.32142857142857145,1.0,0.9999999922637874,0.7993216694076132
Gilbert,13,,0.1,10,19,0.18055555555555555,1.0,0.9999995795018477,0.996012288829314
Gilbert,13,,0.25,1,0,0.375,1.0,0.41107622042000896,0.39240099812809603
Gilbert,13,,0.25,1,1,0.171875,1.0,0.21544009912630185,0.6117081270483768
Gilbert,13,,0.25,1,2,0.05357142857142857,1.0,0.46515554786608365,0.2522015948973366
Gilbert,13,,0.25,1,3,0.171875,0.5833333333333334,0.23129969072467146,0.24563431258904966
Gilbert,13,,0.25,1,4,0.24479166666666666,0.4166666666666667,0.3753951202457924,0.3753951202457921
Gilbert,13,,0.25,1,5,0.12053571428571429,0.6428571428571429,0.18032661996490035,0.26575293184823784
Gilbert,13,,0.25,1,6,0.18229166666666666,-0.08333333333333333,0.26758692723597627,0.26758692723597516
Gilbert,13,,0.25,1,7,0.265625,1.0,0.29450098234683797,0.3563126447089584
Gilbert,13,,0.25,1,8,0.265625,1.0,0.3041844673845433,0.3525279685680494
Gilbert,13,,0.25,1,9,0.18125,0.5,0.26144948052915956,0.26144948052915884
Gilbert,13,,0.25,1,10,0.14375,0.5,0.23357993644091887,0.2335799364409194
Gilbert,13,,0.25,1,11,0.18229166666666666,0.6666666666666666,0.2694080474039868,0.3152311668852199
Gilbert,13,,0.25,1,12,0.07142857142857142,1.0,0.6933448258053821,0.285637246280072
Gilbert,13,,0.25,1,13,0.10416666666666667,0.75,0.17147642105420155,0.28259942938004695
Gilbert,13,,0.25,1,14,0.26785714285714285,1.0,0.254299091666093,0.38897868713422507
Gilbert,13,,0.25,1,15,0.10714285714285714,1.0,0.47014098994180553,0.2143063741495432
Gilbert,13,,0.25,1,16,0.10714285714285714,1.0,0.45984424521625006,0.20831731851444615
Gilbert,13,,0.25,1,17,0.24479166666666666,1.0,0.27621215421239387,0.2947974498527448
Gilbert,13,,0.25,1,18,0.19791666666666666,0.16666666666666666,0.28433407640865654,0.28433407640865543
Gilbert,13,,0.25,1,19,0.13541666666666666,0.5,0.22006323842375508,0.29868626454908215
Gilbert,13,,0.25,2,0,0.375,1.0,0.8027500422506293,0.38143539654462505
Gilbert,13,,0.25,2,1,0.171875,1.0,0.44284141336833893,0.7757456708502314
Gilbert,13,,0.25,2,2,0.05357142857142857,1.0,0.4676495109012499,0.46198533283752397
Gilbert,13,,0.25,2,3,0.171875,0.5833333333333334,0.37093515513072534,0.318631545766821
Gilbert,13,,0.25,2,4,0.24479166666666666,0.4166666666666667,0.3603840604861757,0.36038406048617583
Gilbert,13,,0.25,2,5,0.12053571428571429,0.6428571428571429,0.5934314021101311,0.5132818761531962
Gilbert,13,,0.25,2,6,0.18229166666666666,-0.08333333333333333,0.40489374465062467,0.4048937446506213
Gilbert,13,,0.25,2,7,0.265625,1.0,0.8051573289785334,0.45593818819493187
Gilbert,13,,0.25,2,8,0.265625,1.0,0.7989849319433049,0.5658170059067184
Gilbert,13,,0.25,2,9,0.18125,0.5,0.557508580846048,0.5575085808460445
Gilbert,13,,0.25,2,10,0.14375,0.5,0.1572907017579123,0.157290701757913
Gilbert,13,,0.25,2,11,0.18229166666666666,0.6666666666666666,0.41216234164741633,0.38868123389948
Gilbert,13,,0.25,2,12,0.07142857142857142,1.0,0.7463561442702086,0.6300756951300118
Gilbert,13,,0.25,2,13,0.10416666666666667,0.75,0.588874667931457,0.40914246193333853
Gilbert,13,,0.25,2,14,0.26785714285714285,1.0,0.8274610336276061,0.44988880867179354
Gilbert,13,,0.25,2,15,0.10714285714285714,1.0,0.629595865332847,0.27038727759884423
Gilbert,13,,0.25,2,16,0.10714285714285714,1.0,0.5535753718723093,0.4953113145767043
Gilbert,13,,0.25,2,17,0.24479166666666666,1.0,0.6946670730503998,0.420468147072066
Gilbert,13,,0.25,2,18,0.19791666666666666,0.16666666666666666,0.2952657097133668,0.29526570971336813
Gilbert,13,,0.25,2,19,0.13541666666666666,0.5,0.3470236230172415,0.5053411347298935
Gilbert,13,,0.25,3,0,0.375,1.0,0.9001243311759947,0.5273446341836819
Gilbert,13,,0.25,3,1,0.171875,1.0,0.8097017204016468,0.8652489119038095
Gilbert,13,,0.25,3,2,0.05357142857142857,1.0,0.8116448532418437,0.6657694123350933
Gilbert,13,,0.25,3,3,0.171875,0.5833333333333334,0.46828281514616893,0.45095799324258606
Gilbert,13,,0.25,3,4,0.24479166666666666,0.4166666666666667,0.5887111441300946,0.5887111441300923
Gilbert,13,,0.25,3,5,0.12053571428571429,0.6428571428571429,0.7427240756538913,0.5199127329549741
Gilbert,13,,0.25,3,6,0.18229166666666666,-0.08333333333333333,0.45192499395965385,0.4519249939596494
Gilbert,13,,0.25,3,7,0.265625,1.0,0.5686208581684496,0.504762475279813
Gilbert,13,,0.25,3,8,0.265625,1.0,0.9264034519437868,0.5975187492268821
Gilbert,13,,0.25,3,9,0.18125,0.5,0.5825590219347087,0.5825590219348674
Gilbert,13,,0.25,3,10,0.14375,0.5,0.49504693768730623,0.49504693768729846
Gilbert,13,,0.25,3,11,0.18229166666666666,0.6666666666666666,0.58374414341029,0.6341870785470217
Gilbert,13,,0.25,3,12,0.07142857142857142,1.0,0.8215434218822251,0.6640060198200685
Gilbert,13,,0.25,3,13,0.10416666666666667,0.75,0.7527385656252158,0.6693660462001296
Gilbert,13,,0.25,3,14,0.26785714285714285,1.0,0.9301290818778148,0.5583501044412984
Gilbert,13,,0.25,3,15,0.10714285714285714,1.0,0.7681015135361254,0.42497354152236194
Gilbert,13,,0.25,3,16,0.10714285714285714,1.0,0.998685124173729,0.5531050648284989
Gilbert,13,,0.25,3,17,0.24479166666666666,1.0,0.7925508414534979,0.5065423099221368
Gilbert,13,,0.25,3,18,0.19791666666666666,0.16666666666666666,0.4236419536224288,0.4236419536224247
Gilbert,13,,0.25,3,19,0.13541666666666666,0.5,0.5194880196746986,0.4443174674448924
Gilbert,13,,0.25,4,0,0.375,1.0,0.6428571428476838,0.6555596090492631
Gilbert,13,,0.25,4,1,0.171875,1.0,0.9999999999971011,0.9196869269882814
Gilbert,13,,0.25,4,2,0.05357142857142857,1.0,0.9089665983975026,0.7982476446842893
Gilbert,13,,0.25,4,3,0.171875,0.5833333333333334,0.5621089589192111,0.6248002321471416
Gilbert,13,,0.25,4,4,0.24479166666666666,0.4166666666666667,0.3599443721876517,0.35994437218765035
Gilbert,13,,0.25,4,5,0.12053571428571429,0.6428571428571429,0.7539259987721981,0.42671948303080043
Gilbert,13,,0.25,4,6,0.18229166666666666,-0.08333333333333333,0.6186242981842341,0.6186242982131098
Gilbert,13,,0.25,4,7,0.265625,1.0,0.9999999999873466,0.7003256870841714
Gilbert,13,,0.25,4,8,0.265625,1.0,0.9261046623839325,0.7016224935273494
Gilbert,13,,0.25,4,9,0.18125,0.5,0.5308067552281788,0.692783303642473
Gilbert,13,,0.25,4,10,0.14375,0.5,0.4097893937900068,0.40978939379001034
Gilbert,13,,0.25,4,11,0.18229166666666666,0.6666666666666666,0.6356130808944714,0.6240291919836572
Gilbert,13,,0.25,4,12,0.07142857142857142,1.0,0.7774846815281587,0.6969578854302559
Gilbert,13,,0.25,4,13,0.10416666666666667,0.75,0.8274080949961916,0.7261741987654889
Gilbert,13,,0.25,4,14,0.26785714285714285,1.0,0.9999999999906901,0.48695519212350236
Gilbert,13,,0.25,4,15,0.10714285714285714,1.0,0.7810046803876957,0.5400840155716511
Gilbert,13,,0.25,4,16,0.10714285714285714,1.0,0.9999999989663017,0.5901846405885429
Gilbert,13,,0.25,4,17,0.24479166666666666,1.0,0.8075962719995414,0.6293902776661827
Gilbert,13,,0.25,4,18,0.19791666666666666,0.16666666666666666,0.4766404482892603,0.47664044835900327
Gilbert,13,,0.25,4,19,0.13541666666666666,0.5,0.6218055935685897,0.5982031840554313
Gilbert,13,,0.25,5,0,0.375,1.0,0.8543306578326924,0.6580770518645976
Gilbert,13,,0.25,5,1,0.171875,1.0,0.9999999999905317,0.9445250328844847
Gilbert,13,,0.25,5,2,0.05357142857142857,1.0,0.9394325128040499,0.8270013215928859
Gilbert,13,,0.25,5,3,0.171875,0.5833333333333334,0.5284238548039094,0.6981200423856261
Gilbert,13,,0.25,5,4,0.24479166666666666,0.4166666666666667,0.6734507188668902,0.6734507188783936
Gilbert,13,,0.25,5,5,0.12053571428571429,0.6428571428571429,0.7713436175688047,0.5942768771714662
Gilbert,13,,0.25,5,6,0.18229166666666666,-0.08333333333333333,0.5812706902099748,0.5812706901244492
Gilbert,13,,0.25,5,7,0.265625,1.0,0.9999999998805047,0.78975574248815
Gilbert,13,,0.25,5,8,0.265625,1.0,0.603980771396653,0.7299214129046558
Gilbert,13,,0.25,5,9,0.18125,0.5,0.7506243636989417,0.7039178694298179
Gilbert,13,,0.25,5,10,0.14375,0.5,0.5641175747115537,0.564117574931581
Gilbert,13,,0.25,5,11,0.18229166666666666,0.6666666666666666,0.6969718627455892,0.6217507356207724
Gilbert,13,,0.25,5,12,0.07142857142857142,1.0,0.9453755476769763,0.7051878717460862
Gilbert,13,,0.25,5,13,0.10416666666666667,0.75,0.8341442531067548,0.6941910352761137
Gilbert,13,,0.25,5,14,0.26785714285714285,1.0,0.9997519695736494,0.7652991860789425
Gilbert,13,,0.25,5,15,0.10714285714285714,1.0,0.9999883022455425,0.5081375130244447
Gilbert,13,,0.25,5,16,0.10714285714285714,1.0,0.9999999998622828,0.8088634474457557
Gilbert,13,,0.25,5,17,0.24479166666666666,1.0,0.7929690951575892,0.7224646424473692
Gilbert,13,,0.25,5,18,0.19791666666666666,0.16666666666666666,0.6012011775317934,0.6012011770396609
Gilbert,13,,0.25,5,19,0.13541666666666666,0.5,0.8513648504071193,0.6507844217583156
Gilbert,13,,0.25,6,0,0.375,1.0,0.6541297191759672,0.7812662113992468
Gilbert,13,,0.25,6,1,0.171875,1.0,0.9999999886817768,0.9540548397375958
Gilbert,13,,0.25,6,2,0.05357142857142857,1.0,0.9679183024530611,0.8111734832469548
Gilbert,13,,0.25,6,3,0.171875,0.5833333333333334,0.7313710146905095,0.7418412486926024
Gilbert,13,,0.25,6,4,0.24479166666666666,0.4166666666666667,0.8075200697769138,0.8075200639919822
Gilbert,13,,0.25,6,5,0.12053571428571429,0.6428571428571429,0.7728514335362668,0.7222719318771279
Gilbert,13,,0.25,6,6,0.18229166666666666,-0.08333333333333333,0.7342531898023709,0.7342531900000795
Gilbert,13,,0.25,6,7,0.265625,1.0,0.9999999916931969,0.7388827623702844
Gilbert,13,,0.25,6,8,0.265625,1.0,0.7634407095029807,0.8061176943510271
Gilbert,13,,0.25,6,9,0.18125,0.5,0.7793753503884815,0.7125978844985428
Gilbert,13,,0.25,6,10,0.14375,0.5,0.5174856019073107,0.5174855966067092
Gilbert,13,,0.25,6,11,0.18229166666666666,0.6666666666666666,0.6357326685918857,0.7080050441559881
Gilbert,13,,0.25,6,12,0.07142857142857142,1.0,0.878247384861709,0.7232735459717946
Gilbert,13,,0.25,6,13,0.10416666666666667,0.75,0.9037128277682996,0.7899075224526707
Gilbert,13,,0.25,6,14,0.26785714285714285,1.0,0.9999999974827387,0.8063742008113876
Gilbert,13,,0.25,6,15,0.10714285714285714,1.0,0.9999999538438187,0.6726695595818659
Gilbert,13,,0.25,6,16,0.10714285714285714,1.0,0.9999999939370552,0.8226758251068162
Gilbert,13,,0.25,6,17,0.24479166666666666,1.0,0.8394140415657843,0.7579451829560733
Gilbert,13,,0.25,6,18,0.19791666666666666,0.16666666666666666,0.6582899939616306,0.6582899951432224
Gilbert,13,,0.25,6,19,0.13541666666666666,0.5,0.8619408892928067,0.6217769854594918
Gilbert,13,,0.25,7,0,0.375,1.0,0.3554665861045828,0.8108013349459056
Gilbert,13,,0.25,7,1,0.171875,1.0,0.9999999998368372,0.9611523431094161
Gilbert,13,,0.25,7,2,0.05357142857142857,1.0,0.9848481285905237,0.8810331642159951
Gilbert,13,,0.25,7,3,0.171875,0.5833333333333334,0.6681885029067929,0.7664878004291187
Gilbert,13,,0.25,7,4,0.24479166666666666,0.4166666666666667,0.8250405427214421,0.8250405432189237
Gilbert,13,,0.25,7,5,0.12053571428571429,0.6428571428571429,0.6852895665625348,0.7949445229184606
Gilbert,13,,0.25,7,6,0.18229166666666666,-0.08333333333333333,0.7373708591261957,0.7012118499151359
Gilbert,13,,0.25,7,7,0.265625,1.0,0.49410550727224956,0.8365289237821056
Gilbert,13,,0.25,7,8,0.265625,1.0,0.796216503092923,0.8410091844931784
Gilbert,13,,0.25,7,9,0.18125,0.5,0.8247906784928775,0.6650243541710619
Gilbert,13,,0.25,7,10,0.14375,0.5,0.7040186448240879,0.7040186721031916
Gilbert,13,,0.25,7,11,0.18229166666666666,0.6666666666666666,0.5720488459902903,0.778358101335383
Gilbert,13,,0.25,7,12,0.07142857142857142,1.0,0.9574559549617669,0.7276099126913916
Gilbert,13,,0.25,7,13,0.10416666666666667,0.75,0.9098765881613193,0.8318265040526257
Gilbert,13,,0.25,7,14,0.26785714285714285,1.0,0.9999981246615374,0.750060130171738
Gilbert,13,,0.25,7,15,0.10714285714285714,1.0,0.9999998292766611,0.6510435757348031
Gilbert,13,,0.25,7,16,0.10714285714285714,1.0,0.9999993476210591,0.8416198130080265
Gilbert,13,,0.25,7,17,0.24479166666666666,1.0,0.8412765031329211,0.6845074359873146
Gilbert,13,,0.25,7,18,0.19791666666666666,0.16666666666666666,0.6327154259193137,0.6327154290504285
Gilbert,13,,0.25,7,19,0.13541666666666666,0.5,0.8665887605105089,0.6448145143630426
Gilbert,13,,0.25,8,0,0.375,1.0,0.9999999815948788,0.8574177544350559
Gilbert,13,,0.25,8,1,0.171875,1.0,0.9999999987448979,0.9719311253624856
Gilbert,13,,0.25,8,2,0.05357142857142857,1.0,0.9881716963088893,0.8524609048603109
Gilbert,13,,0.25,8,3,0.171875,0.5833333333333334,0.742017652834078,0.7991545259875587
Gilbert,13,,0.25,8,4,0.24479166666666666,0.4166666666666667,0.8467773771700259,0.8467773785398012
Gilbert,13,,0.25,8,5,0.12053571428571429,0.6428571428571429,0.8626910714822421,0.8293770874747907
Gilbert,13,,0.25,8,6,0.18229166666666666,-0.08333333333333333,0.7557145657498799,0.7103741983886868
Gilbert,13,,0.25,8,7,0.265625,1.0,0.9999999936135172,0.8199121937621728
Gilbert,13,,0.25,8,8,0.265625,1.0,0.9999999997525593,0.8362533659471632
Gilbert,13,,0.25,8,9,0.18125,0.5,0.8360133835455231,0.8076732932503186
Gilbert,13,,0.25,8,10,0.14375,0.5,0.7956331245865658,0.7392836072958792
Gilbert,13,,0.25,8,11,0.18229166666666666,0.6666666666666666,0.6951952341732452,0.8452552230703884
Gilbert,13,,0.25,8,12,0.07142857142857142,1.0,0.9596340754019893,0.7305369246572898
Gilbert,13,,0.25,8,13,0.10416666666666667,0.75,0.8879972308816386,0.8109781899667028
Gilbert,13,,0.25,8,14,0.26785714285714285,1.0,0.9999940431753574,0.8420691441645803
Gilbert,13,,0.25,8,15,0.10714285714285714,1.0,0.9999999600159768,0.82701295173901
Gilbert,13,,0.25,8,16,0.10714285714285714,1.0,0.9999991356214224,0.8338165484472715
Gilbert,13,,0.25,8,17,0.24479166666666666,1.0,0.8412770026934012,0.47751453848377806
Gilbert,13,,0.25,8,18,0.19791666666666666,0.16666666666666666,0.7592982459580324,0.7614978842157045
Gilbert,13,,0.25,8,19,0.13541666666666666,0.5,0.8576600293259845,0.8455268064097519
Gilbert,13,,0.25,9,0,0.375,1.0,0.7020491130801838,0.8408252831140658
Gilbert,13,,0.25,9,1,0.171875,1.0,0.9999999992983197,0.9808124447721666
Gilbert,13,,0.25,9,2,0.05357142857142857,1.0,0.9922770720310865,0.8842641660625338
Gilbert,13,,0.25,9,3,0.171875,0.5833333333333334,0.7763038545077228,0.7865316220001034
Gilbert,13,,0.25,9,4,0.24479166666666666,0.4166666666666667,0.8642143542015588,0.8642143614546859
Gilbert,13,,0.25,9,5,0.12053571428571429,0.6428571428571429,0.8734410150898946,0.8404161754529224
Gilbert,13,,0.25,9,6,0.18229166666666666,-0.08333333333333333,0.8187399336728025,0.7429815996292312
Gilbert,13,,0.25,9,7,0.265625,1.0,0.9999999979100738,0.8764974642888654
Gilbert,13,,0.25,9,8,0.265625,1.0,0.9999999966003724,0.8546117053196178
Gilbert,13,,0.25,9,9,0.18125,0.5,0.8664990382830812,0.7864251670171445
Gilbert,13,,0.25,9,10,0.14375,0.5,0.7131916649917164,0.7802571014334445
Gilbert,13,,0.25,9,11,0.18229166666666666,0.6666666666666666,0.5332150935141673,0.827034490885278
Gilbert,13,,0.25,9,12,0.07142857142857142,1.0,0.9611638619649243,0.7388841844704688
Gilbert,13,,0.25,9,13,0.10416666666666667,0.75,0.8769405711663488,0.8490067037694161
Gilbert,13,,0.25,9,14,0.26785714285714285,1.0,0.9999993202203836,0.8672528340566504
Gilbert,13,,0.25,9,15,0.10714285714285714,1.0,0.9999990852866907,0.6857984833703747
Gilbert,13,,0.25,9,16,0.10714285714285714,1.0,0.9999999487500363,0.8717186768106949
Gilbert,13,,0.25,9,17,0.24479166666666666,1.0,0.8414650090189838,0.7720108379243836
Gilbert,13,,0.25,9,18,0.19791666666666666,0.16666666666666666,0.7945390144145138,0.8120537925258736
Gilbert,13,,0.25,9,19,0.13541666666666666,0.5,0.9045168008510159,0.8733723526789777
Gilbert,13,,0.25,10,0,0.375,1.0,0.9999999356850553,0.8941419025518077
Gilbert,13,,0.25,10,1,0.171875,1.0,0.9999999613358752,0.9867326784134969
Gilbert,13,,0.25,10,2,0.05357142857142857,1.0,0.9936734529730394,0.9193264256075713
Gilbert,13,,0.25,10,3,0.171875,0.5833333333333334,0.7818843290345593,0.7984075252658882
Gilbert,13,,0.25,10,4,0.24479166666666666,0.4166666666666667,0.8995085510645148,0.8995085557302497
Gilbert,13,,0.25,10,5,0.12053571428571429,0.6428571428571429,0.8749142643090677,0.812916388506822
Gilbert,13,,0.25,10,6,0.18229166666666666,-0.08333333333333333,0.8263288061230712,0.7074373004387873
Gilbert,13,,0.25,10,7,0.265625,1.0,0.9999996093813381,0.8861379235665539
Gilbert,13,,0.25,10,8,0.265625,1.0,0.9999999553183945,0.865786956654526
Gilbert,13,,0.25,10,9,0.18125,0.5,0.9026009764151484,0.8771897245066802
Gilbert,13,,0.25,10,10,0.14375,0.5,0.8719201921265733,0.7702016741081188
Gilbert,13,,0.25,10,11,0.18229166666666666,0.6666666666666666,0.7957678151676096,0.8651190462534921
Gilbert,13,,0.25,10,12,0.07142857142857142,1.0,0.9615377662301433,0.7430967965490417
Gilbert,13,,0.25,10,13,0.10416666666666667,0.75,0.9186156173077312,0.8901585447447707
Gilbert,13,,0.25,10,14,0.26785714285714285,1.0,0.9999983117408127,0.8530732006445441
Gilbert,13,,0.25,10,15,0.10714285714285714,1.0,0.9999997662792749,0.8322735373366076
Gilbert,13,,0.25,10,16,0.10714285714285714,1.0,0.9999998358536504,0.8649094125708593
Gilbert,13,,0.25,10,17,0.24479166666666666,1.0,0.9441262596419565,0.8034066298323483
Gilbert,13,,0.25,10,18,0.19791666666666666,0.16666666666666666,0.8452355129621804,0.8294398298835962
Gilbert,13,,0.25,10,19,0.13541666666666666,0.5,0.9059608275504899,0.9126489732297222
Gilbert,14,,0.1,1,0,0.1625,1.0,0.9020942624763137,0.6534700893797105
Gilbert,14,,0.1,1,1,0.125,1.0,0.8855611948145263,0.6705357197402905
Gilbert,14,,0.1,1,2,0.2777777777777778,1.0,0.8646600464336314,0.642860360324494
Gilbert,14,,0.1,1,3,0.19444444444444445,1.0,0.8373888569235939,0.35885132465271474
Gilbert,14,,0.1,1,4,0.2,1.0,0.8180274784279356,0.5316546037942823
Gilbert,14,,0.1,1,5,0.2,1.0,0.811072629245087,0.3210404994314132
Gilbert,14,,0.1,1,6,0.1625,1.0,0.9020942624763135,0.6534700893797105
Gilbert,14,,0.1,1,7,0.2,1.0,0.8466434090860544,0.7148542320943297
Gilbert,14,,0.1,1,8,0.19444444444444445,1.0,0.8020129304493196,0.3427290955938958
Gilbert,14,,0.1,1,9,0.234375,1.0,0.25456806095260487,0.424393763590051
Gilbert,14,,0.1,1,10,0.13541666666666666,1.0,0.8094915558626874,0.6624995894742683
Gilbert,14,,0.1,1,11,0.125,1.0,0.7756115522348285,0.538612381525518
Gilbert,14,,0.1,1,12,0.2,1.0,0.6297469396091009,0.498436296261109
Gilbert,14,,0.1,1,13,0.30859375,0.875,0.6992187499999999,0.5963505381630521
Gilbert,14,,0.1,1,14,0.2777777777777778,1.0,0.7999972579274689,0.530181593156216
Gilbert,14,,0.1,1,15,0.26171875,0.9375,0.5673828125,0.51751050277623
Gilbert,14,,0.1,1,16,0.1527777777777778,1.0,0.8744038583217294,0.621358374921861
Gilbert,14,,0.1,1,17,0.13636363636363635,1.0,0.8617265547782705,0.6910896457955906
Gilbert,14,,0.1,1,18,0.1625,1.0,0.8460942393426165,0.7572513708831412
Gilbert,14,,0.1,1,19,0.1625,1.0,0.9351080963812144,0.6839212138052544
Gilbert,14,,0.1,2,0,0.1625,1.0,0.9599893327036062,0.7973082807822178
Gilbert,14,,0.1,2,1,0.125,1.0,0.9561865256051446,0.7790169414368896
Gilbert,14,,0.1,2,2,0.2777777777777778,1.0,0.9525409525229159,0.7496171622789031
Gilbert,14,,0.1,2,3,0.19444444444444445,1.0,0.9323301572652514,0.6523237516677312
Gilbert,14,,0.1,2,4,0.2,1.0,0.8292922911100333,0.6408370850621227
Gilbert,14,,0.1,2,5,0.2,1.0,0.8531382203127247,0.625899725573708
Gilbert,14,,0.1,2,6,0.1625,1.0,0.9599893327036071,0.7973082807822178
Gilbert,14,,0.1,2,7,0.2,1.0,0.9548439034916371,0.8939899494070271
Gilbert,14,,0.1,2,8,0.19444444444444445,1.0,0.9074156814083598,0.6234560620405599
Gilbert,14,,0.1,2,9,0.234375,1.0,0.8407645880608006,0.7444067359655977
Gilbert,14,,0.1,2,10,0.13541666666666666,1.0,0.8798311278589732,0.8088370276211738
Gilbert,14,,0.1,2,11,0.125,1.0,0.7951933632284366,0.5596164005042823
Gilbert,14,,0.1,2,12,0.2,1.0,0.8952615907924585,0.7240629672386361
Gilbert,14,,0.1,2,13,0.30859375,0.875,0.6787109374999998,0.8886691168601519
Gilbert,14,,0.1,2,14,0.2777777777777778,1.0,0.9266009704341592,0.8085747019010407
Gilbert,14,,0.1,2,15,0.26171875,0.9375,0.5153808593749999,0.8585452316130836
Gilbert,14,,0.1,2,16,0.1527777777777778,1.0,0.9515318974933401,0.7393973373942111
Gilbert,14,,0.1,2,17,0.13636363636363635,1.0,0.9448889557972698,0.8519239615731613
Gilbert,14,,0.1,2,18,0.1625,1.0,0.904080054710494,0.8696713488118364
Gilbert,14,,0.1,2,19,0.1625,1.0,0.9752291648878533,0.8580659520777697
Gilbert,14,,0.1,3,0,0.1625,1.0,0.9802367617308534,0.8800430058907935
Gilbert,14,,0.1,3,1,0.125,1.0,0.980384426945052,0.8792367257209233
Gilbert,14,,0.1,3,2,0.2777777777777778,1.0,0.9839988382958764,0.8657316371476362
Gilbert,14,,0.1,3,3,0.19444444444444445,1.0,0.9713194154227749,0.6666479944976884
Gilbert,14,,0.1,3,4,0.2,1.0,0.8931602283664792,0.6719839828909542
Gilbert,14,,0.1,3,5,0.2,1.0,0.8665505480808715,0.6915989941004621
Gilbert,14,,0.1,3,6,0.1625,1.0,0.980236761730852,0.880043005890794
Gilbert,14,,0.1,3,7,0.2,1.0,0.9751816841090488,0.9466545230771001
Gilbert,14,,0.1,3,8,0.19444444444444445,1.0,0.9642129742703082,0.7113299580617797
Gilbert,14,,0.1,3,9,0.234375,1.0,0.9994476047818204,0.7547490950996649
Gilbert,14,,0.1,3,10,0.13541666666666666,1.0,0.9143640737117362,0.8093665889296118
Gilbert,14,,0.1,3,11,0.125,1.0,0.9994008482395472,0.5890417962771112
Gilbert,14,,0.1,3,12,0.2,1.0,0.9479978348042877,0.9088305398557438
Gilbert,14,,0.1,3,13,0.30859375,0.875,0.7028808593749997,0.9572654014055783
Gilbert,14,,0.1,3,14,0.2777777777777778,1.0,0.964798672392489,0.860402614202875
Gilbert,14,,0.1,3,15,0.26171875,0.9375,0.5454559326171876,0.9038901914800793
Gilbert,14,,0.1,3,16,0.1527777777777778,1.0,0.9769235645492115,0.8170759977072362
Gilbert,14,,0.1,3,17,0.13636363636363635,1.0,0.9869393322038252,0.9409301845086779
Gilbert,14,,0.1,3,18,0.1625,1.0,0.9232755329317314,0.9362783880324429
Gilbert,14,,0.1,3,19,0.1625,1.0,0.9903673151648185,0.9293893551461292
Gilbert,14,,0.1,4,0,0.1625,1.0,0.991725574177238,0.9291217359812091
Gilbert,14,,0.1,4,1,0.125,1.0,0.9916864919836413,0.9242005959445214
Gilbert,14,,0.1,4,2,0.2777777777777778,1.0,0.9917933813309688,0.9125663581795886
Gilbert,14,,0.1,4,3,0.19444444444444445,1.0,0.987743193668837,0.7348997837147383
Gilbert,14,,0.1,4,4,0.2,1.0,0.947139783349399,0.833295208381579
Gilbert,14,,0.1,4,5,0.2,1.0,0.9602955800017113,0.7296483074733067
Gilbert,14,,0.1,4,6,0.1625,1.0,0.9917255741772377,0.9291217359812078
Gilbert,14,,0.1,4,7,0.2,1.0,0.9954390658093895,0.9840540087710291
Gilbert,14,,0.1,4,8,0.19444444444444445,1.0,0.9817656769585332,0.8344490960400461
Gilbert,14,,0.1,4,9,0.234375,1.0,0.9994494500919459,0.8758727155435287
Gilbert,14,,0.1,4,10,0.13541666666666666,1.0,0.9706048583859739,0.8472736519335932
Gilbert,14,,0.1,4,11,0.125,1.0,0.999999999078746,0.8313279044202009
Gilbert,14,,0.1,4,12,0.2,1.0,0.9968604918386333,0.9527130969641442
Gilbert,14,,0.1,4,13,0.30859375,0.875,0.7807921537154189,0.9814272510063163
Gilbert,14,,0.1,4,14,0.2777777777777778,1.0,0.9882706535308707,0.8722784987225345
Gilbert,14,,0.1,4,15,0.26171875,0.9375,0.6236448287963867,0.9365953692913745
Gilbert,14,,0.1,4,16,0.1527777777777778,1.0,0.9881604172175832,0.8614104828180128
Gilbert,14,,0.1,4,17,0.13636363636363635,1.0,0.9956808975443309,0.9805826809676293
Gilbert,14,,0.1,4,18,0.1625,1.0,0.9638398494466648,0.9688689545628776
Gilbert,14,,0.1,4,19,0.1625,1.0,0.9945971795242482,0.9712552549836971
Gilbert,14,,0.1,5,0,0.1625,1.0,0.9945200482026433,0.961289561593332
Gilbert,14,,0.1,5,1,0.125,1.0,0.9942536444694625,0.9594867971353921
Gilbert,14,,0.1,5,2,0.2777777777777778,1.0,0.9968722493110884,0.9021580745850599
Gilbert,14,,0.1,5,3,0.19444444444444445,1.0,0.9927081280667207,0.775579582083055
Gilbert,14,,0.1,5,4,0.2,1.0,0.938363756858033,0.8990516277221499
Gilbert,14,,0.1,5,5,0.2,1.0,0.9648210671964202,0.8282406200664649
Gilbert,14,,0.1,5,6,0.1625,1.0,0.9945200482026435,0.9612895615933329
Gilbert,14,,0.1,5,7,0.2,1.0,0.9968664860236245,0.9926276368500527
Gilbert,14,,0.1,5,8,0.19444444444444445,1.0,0.9894376720944523,0.8023104501581029
Gilbert,14,,0.1,5,9,0.234375,1.0,0.9570571680263542,0.8877325094780657
Gilbert,14,,0.1,5,10,0.13541666666666666,1.0,0.9823325064561712,0.934419114452138
Gilbert,14,,0.1,5,11,0.125,1.0,0.999999999312102,0.8522633741308233
Gilbert,14,,0.1,5,12,0.2,1.0,0.9999986296115523,0.9957304130631796
Gilbert,14,,0.1,5,13,0.30859375,0.875,0.9965202946217038,0.9883774311402355
Gilbert,14,,0.1,5,14,0.2777777777777778,1.0,0.9894455694711061,0.9275852914634876
Gilbert,14,,0.1,5,15,0.26171875,0.9375,0.614538371562958,0.9438188101150919
Gilbert,14,,0.1,5,16,0.1527777777777778,1.0,0.9916608147644654,0.9064860625626783
Gilbert,14,,0.1,5,17,0.13636363636363635,1.0,0.9957808760950365,0.9918472482324798
Gilbert,14,,0.1,5,18,0.1625,1.0,0.9704425697449395,0.9794532633574144
Gilbert,14,,0.1,5,19,0.1625,1.0,0.99785301374743,0.9823294436232469
Gilbert,14,,0.1,6,0,0.1625,1.0,0.9977697897688858,0.9726259280906149
Gilbert,14,,0.1,6,1,0.125,1.0,0.997898282008661,0.9783476442480972
Gilbert,14,,0.1,6,2,0.2777777777777778,1.0,0.99933035646517,0.9283467328757501
Gilbert,14,,0.1,6,3,0.19444444444444445,1.0,0.9941808813170867,0.7758368704628148
Gilbert,14,,0.1,6,4,0.2,1.0,0.9469384751167924,0.9429558873538589
Gilbert,14,,0.1,6,5,0.2,1.0,0.9999996224498876,0.8074302094354653
Gilbert,14,,0.1,6,6,0.1625,1.0,0.9977697897688866,0.9726259280906147
Gilbert,14,,0.1,6,7,0.2,1.0,0.9998650683633737,0.9931988069753424
Gilbert,14,,0.1,6,8,0.19444444444444445,1.0,0.9924979683715038,0.8190291873159649
Gilbert,14,,0.1,6,9,0.234375,1.0,0.9783850340969599,0.9196664198252216
Gilbert,14,,0.1,6,10,0.13541666666666666,1.0,0.9961006457236353,0.9698218946688468
Gilbert,14,,0.1,6,11,0.125,1.0,0.9999999857458464,0.902350317554966
Gilbert,14,,0.1,6,12,0.2,1.0,0.9999976292398476,0.9987204062181719
Gilbert,14,,0.1,6,13,0.30859375,0.875,0.9999999998143769,0.999320311428773
Gilbert,14,,0.1,6,14,0.2777777777777778,1.0,0.9991237933547805,0.9380072341817668
Gilbert,14,,0.1,6,15,0.26171875,0.9375,0.6253080777823926,0.9384784716938399
Gilbert,14,,0.1,6,16,0.1527777777777778,1.0,0.9952294805295298,0.9013449020217179
Gilbert,14,,0.1,6,17,0.13636363636363635,1.0,0.9997094521005973,0.9942905290045897
Gilbert,14,,0.1,6,18,0.1625,1.0,0.9848310317763523,0.985565007994776
Gilbert,14,,0.1,6,19,0.1625,1.0,0.9992844353949323,0.9907619156274696
Gilbert,14,,0.1,7,0,0.1625,1.0,0.9986427587903632,0.9681544899316343
Gilbert,14,,0.1,7,1,0.125,1.0,0.9987422176494217,0.985602143845572
Gilbert,14,,0.1,7,2,0.2777777777777778,1.0,0.9998073734993953,0.9471357218190098
Gilbert,14,,0.1,7,3,0.19444444444444445,1.0,0.9961717927560569,0.8563738604932102
Gilbert,14,,0.1,7,4,0.2,1.0,0.9820296394853572,0.9811870144817293
Gilbert,14,,0.1,7,5,0.2,1.0,0.9999961912160569,0.8777291097677914
Gilbert,14,,0.1,7,6,0.1625,1.0,0.9986427587902649,0.9681544899316344
Gilbert,14,,0.1,7,7,0.2,1.0,0.9999989656713199,0.9997605892455482
Gilbert,14,,0.1,7,8,0.19444444444444445,1.0,0.9936402147070168,0.8234108513867251
Gilbert,14,,0.1,7,9,0.234375,1.0,0.9999999918905409,0.9364247336148446
Gilbert,14,,0.1,7,10,0.13541666666666666,1.0,0.9929829669336985,0.9770042102427351
Gilbert,14,,0.1,7,11,0.125,1.0,0.9999999991795925,0.9052060445763859
Gilbert,14,,0.1,7,12,0.2,1.0,0.999999903889724,0.9994018565229252
Gilbert,14,,0.1,7,13,0.30859375,0.875,0.9999999999192752,0.9999999993145345
Gilbert,14,,0.1,7,14,0.2777777777777778,1.0,0.9997436997717526,0.963085211319139
Gilbert,14,,0.1,7,15,0.26171875,0.9375,0.5705490156542512,0.9765628883559831
Gilbert,14,,0.1,7,16,0.1527777777777778,1.0,0.997136808405074,0.9433373064175304
Gilbert,14,,0.1,7,17,0.13636363636363635,1.0,0.9999615949757,0.9975423545288377
Gilbert,14,,0.1,7,18,0.1625,1.0,0.985613431910717,0.9894020703799654
Gilbert,14,,0.1,7,19,0.1625,1.0,0.999759504356146,0.9928695787262118
Gilbert,14,,0.1,8,0,0.1625,1.0,0.9992191647276811,0.9873034852675229
Gilbert,14,,0.1,8,1,0.125,1.0,0.9992946228482291,0.9874680390148081
Gilbert,14,,0.1,8,2,0.2777777777777778,1.0,0.9998898545119784,0.9576500644983299
Gilbert,14,,0.1,8,3,0.19444444444444445,1.0,0.9972951566893181,0.8974029142365385
Gilbert,14,,0.1,8,4,0.2,1.0,0.9893325637307895,0.9505825919513381
Gilbert,14,,0.1,8,5,0.2,1.0,0.9999999150420475,0.9116459385402962
Gilbert,14,,0.1,8,6,0.1625,1.0,0.999219165285127,0.9873034852684078
Gilbert,14,,0.1,8,7,0.2,1.0,0.9999999964390718,0.9999999587985897
Gilbert,14,,0.1,8,8,0.19444444444444445,1.0,0.9965872812316441,0.9109194225651012
Gilbert,14,,0.1,8,9,0.234375,1.0,0.99999999984439,0.9694261062015225
Gilbert,14,,0.1,8,10,0.13541666666666666,1.0,0.9974261835077165,0.9763118521727137
Gilbert,14,,0.1,8,11,0.125,1.0,0.9999997617800783,0.9430873186912109
Gilbert,14,,0.1,8,12,0.2,1.0,0.9999999861710271,0.9999999997449238
Gilbert,14,,0.1,8,13,0.30859375,0.875,0.999999999802618,0.9999999987446209
Gilbert,14,,0.1,8,14,0.2777777777777778,1.0,0.9993563748340704,0.9883764003532293
Gilbert,14,,0.1,8,15,0.26171875,0.9375,0.5912443463894302,0.9919733662689351
Gilbert,14,,0.1,8,16,0.1527777777777778,1.0,0.9982945099895955,0.9481490521729613
Gilbert,14,,0.1,8,17,0.13636363636363635,1.0,0.9999999118036836,0.9999999208083462
Gilbert,14,,0.1,8,18,0.1625,1.0,0.9999999995880711,0.9953263608581142
Gilbert,14,,0.1,8,19,0.1625,1.0,0.9999423439323444,0.9950510649609747
Gilbert,14,,0.1,9,0,0.1625,1.0,0.9996277380170199,0.9900152327623255
Gilbert,14,,0.1,9,1,0.125,1.0,0.9995750090053008,0.9884270748991376
Gilbert,14,,0.1,9,2,0.2777777777777778,1.0,0.9999434949771167,0.9593103153391253
Gilbert,14,,0.1,9,3,0.19444444444444445,1.0,0.9980022325012191,0.8918730126165512
Gilbert,14,,0.1,9,4,0.2,1.0,0.989914554973837,0.9831083265484308
Gilbert,14,,0.1,9,5,0.2,1.0,0.9999992748399318,0.9239711502112918
Gilbert,14,,0.1,9,6,0.1625,1.0,0.9996277413561898,0.9900152331192096
Gilbert,14,,0.1,9,7,0.2,1.0,0.9999996898681399,0.9999999991521655
Gilbert,14,,0.1,9,8,0.19444444444444445,1.0,0.9975114663362334,0.9042547147633644
Gilbert,14,,0.1,9,9,0.234375,1.0,0.9999999979825961,0.9699514945917298
Gilbert,14,,0.1,9,10,0.13541666666666666,1.0,0.9991632757547078,0.9782249845950735
Gilbert,14,,0.1,9,11,0.125,1.0,0.9999997825846165,0.9494344216045707
Gilbert,14,,0.1,9,12,0.2,1.0,0.9999988716671971,0.9999999995901441
Gilbert,14,,0.1,9,13,0.30859375,0.875,0.9999999997550675,0.9999999994392864
Gilbert,14,,0.1,9,14,0.2777777777777778,1.0,0.9993363016731855,0.9880328751880675
Gilbert,14,,0.1,9,15,0.26171875,0.9375,0.5121761886139211,0.9975743600163238
Gilbert,14,,0.1,9,16,0.1527777777777778,1.0,0.9989545197478277,0.9498683998793678
Gilbert,14,,0.1,9,17,0.13636363636363635,1.0,0.9999999968570329,0.9999994902334586
Gilbert,14,,0.1,9,18,0.1625,1.0,0.9999996172516127,0.9972703509818622
Gilbert,14,,0.1,9,19,0.1625,1.0,0.999979813667251,0.9975512881353137
Gilbert,14,,0.1,10,0,0.1625,1.0,0.9999321122141825,0.9924526459995967
Gilbert,14,,0.1,10,1,0.125,1.0,0.9999304083002322,0.9886701967113091
Gilbert,14,,0.1,10,2,0.2777777777777778,1.0,0.9999786742736573,0.9736662261786471
Gilbert,14,,0.1,10,3,0.19444444444444445,1.0,0.9988897728790987,0.9207768773114944
Gilbert,14,,0.1,10,4,0.2,1.0,0.9999996303790631,0.9771661188066861
Gilbert,14,,0.1,10,5,0.2,1.0,0.9999998891595243,0.9359727715829127
Gilbert,14,,0.1,10,6,0.1625,1.0,0.9999321086802215,0.9924526460828847
Gilbert,14,,0.1,10,7,0.2,1.0,0.9999995894981517,0.9999999965077823
Gilbert,14,,0.1,10,8,0.19444444444444445,1.0,0.998090800656104,0.8870654127356217
Gilbert,14,,0.1,10,9,0.234375,1.0,0.9999999694296451,0.9776739066501593
Gilbert,14,,0.1,10,10,0.13541666666666666,1.0,0.9994489189646516,0.984594651599636
Gilbert,14,,0.1,10,11,0.125,1.0,0.9999993539202304,0.9556416981629521
Gilbert,14,,0.1,10,12,0.2,1.0,0.99999988160318,0.9999999988788041
Gilbert,14,,0.1,10,13,0.30859375,0.875,0.9999999988709194,0.999999999990265
Gilbert,14,,0.1,10,14,0.2777777777777778,1.0,0.9999727209355511,0.9678681219377308
Gilbert,14,,0.1,10,15,0.26171875,0.9375,0.5755524496314018,0.9932321771110232
Gilbert,14,,0.1,10,16,0.1527777777777778,1.0,0.9994428989477839,0.9575959271066355
Gilbert,14,,0.1,10,17,0.13636363636363635,1.0,0.9999999964040786,0.999999990518743
Gilbert,14,,0.1,10,18,0.1625,1.0,0.9999998361292443,0.9988529028348619
Gilbert,14,,0.1,10,19,0.1625,1.0,0.9999873263265542,0.9986054588709529
Gilbert,14,,0.25,1,0,-0.010416666666666666,0.8333333333333334,0.39300993926564426,0.2206102571817031
Gilbert,14,,0.25,1,1,0.0,1.0,0.47740751335986664,0.1876258103184003
Gilbert,14,,0.25,1,2,0.14583333333333334,0.08333333333333333,0.24351871089372437,0.24351871089372512
Gilbert,14,,0.25,1,3,0.2857142857142857,1.0,0.2576566073312433,0.36107029265766805
Gilbert,14,,0.25,1,4,0.125,1.0,0.4498057317114741,0.2347720224473262
Gilbert,14,,0.25,1,5,0.052083333333333336,0.0,0.19350075221192395,0.18205588057900846
Gilbert,14,,0.25,1,6,0.14285714285714285,0.2857142857142857,0.23405970244191185,0.2410080472528669
Gilbert,14,,0.25,1,7,0.11458333333333333,0.25,0.23883638175835017,0.25998808976936144
Gilbert,14,,0.25,1,8,0.17857142857142858,1.0,0.17882584769160406,0.20248511786895915
Gilbert,14,,0.25,1,9,0.11875,0.1,0.25810336360568054,0.25810336360567837
Gilbert,14,,0.25,1,10,0.11607142857142858,0.7142857142857143,0.18327483464758915,0.3242641530556802
Gilbert,14,,0.25,1,11,0.1,0.7,0.25426764756213205,0.2853805045425915
Gilbert,14,,0.25,1,12,0.23214285714285715,1.0,0.21374132235827062,0.26465932286765365
Gilbert,14,,0.25,1,13,0.07291666666666667,0.0,0.19455946228138998,0.2030906071626064
Gilbert,14,,0.25,1,14,0.1875,1.0,0.1812819404510622,0.24631327692957894
Gilbert,14,,0.25,1,15,0.17857142857142858,1.0,0.7985217770947862,0.3547571788037264
Gilbert,14,,0.25,1,16,0.23214285714285715,1.0,0.20820147928242225,0.2263668783574979
Gilbert,14,,0.25,1,17,0.17857142857142858,0.7857142857142857,0.19631880266131793,0.24336769485662993
Gilbert,14,,0.25,1,18,0.046875,1.0,0.49268384140871213,0.21532493377272077
Gilbert,14,,0.25,1,19,0.23214285714285715,1.0,0.2244416166274352,0.2987766594070012
Gilbert,14,,0.25,2,0,-0.010416666666666666,0.8333333333333334,0.5630214723327948,0.27436221385384824
Gilbert,14,,0.25,2,1,0.0,1.0,0.6288600367011529,0.3451749547830113
Gilbert,14,,0.25,2,2,0.14583333333333334,0.08333333333333333,0.34664470567614103,0.3466447056761403
Gilbert,14,,0.25,2,3,0.2857142857142857,1.0,0.8138015761347565,0.47519488061901577
Gilbert,14,,0.25,2,4,0.125,1.0,0.5920808913726772,0.4660036231616504
Gilbert,14,,0.25,2,5,0.052083333333333336,0.0,-0.20072490956168312,-0.06661853057164298
Gilbert,14,,0.25,2,6,0.14285714285714285,0.2857142857142857,0.5204365695444734,0.492076439321044
Gilbert,14,,0.25,2,7,0.11458333333333333,0.25,0.4874100817326439,0.47115610257281865
Gilbert,14,,0.25,2,8,0.17857142857142858,1.0,0.8326180278818727,-0.24711336861064062
Gilbert,14,,0.25,2,9,0.11875,0.1,0.45947776956890996,0.4594777695689114
Gilbert,14,,0.25,2,10,0.11607142857142858,0.7142857142857143,0.6730552602714633,0.5737357641263511
Gilbert,14,,0.25,2,11,0.1,0.7,-0.21832945448299804,0.5502119091231956
Gilbert,14,,0.25,2,12,0.23214285714285715,1.0,0.82446840278954,0.4323144173528923
Gilbert,14,,0.25,2,13,0.07291666666666667,0.0,0.04130740720681617,0.13112383126476498
Gilbert,14,,0.25,2,14,0.1875,1.0,0.8213764030849829,0.5096176309793924
Gilbert,14,,0.25,2,15,0.17857142857142858,1.0,0.9033039882193913,0.6282171805928615
Gilbert,14,,0.25,2,16,0.23214285714285715,1.0,0.8294756133498827,0.4324985120538157
Gilbert,14,,0.25,2,17,0.17857142857142858,0.7857142857142857,0.6492353786407127,0.38679229394555875
Gilbert,14,,0.25,2,18,0.046875,1.0,0.6644377978157914,0.5022545218352836
Gilbert,14,,0.25,2,19,0.23214285714285715,1.0,0.8222152520321853,0.6167373511525867
Gilbert,14,,0.25,3,0,-0.010416666666666666,0.8333333333333334,0.7136763679323681,0.2773622179684745
Gilbert,14,,0.25,3,1,0.0,1.0,0.7704020630568705,0.19703416310601618
Gilbert,14,,0.25,3,2,0.14583333333333334,0.08333333333333333,0.36379773405755794,0.36379773405755406
Gilbert,14,,0.25,3,3,0.2857142857142857,1.0,0.999191338087182,0.6176170961968547
Gilbert,14,,0.25,3,4,0.125,1.0,0.7393169625567143,0.599501535741816
Gilbert,14,,0.25,3,5,0.052083333333333336,0.0,0.27840253168212614,0.2764969773170793
Gilbert,14,,0.25,3,6,0.14285714285714285,0.2857142857142857,0.4858833518175732,0.6070637345845736
Gilbert,14,,0.25,3,7,0.11458333333333333,0.25,0.2715980074149405,0.5503925117143788
Gilbert,14,,0.25,3,8,0.17857142857142858,1.0,0.8854659131404523,0.4058001694481896
Gilbert,14,,0.25,3,9,0.11875,0.1,0.5934084199185177,0.5934084199187524
Gilbert,14,,0.25,3,10,0.11607142857142858,0.7142857142857143,0.5928991773723116,0.7587157740317535
Gilbert,14,,0.25,3,11,0.1,0.7,0.6750172178513327,0.6622299381695491
Gilbert,14,,0.25,3,12,0.23214285714285715,1.0,0.895189840574461,0.38983406588302877
Gilbert,14,,0.25,3,13,0.07291666666666667,0.0,0.37893201771999774,0.5346937427951516
Gilbert,14,,0.25,3,14,0.1875,1.0,0.909197390028841,0.5809181848630082
Gilbert,14,,0.25,3,15,0.17857142857142858,1.0,0.952166800001635,0.6152806447498609
Gilbert,14,,0.25,3,16,0.23214285714285715,1.0,0.8622329561758862,0.5153866238102929
Gilbert,14,,0.25,3,17,0.17857142857142858,0.7857142857142857,0.8134496571416817,0.4492993615070158
Gilbert,14,,0.25,3,18,0.046875,1.0,0.794362238244873,0.42766760861302444
Gilbert,14,,0.25,3,19,0.23214285714285715,1.0,0.895919532048228,0.6668998480868914
Gilbert,14,,0.25,4,0,-0.010416666666666666,0.8333333333333334,0.782833865321967,0.8140570897468905
Gilbert,14,,0.25,4,1,0.0,1.0,0.781272859193425,0.805330011577968
Gilbert,14,,0.25,4,2,0.14583333333333334,0.08333333333333333,0.6112832283632357,0.6112832283693792
Gilbert,14,,0.25,4,3,0.2857142857142857,1.0,0.9999999988288206,0.6644066095627
Gilbert,14,,0.25,4,4,0.125,1.0,0.9999999991914782,0.4347811423458642
Gilbert,14,,0.25,4,5,0.052083333333333336,0.0,0.5227256804852617,0.5139275952440828
Gilbert,14,,0.25,4,6,0.14285714285714285,0.2857142857142857,0.630084231265657,0.6755157417023556
Gilbert,14,,0.25,4,7,0.11458333333333333,0.25,0.5690377868277426,0.6455186307312809
Gilbert,14,,0.25,4,8,0.17857142857142858,1.0,0.9830529186914154,0.5801396019964741
Gilbert,14,,0.25,4,9,0.11875,0.1,0.6487128977824665,0.6487128980022726
Gilbert,14,,0.25,4,10,0.11607142857142858,0.7142857142857143,0.8437715952358553,0.8185328425214324
Gilbert,14,,0.25,4,11,0.1,0.7,0.7041773710168295,0.7556533557604312
Gilbert,14,,0.25,4,12,0.23214285714285715,1.0,0.3845389906343417,0.5758332627939156
Gilbert,14,,0.25,4,13,0.07291666666666667,0.0,0.668949822077462,0.5983457462488934
Gilbert,14,,0.25,4,14,0.1875,1.0,0.9269808451051549,0.5571023418912013
Gilbert,14,,0.25,4,15,0.17857142857142858,1.0,0.9743854117310973,0.8267423117016286
Gilbert,14,,0.25,4,16,0.23214285714285715,1.0,0.8803445955913715,0.5392795569129383
Gilbert,14,,0.25,4,17,0.17857142857142858,0.7857142857142857,0.8179831600244326,0.564980061081756
Gilbert,14,,0.25,4,18,0.046875,1.0,0.9999999997838238,0.5528883044017763
Gilbert,14,,0.25,4,19,0.23214285714285715,1.0,0.9999999994754377,0.6717564852897462
Gilbert,14,,0.25,5,0,-0.010416666666666666,0.8333333333333334,0.7084873763054375,0.8843759665934758
Gilbert,14,,0.25,5,1,0.0,1.0,0.9999888147981386,0.8875084889951343
Gilbert,14,,0.25,5,2,0.14583333333333334,0.08333333333333333,0.6191187722170587,0.6191187834310791
Gilbert,14,,0.25,5,3,0.2857142857142857,1.0,0.9999999530740318,0.7210622343281392
Gilbert,14,,0.25,5,4,0.125,1.0,0.9999999999977829,0.633640337295053
Gilbert,14,,0.25,5,5,0.052083333333333336,0.0,0.6053799885166263,0.3542623724013049
Gilbert,14,,0.25,5,6,0.14285714285714285,0.2857142857142857,0.7545735492788531,0.7172339871984192
Gilbert,14,,0.25,5,7,0.11458333333333333,0.25,0.5470696346576154,0.6286881864590637
Gilbert,14,,0.25,5,8,0.17857142857142858,1.0,0.7449086228670116,0.47136720727590486
Gilbert,14,,0.25,5,9,0.11875,0.1,0.7545621606133566,0.754562172344394
Gilbert,14,,0.25,5,10,0.11607142857142858,0.7142857142857143,0.8835175318516022,0.6428571419678966
Gilbert,14,,0.25,5,11,0.1,0.7,0.8443277187418985,0.6687212609564741
Gilbert,14,,0.25,5,12,0.23214285714285715,1.0,0.9720745545147119,0.6281134723319278
Gilbert,14,,0.25,5,13,0.07291666666666667,0.0,0.5854350914495074,0.49140821020453246
Gilbert,14,,0.25,5,14,0.1875,1.0,0.999183221852991,0.6675961350441549
Gilbert,14,,0.25,5,15,0.17857142857142858,1.0,0.9817601048657139,0.88249428942646
Gilbert,14,,0.25,5,16,0.23214285714285715,1.0,0.9999999996373796,0.642847049925634
Gilbert,14,,0.25,5,17,0.17857142857142858,0.7857142857142857,0.8253576225491491,0.6006959790724611
Gilbert,14,,0.25,5,18,0.046875,1.0,0.999999997654935,0.7592406065685525
Gilbert,14,,0.25,5,19,0.23214285714285715,1.0,0.9999999998619337,0.7161538511464792
Gilbert,14,,0.25,6,0,-0.010416666666666666,0.8333333333333334,0.800864646584174,0.9042055794876047
Gilbert,14,,0.25,6,1,0.0,1.0,0.9999983868147868,0.8855385814238581
Gilbert,14,,0.25,6,2,0.14583333333333334,0.08333333333333333,0.548914938737814,0.5489148692219832
Gilbert,14,,0.25,6,3,0.2857142857142857,1.0,0.9999999612758634,0.7543158240099466
Gilbert,14,,0.25,6,4,0.125,1.0,0.9999999995618504,0.6451824324826444
Gilbert,14,,0.25,6,5,0.052083333333333336,0.0,0.4490462396001466,0.4784732580843218
Gilbert,14,,0.25,6,6,0.14285714285714285,0.2857142857142857,0.7616916866190235,0.8334724385054002
Gilbert,14,,0.25,6,7,0.11458333333333333,0.25,0.5688259165612589,0.6788187927341939
Gilbert,14,,0.25,6,8,0.17857142857142858,1.0,0.9999999879854524,0.2765654033915717
Gilbert,14,,0.25,6,9,0.11875,0.1,0.7993462689025559,0.7993462702824438
Gilbert,14,,0.25,6,10,0.11607142857142858,0.7142857142857143,0.8473046579251428,0.8551104878391653
Gilbert,14,,0.25,6,11,0.1,0.7,0.8647961398757233,0.8389870947613283
Gilbert,14,,0.25,6,12,0.23214285714285715,1.0,0.513892546603951,0.6953731577016233
Gilbert,14,,0.25,6,13,0.07291666666666667,0.0,0.6170014328682195,0.6996040133682424
Gilbert,14,,0.25,6,14,0.1875,1.0,0.8124740715859025,0.6250867077587124
Gilbert,14,,0.25,6,15,0.17857142857142858,1.0,0.9842649042567869,0.8049406255208197
Gilbert,14,,0.25,6,16,0.23214285714285715,1.0,0.999999999986642,0.6970363055687177
Gilbert,14,,0.25,6,17,0.17857142857142858,0.7857142857142857,0.8950278058678488,0.5881894995463046
Gilbert,14,,0.25,6,18,0.046875,1.0,0.9999999256433665,0.5245267426648049
Gilbert,14,,0.25,6,19,0.23214285714285715,1.0,0.9999999107795966,0.7670151808757417
Gilbert,14,,0.25,7,0,-0.010416666666666666,0.8333333333333334,0.8500488777513423,0.9307203463192621
Gilbert,14,,0.25,7,1,0.0,1.0,0.9999920036759586,0.9036353760465341
Gilbert,14,,0.25,7,2,0.14583333333333334,0.08333333333333333,0.6070570067631813,0.6070570069612017
Gilbert,14,,0.25,7,3,0.2857142857142857,1.0,0.9999997015220842,0.7787512141054275
Gilbert,14,,0.25,7,4,0.125,1.0,0.878561618135055,0.7514065381359207
Gilbert,14,,0.25,7,5,0.052083333333333336,0.0,0.4925507900982134,0.019654548278823587
Gilbert,14,,0.25,7,6,0.14285714285714285,0.2857142857142857,0.6802000816761843,0.7894213766099737
Gilbert,14,,0.25,7,7,0.11458333333333333,0.25,0.5654366407717375,0.6871693027785315
Gilbert,14,,0.25,7,8,0.17857142857142858,1.0,0.9999999930203494,0.673920631387487
Gilbert,14,,0.25,7,9,0.11875,0.1,0.8212283544641512,0.8212283566505925
Gilbert,14,,0.25,7,10,0.11607142857142858,0.7142857142857143,0.8513191614316523,0.6428571417999998
Gilbert,14,,0.25,7,11,0.1,0.7,0.885764171807911,0.871849864820265
Gilbert,14,,0.25,7,12,0.23214285714285715,1.0,0.9776878712422923,0.6572623240733921
Gilbert,14,,0.25,7,13,0.07291666666666667,0.0,0.6435722428320885,0.5849214324401394
Gilbert,14,,0.25,7,14,0.1875,1.0,0.9577130300529372,0.5716610160701551
Gilbert,14,,0.25,7,15,0.17857142857142858,1.0,0.9927871324779829,0.9124858275899225
Gilbert,14,,0.25,7,16,0.23214285714285715,1.0,0.9999999999137571,0.5915179546226595
Gilbert,14,,0.25,7,17,0.17857142857142858,0.7857142857142857,0.9009141210749875,0.6527865940777475
Gilbert,14,,0.25,7,18,0.046875,1.0,0.9999989617071463,0.691279584040257
Gilbert,14,,0.25,7,19,0.23214285714285715,1.0,0.9999994881669726,0.7445161419598971
Gilbert,14,,0.25,8,0,-0.010416666666666666,0.8333333333333334,0.8980183977510544,0.7824099703250424
Gilbert,14,,0.25,8,1,0.0,1.0,0.9999997109521552,0.9214502602782675
Gilbert,14,,0.25,8,2,0.14583333333333334,0.08333333333333333,0.6360876975845607,0.6360874782858703
Gilbert,14,,0.25,8,3,0.2857142857142857,1.0,0.9999999543352996,0.8470381037507264
Gilbert,14,,0.25,8,4,0.125,1.0,0.897963617879247,0.8219074432324912
Gilbert,14,,0.25,8,5,0.052083333333333336,0.0,0.5797699988377607,0.6576399758034167
Gilbert,14,,0.25,8,6,0.14285714285714285,0.2857142857142857,0.7249385821254081,0.846490956294719
Gilbert,14,,0.25,8,7,0.11458333333333333,0.25,0.5927292716976188,0.6863214804801894
Gilbert,14,,0.25,8,8,0.17857142857142858,1.0,0.9999999683368264,0.6939797228079664
Gilbert,14,,0.25,8,9,0.11875,0.1,0.8239887860869682,0.8239887670839614
Gilbert,14,,0.25,8,10,0.11607142857142858,0.7142857142857143,0.8504283199307169,0.9201366061072214
Gilbert,14,,0.25,8,11,0.1,0.7,0.8987743194754862,0.881440632763635
Gilbert,14,,0.25,8,12,0.23214285714285715,1.0,0.9974678645658991,0.7414857956812497
Gilbert,14,,0.25,8,13,0.07291666666666667,0.0,0.8138067597538505,0.7290312046683397
Gilbert,14,,0.25,8,14,0.1875,1.0,0.9317247808780039,0.6247923251599944
Gilbert,14,,0.25,8,15,0.17857142857142858,1.0,0.9950615850936301,0.9365392482913658
Gilbert,14,,0.25,8,16,0.23214285714285715,1.0,0.4531232345241621,0.7466744940416644
Gilbert,14,,0.25,8,17,0.17857142857142858,0.7857142857142857,0.9059795194376742,0.724611459907434
Gilbert,14,,0.25,8,18,0.046875,1.0,0.9999997812632946,0.7494580861319876
Gilbert,14,,0.25,8,19,0.23214285714285715,1.0,0.9999993690028813,0.7522395009845183
Gilbert,14,,0.25,9,0,-0.010416666666666666,0.8333333333333334,0.9213694864650789,0.9449209331640317
Gilbert,14,,0.25,9,1,0.0,1.0,0.9999976906471366,0.9077431705995385
Gilbert,14,,0.25,9,2,0.14583333333333334,0.08333333333333333,0.62336063087043,0.630977907782421
Gilbert,14,,0.25,9,3,0.2857142857142857,1.0,0.9999998036015587,0.8509366279626096
Gilbert,14,,0.25,9,4,0.125,1.0,0.9904138092620671,0.8433093590285979
Gilbert,14,,0.25,9,5,0.052083333333333336,0.0,0.6128767681928524,0.6367448072138803
Gilbert,14,,0.25,9,6,0.14285714285714285,0.2857142857142857,0.8038413128506631,0.8562677218718724
Gilbert,14,,0.25,9,7,0.11458333333333333,0.25,0.6314407265630176,0.6321775618534042
Gilbert,14,,0.25,9,8,0.17857142857142858,1.0,0.9999999994246365,0.6241647702152706
Gilbert,14,,0.25,9,9,0.11875,0.1,0.8384643559000853,0.8384643440061396
Gilbert,14,,0.25,9,10,0.11607142857142858,0.7142857142857143,0.798475861823445,0.9514087546043608
Gilbert,14,,0.25,9,11,0.1,0.7,0.9174188862934762,0.8444850592794749
Gilbert,14,,0.25,9,12,0.23214285714285715,1.0,0.844692736640105,0.7706674298276386
Gilbert,14,,0.25,9,13,0.07291666666666667,0.0,0.8372451314567838,0.8001824388982838
Gilbert,14,,0.25,9,14,0.1875,1.0,0.585463538118629,0.7138266326506548
Gilbert,14,,0.25,9,15,0.17857142857142858,1.0,0.996867542714338,0.9399993222928077
Gilbert,14,,0.25,9,16,0.23214285714285715,1.0,0.9951963347552333,0.7162970158868004
Gilbert,14,,0.25,9,17,0.17857142857142858,0.7857142857142857,0.9235440362271868,0.7588917317078566
Gilbert,14,,0.25,9,18,0.046875,1.0,0.9999998533449692,0.8170987375196805
Gilbert,14,,0.25,9,19,0.23214285714285715,1.0,0.9999993444381898,0.8637710571768892
Gilbert,14,,0.25,10,0,-0.010416666666666666,0.8333333333333334,0.9373439092281783,0.9467941559625958
Gilbert,14,,0.25,10,1,0.0,1.0,0.9999994196418049,0.9613203263499894
Gilbert,14,,0.25,10,2,0.14583333333333334,0.08333333333333333,0.6705891568054966,0.6710057413996643
Gilbert,14,,0.25,10,3,0.2857142857142857,1.0,0.9999998181312886,0.8760308752180022
Gilbert,14,,0.25,10,4,0.125,1.0,0.9679229291930265,0.862787107749323
Gilbert,14,,0.25,10,5,0.052083333333333336,0.0,0.49072151607845943,0.6008631171707073
Gilbert,14,,0.25,10,6,0.14285714285714285,0.2857142857142857,0.8797991235970825,0.9135599252956291
Gilbert,14,,0.25,10,7,0.11458333333333333,0.25,0.5890916904906537,0.773620293704933
Gilbert,14,,0.25,10,8,0.17857142857142858,1.0,0.5411637336130212,0.7220866056715626
Gilbert,14,,0.25,10,9,0.11875,0.1,0.808224590520361,0.7146011304124638
Gilbert,14,,0.25,10,10,0.11607142857142858,0.7142857142857143,0.8247544465591857,0.9595416269879603
Gilbert,14,,0.25,10,11,0.1,0.7,0.9335198677846529,0.8166671989945937
Gilbert,14,,0.25,10,12,0.23214285714285715,1.0,0.8060485350007504,0.814489974361307
Gilbert,14,,0.25,10,13,0.07291666666666667,0.0,0.7177260161503893,0.7884677740655773
Gilbert,14,,0.25,10,14,0.1875,1.0,0.9835892680472889,0.7316580785065604
Gilbert,14,,0.25,10,15,0.17857142857142858,1.0,0.9977966084753749,0.9353401502821433
Gilbert,14,,0.25,10,16,0.23214285714285715,1.0,0.9952056376078896,0.731895220197299
Gilbert,14,,0.25,10,17,0.17857142857142858,0.7857142857142857,0.9294888813359025,0.8288027015265015
Gilbert,14,,0.25,10,18,0.046875,1.0,0.9999995302775098,0.6806925915138758
Gilbert,14,,0.25,10,19,0.23214285714285715,1.0,0.9999985228357771,0.7630775146522578
Gilbert,15,,0.1,1,0,0.18181818181818182,1.0,0.8900571397196874,0.830486270993248
Gilbert,15,,0.1,1,1,0.18181818181818182,1.0,0.91136261087671,0.48715875868103103
Gilbert,15,,0.1,1,2,0.3333333333333333,1.0,0.7395260106514985,0.535634786553167
Gilbert,15,,0.1,1,3,0.2916666666666667,1.0,0.753862980801183,0.4021248252599505
Gilbert,15,,0.1,1,4,0.2125,1.0,0.7799711933413611,0.6352799868508525
Gilbert,15,,0.1,1,5,0.07692307692307693,1.0,0.9037899054671745,0.8077240252211827
Gilbert,15,,0.1,1,6,0.2125,1.0,0.811469872199076,0.6492139589607483
Gilbert,15,,0.1,1,7,0.25,1.0,0.8103717759096615,0.566267333082818
Gilbert,15,,0.1,1,8,0.175,1.0,0.8837858079923002,0.6698645716039423
Gilbert,15,,0.1,1,9,0.14772727272727273,1.0,0.9267509480994008,0.7385814889802211
Gilbert,15,,0.1,1,10,0.18181818181818182,1.0,0.8135984431872315,0.5938632385331979
Gilbert,15,,0.1,1,11,0.175,1.0,0.7695872225310167,0.5769049256519889
Gilbert,15,,0.1,1,12,0.27734375,1.0,0.4093844968333175,0.4523904284174443
Gilbert,15,,0.1,1,13,0.175,1.0,0.7915694096319911,0.5764375978981793
Gilbert,15,,0.1,1,14,0.175,1.0,0.8461839180284372,0.5520107534853655
Gilbert,15,,0.1,1,15,0.25,1.0,0.29606461923093436,0.402590515065476
Gilbert,15,,0.1,1,16,0.11363636363636363,1.0,0.820851943044823,0.6523096110040286
Gilbert,15,,0.1,1,17,0.25,1.0,0.8126015760882598,0.5610041711143752
Gilbert,15,,0.1,1,18,0.0798611111111111,0.8888888888888888,0.7495275970798275,0.6585961384610378
Gilbert,15,,0.1,1,19,0.1375,1.0,0.8578328933228526,0.627303992080545
Gilbert,15,,0.1,2,0,0.18181818181818182,1.0,0.9912692647284351,0.9658666259531384
Gilbert,15,,0.1,2,1,0.18181818181818182,1.0,0.9725620533239915,0.7932087604821085
Gilbert,15,,0.1,2,2,0.3333333333333333,1.0,0.7949813748132551,0.6909218623728461
Gilbert,15,,0.1,2,3,0.2916666666666667,1.0,0.8783104864919422,0.701407669786138
Gilbert,15,,0.1,2,4,0.2125,1.0,0.8194263125244807,0.7388245398333091
Gilbert,15,,0.1,2,5,0.07692307692307693,1.0,0.9727566716857644,0.9002720826260818
Gilbert,15,,0.1,2,6,0.2125,1.0,0.8695943825440068,0.77882490814966
Gilbert,15,,0.1,2,7,0.25,1.0,0.9572050286606376,0.8510548423445936
Gilbert,15,,0.1,2,8,0.175,1.0,0.9517487022263232,0.7883392672847844
Gilbert,15,,0.1,2,9,0.14772727272727273,1.0,0.9667221450648088,0.8800012886704313
Gilbert,15,,0.1,2,10,0.18181818181818182,1.0,0.8533666551662012,0.7219708500772647
Gilbert,15,,0.1,2,11,0.175,1.0,0.7947164201017449,0.6578209195592877
Gilbert,15,,0.1,2,12,0.27734375,1.0,0.803295151268619,0.7895828760990968
Gilbert,15,,0.1,2,13,0.175,1.0,0.8296813000085248,0.6887792089969613
Gilbert,15,,0.1,2,14,0.175,1.0,0.9403624937107571,0.6700506314882662
Gilbert,15,,0.1,2,15,0.25,1.0,0.8081725746177488,0.627486858715802
Gilbert,15,,0.1,2,16,0.11363636363636363,1.0,0.8448522653567335,0.7006526477927498
Gilbert,15,,0.1,2,17,0.25,1.0,0.9525365078129455,0.835625692760784
Gilbert,15,,0.1,2,18,0.0798611111111111,0.8888888888888888,0.7842484221446056,0.7309764354570398
Gilbert,15,,0.1,2,19,0.1375,1.0,0.949053433186043,0.7274378272888613
Gilbert,15,,0.1,3,0,0.18181818181818182,1.0,0.9999999999973671,0.9999999999989932
Gilbert,15,,0.1,3,1,0.18181818181818182,1.0,0.992090405436251,0.8069002616119537
Gilbert,15,,0.1,3,2,0.3333333333333333,1.0,0.8574642071413773,0.7776589736902414
Gilbert,15,,0.1,3,3,0.2916666666666667,1.0,0.9598379411089775,0.7047057696679434
Gilbert,15,,0.1,3,4,0.2125,1.0,0.8751378443444413,0.8099478608155877
Gilbert,15,,0.1,3,5,0.07692307692307693,1.0,0.9937255865855228,0.9052855158758965
Gilbert,15,,0.1,3,6,0.2125,1.0,0.9024427219007001,0.8378352925463911
Gilbert,15,,0.1,3,7,0.25,1.0,0.9666251384938805,0.9330884456202048
Gilbert,15,,0.1,3,8,0.175,1.0,0.9758888427914394,0.8749992037921505
Gilbert,15,,0.1,3,9,0.14772727272727273,1.0,0.9816059324579123,0.9053213464237825
Gilbert,15,,0.1,3,10,0.18181818181818182,1.0,0.8986947142074513,0.7898742951848632
Gilbert,15,,0.1,3,11,0.175,1.0,0.8568544521564341,0.7485862734774339
Gilbert,15,,0.1,3,12,0.27734375,1.0,0.9591172979781681,0.7927796458731888
Gilbert,15,,0.1,3,13,0.175,1.0,0.8901369800909823,0.75828148243301
Gilbert,15,,0.1,3,14,0.175,1.0,0.9756912243072025,0.759666420041294
Gilbert,15,,0.1,3,15,0.25,1.0,0.9995701504217946,0.7355157417186933
Gilbert,15,,0.1,3,16,0.11363636363636363,1.0,0.8882010417886328,0.7796172668033211
Gilbert,15,,0.1,3,17,0.25,1.0,0.9627358873595715,0.9300778124720152
Gilbert,15,,0.1,3,18,0.0798611111111111,0.8888888888888888,0.8974824724104499,0.8895629972830839
Gilbert,15,,0.1,3,19,0.1375,1.0,0.9792073300074694,0.7958821245571142
Gilbert,15,,0.1,4,0,0.18181818181818182,1.0,0.9999999999727216,0.999999999914358
Gilbert,15,,0.1,4,1,0.18181818181818182,1.0,0.9960117807354414,0.8517067317850401
Gilbert,15,,0.1,4,2,0.3333333333333333,1.0,0.9999999998540194,0.8527291956522872
Gilbert,15,,0.1,4,3,0.2916666666666667,1.0,0.9999999998347755,0.781021133227243
Gilbert,15,,0.1,4,4,0.2125,1.0,0.8743887321352777,0.8383141550969843
Gilbert,15,,0.1,4,5,0.07692307692307693,1.0,0.9969456046582837,0.9053390936876279
Gilbert,15,,0.1,4,6,0.2125,1.0,0.9999963094359442,0.8526672100497258
Gilbert,15,,0.1,4,7,0.25,1.0,0.9936196318155162,0.9437812032143383
Gilbert,15,,0.1,4,8,0.175,1.0,0.9882255394846677,0.9309285889196209
Gilbert,15,,0.1,4,9,0.14772727272727273,1.0,0.9910259373773888,0.9559096676338893
Gilbert,15,,0.1,4,10,0.18181818181818182,1.0,0.9999999996379277,0.8188329013689505
Gilbert,15,,0.1,4,11,0.175,1.0,0.8927060379493316,0.8522282134048365
Gilbert,15,,0.1,4,12,0.27734375,1.0,0.9710682618894885,0.862000283981752
Gilbert,15,,0.1,4,13,0.175,1.0,0.9188583066295847,0.845529968195774
Gilbert,15,,0.1,4,14,0.175,1.0,0.9899366510017679,0.788553158772149
Gilbert,15,,0.1,4,15,0.25,1.0,0.9999939645715261,0.8181562410281213
Gilbert,15,,0.1,4,16,0.11363636363636363,1.0,0.8975865548661123,0.8029734108613288
Gilbert,15,,0.1,4,17,0.25,1.0,0.9927489219729413,0.943091088279326
Gilbert,15,,0.1,4,18,0.0798611111111111,0.8888888888888888,0.9276637664597909,0.8720701056135558
Gilbert,15,,0.1,4,19,0.1375,1.0,0.9907719679223224,0.9249444603572037
Gilbert,15,,0.1,5,0,0.18181818181818182,1.0,0.9999999999989022,0.9999999997798842
Gilbert,15,,0.1,5,1,0.18181818181818182,1.0,0.9980415158296352,0.9354148412491953
Gilbert,15,,0.1,5,2,0.3333333333333333,1.0,0.9999999994005636,0.8772240500638869
Gilbert,15,,0.1,5,3,0.2916666666666667,1.0,0.9999999998526454,0.8117531504347508
Gilbert,15,,0.1,5,4,0.2125,1.0,0.9999999998135725,0.8840166425777543
Gilbert,15,,0.1,5,5,0.07692307692307693,1.0,0.99814218774543,0.9550349559482552
Gilbert,15,,0.1,5,6,0.2125,1.0,0.9999998199613735,0.9034078771013216
Gilbert,15,,0.1,5,7,0.25,1.0,0.9995227614605418,0.9750972982072056
Gilbert,15,,0.1,5,8,0.175,1.0,0.9915792383519453,0.9508654828975958
Gilbert,15,,0.1,5,9,0.14772727272727273,1.0,0.9939260972226872,0.9725164607095658
Gilbert,15,,0.1,5,10,0.18181818181818182,1.0,0.9999659891619902,0.8743386062940091
Gilbert,15,,0.1,5,11,0.175,1.0,0.9995318925305046,0.9074292594585056
Gilbert,15,,0.1,5,12,0.27734375,1.0,0.9852697386131846,0.8829916647077011
Gilbert,15,,0.1,5,13,0.175,1.0,0.9699891766250044,0.8892526459618546
Gilbert,15,,0.1,5,14,0.175,1.0,0.9941123733569992,0.8542131423212849
Gilbert,15,,0.1,5,15,0.25,1.0,0.9999997581994174,0.7108490310662822
Gilbert,15,,0.1,5,16,0.11363636363636363,1.0,0.9999999999561126,0.8068979582240101
Gilbert,15,,0.1,5,17,0.25,1.0,0.9984360964155093,0.9430893982589669
Gilbert,15,,0.1,5,18,0.0798611111111111,0.8888888888888888,0.9377528509496573,0.9320747860023457
Gilbert,15,,0.1,5,19,0.1375,1.0,0.9941068841747425,0.9267914185706061
Gilbert,15,,0.1,6,0,0.18181818181818182,1.0,0.9999999999594196,0.9999999999990298
Gilbert,15,,0.1,6,1,0.18181818181818182,1.0,0.9988916393665502,0.9663488804726583
Gilbert,15,,0.1,6,2,0.3333333333333333,1.0,0.9999999996000651,0.9028779699217223
Gilbert,15,,0.1,6,3,0.2916666666666667,1.0,0.9999999999995691,0.8459506344924868
Gilbert,15,,0.1,6,4,0.2125,1.0,0.9999999922652678,0.8976860552023147
Gilbert,15,,0.1,6,5,0.07692307692307693,1.0,0.9994671100308428,0.9924979609511632
Gilbert,15,,0.1,6,6,0.2125,1.0,0.9999977790248721,0.9023545082865457
Gilbert,15,,0.1,6,7,0.25,1.0,0.999999781268496,0.9879633663680463
Gilbert,15,,0.1,6,8,0.175,1.0,0.9973086769751308,0.9793635646487593
Gilbert,15,,0.1,6,9,0.14772727272727273,1.0,0.9986615279353882,0.9860668493258519
Gilbert,15,,0.1,6,10,0.18181818181818182,1.0,0.9999985096714649,0.8743417247631402
Gilbert,15,,0.1,6,11,0.175,1.0,0.9999999995448409,0.9065394803454703
Gilbert,15,,0.1,6,12,0.27734375,1.0,0.9925699978335214,0.9408896696180371
Gilbert,15,,0.1,6,13,0.175,1.0,0.9870448013794579,0.9395531427010824
Gilbert,15,,0.1,6,14,0.175,1.0,0.9953603715489183,0.8652835733274731
Gilbert,15,,0.1,6,15,0.25,1.0,0.9999941686722058,0.8371645783197785
Gilbert,15,,0.1,6,16,0.11363636363636363,1.0,0.9999999999204423,0.9078823610128182
Gilbert,15,,0.1,6,17,0.25,1.0,0.999996395779098,0.9769336089167303
Gilbert,15,,0.1,6,18,0.0798611111111111,0.8888888888888888,0.9587945221624575,0.930243399032562
Gilbert,15,,0.1,6,19,0.1375,1.0,0.995009909934808,0.9527783515853561
Gilbert,15,,0.1,7,0,0.18181818181818182,1.0,0.9999999999275215,0.999999999995092
Gilbert,15,,0.1,7,1,0.18181818181818182,1.0,0.9997426815806137,0.9753800987636471
Gilbert,15,,0.1,7,2,0.3333333333333333,1.0,0.9999999959742946,0.9156432835694956
Gilbert,15,,0.1,7,3,0.2916666666666667,1.0,0.9999999986794766,0.8771163825058365
Gilbert,15,,0.1,7,4,0.2125,1.0,0.9999999808877117,0.895134310168744
Gilbert,15,,0.1,7,5,0.07692307692307693,1.0,0.9998071535769449,0.9962052361981052
Gilbert,15,,0.1,7,6,0.2125,1.0,0.9999999785036063,0.9238621320811969
Gilbert,15,,0.1,7,7,0.25,1.0,0.9999999557977056,0.9826373416323833
Gilbert,15,,0.1,7,8,0.175,1.0,0.9985350347974622,0.977698641577646
Gilbert,15,,0.1,7,9,0.14772727272727273,1.0,0.9992596395710304,0.9903738399492568
Gilbert,15,,0.1,7,10,0.18181818181818182,1.0,0.9999996985190411,0.9165360070774953
Gilbert,15,,0.1,7,11,0.175,1.0,0.9999999704001897,0.9603753934833928
Gilbert,15,,0.1,7,12,0.27734375,1.0,0.9932172858165331,0.9389191114914275
Gilbert,15,,0.1,7,13,0.175,1.0,0.9929561089360834,0.928739827626854
Gilbert,15,,0.1,7,14,0.175,1.0,0.997011505551221,0.9141195031576771
Gilbert,15,,0.1,7,15,0.25,1.0,0.9999990262544122,0.9255752145253034
Gilbert,15,,0.1,7,16,0.11363636363636363,1.0,0.9999999993339661,0.9201392741485694
Gilbert,15,,0.1,7,17,0.25,1.0,0.9999999761882804,0.9775340742298018
Gilbert,15,,0.1,7,18,0.0798611111111111,0.8888888888888888,0.9769642809257945,0.731968312791131
Gilbert,15,,0.1,7,19,0.1375,1.0,0.9975761696876017,0.960971824373351
Gilbert,15,,0.1,8,0,0.18181818181818182,1.0,0.9999999999988806,0.9999999999997929
Gilbert,15,,0.1,8,1,0.18181818181818182,1.0,0.9999722393603889,0.9821271076240708
Gilbert,15,,0.1,8,2,0.3333333333333333,1.0,0.999999814992599,0.9295894476980487
Gilbert,15,,0.1,8,3,0.2916666666666667,1.0,0.9999998612975141,0.8751271004399253
Gilbert,15,,0.1,8,4,0.2125,1.0,0.9999999762269705,0.9136369349278152
Gilbert,15,,0.1,8,5,0.07692307692307693,1.0,0.9999803556329302,0.9991871524884229
Gilbert,15,,0.1,8,6,0.2125,1.0,0.9999975049547409,0.9397287679512754
Gilbert,15,,0.1,8,7,0.25,1.0,0.9998112022623591,0.9941631334619747
Gilbert,15,,0.1,8,8,0.175,1.0,0.999256409082057,0.9778442550235582
Gilbert,15,,0.1,8,9,0.14772727272727273,1.0,0.9995645885709178,0.9898853737138628
Gilbert,15,,0.1,8,10,0.18181818181818182,1.0,0.9999993777209994,0.919831970194794
Gilbert,15,,0.1,8,11,0.175,1.0,0.9999997838174224,0.9528359490268178
Gilbert,15,,0.1,8,12,0.27734375,1.0,0.9961535441392695,0.9563634806498356
Gilbert,15,,0.1,8,13,0.175,1.0,0.9971423945509752,0.9613872486182234
Gilbert,15,,0.1,8,14,0.175,1.0,0.9978368013348641,0.9298215334150332
Gilbert,15,,0.1,8,15,0.25,1.0,0.9999937228700517,0.939873884718589
Gilbert,15,,0.1,8,16,0.11363636363636363,1.0,0.9999999511330273,0.92370083664124
Gilbert,15,,0.1,8,17,0.25,1.0,0.9999997786222915,0.9827122727774784
Gilbert,15,,0.1,8,18,0.0798611111111111,0.8888888888888888,0.9867232823752895,0.9730687422278935
Gilbert,15,,0.1,8,19,0.1375,1.0,0.9986408893017493,0.9637597196544665
Gilbert,15,,0.1,9,0,0.18181818181818182,1.0,0.9999999999998589,0.9999999999990379
Gilbert,15,,0.1,9,1,0.18181818181818182,1.0,0.999987145497903,0.9904032984431967
Gilbert,15,,0.1,9,2,0.3333333333333333,1.0,0.9999998611560774,0.9321559166476425
Gilbert,15,,0.1,9,3,0.2916666666666667,1.0,0.9999999920923349,0.8400017984018541
Gilbert,15,,0.1,9,4,0.2125,1.0,0.9999999551197284,0.9204988234272793
Gilbert,15,,0.1,9,5,0.07692307692307693,1.0,0.9999951072070701,0.9982395743615856
Gilbert,15,,0.1,9,6,0.2125,1.0,0.9999999494992959,0.9488442475319336
Gilbert,15,,0.1,9,7,0.25,1.0,0.9999997669344537,0.9976674189776527
Gilbert,15,,0.1,9,8,0.175,1.0,0.9995750177055521,0.9859222875372733
Gilbert,15,,0.1,9,9,0.14772727272727273,1.0,0.9997482645467951,0.9946039195198434
Gilbert,15,,0.1,9,10,0.18181818181818182,1.0,0.9999999255129336,0.9262078400133761
Gilbert,15,,0.1,9,11,0.175,1.0,0.9999999815312449,0.9765918868125407
Gilbert,15,,0.1,9,12,0.27734375,1.0,0.9978978272050916,0.9699401670668125
Gilbert,15,,0.1,9,13,0.175,1.0,0.9999999981117899,0.971888142209125
Gilbert,15,,0.1,9,14,0.175,1.0,0.9984226494627396,0.9470805926818388
Gilbert,15,,0.1,9,15,0.25,1.0,0.9999999358359166,0.9420804007577104
Gilbert,15,,0.1,9,16,0.11363636363636363,1.0,0.9999999942759181,0.9211565500533658
Gilbert,15,,0.1,9,17,0.25,1.0,0.999999992494985,0.9794418417594536
Gilbert,15,,0.1,9,18,0.0798611111111111,0.8888888888888888,0.9886209696805213,0.976874330659178
Gilbert,15,,0.1,9,19,0.1375,1.0,0.9991114025292184,0.981157640687989
Gilbert,15,,0.1,10,0,0.18181818181818182,1.0,0.999999999991148,0.9999999999999382
Gilbert,15,,0.1,10,1,0.18181818181818182,1.0,0.9999921137570073,0.9937265070363914
Gilbert,15,,0.1,10,2,0.3333333333333333,1.0,0.9999994233342784,0.9448205244414988
Gilbert,15,,0.1,10,3,0.2916666666666667,1.0,0.9999999965146458,0.9060721702001359
Gilbert,15,,0.1,10,4,0.2125,1.0,0.9999994513096333,0.9228170572856824
Gilbert,15,,0.1,10,5,0.07692307692307693,1.0,0.9999983350000472,0.9985184025090711
Gilbert,15,,0.1,10,6,0.2125,1.0,0.9999993917990622,0.9595611477147756
Gilbert,15,,0.1,10,7,0.25,1.0,0.9999992908572284,0.9964899948746646
Gilbert,15,,0.1,10,8,0.175,1.0,0.999872739617101,0.9902981408987499
Gilbert,15,,0.1,10,9,0.14772727272727273,1.0,0.9999642293505715,0.9956365758008484
Gilbert,15,,0.1,10,10,0.18181818181818182,1.0,0.9999988817525172,0.9619312166871397
Gilbert,15,,0.1,10,11,0.175,1.0,0.9999998070189206,0.9695899243005048
Gilbert,15,,0.1,10,12,0.27734375,1.0,0.9990441833628216,0.9787106775903676
Gilbert,15,,0.1,10,13,0.175,1.0,0.999999982215166,0.9756140351246229
Gilbert,15,,0.1,10,14,0.175,1.0,0.9991177501753642,0.9478297120890812
Gilbert,15,,0.1,10,15,0.25,1.0,0.9999990181877659,0.9482892493861619
Gilbert,15,,0.1,10,16,0.11363636363636363,1.0,0.9999999007023626,0.9515172729196247
Gilbert,15,,0.1,10,17,0.25,1.0,0.9999998435116626,0.9873580118079988
Gilbert,15,,0.1,10,18,0.0798611111111111,0.8888888888888888,0.990061305073048,0.9764482273497038
Gilbert,15,,0.1,10,19,0.1375,1.0,0.9994585258168662,0.985102086439132
Gilbert,15,,0.25,1,0,0.140625,0.5833333333333334,0.26632709319127423,0.27780041431434777
Gilbert,15,,0.25,1,1,0.15625,1.0,0.7623068090557539,0.3123562871929004
Gilbert,15,,0.25,1,2,0.125,0.42857142857142855,0.2119533755806565,0.22052212747100963
Gilbert,15,,0.25,1,3,0.171875,0.08333333333333333,0.25006621400174334,0.2500662140017436
Gilbert,15,,0.25,1,4,0.16071428571428573,0.21428571428571427,0.27062479433378556,0.27246387522800625
Gilbert,15,,0.25,1,5,0.0859375,0.6875,0.16651051425785873,0.22813937954666552
Gilbert,15,,0.25,1,6,-0.015625,-0.16666666666666666,0.16343124631943415,0.19744263558388284
Gilbert,15,,0.25,1,7,0.15178571428571427,0.5,0.23757678893793438,0.24579479300969057
Gilbert,15,,0.25,1,8,0.16071428571428573,0.2857142857142857,0.24281579721460997,0.26251597332343274
Gilbert,15,,0.25,1,9,0.16517857142857142,0.6428571428571429,0.2491354259856748,0.25732858556429317
Gilbert,15,,0.25,1,10,0.109375,0.5833333333333334,0.21543718432892675,0.25366986055335045
Gilbert,15,,0.25,1,11,0.1875,0.08333333333333333,0.2884207223084103,0.2884207223084106
Gilbert,15,,0.25,1,12,0.21428571428571427,0.42857142857142855,0.29233616187029143,0.301484766426872
Gilbert,15,,0.25,1,13,0.17410714285714285,0.07142857142857142,0.23650819991343056,0.23650819991342953
Gilbert,15,,0.25,1,14,0.1875,-0.16666666666666666,0.27563973058807917,0.27563973058807917
Gilbert,15,,0.25,1,15,0.16071428571428573,0.0,0.2530282585978155,0.2557072179917633
Gilbert,15,,0.25,1,16,0.10714285714285714,0.07142857142857142,0.19914077784247436,0.19914077784247322
Gilbert,15,,0.25,1,17,0.22767857142857142,0.7857142857142857,0.25782042571256486,0.29385661827084547
Gilbert,15,,0.25,1,18,0.13392857142857142,0.5,0.20182427317485288,0.20182427317485288
Gilbert,15,,0.25,1,19,0.16071428571428573,0.07142857142857142,0.25144625554607763,0.25144625554607725
Gilbert,15,,0.25,2,0,0.140625,0.5833333333333334,0.4677399004979583,0.32506541325972726
Gilbert,15,,0.25,2,1,0.15625,1.0,0.856866648951433,0.5721689793780896
Gilbert,15,,0.25,2,2,0.125,0.42857142857142855,0.37092417128182525,0.380400355830021
Gilbert,15,,0.25,2,3,0.171875,0.08333333333333333,0.3131973805841728,0.31319738058417457
Gilbert,15,,0.25,2,4,0.16071428571428573,0.21428571428571427,0.43413913055040837,0.3885619520370523
Gilbert,15,,0.25,2,5,0.0859375,0.6875,0.5713587014386434,0.2850504188248662
Gilbert,15,,0.25,2,6,-0.015625,-0.16666666666666666,0.34822261296441087,0.3943593335460405
Gilbert,15,,0.25,2,7,0.15178571428571427,0.5,0.5019880365256328,0.51496715171443
Gilbert,15,,0.25,2,8,0.16071428571428573,0.2857142857142857,0.42603429959920874,0.4401723349907695
Gilbert,15,,0.25,2,9,0.16517857142857142,0.6428571428571429,0.38389309593765414,0.5025292272535384
Gilbert,15,,0.25,2,10,0.109375,0.5833333333333334,0.4784516308668505,-0.24342101989888995
Gilbert,15,,0.25,2,11,0.1875,0.08333333333333333,0.4875009247936674,0.48750092479366414
Gilbert,15,,0.25,2,12,0.21428571428571427,0.42857142857142855,0.3806966068895892,0.48081402577627813
Gilbert,15,,0.25,2,13,0.17410714285714285,0.07142857142857142,0.25559705199430865,0.2555970519943052
Gilbert,15,,0.25,2,14,0.1875,-0.16666666666666666,0.32465331955332805,0.32465331955332816
Gilbert,15,,0.25,2,15,0.16071428571428573,0.0,0.41349688505177656,0.3040162293446225
Gilbert,15,,0.25,2,16,0.10714285714285714,0.07142857142857142,0.289007471869914,0.28900747186991654
Gilbert,15,,0.25,2,17,0.22767857142857142,0.7857142857142857,0.530313977210283,0.4848613050993932
Gilbert,15,,0.25,2,18,0.13392857142857142,0.5,0.09305416533391091,0.09305416533391167
Gilbert,15,,0.25,2,19,0.16071428571428573,0.07142857142857142,0.42915652464446424,0.4291565246444593
Gilbert,15,,0.25,3,0,0.140625,0.5833333333333334,-0.02834212420033344,0.4922181233424208
Gilbert,15,,0.25,3,1,0.15625,1.0,0.9317695322629618,0.6579773980384716
Gilbert,15,,0.25,3,2,0.125,0.42857142857142855,0.505537817560402,0.5006448961095459
Gilbert,15,,0.25,3,3,0.171875,0.08333333333333333,0.49021623732843195,0.4925768463768703
Gilbert,15,,0.25,3,4,0.16071428571428573,0.21428571428571427,0.2710418293495674,0.42325563626112
Gilbert,15,,0.25,3,5,0.0859375,0.6875,0.44997412606001663,0.6025404214507988
Gilbert,15,,0.25,3,6,-0.015625,-0.16666666666666666,0.3200452362142155,0.4093061353786635
Gilbert,15,,0.25,3,7,0.15178571428571427,0.5,0.4765118655394985,0.6286035352409847
Gilbert,15,,0.25,3,8,0.16071428571428573,0.2857142857142857,0.41726527015696885,0.38989548315898
Gilbert,15,,0.25,3,9,0.16517857142857142,0.6428571428571429,0.429944074816428,0.5416017094375511
Gilbert,15,,0.25,3,10,0.109375,0.5833333333333334,0.20551633106151343,0.49085259819350807
Gilbert,15,,0.25,3,11,0.1875,0.08333333333333333,0.2212554061903762,0.2212554061903774
Gilbert,15,,0.25,3,12,0.21428571428571427,0.42857142857142855,0.5281058391592531,0.5048970851308339
Gilbert,15,,0.25,3,13,0.17410714285714285,0.07142857142857142,0.21284769271143691,0.2128476927114377
Gilbert,15,,0.25,3,14,0.1875,-0.16666666666666666,0.1810469665325427,0.18104696653254804
Gilbert,15,,0.25,3,15,0.16071428571428573,0.0,0.2496265866887126,0.4437167158623709
Gilbert,15,,0.25,3,16,0.10714285714285714,0.07142857142857142,0.41339596587541905,0.41339596587542243
Gilbert,15,,0.25,3,17,0.22767857142857142,0.7857142857142857,0.7255098213498258,0.319533658037679
Gilbert,15,,0.25,3,18,0.13392857142857142,0.5,0.426767358144554,0.42676735814449757
Gilbert,15,,0.25,3,19,0.16071428571428573,0.07142857142857142,0.4495866472779427,0.449586647277949
Gilbert,15,,0.25,4,0,0.140625,0.5833333333333334,0.5412211789263358,0.4760364715449237
Gilbert,15,,0.25,4,1,0.15625,1.0,0.9664042785033677,0.7657430577565666
Gilbert,15,,0.25,4,2,0.125,0.42857142857142855,0.5119080466534031,0.5882536607454172
Gilbert,15,,0.25,4,3,0.171875,0.08333333333333333,0.6240277085727005,0.6512760458808797
Gilbert,15,,0.25,4,4,0.16071428571428573,0.21428571428571427,0.4376415274183078,0.5031289035228388
Gilbert,15,,0.25,4,5,0.0859375,0.6875,0.5730891992698867,0.5552209334946803
Gilbert,15,,0.25,4,6,-0.015625,-0.16666666666666666,0.6064373617185801,0.4689927504547251
Gilbert,15,,0.25,4,7,0.15178571428571427,0.5,0.6292102177780795,0.7064429457139516
Gilbert,15,,0.25,4,8,0.16071428571428573,0.2857142857142857,0.39856497751504144,0.4694232829528519
Gilbert,15,,0.25,4,9,0.16517857142857142,0.6428571428571429,0.6350236596271782,0.6270928359154657
Gilbert,15,,0.25,4,10,0.109375,0.5833333333333334,0.5399821466724252,0.6279648356921016
Gilbert,15,,0.25,4,11,0.1875,0.08333333333333333,0.25676322120143674,0.25676322120143763
Gilbert,15,,0.25,4,12,0.21428571428571427,0.42857142857142855,0.5658393572238338,0.5113691749883619
Gilbert,15,,0.25,4,13,0.17410714285714285,0.07142857142857142,0.5415395026310333,0.5415395026300323
Gilbert,15,,0.25,4,14,0.1875,-0.16666666666666666,-0.17525313238847703,-0.17525313238847506
Gilbert,15,,0.25,4,15,0.16071428571428573,0.0,0.6286669152453441,0.46742130624161227
Gilbert,15,,0.25,4,16,0.10714285714285714,0.07142857142857142,0.4879397049842093,0.48793970498421035
Gilbert,15,,0.25,4,17,0.22767857142857142,0.7857142857142857,0.6292868334833923,0.6397543315799544
Gilbert,15,,0.25,4,18,0.13392857142857142,0.5,0.16610535523712983,0.1661053547328088
Gilbert,15,,0.25,4,19,0.16071428571428573,0.07142857142857142,0.4456249052279677,0.44562490534620675
Gilbert,15,,0.25,5,0,0.140625,0.5833333333333334,0.6014964022062039,0.5084098449597557
Gilbert,15,,0.25,5,1,0.15625,1.0,0.9786427687859287,0.8054933876162239
Gilbert,15,,0.25,5,2,0.125,0.42857142857142855,0.5960283101701679,0.05066550857379796
Gilbert,15,,0.25,5,3,0.171875,0.08333333333333333,-0.11072846250734487,0.6426916430432233
Gilbert,15,,0.25,5,4,0.16071428571428573,0.21428571428571427,0.42681543493366625,0.5861579855365042
Gilbert,15,,0.25,5,5,0.0859375,0.6875,0.7096389789934879,0.6660924367050532
Gilbert,15,,0.25,5,6,-0.015625,-0.16666666666666666,0.03984523991105634,0.5604853692612446
Gilbert,15,,0.25,5,7,0.15178571428571427,0.5,0.609234724275894,0.758893488999744
Gilbert,15,,0.25,5,8,0.16071428571428573,0.2857142857142857,0.7234171135474448,0.6428207031929584
Gilbert,15,,0.25,5,9,0.16517857142857142,0.6428571428571429,0.700749093500999,0.6711059351947793
Gilbert,15,,0.25,5,10,0.109375,0.5833333333333334,0.5739638756046704,0.6448793646893062
Gilbert,15,,0.25,5,11,0.1875,0.08333333333333333,0.7576429733209514,0.7576429735047218
Gilbert,15,,0.25,5,12,0.21428571428571427,0.42857142857142855,0.617496506438899,0.6822140260065475
Gilbert,15,,0.25,5,13,0.17410714285714285,0.07142857142857142,0.5422695670604751,0.5422695564542381
Gilbert,15,,0.25,5,14,0.1875,-0.16666666666666666,0.421667840721583,0.42166784017653675
Gilbert,15,,0.25,5,15,0.16071428571428573,0.0,0.6433638265010354,0.5042339538826236
Gilbert,15,,0.25,5,16,0.10714285714285714,0.07142857142857142,0.5075594179288397,0.5075594202879478
Gilbert,15,,0.25,5,17,0.22767857142857142,0.7857142857142857,0.6487104805300976,0.6670482540096174
Gilbert,15,,0.25,5,18,0.13392857142857142,0.5,0.7839397155422952,0.7839397155493611
Gilbert,15,,0.25,5,19,0.16071428571428573,0.07142857142857142,0.4989981195847854,0.4989981195237493
Gilbert,15,,0.25,6,0,0.140625,0.5833333333333334,0.6889945416666289,0.621981999760794
Gilbert,15,,0.25,6,1,0.15625,1.0,0.9838178743607809,0.8538208334395552
Gilbert,15,,0.25,6,2,0.125,0.42857142857142855,0.6315947223625866,0.5901309482141162
Gilbert,15,,0.25,6,3,0.171875,0.08333333333333333,0.46628971387253815,0.36012857056107156
Gilbert,15,,0.25,6,4,0.16071428571428573,0.21428571428571427,0.4979596558895883,0.7038347084802943
Gilbert,15,,0.25,6,5,0.0859375,0.6875,0.8348158332975563,0.7815636325842383
Gilbert,15,,0.25,6,6,-0.015625,-0.16666666666666666,-0.08715904459287153,0.5823935913354266
Gilbert,15,,0.25,6,7,0.15178571428571427,0.5,0.7847216951146537,0.712283008037536
Gilbert,15,,0.25,6,8,0.16071428571428573,0.2857142857142857,0.7832141331305716,0.6547406278676948
Gilbert,15,,0.25,6,9,0.16517857142857142,0.6428571428571429,0.7642716271681541,0.7340065738165429
Gilbert,15,,0.25,6,10,0.109375,0.5833333333333334,0.6825603784793474,0.7083086263265724
Gilbert,15,,0.25,6,11,0.1875,0.08333333333333333,0.7882271360530573,0.7882271375169246
Gilbert,15,,0.25,6,12,0.21428571428571427,0.42857142857142855,0.6222643893830726,0.5849003898256212
Gilbert,15,,0.25,6,13,0.17410714285714285,0.07142857142857142,0.090798480832055,0.09079848083946811
Gilbert,15,,0.25,6,14,0.1875,-0.16666666666666666,0.5728503853137105,0.5728503845611731
Gilbert,15,,0.25,6,15,0.16071428571428573,0.0,0.6463274774933616,0.6039330983975019
Gilbert,15,,0.25,6,16,0.10714285714285714,0.07142857142857142,0.6436502002282959,0.643650232249169
Gilbert,15,,0.25,6,17,0.22767857142857142,0.7857142857142857,0.7928070091635607,0.48112986030551813
Gilbert,15,,0.25,6,18,0.13392857142857142,0.5,0.7699227938506026,0.7699227950627231
Gilbert,15,,0.25,6,19,0.16071428571428573,0.07142857142857142,0.4973069943285592,0.49730699311842425
Gilbert,15,,0.25,7,0,0.140625,0.5833333333333334,0.8002397628617596,0.7161588522069607
Gilbert,15,,0.25,7,1,0.15625,1.0,0.9858034818228357,0.6876500838431344
Gilbert,15,,0.25,7,2,0.125,0.42857142857142855,0.7171433344376342,0.6148753110460513
Gilbert,15,,0.25,7,3,0.171875,0.08333333333333333,0.48609701497198143,0.6239217279961182
Gilbert,15,,0.25,7,4,0.16071428571428573,0.21428571428571427,0.6645162332959471,0.7167618075300035
Gilbert,15,,0.25,7,5,0.0859375,0.6875,0.8309327685287143,0.816400677225931
Gilbert,15,,0.25,7,6,-0.015625,-0.16666666666666666,0.1404984517040786,0.5090427490240484
Gilbert,15,,0.25,7,7,0.15178571428571427,0.5,0.8266382589962651,0.8333223107310622
Gilbert,15,,0.25,7,8,0.16071428571428573,0.2857142857142857,0.7818659558925644,0.7465046962744901
Gilbert,15,,0.25,7,9,0.16517857142857142,0.6428571428571429,0.771167824628553,0.7746258682915376
Gilbert,15,,0.25,7,10,0.109375,0.5833333333333334,0.7118403920886219,0.7326006474993804
Gilbert,15,,0.25,7,11,0.1875,0.08333333333333333,0.7968388084003516,0.7993577594548308
Gilbert,15,,0.25,7,12,0.21428571428571427,0.42857142857142855,0.767114466256978,0.7362245528258706
Gilbert,15,,0.25,7,13,0.17410714285714285,0.07142857142857142,0.33278362400619066,0.3327836224777245
Gilbert,15,,0.25,7,14,0.1875,-0.16666666666666666,0.5698391529627015,0.568475148699585
Gilbert,15,,0.25,7,15,0.16071428571428573,0.0,0.7265760250236628,0.5588895916395599
Gilbert,15,,0.25,7,16,0.10714285714285714,0.07142857142857142,0.6454349315190908,0.6454349293247805
Gilbert,15,,0.25,7,17,0.22767857142857142,0.7857142857142857,0.8691876053572518,0.7400158866719225
Gilbert,15,,0.25,7,18,0.13392857142857142,0.5,0.8398828183503027,0.8576099654696464
Gilbert,15,,0.25,7,19,0.16071428571428573,0.07142857142857142,0.5121518666292678,0.5121518413574607
Gilbert,15,,0.25,8,0,0.140625,0.5833333333333334,0.8406009958446793,0.7098681722504819
Gilbert,15,,0.25,8,1,0.15625,1.0,0.9895036494511223,0.8862722681953089
Gilbert,15,,0.25,8,2,0.125,0.42857142857142855,0.7458702739049888,0.6900344341327306
Gilbert,15,,0.25,8,3,0.171875,0.08333333333333333,0.7073556319011011,0.7687862302603783
Gilbert,15,,0.25,8,4,0.16071428571428573,0.21428571428571427,0.6471863279710377,0.7277779100084031
Gilbert,15,,0.25,8,5,0.0859375,0.6875,0.8499071202370156,0.8212591069553722
Gilbert,15,,0.25,8,6,-0.015625,-0.16666666666666666,0.6520723440270153,0.742225177755676
Gilbert,15,,0.25,8,7,0.15178571428571427,0.5,0.840972247838946,0.6148629648251235
Gilbert,15,,0.25,8,8,0.16071428571428573,0.2857142857142857,0.8073289851780501,0.8300974518928117
Gilbert,15,,0.25,8,9,0.16517857142857142,0.6428571428571429,0.7726881191820266,0.4923742048232941
Gilbert,15,,0.25,8,10,0.109375,0.5833333333333334,0.7531927141680361,0.6701063708145276
Gilbert,15,,0.25,8,11,0.1875,0.08333333333333333,0.8024771346352924,0.8161878288885056
Gilbert,15,,0.25,8,12,0.21428571428571427,0.42857142857142855,0.6594207385400226,0.7627101107366719
Gilbert,15,,0.25,8,13,0.17410714285714285,0.07142857142857142,0.6026738080044244,0.6026738135956171
Gilbert,15,,0.25,8,14,0.1875,-0.16666666666666666,0.7007175724406167,0.7182641363500082
Gilbert,15,,0.25,8,15,0.16071428571428573,0.0,0.7452767655587941,0.7015410854677048
Gilbert,15,,0.25,8,16,0.10714285714285714,0.07142857142857142,0.6634692712341782,0.6634692760667532
Gilbert,15,,0.25,8,17,0.22767857142857142,0.7857142857142857,0.6918291797779382,0.815801739829346
Gilbert,15,,0.25,8,18,0.13392857142857142,0.5,0.8415148704846764,0.8763879257260785
Gilbert,15,,0.25,8,19,0.16071428571428573,0.07142857142857142,0.5267929882092723,0.5267929730265157
Gilbert,15,,0.25,9,0,0.140625,0.5833333333333334,0.6556521396298808,0.8414685254285098
Gilbert,15,,0.25,9,1,0.15625,1.0,0.9933581872908795,0.9031920305909845
Gilbert,15,,0.25,9,2,0.125,0.42857142857142855,0.8036119478382382,0.7217036900576687
Gilbert,15,,0.25,9,3,0.171875,0.08333333333333333,0.550981050547202,0.6009683754810258
Gilbert,15,,0.25,9,4,0.16071428571428573,0.21428571428571427,0.6296520754289833,0.7097182702116972
Gilbert,15,,0.25,9,5,0.0859375,0.6875,0.8460720584986903,0.8555807843456285
Gilbert,15,,0.25,9,6,-0.015625,-0.16666666666666666,0.7782924668009074,0.7124742079987921
Gilbert,15,,0.25,9,7,0.15178571428571427,0.5,0.8585408783992866,0.7659803656260714
Gilbert,15,,0.25,9,8,0.16071428571428573,0.2857142857142857,0.8359045716458853,0.7948514506155098
Gilbert,15,,0.25,9,9,0.16517857142857142,0.6428571428571429,0.8000436059979285,0.8125517519743916
Gilbert,15,,0.25,9,10,0.109375,0.5833333333333334,0.7179063767830244,0.7170901015537169
Gilbert,15,,0.25,9,11,0.1875,0.08333333333333333,0.8340865491714385,0.8177153846959899
Gilbert,15,,0.25,9,12,0.21428571428571427,0.42857142857142855,0.6968559572343727,0.7292216064039873
Gilbert,15,,0.25,9,13,0.17410714285714285,0.07142857142857142,0.5884143101353425,0.5884143606467529
Gilbert,15,,0.25,9,14,0.1875,-0.16666666666666666,0.7409014848931985,0.6995389980238337
Gilbert,15,,0.25,9,15,0.16071428571428573,0.0,0.7653312145013557,0.7667709030498651
Gilbert,15,,0.25,9,16,0.10714285714285714,0.07142857142857142,0.6762143841534473,0.7089960245109808
Gilbert,15,,0.25,9,17,0.22767857142857142,0.7857142857142857,0.9046022328644349,0.8422049602503023
Gilbert,15,,0.25,9,18,0.13392857142857142,0.5,0.8423536820434181,0.8705051009014512
Gilbert,15,,0.25,9,19,0.16071428571428573,0.07142857142857142,0.519041455338759,0.5190414778914125
Gilbert,15,,0.25,10,0,0.140625,0.5833333333333334,0.7939188925418659,0.7797913840371052
Gilbert,15,,0.25,10,1,0.15625,1.0,0.9953384913344544,0.919291170599051
Gilbert,15,,0.25,10,2,0.125,0.42857142857142855,0.8099201144586756,0.7846224706758775
Gilbert,15,,0.25,10,3,0.171875,0.08333333333333333,0.6652656377209994,0.7159861993484683
Gilbert,15,,0.25,10,4,0.16071428571428573,0.21428571428571427,0.633850722731272,0.7719839761106534
Gilbert,15,,0.25,10,5,0.0859375,0.6875,0.8542172284228654,0.8659086061336676
Gilbert,15,,0.25,10,6,-0.015625,-0.16666666666666666,0.5278721987521301,0.7709261019383323
Gilbert,15,,0.25,10,7,0.15178571428571427,0.5,0.8866074974504146,0.7545120523153751
Gilbert,15,,0.25,10,8,0.16071428571428573,0.2857142857142857,0.8482203064193098,0.8485673446430465
Gilbert,15,,0.25,10,9,0.16517857142857142,0.6428571428571429,0.8200715207665991,0.7488287777824559
Gilbert,15,,0.25,10,10,0.109375,0.5833333333333334,0.8107108591580309,0.7535521718844307
Gilbert,15,,0.25,10,11,0.1875,0.08333333333333333,0.8416353338175838,0.8334590167803967
Gilbert,15,,0.25,10,12,0.21428571428571427,0.42857142857142855,0.7031965159035979,0.733098303873869
Gilbert,15,,0.25,10,13,0.17410714285714285,0.07142857142857142,0.7189780327996127,0.6166003927235904
Gilbert,15,,0.25,10,14,0.1875,-0.16666666666666666,0.7099143302523006,0.7573002787474327
Gilbert,15,,0.25,10,15,0.16071428571428573,0.0,0.7846815731320133,0.7096160189092774
Gilbert,15,,0.25,10,16,0.10714285714285714,0.07142857142857142,0.6707596317179872,0.7535832895899185
Gilbert,15,,0.25,10,17,0.22767857142857142,0.7857142857142857,0.9069352986425532,0.8236468272143861
Gilbert,15,,0.25,10,18,0.13392857142857142,0.5,0.906746471731404,0.8688094881779025
Gilbert,15,,0.25,10,19,0.16071428571428573,0.07142857142857142,0.5152299199817453,0.6131566664135893
DRegular,5,2,,1,0,0.390625,0.75,0.7712509435331885,0.7712509435331887
DRegular,5,2,,1,1,0.390625,0.0,0.7712509435331887,0.7712509435331886
DRegular,5,2,,1,2,0.390625,0.0,0.7712509435331883,0.7712509435331886
DRegular,5,2,,1,3,0.390625,0.0,0.7712509435331883,0.7712509435331886
DRegular,5,2,,1,4,0.390625,0.75,0.7712509435331885,0.7712509435331887
DRegular,5,2,,1,5,0.390625,0.0,0.7712509435331883,0.7712509435331887
DRegular,5,2,,1,6,0.390625,0.75,0.7712509435331887,0.7712509435331886
DRegular,5,2,,1,7,0.390625,0.75,0.7712509435331887,0.7712509435331886
DRegular,5,2,,1,8,0.390625,0.75,0.7712509435331887,0.7712509435331886
DRegular,5,2,,1,9,0.390625,0.75,0.7712509435331885,0.7712509435331887
DRegular,5,2,,1,10,0.390625,0.0,0.7712509435331883,0.7712509435331887
DRegular,5,2,,1,11,0.390625,0.0,0.7712509435331883,0.7712509435331886
DRegular,5,2,,1,12,0.390625,0.75,0.7712509435331883,0.7712509435331887
DRegular,5,2,,1,13,0.390625,0.0,0.7712509435331883,0.7712509435331881
DRegular,5,2,,1,14,0.390625,0.0,0.7712509435331886,0.7712509435331881
DRegular,5,2,,1,15,0.390625,0.0,0.7712509435331887,0.7712509435331886
DRegular,5,2,,1,16,0.390625,0.0,0.7712509435331883,0.7712509435331881
DRegular,5,2,,1,17,0.390625,0.0,0.7712509435331886,0.7712509435331881
DRegular,5,2,,1,18,0.390625,0.0,0.7712509435331887,0.7712509435331886
DRegular,5,2,,1,19,0.390625,0.0,0.7712509435331885,0.7712509435331887
DRegular,5,2,,2,0,0.390625,0.75,0.8105727957762869,0.8105727957762873
DRegular,5,2,,2,1,0.390625,0.0,0.810572795776286,0.8105727957762872
DRegular,5,2,,2,2,0.390625,0.0,0.810572795776286,0.810572795776287
DRegular,5,2,,2,3,0.390625,0.0,0.810572795776286,0.810572795776287
DRegular,5,2,,2,4,0.390625,0.75,0.8105727957762869,0.8105727957762873
DRegular,5,2,,2,5,0.390625,0.0,0.8105727957762864,0.8105727957762866
DRegular,5,2,,2,6,0.390625,0.75,0.8105727957762865,0.8105727957762864
DRegular,5,2,,2,7,0.390625,0.75,0.8105727957762865,0.8105727957762864
DRegular,5,2,,2,8,0.390625,0.75,0.8105727957762865,0.8105727957762864
DRegular,5,2,,2,9,0.390625,0.75,0.8105727957762869,0.8105727957762873
DRegular,5,2,,2,10,0.390625,0.0,0.8105727957762864,0.8105727957762866
DRegular,5,2,,2,11,0.390625,0.0,0.810572795776286,0.810572795776287
DRegular,5,2,,2,12,0.390625,0.75,0.8105727957762866,0.8105727957762869
DRegular,5,2,,2,13,0.390625,0.0,0.8105727957762869,0.8105727957762867
DRegular,5,2,,2,14,0.390625,0.0,0.810572795776287,0.8105727957762869
DRegular,5,2,,2,15,0.390625,0.0,0.810572795776286,0.8105727957762872
DRegular,5,2,,2,16,0.390625,0.0,0.8105727957762869,0.8105727957762867
DRegular,5,2,,2,17,0.390625,0.0,0.810572795776287,0.8105727957762869
DRegular,5,2,,2,18,0.390625,0.0,0.810572795776286,0.8105727957762872
DRegular,5,2,,2,19,0.390625,0.0,0.8105727957762865,0.8105727957762865
DRegular,5,2,,3,0,0.390625,0.75,0.9658732966804177,0.9658732966804406
DRegular,5,2,,3,1,0.390625,0.0,0.9658732966804051,0.9658732966804072
DRegular,5,2,,3,2,0.390625,0.0,0.9658732966804067,0.9658732966804306
DRegular,5,2,,3,3,0.390625,0.0,0.9658732966804067,0.9658732966804306
DRegular,5,2,,3,4,0.390625,0.75,0.9658732966804177,0.9658732966804406
DRegular,5,2,,3,5,0.390625,0.0,0.9658732966804523,0.9658732966804308
DRegular,5,2,,3,6,0.390625,0.75,0.9658732966804509,0.9658732966804461
DRegular,5,2,,3,7,0.390625,0.75,0.9658732966804509,0.9658732966804461
DRegular,5,2,,3,8,0.390625,0.75,0.9658732966804509,0.9658732966804461
DRegular,5,2,,3,9,0.390625,0.75,0.9658732966804177,0.9658732966804406
DRegular,5,2,,3,10,0.390625,0.0,0.9658732966804523,0.9658732966804308
DRegular,5,2,,3,11,0.390625,0.0,0.9658732966804067,0.9658732966804306
DRegular,5,2,,3,12,0.390625,0.75,0.9658732966804098,0.9658732966804195
DRegular,5,2,,3,13,0.390625,0.0,0.965873296680422,0.9658732966804221
DRegular,5,2,,3,14,0.390625,0.0,0.9658732966804374,0.9658732966804107
DRegular,5,2,,3,15,0.390625,0.0,0.9658732966804051,0.9658732966804072
DRegular,5,2,,3,16,0.390625,0.0,0.965873296680422,0.9658732966804221
DRegular,5,2,,3,17,0.390625,0.0,0.9658732966804374,0.9658732966804107
DRegular,5,2,,3,18,0.390625,0.0,0.9658732966804051,0.9658732966804072
DRegular,5,2,,3,19,0.390625,0.0,0.9658732966804149,0.9658732966804249
DRegular,5,2,,4,0,0.390625,0.75,0.9907588999710611,0.9907588999710685
DRegular,5,2,,4,1,0.390625,0.0,0.9907588999710573,0.9907588999710577
DRegular,5,2,,4,2,0.390625,0.0,0.9907588999710577,0.990758899971067
DRegular,5,2,,4,3,0.390625,0.0,0.9907588999710577,0.990758899971067
DRegular,5,2,,4,4,0.390625,0.75,0.9907588999710611,0.9907588999710685
DRegular,5,2,,4,5,0.390625,0.0,0.9907588999710728,0.9907588999710654
DRegular,5,2,,4,6,0.390625,0.75,0.9907588999710726,0.990758899971071
DRegular,5,2,,4,7,0.390625,0.75,0.9907588999710726,0.990758899971071
DRegular,5,2,,4,8,0.390625,0.75,0.9907588999710726,0.990758899971071
DRegular,5,2,,4,9,0.390625,0.75,0.9907588999710611,0.9907588999710685
DRegular,5,2,,4,10,0.390625,0.0,0.9907588999710728,0.9907588999710654
DRegular,5,2,,4,11,0.390625,0.0,0.9907588999710577,0.990758899971067
DRegular,5,2,,4,12,0.390625,0.75,0.9907588999710577,0.9907588999710619
DRegular,5,2,,4,13,0.390625,0.0,0.9907588999710619,0.9907588999710631
DRegular,5,2,,4,14,0.390625,0.0,0.990758899971068,0.9907588999710617
DRegular,5,2,,4,15,0.390625,0.0,0.9907588999710573,0.9907588999710577
DRegular,5,2,,4,16,0.390625,0.0,0.9907588999710619,0.9907588999710631
DRegular,5,2,,4,17,0.390625,0.0,0.990758899971068,0.9907588999710617
DRegular,5,2,,4,18,0.390625,0.0,0.9907588999710573,0.9907588999710577
DRegular,5,2,,4,19,0.390625,0.0,0.9907588999710616,0.9907588999710643
DRegular,5,2,,5,0,0.390625,0.75,0.9977862413566359,0.9977862412422365
DRegular,5,2,,5,1,0.390625,0.0,0.9977862403647866,0.997786240753417
DRegular,5,2,,5,2,0.390625,0.0,0.9977862411007167,0.997786239914525
DRegular,5,2,,5,3,0.390625,0.0,0.9977862411007167,0.997786239914525
DRegular,5,2,,5,4,0.390625,0.75,0.9977862413566359,0.9977862412422365
DRegular,5,2,,5,5,0.390625,0.0,0.9977862410179263,0.997786241241431
DRegular,5,2,,5,6,0.390625,0.75,0.9977862411155627,0.9977862412850187
DRegular,5,2,,5,7,0.390625,0.75,0.9977862411155627,0.9977862412850187
DRegular,5,2,,5,8,0.390625,0.75,0.9977862411155627,0.9977862412850187
DRegular,5,2,,5,9,0.390625,0.75,0.9977862413566359,0.9977862412422365
DRegular,5,2,,5,10,0.390625,0.0,0.9977862410179263,0.997786241241431
DRegular,5,2,,5,11,0.390625,0.0,0.9977862411007167,0.997786239914525
DRegular,5,2,,5,12,0.390625,0.75,0.9977862413742827,0.9977862401679692
DRegular,5,2,,5,13,0.390625,0.0,0.9977862413549231,0.9977862402206494
DRegular,5,2,,5,14,0.390625,0.0,0.9977862405701493,0.9977862412357397
DRegular,5,2,,5,15,0.390625,0.0,0.9977862403647866,0.997786240753417
DRegular,5,2,,5,16,0.390625,0.0,0.9977862413549231,0.9977862402206494
DRegular,5,2,,5,17,0.390625,0.0,0.9977862405701493,0.9977862412357397
DRegular,5,2,,5,18,0.390625,0.0,0.9977862403647866,0.997786240753417
DRegular,5,2,,5,19,0.390625,0.0,0.9977862404756614,0.9977862398518438
DRegular,5,2,,6,0,0.390625,0.75,0.9997532977661959,0.9994354648104231
DRegular,5,2,,6,1,0.390625,0.0,0.9994354652950016,0.9994354625555243
DRegular,5,2,,6,2,0.390625,0.0,0.9994354643535304,0.999753296252014
DRegular,5,2,,6,3,0.390625,0.0,0.9994354643535304,0.999753296252014
DRegular,5,2,,6,4,0.390625,0.75,0.9997532977661959,0.9994354648104231
DRegular,5,2,,6,5,0.390625,0.0,0.9997532938367829,0.9994354423531513
DRegular,5,2,,6,6,0.390625,0.75,0.9993465897616067,0.9997532999116354
DRegular,5,2,,6,7,0.390625,0.75,0.9993465897616067,0.9997532999116354
DRegular,5,2,,6,8,0.390625,0.75,0.9993465897616067,0.9997532999116354
DRegular,5,2,,6,9,0.390625,0.75,0.9997532977661959,0.9994354648104231
DRegular,5,2,,6,10,0.390625,0.0,0.9997532938367829,0.9994354423531513
DRegular,5,2,,6,11,0.390625,0.0,0.9994354643535304,0.999753296252014
DRegular,5,2,,6,12,0.390625,0.75,0.9997532994872822,0.9994354642301994
DRegular,5,2,,6,13,0.390625,0.0,0.999753299440273,0.9994354647740857
DRegular,5,2,,6,14,0.390625,0.0,0.9994354649901966,0.9994353404939769
DRegular,5,2,,6,15,0.390625,0.0,0.9994354652950016,0.9994354625555243
DRegular,5,2,,6,16,0.390625,0.0,0.999753299440273,0.9994354647740857
DRegular,5,2,,6,17,0.390625,0.0,0.9994354649901966,0.9994353404939769
DRegular,5,2,,6,18,0.390625,0.0,0.9994354652950016,0.9994354625555243
DRegular,5,2,,6,19,0.390625,0.0,0.9997532998901554,0.9997532926289174
DRegular,5,2,,7,0,0.390625,0.75,0.9999342515794725,0.9999999221435897
DRegular,5,2,,7,1,0.390625,0.0,0.9997801939560959,0.9999906905850355
DRegular,5,2,,7,2,0.390625,0.0,0.999883241601571,0.9999327520485315
DRegular,5,2,,7,3,0.390625,0.0,0.999883241601571,0.9999327520485315
DRegular,5,2,,7,4,0.390625,0.75,0.9999342515794725,0.9999999221435897
DRegular,5,2,,7,5,0.390625,0.0,0.9999342545878057,0.9998832368896171
DRegular,5,2,,7,6,0.390625,0.75,0.9999852613411597,0.9999342590726239
DRegular,5,2,,7,7,0.390625,0.75,0.9999852613411597,0.9999342590726239
DRegular,5,2,,7,8,0.390625,0.75,0.9999852613411597,0.9999342590726239
DRegular,5,2,,7,9,0.390625,0.75,0.9999342515794725,0.9999999221435897
DRegular,5,2,,7,10,0.390625,0.0,0.9999342545878057,0.9998832368896171
DRegular,5,2,,7,11,0.390625,0.0,0.999883241601571,0.9999327520485315
DRegular,5,2,,7,12,0.390625,0.75,0.9999342123674666,0.9999906386303854
DRegular,5,2,,7,13,0.390625,0.0,0.9995087937943575,0.9999999684245265
DRegular,5,2,,7,14,0.390625,0.0,0.999780108783795,0.9996319536948015
DRegular,5,2,,7,15,0.390625,0.0,0.9997801939560959,0.9999906905850355
DRegular,5,2,,7,16,0.390625,0.0,0.9995087937943575,0.9999999684245265
DRegular,5,2,,7,17,0.390625,0.0,0.999780108783795,0.9996319536948015
DRegular,5,2,,7,18,0.390625,0.0,0.9997801939560959,0.9999906905850355
DRegular,5,2,,7,19,0.390625,0.0,0.9999320603861026,0.9999339239229296
DRegular,5,2,,8,0,0.390625,0.75,0.9999999810803638,0.99999916221756
DRegular,5,2,,8,1,0.390625,0.0,0.9999997901494162,0.9999997915629794
DRegular,5,2,,8,2,0.390625,0.0,0.9999983940817295,0.9999999992299162
DRegular,5,2,,8,3,0.390625,0.0,0.9999983940817295,0.9999999992299162
DRegular,5,2,,8,4,0.390625,0.75,0.9999999810803638,0.99999916221756
DRegular,5,2,,8,5,0.390625,0.0,0.9999999776064515,0.9999993864223152
DRegular,5,2,,8,6,0.390625,0.75,0.9999999976770982,0.9999999773936559
DRegular,5,2,,8,7,0.390625,0.75,0.9999999976770982,0.9999999773936559
DRegular,5,2,,8,8,0.390625,0.75,0.9999999976770982,0.9999999773936559
DRegular,5,2,,8,9,0.390625,0.75,0.9999999810803638,0.99999916221756
DRegular,5,2,,8,10,0.390625,0.0,0.9999999776064515,0.9999993864223152
DRegular,5,2,,8,11,0.390625,0.0,0.9999983940817295,0.9999999992299162
DRegular,5,2,,8,12,0.390625,0.75,0.999999995035034,0.9999996120198293
DRegular,5,2,,8,13,0.390625,0.0,0.9999999940869164,0.9999994943959164
DRegular,5,2,,8,14,0.390625,0.0,0.9999998981208225,0.9999999943694968
DRegular,5,2,,8,15,0.390625,0.0,0.9999997901494162,0.9999997915629794
DRegular,5,2,,8,16,0.390625,0.0,0.9999999940869164,0.9999994943959164
DRegular,5,2,,8,17,0.390625,0.0,0.9999998981208225,0.9999999943694968
DRegular,5,2,,8,18,0.390625,0.0,0.9999997901494162,0.9999997915629794
DRegular,5,2,,8,19,0.390625,0.0,0.9999999944999935,0.9999999615948343
DRegular,5,2,,9,0,0.390625,0.75,0.9999999996864076,0.9999983219577977
DRegular,5,2,,9,1,0.390625,0.0,0.9999999966570364,0.9999989311785318
DRegular,5,2,,9,2,0.390625,0.0,0.9999995666105093,0.9999999839222597
DRegular,5,2,,9,3,0.390625,0.0,0.9999995666105093,0.9999999839222597
DRegular,5,2,,9,4,0.390625,0.75,0.9999999996864076,0.9999983219577977
DRegular,5,2,,9,5,0.390625,0.0,0.9999999991315456,0.999999986514643
DRegular,5,2,,9,6,0.390625,0.75,0.9999999899362495,0.9999999999129201
DRegular,5,2,,9,7,0.390625,0.75,0.9999999899362495,0.9999999999129201
DRegular,5,2,,9,8,0.390625,0.75,0.9999999899362495,0.9999999999129201
DRegular,5,2,,9,9,0.390625,0.75,0.9999999996864076,0.9999983219577977
DRegular,5,2,,9,10,0.390625,0.0,0.9999999991315456,0.999999986514643
DRegular,5,2,,9,11,0.390625,0.0,0.9999995666105093,0.9999999839222597
DRegular,5,2,,9,12,0.390625,0.75,0.9999999826782432,0.9999999764262406
DRegular,5,2,,9,13,0.390625,0.0,0.9999999746632544,0.9999999809111277
DRegular,5,2,,9,14,0.390625,0.0,0.9999999938120511,0.9999999981954619
DRegular,5,2,,9,15,0.390625,0.0,0.9999999966570364,0.9999989311785318
DRegular,5,2,,9,16,0.390625,0.0,0.9999999746632544,0.9999999809111277
DRegular,5,2,,9,17,0.390625,0.0,0.9999999938120511,0.9999999981954619
DRegular,5,2,,9,18,0.390625,0.0,0.9999999966570364,0.9999989311785318
DRegular,5,2,,9,19,0.390625,0.0,0.9999999959581689,0.999999997307274
DRegular,5,2,,10,0,0.390625,0.75,0.9999999988556189,0.9999999946013586
DRegular,5,2,,10,1,0.390625,0.0,0.9999995992103088,0.9999999926040747
DRegular,5,2,,10,2,0.390625,0.0,0.999999963752649,0.9999999984688228
DRegular,5,2,,10,3,0.390625,0.0,0.999999963752649,0.9999999984688228
DRegular,5,2,,10,4,0.390625,0.75,0.9999999988556189,0.9999999946013586
DRegular,5,2,,10,5,0.390625,0.0,0.9999999990127595,0.9999987588689894
DRegular,5,2,,10,6,0.390625,0.75,0.9999999912538454,0.9999999899391318
DRegular,5,2,,10,7,0.390625,0.75,0.9999999912538454,0.9999999899391318
DRegular,5,2,,10,8,0.390625,0.75,0.9999999912538454,0.9999999899391318
DRegular,5,2,,10,9,0.390625,0.75,0.9999999988556189,0.9999999946013586
DRegular,5,2,,10,10,0.390625,0.0,0.9999999990127595,0.9999987588689894
DRegular,5,2,,10,11,0.390625,0.0,0.999999963752649,0.9999999984688228
DRegular,5,2,,10,12,0.390625,0.75,0.9999999986263541,0.9999999065954625
DRegular,5,2,,10,13,0.390625,0.0,0.9999999968350903,0.999999910665029
DRegular,5,2,,10,14,0.390625,0.0,0.9999999810192012,0.9999999996693735
DRegular,5,2,,10,15,0.390625,0.0,0.9999995992103088,0.9999999926040747
DRegular,5,2,,10,16,0.390625,0.0,0.9999999968350903,0.999999910665029
DRegular,5,2,,10,17,0.390625,0.0,0.9999999810192012,0.9999999996693735
DRegular,5,2,,10,18,0.390625,0.0,0.9999995992103088,0.9999999926040747
DRegular,5,2,,10,19,0.390625,0.0,0.9999999995073396,0.9999999992545814
DRegular,6,2,,1,0,0.46875,0.75,0.7806188858051823,0.7806188858051828
DRegular,6,2,,1,1,0.5,1.0,0.6534659776008461,0.6170007548265509
DRegular,6,2,,1,2,0.46875,0.75,0.7806188858051822,0.7806188858051826
DRegular,6,2,,1,3,0.46875,-0.75,0.7806188858051825,0.7806188858051827
DRegular,6,2,,1,4,0.5,1.0,0.6534659776008461,0.6170007548265509
DRegular,6,2,,1,5,0.5,1.0,0.6534659776008459,0.6170007548265506
DRegular,6,2,,1,6,0.5,1.0,0.6534659776008457,0.6170007548265507
DRegular,6,2,,1,7,0.46875,0.75,0.7806188858051823,0.7806188858051827
DRegular,6,2,,1,8,0.5,1.0,0.653465977600846,0.6170007548265509
DRegular,6,2,,1,9,0.5,1.0,0.6534659776008457,0.6170007548265507
DRegular,6,2,,1,10,0.5,1.0,0.6534659776008459,0.6170007548265506
DRegular,6,2,,1,11,0.46875,0.75,0.7806188858051823,0.7806188858051827
DRegular,6,2,,1,12,0.5,1.0,0.6534659776008458,0.6170007548265507
DRegular,6,2,,1,13,0.5,1.0,0.6534659776008458,0.6170007548265508
DRegular,6,2,,1,14,0.46875,0.75,0.7806188858051823,0.7806188858051826
DRegular,6,2,,1,15,0.5,1.0,0.6534659776008459,0.6170007548265507
DRegular,6,2,,1,16,0.5,1.0,0.6534659776008461,0.6170007548265509
DRegular,6,2,,1,17,0.5,1.0,0.6534659776008458,0.6170007548265507
DRegular,6,2,,1,18,0.5,1.0,0.6534659776008459,0.6170007548265506
DRegular,6,2,,1,19,0.5,1.0,0.6534659776008458,0.6170007548265507
DRegular,6,2,,2,0,0.46875,0.75,0.902337989160925,0.9023379891609249
DRegular,6,2,,2,1,0.5,1.0,0.8147711857542369,0.7021778912678845
DRegular,6,2,,2,2,0.46875,0.75,0.9023379891609248,0.902337989160925
DRegular,6,2,,2,3,0.46875,-0.75,0.9023379891609247,0.9023379891609248
DRegular,6,2,,2,4,0.5,1.0,0.8147711857542372,0.702177891267885
DRegular,6,2,,2,5,0.5,1.0,0.8147711857542376,0.7021778912678847
DRegular,6,2,,2,6,0.5,1.0,0.8147711857542377,0.7021778912678847
DRegular,6,2,,2,7,0.46875,0.75,0.9023379891609251,0.9023379891609248
DRegular,6,2,,2,8,0.5,1.0,0.814771185754238,0.7021778912678851
DRegular,6,2,,2,9,0.5,1.0,0.8147711857542368,0.7021778912678847
DRegular,6,2,,2,10,0.5,1.0,0.8147711857542372,0.7021778912678848
DRegular,6,2,,2,11,0.46875,0.75,0.9023379891609251,0.9023379891609248
DRegular,6,2,,2,12,0.5,1.0,0.8147711857542371,0.7021778912678848
DRegular,6,2,,2,13,0.5,1.0,0.8147711857542376,0.702177891267885
DRegular,6,2,,2,14,0.46875,0.75,0.9023379891609248,0.9023379891609249
DRegular,6,2,,2,15,0.5,1.0,0.8147711857542371,0.7021778912678851
DRegular,6,2,,2,16,0.5,1.0,0.8147711857542372,0.702177891267885
DRegular,6,2,,2,17,0.5,1.0,0.8147711857542376,0.7021778912678847
DRegular,6,2,,2,18,0.5,1.0,0.8147711857542368,0.7021778912678845
DRegular,6,2,,2,19,0.5,1.0,0.8147711857542372,0.7021778912678847
DRegular,6,2,,3,0,0.46875,0.75,0.9999999999904556,0.9999999999904575
DRegular,6,2,,3,1,0.5,1.0,0.9866731723417251,0.810346280559702
DRegular,6,2,,3,2,0.46875,0.75,0.9999999999904549,0.9999999999904556
DRegular,6,2,,3,3,0.46875,-0.75,0.9999999999904569,0.999999999990455
DRegular,6,2,,3,4,0.5,1.0,0.9866731723417238,0.8103462805597027
DRegular,6,2,,3,5,0.5,1.0,0.9866731723417246,0.8103462805597026
DRegular,6,2,,3,6,0.5,1.0,0.9866731723417247,0.8103462805597018
DRegular,6,2,,3,7,0.46875,0.75,0.9999999999904551,0.9999999999904551
DRegular,6,2,,3,8,0.5,1.0,0.9866731723417249,0.8103462805597027
DRegular,6,2,,3,9,0.5,1.0,0.9866731723417242,0.8103462805597018
DRegular,6,2,,3,10,0.5,1.0,0.9866731723417234,0.8103462805597029
DRegular,6,2,,3,11,0.46875,0.75,0.9999999999904551,0.9999999999904551
DRegular,6,2,,3,12,0.5,1.0,0.9866731723417246,0.8103462805597023
DRegular,6,2,,3,13,0.5,1.0,0.9866731723417246,0.8103462805597031
DRegular,6,2,,3,14,0.46875,0.75,0.9999999999904566,0.9999999999904552
DRegular,6,2,,3,15,0.5,1.0,0.986673172341724,0.8103462805597023
DRegular,6,2,,3,16,0.5,1.0,0.9866731723417238,0.8103462805597027
DRegular,6,2,,3,17,0.5,1.0,0.9866731723417234,0.8103462805597031
DRegular,6,2,,3,18,0.5,1.0,0.9866731723417242,0.8103462805597027
DRegular,6,2,,3,19,0.5,1.0,0.9866731723417247,0.810346280559702
DRegular,6,2,,4,0,0.46875,0.75,0.9999999998435734,0.9999999998435739
DRegular,6,2,,4,1,0.5,1.0,0.973266763599684,0.9755806067160173
DRegular,6,2,,4,2,0.46875,0.75,0.9999999998435745,0.9999999998435725
DRegular,6,2,,4,3,0.46875,-0.75,0.9999999998435735,0.9999999998435729
DRegular,6,2,,4,4,0.5,1.0,0.9732667635996831,0.975580606716019
DRegular,6,2,,4,5,0.5,1.0,0.9732667635996846,0.9755806067160187
DRegular,6,2,,4,6,0.5,1.0,0.9732667635996838,0.9755806067160182
DRegular,6,2,,4,7,0.46875,0.75,0.9999999998435738,0.9999999998435734
DRegular,6,2,,4,8,0.5,1.0,0.9732667635996846,0.9755806067160173
DRegular,6,2,,4,9,0.5,1.0,0.9732667635996823,0.9755806067160187
DRegular,6,2,,4,10,0.5,1.0,0.9732667635996846,0.9755806067160209
DRegular,6,2,,4,11,0.46875,0.75,0.9999999998435738,0.9999999998435734
DRegular,6,2,,4,12,0.5,1.0,0.9732667635996831,0.9755806067160187
DRegular,6,2,,4,13,0.5,1.0,0.9732667635996842,0.9755806067160183
DRegular,6,2,,4,14,0.46875,0.75,0.9999999998435734,0.9999999998435728
DRegular,6,2,,4,15,0.5,1.0,0.9732667635996841,0.9755806067160169
DRegular,6,2,,4,16,0.5,1.0,0.9732667635996831,0.975580606716019
DRegular,6,2,,4,17,0.5,1.0,0.9732667635996832,0.9755806067160191
DRegular,6,2,,4,18,0.5,1.0,0.9732667635996851,0.9755806067160191
DRegular,6,2,,4,19,0.5,1.0,0.9732667635996864,0.9755806067160182
DRegular,6,2,,5,0,0.46875,0.75,0.999999999929541,0.9999999999295415
DRegular,6,2,,5,1,0.5,1.0,0.9999999859068875,0.9949818558336435
DRegular,6,2,,5,2,0.46875,0.75,0.9999999999295416,0.9999999999295408
DRegular,6,2,,5,3,0.46875,-0.75,0.9999999999295422,0.9999999999295424
DRegular,6,2,,5,4,0.5,1.0,0.9999999918785335,0.994981855833645
DRegular,6,2,,5,5,0.5,1.0,0.9999999898808002,0.9949818558336435
DRegular,6,2,,5,6,0.5,1.0,0.9999999873318371,0.9949818558336462
DRegular,6,2,,5,7,0.46875,0.75,0.9999999999295397,0.9999999999295418
DRegular,6,2,,5,8,0.5,1.0,0.9999999843256443,0.9949818558336454
DRegular,6,2,,5,9,0.5,1.0,0.9999999871032318,0.9949818558336466
DRegular,6,2,,5,10,0.5,1.0,0.9999999832388293,0.9949818558336446
DRegular,6,2,,5,11,0.46875,0.75,0.9999999999295397,0.9999999999295418
DRegular,6,2,,5,12,0.5,1.0,0.9999999898163935,0.9949818558336451
DRegular,6,2,,5,13,0.5,1.0,0.9999999783942085,0.994981855833646
DRegular,6,2,,5,14,0.46875,0.75,0.9999999999295427,0.9999999999295434
DRegular,6,2,,5,15,0.5,1.0,0.9999999923960211,0.994981855833645
DRegular,6,2,,5,16,0.5,1.0,0.9999999918785335,0.994981855833645
DRegular,6,2,,5,17,0.5,1.0,0.9999999790817333,0.9949818558336467
DRegular,6,2,,5,18,0.5,1.0,0.9999999971836736,0.9949818558336435
DRegular,6,2,,5,19,0.5,1.0,0.9999999795005784,0.9949818558336462
DRegular,6,2,,6,0,0.46875,0.75,0.9999999999923119,0.9999999999923108
DRegular,6,2,,6,1,0.5,1.0,0.9838872632139637,0.9997336606893082
DRegular,6,2,,6,2,0.46875,0.75,0.9999999999923117,0.9999999999923106
DRegular,6,2,,6,3,0.46875,-0.75,0.9999999999923108,0.9999999999923108
DRegular,6,2,,6,4,0.5,1.0,0.9985394963822435,0.9997336606893062
DRegular,6,2,,6,5,0.5,1.0,0.9838872630603377,0.9997336606893068
DRegular,6,2,,6,6,0.5,1.0,0.9951387405186963,0.9997336606893064
DRegular,6,2,,6,7,0.46875,0.75,0.9999999999923109,0.9999999999923112
DRegular,6,2,,6,8,0.5,1.0,0.9951387339500849,0.9997336606893077
DRegular,6,2,,6,9,0.5,1.0,0.9369705143777343,0.9997336606893067
DRegular,6,2,,6,10,0.5,1.0,0.995138741447236,0.9997336606893065
DRegular,6,2,,6,11,0.46875,0.75,0.9999999999923109,0.9999999999923112
DRegular,6,2,,6,12,0.5,1.0,0.9951387390985625,0.9997336606893046
DRegular,6,2,,6,13,0.5,1.0,0.9996165027864996,0.9997336606893062
DRegular,6,2,,6,14,0.46875,0.75,0.9999999999923095,0.9999999999923115
DRegular,6,2,,6,15,0.5,1.0,0.9890145628197011,0.9997336606893047
DRegular,6,2,,6,16,0.5,1.0,0.9985394963822435,0.9997336606893062
DRegular,6,2,,6,17,0.5,1.0,0.9951387414385359,0.9997336606893077
DRegular,6,2,,6,18,0.5,1.0,0.9885118689321247,0.9997336606893095
DRegular,6,2,,6,19,0.5,1.0,0.999615586862039,0.9997336606893096
DRegular,6,2,,7,0,0.46875,0.75,0.9999999999733141,0.9999999999733145
DRegular,6,2,,7,1,0.5,1.0,0.9999887664708679,0.9999772191787747
DRegular,6,2,,7,2,0.46875,0.75,0.9999999999733143,0.9999999999733156
DRegular,6,2,,7,3,0.46875,-0.75,0.9999999999733139,0.9999999999733136
DRegular,6,2,,7,4,0.5,1.0,0.9999988159932741,0.9999772313759058
DRegular,6,2,,7,5,0.5,1.0,0.9999916892813867,0.9999772782162948
DRegular,6,2,,7,6,0.5,1.0,0.9960402026681132,0.9999772603270355
DRegular,6,2,,7,7,0.46875,0.75,0.9999999999733137,0.9999999999733152
DRegular,6,2,,7,8,0.5,1.0,0.9960401957590044,0.9999772570134499
DRegular,6,2,,7,9,0.5,1.0,0.9783477837521805,0.9999772656818481
DRegular,6,2,,7,10,0.5,1.0,0.9960401109876694,0.9999772704904331
DRegular,6,2,,7,11,0.46875,0.75,0.9999999999733137,0.9999999999733152
DRegular,6,2,,7,12,0.5,1.0,0.9960402095699751,0.9999772881019653
DRegular,6,2,,7,13,0.5,1.0,0.9739175280283074,0.999977186692175
DRegular,6,2,,7,14,0.46875,0.75,0.9999999999733145,0.999999999973315
DRegular,6,2,,7,15,0.5,1.0,0.999997590320373,0.999977286212705
DRegular,6,2,,7,16,0.5,1.0,0.9999988159932741,0.9999772313759058
DRegular,6,2,,7,17,0.5,1.0,0.9960402038287005,0.9999772775218626
DRegular,6,2,,7,18,0.5,1.0,0.9926849935542369,0.9999772820012552
DRegular,6,2,,7,19,0.5,1.0,0.9999995335194379,0.9999771826300842
DRegular,6,2,,8,0,0.46875,0.75,0.9999999999995335,0.9999999999995359
DRegular,6,2,,8,1,0.5,1.0,0.9999835768685149,0.9999999467784081
DRegular,6,2,,8,2,0.46875,0.75,0.9999999999995333,0.9999999999995334
DRegular,6,2,,8,3,0.46875,-0.75,0.999999999999534,0.9999999999995326
DRegular,6,2,,8,4,0.5,1.0,0.9999992109426099,0.9999999868911417
DRegular,6,2,,8,5,0.5,1.0,0.9995821679835618,0.9999999713932582
DRegular,6,2,,8,6,0.5,1.0,0.997895158506605,0.999999990222821
DRegular,6,2,,8,7,0.46875,0.75,0.9999999999995323,0.9999999999995346
DRegular,6,2,,8,8,0.5,1.0,0.9978951599124021,0.9999997189339985
DRegular,6,2,,8,9,0.5,1.0,0.9968087064185104,0.999999229794724
DRegular,6,2,,8,10,0.5,1.0,0.9978952015018457,0.9999984044582874
DRegular,6,2,,8,11,0.46875,0.75,0.9999999999995323,0.9999999999995346
DRegular,6,2,,8,12,0.5,1.0,0.9978952019917776,0.9999999751610812
DRegular,6,2,,8,13,0.5,1.0,0.9999998242174565,0.9999999715512892
DRegular,6,2,,8,14,0.46875,0.75,0.9999999999995314,0.9999999999995343
DRegular,6,2,,8,15,0.5,1.0,0.9999792425284438,0.9999992026569805
DRegular,6,2,,8,16,0.5,1.0,0.9999992109426099,0.9999999868911417
DRegular,6,2,,8,17,0.5,1.0,0.9978952077272636,0.999999717512318
DRegular,6,2,,8,18,0.5,1.0,0.9994071655864233,0.9999999827281862
DRegular,6,2,,8,19,0.5,1.0,0.9999993085070864,0.9999999311028026
DRegular,6,2,,9,0,0.46875,0.75,0.9999999999830741,0.9999999999830731
DRegular,6,2,,9,1,0.5,1.0,0.9999393693762778,0.9999998852018926
DRegular,6,2,,9,2,0.46875,0.75,0.9999999999830724,0.9999999999830749
DRegular,6,2,,9,3,0.46875,-0.75,0.9999999999830742,0.9999999999830732
DRegular,6,2,,9,4,0.5,1.0,0.9999981934641501,0.9999999313799292
DRegular,6,2,,9,5,0.5,1.0,0.9999983975123311,0.999999696894581
DRegular,6,2,,9,6,0.5,1.0,0.99790405886854,0.9999999837917017
DRegular,6,2,,9,7,0.46875,0.75,0.9999999999830718,0.9999999999830751
DRegular,6,2,,9,8,0.5,1.0,0.9979042515744424,0.9999949963177449
DRegular,6,2,,9,9,0.5,1.0,0.9994045375933522,0.9999961271166465
DRegular,6,2,,9,10,0.5,1.0,0.9979042277931064,0.9999999893634773
DRegular,6,2,,9,11,0.46875,0.75,0.9999999999830718,0.9999999999830751
DRegular,6,2,,9,12,0.5,1.0,0.9979040550593336,0.9999994298333457
DRegular,6,2,,9,13,0.5,1.0,0.9999997734498852,0.999999997314785
DRegular,6,2,,9,14,0.46875,0.75,0.9999999999830735,0.9999999999830731
DRegular,6,2,,9,15,0.5,1.0,0.9999988056549519,0.9999968899064992
DRegular,6,2,,9,16,0.5,1.0,0.9999981934641501,0.9999999313799292
DRegular,6,2,,9,17,0.5,1.0,0.9979041349945481,0.9999956652859745
DRegular,6,2,,9,18,0.5,1.0,0.9998618928530041,0.9999993431869797
DRegular,6,2,,9,19,0.5,1.0,0.9999987092424402,0.9999996628397473
DRegular,6,2,,10,0,0.46875,0.75,0.9999999999999865,0.9999999999999876
DRegular,6,2,,10,1,0.5,1.0,0.9999998164388169,0.9999991954015365
DRegular,6,2,,10,2,0.46875,0.75,0.9999999999999845,0.9999999999999867
DRegular,6,2,,10,3,0.46875,-0.75,0.9999999999999873,0.9999999999999877
DRegular,6,2,,10,4,0.5,1.0,0.999935145837048,0.9999990507338766
DRegular,6,2,,10,5,0.5,1.0,0.9999983703587655,0.9999998074705939
DRegular,6,2,,10,6,0.5,1.0,0.999195048810923,0.9999993313288286
DRegular,6,2,,10,7,0.46875,0.75,0.9999999999999889,0.9999999999999888
DRegular,6,2,,10,8,0.5,1.0,0.9991950229799106,0.9999997503692715
DRegular,6,2,,10,9,0.5,1.0,0.9999996208218592,0.9999996714038866
DRegular,6,2,,10,10,0.5,1.0,0.999194384512207,0.999998719320017
DRegular,6,2,,10,11,0.46875,0.75,0.9999999999999889,0.9999999999999888
DRegular,6,2,,10,12,0.5,1.0,0.9991949384726594,0.9999992280779585
DRegular,6,2,,10,13,0.5,1.0,0.9999978889961371,0.9999995197147031
DRegular,6,2,,10,14,0.46875,0.75,0.999999999999986,0.9999999999999875
DRegular,6,2,,10,15,0.5,1.0,0.9999994645951804,0.9999991283127532
DRegular,6,2,,10,16,0.5,1.0,0.999935145837048,0.9999990507338766
DRegular,6,2,,10,17,0.5,1.0,0.9991946057683542,0.9999997668263719
DRegular,6,2,,10,18,0.5,1.0,0.9989835588919589,0.9999975246116243
DRegular,6,2,,10,19,0.5,1.0,0.9999978132903485,0.9999991857904477
DRegular,6,3,,1,0,0.328125,0.0,0.5882903014589445,0.5882903014589441
DRegular,6,3,,1,1,0.5,1.0,0.670066031292659,0.42858054490977593
DRegular,6,3,,1,2,0.328125,-0.75,0.5882903014589443,0.588290301458944
DRegular,6,3,,1,3,0.328125,-0.75,0.5882903014589443,0.588290301458944
DRegular,6,3,,1,4,0.328125,0.75,0.5882903014589443,0.5882903014589442
DRegular,6,3,,1,5,0.328125,0.75,0.5882903014589443,0.588290301458944
DRegular,6,3,,1,6,0.328125,0.75,0.5882903014589442,0.5882903014589442
DRegular,6,3,,1,7,0.328125,0.75,0.5882903014589445,0.588290301458944
DRegular,6,3,,1,8,0.5,1.0,0.6700660312926591,0.428580544909776
DRegular,6,3,,1,9,0.328125,-0.75,0.5882903014589443,0.588290301458944
DRegular,6,3,,1,10,0.328125,0.0,0.5882903014589442,0.5882903014589441
DRegular,6,3,,1,11,0.328125,0.75,0.5882903014589442,0.588290301458944
DRegular,6,3,,1,12,0.328125,0.0,0.5882903014589443,0.5882903014589441
DRegular,6,3,,1,13,0.328125,0.0,0.5882903014589442,0.588290301458944
DRegular,6,3,,1,14,0.328125,0.75,0.5882903014589443,0.5882903014589441
DRegular,6,3,,1,15,0.328125,0.0,0.5882903014589443,0.588290301458944
DRegular,6,3,,1,16,0.328125,0.75,0.5882903014589443,0.5882903014589442
DRegular,6,3,,1,17,0.328125,0.75,0.5882903014589441,0.5882903014589439
DRegular,6,3,,1,18,0.328125,0.0,0.5882903014589446,0.588290301458944
DRegular,6,3,,1,19,0.328125,0.75,0.5882903014589441,0.5882903014589439
DRegular,6,3,,2,0,0.328125,0.0,0.7261547825744514,0.7261547825744521
DRegular,6,3,,2,1,0.5,1.0,0.8045360386015563,0.6540790111135178
DRegular,6,3,,2,2,0.328125,-0.75,0.7261547825744521,0.7261547825744522
DRegular,6,3,,2,3,0.328125,-0.75,0.7261547825744522,0.7261547825744523
DRegular,6,3,,2,4,0.328125,0.75,0.7261547825744523,0.7261547825744523
DRegular,6,3,,2,5,0.328125,0.75,0.726154782574452,0.7261547825744521
DRegular,6,3,,2,6,0.328125,0.75,0.7261547825744517,0.7261547825744523
DRegular,6,3,,2,7,0.328125,0.75,0.7261547825744514,0.7261547825744521
DRegular,6,3,,2,8,0.5,1.0,0.8045360386015549,0.654079011113518
DRegular,6,3,,2,9,0.328125,-0.75,0.7261547825744522,0.7261547825744523
DRegular,6,3,,2,10,0.328125,0.0,0.7261547825744519,0.7261547825744524
DRegular,6,3,,2,11,0.328125,0.75,0.7261547825744519,0.7261547825744521
DRegular,6,3,,2,12,0.328125,0.0,0.7261547825744523,0.7261547825744523
DRegular,6,3,,2,13,0.328125,0.0,0.7261547825744518,0.7261547825744521
DRegular,6,3,,2,14,0.328125,0.75,0.7261547825744519,0.7261547825744524
DRegular,6,3,,2,15,0.328125,0.0,0.7261547825744521,0.7261547825744522
DRegular,6,3,,2,16,0.328125,0.75,0.7261547825744523,0.7261547825744523
DRegular,6,3,,2,17,0.328125,0.75,0.7261547825744518,0.7261547825744524
DRegular,6,3,,2,18,0.328125,0.0,0.7261547825744517,0.7261547825744522
DRegular,6,3,,2,19,0.328125,0.75,0.7261547825744518,0.7261547825744524
DRegular,6,3,,3,0,0.328125,0.0,0.8394940018955905,0.839494001895589
DRegular,6,3,,3,1,0.5,1.0,0.5495225995784091,0.6291842383619185
DRegular,6,3,,3,2,0.328125,-0.75,0.8394940018955881,0.8394940018955876
DRegular,6,3,,3,3,0.328125,-0.75,0.8394940018955905,0.8394940018955892
DRegular,6,3,,3,4,0.328125,0.75,0.8394940018955872,0.8394940018955885
DRegular,6,3,,3,5,0.328125,0.75,0.8394940018955908,0.8394940018955905
DRegular,6,3,,3,6,0.328125,0.75,0.8394940018955905,0.8394940018955872
DRegular,6,3,,3,7,0.328125,0.75,0.8394940018955892,0.8394940018955888
DRegular,6,3,,3,8,0.5,1.0,0.5495225995784088,0.6291842383619173
DRegular,6,3,,3,9,0.328125,-0.75,0.8394940018955905,0.8394940018955892
DRegular,6,3,,3,10,0.328125,0.0,0.8394940018955899,0.8394940018955881
DRegular,6,3,,3,11,0.328125,0.75,0.8394940018955881,0.8394940018955881
DRegular,6,3,,3,12,0.328125,0.0,0.8394940018955874,0.8394940018955881
DRegular,6,3,,3,13,0.328125,0.0,0.8394940018955883,0.8394940018955879
DRegular,6,3,,3,14,0.328125,0.75,0.8394940018955892,0.8394940018955883
DRegular,6,3,,3,15,0.328125,0.0,0.8394940018955892,0.8394940018955908
DRegular,6,3,,3,16,0.328125,0.75,0.8394940018955872,0.8394940018955885
DRegular,6,3,,3,17,0.328125,0.75,0.8394940018955888,0.8394940018955883
DRegular,6,3,,3,18,0.328125,0.0,0.8394940018955885,0.8394940018955894
DRegular,6,3,,3,19,0.328125,0.75,0.8394940018955888,0.8394940018955883
DRegular,6,3,,4,0,0.328125,0.0,0.834948149152849,0.8349481491528468
DRegular,6,3,,4,1,0.5,1.0,0.9994524203331484,0.7130157035684396
DRegular,6,3,,4,2,0.328125,-0.75,0.8349481491528479,0.8349481491528479
DRegular,6,3,,4,3,0.328125,-0.75,0.8349481491528497,0.8349481491528481
DRegular,6,3,,4,4,0.328125,0.75,0.8349481491528465,0.8349481491528497
DRegular,6,3,,4,5,0.328125,0.75,0.8349481491528481,0.8349481491528492
DRegular,6,3,,4,6,0.328125,0.75,0.8349481491528474,0.8349481491528472
DRegular,6,3,,4,7,0.328125,0.75,0.8349481491528499,0.834948149152849
DRegular,6,3,,4,8,0.5,1.0,0.9994524181772432,0.7130157035684399
DRegular,6,3,,4,9,0.328125,-0.75,0.8349481491528497,0.8349481491528481
DRegular,6,3,,4,10,0.328125,0.0,0.8349481491528485,0.8349481491528465
DRegular,6,3,,4,11,0.328125,0.75,0.8349481491528494,0.8349481491528497
DRegular,6,3,,4,12,0.328125,0.0,0.8349481491528501,0.8349481491528479
DRegular,6,3,,4,13,0.328125,0.0,0.8349481491528497,0.8349481491528483
DRegular,6,3,,4,14,0.328125,0.75,0.8349481491528485,0.8349481491528468
DRegular,6,3,,4,15,0.328125,0.0,0.8349481491528485,0.8349481491528463
DRegular,6,3,,4,16,0.328125,0.75,0.8349481491528465,0.8349481491528497
DRegular,6,3,,4,17,0.328125,0.75,0.8349481491528492,0.834948149152849
DRegular,6,3,,4,18,0.328125,0.0,0.8349481491528474,0.8349481491528488
DRegular,6,3,,4,19,0.328125,0.75,0.8349481491528492,0.834948149152849
DRegular,6,3,,5,0,0.328125,0.0,0.9329653424323554,0.9329653424323474
DRegular,6,3,,5,1,0.5,1.0,0.8201296603592398,0.8872210174222696
DRegular,6,3,,5,2,0.328125,-0.75,0.9329653424323536,0.9329653424323496
DRegular,6,3,,5,3,0.328125,-0.75,0.9329653424323474,0.9329653424323461
DRegular,6,3,,5,4,0.328125,0.75,0.9329653424323521,0.9329653424323496
DRegular,6,3,,5,5,0.328125,0.75,0.9329653424323492,0.9329653424323454
DRegular,6,3,,5,6,0.328125,0.75,0.9329653424323474,0.9329653424323536
DRegular,6,3,,5,7,0.328125,0.75,0.9329653424323516,0.9329653424323539
DRegular,6,3,,5,8,0.5,1.0,0.8201296607302889,0.8872210174222815
DRegular,6,3,,5,9,0.328125,-0.75,0.9329653424323474,0.9329653424323461
DRegular,6,3,,5,10,0.328125,0.0,0.9329653424323543,0.9329653424323479
DRegular,6,3,,5,11,0.328125,0.75,0.9329653424323472,0.9329653424323443
DRegular,6,3,,5,12,0.328125,0.0,0.9329653424323499,0.9329653424323503
DRegular,6,3,,5,13,0.328125,0.0,0.9329653424323434,0.9329653424323516
DRegular,6,3,,5,14,0.328125,0.75,0.9329653424323432,0.9329653424323483
DRegular,6,3,,5,15,0.328125,0.0,0.9329653424323447,0.9329653424323461
DRegular,6,3,,5,16,0.328125,0.75,0.9329653424323521,0.9329653424323496
DRegular,6,3,,5,17,0.328125,0.75,0.9329653424323494,0.9329653424323492
DRegular,6,3,,5,18,0.328125,0.0,0.9329653424323527,0.9329653424323492
DRegular,6,3,,5,19,0.328125,0.75,0.9329653424323494,0.9329653424323492
DRegular,6,3,,6,0,0.328125,0.0,0.8620686971701303,0.8620686956125472
DRegular,6,3,,6,1,0.5,1.0,0.7960796009789416,0.8872214956062079
DRegular,6,3,,6,2,0.328125,-0.75,0.8620686945063822,0.862068695839739
DRegular,6,3,,6,3,0.328125,-0.75,0.8620686958538439,0.8620686963811357
DRegular,6,3,,6,4,0.328125,0.75,0.8620686960492072,0.8620686951409811
DRegular,6,3,,6,5,0.328125,0.75,0.862068694614784,0.8620686969889457
DRegular,6,3,,6,6,0.328125,0.75,0.8620686933346271,0.8620686946196092
DRegular,6,3,,6,7,0.328125,0.75,0.8620686965372022,0.8620686952852237
DRegular,6,3,,6,8,0.5,1.0,0.7960796022791126,0.8872214956078607
DRegular,6,3,,6,9,0.328125,-0.75,0.8620686958538439,0.8620686963811357
DRegular,6,3,,6,10,0.328125,0.0,0.8620686954285763,0.8620686957110639
DRegular,6,3,,6,11,0.328125,0.75,0.8620686971248679,0.8620686966459783
DRegular,6,3,,6,12,0.328125,0.0,0.8620686956605623,0.8620686955441754
DRegular,6,3,,6,13,0.328125,0.0,0.8620686968485258,0.8620686964162825
DRegular,6,3,,6,14,0.328125,0.75,0.8620686964444835,0.8620686956478527
DRegular,6,3,,6,15,0.328125,0.0,0.8620686952091456,0.8620686958799524
DRegular,6,3,,6,16,0.328125,0.75,0.8620686960492072,0.8620686951409811
DRegular,6,3,,6,17,0.328125,0.75,0.8620686967778868,0.862068695632326
DRegular,6,3,,6,18,0.328125,0.0,0.862068696577853,0.8620686956286301
DRegular,6,3,,6,19,0.328125,0.75,0.8620686967778868,0.862068695632326
DRegular,6,3,,7,0,0.328125,0.0,0.8595144726571864,0.859514470597206
DRegular,6,3,,7,1,0.5,1.0,0.9301737196435308,0.9986486593967214
DRegular,6,3,,7,2,0.328125,-0.75,0.8595144620999129,0.8595144714379033
DRegular,6,3,,7,3,0.328125,-0.75,0.8595144725977395,0.8595144729040733
DRegular,6,3,,7,4,0.328125,0.75,0.859514472155696,0.8595144689825946
DRegular,6,3,,7,5,0.328125,0.75,0.8595144723854464,0.8595144712544238
DRegular,6,3,,7,6,0.328125,0.75,0.8595144701173372,0.8595144671468173
DRegular,6,3,,7,7,0.328125,0.75,0.859514472649878,0.8595144729806274
DRegular,6,3,,7,8,0.5,1.0,0.9301737167440773,0.9986486573002872
DRegular,6,3,,7,9,0.328125,-0.75,0.8595144725977395,0.8595144729040733
DRegular,6,3,,7,10,0.328125,0.0,0.8595144723678982,0.8595144717351146
DRegular,6,3,,7,11,0.328125,0.75,0.8595144703922013,0.8595144696050383
DRegular,6,3,,7,12,0.328125,0.0,0.8595144704530133,0.8595144712728577
DRegular,6,3,,7,13,0.328125,0.0,0.8595144724234554,0.8595144725468167
DRegular,6,3,,7,14,0.328125,0.75,0.8595144700718285,0.8595144704631854
DRegular,6,3,,7,15,0.328125,0.0,0.8595144719706094,0.8595144715958876
DRegular,6,3,,7,16,0.328125,0.75,0.859514472155696,0.8595144689825946
DRegular,6,3,,7,17,0.328125,0.75,0.8595144710922031,0.8595144724655435
DRegular,6,3,,7,18,0.328125,0.0,0.8595144721284116,0.8595144721289001
DRegular,6,3,,7,19,0.328125,0.75,0.8595144710922031,0.8595144724655435
DRegular,6,3,,8,0,0.328125,0.0,0.8999588773078675,0.8999588772324087
DRegular,6,3,,8,1,0.5,1.0,0.9364117211177602,0.9966623013647622
DRegular,6,3,,8,2,0.328125,-0.75,0.9723647853726909,0.899958878080501
DRegular,6,3,,8,3,0.328125,-0.75,0.8999588768721865,0.8999588762988899
DRegular,6,3,,8,4,0.328125,0.75,0.9414116146968488,0.8999588771946911
DRegular,6,3,,8,5,0.328125,0.75,0.9414116108078672,0.9414116150272682
DRegular,6,3,,8,6,0.328125,0.75,0.9414116112262996,0.9414116071994336
DRegular,6,3,,8,7,0.328125,0.75,0.8999588737362751,0.8999588730040353
DRegular,6,3,,8,8,0.5,1.0,0.9364117196667379,0.9999156921054713
DRegular,6,3,,8,9,0.328125,-0.75,0.8999588768721865,0.8999588762988899
DRegular,6,3,,8,10,0.328125,0.0,0.8999588762532718,0.8999588778330814
DRegular,6,3,,8,11,0.328125,0.75,0.8999588762125406,0.9414116128643597
DRegular,6,3,,8,12,0.328125,0.0,0.9532431882243446,0.9414116107852408
DRegular,6,3,,8,13,0.328125,0.0,0.9414116111265325,0.8999588756031105
DRegular,6,3,,8,14,0.328125,0.75,0.9414116051442589,0.8999588787161839
DRegular,6,3,,8,15,0.328125,0.0,0.8999588766593685,0.8999588736655881
DRegular,6,3,,8,16,0.328125,0.75,0.9414116146968488,0.8999588771946911
DRegular,6,3,,8,17,0.328125,0.75,0.8999588750363134,0.8999588772551488
DRegular,6,3,,8,18,0.328125,0.0,0.8999588783596846,0.899958876063681
DRegular,6,3,,8,19,0.328125,0.75,0.8999588750363134,0.8999588772551488
DRegular,6,3,,9,0,0.328125,0.0,0.919714423763814,0.9197144248655162
DRegular,6,3,,9,1,0.5,1.0,0.962544281111518,0.9999896930489115
DRegular,6,3,,9,2,0.328125,-0.75,0.9865220992110613,0.9197144241917798
DRegular,6,3,,9,3,0.328125,-0.75,0.9197144248732132,0.9197144249253053
DRegular,6,3,,9,4,0.328125,0.75,0.9715386023970651,0.9197144266025756
DRegular,6,3,,9,5,0.328125,0.75,0.9548053093735596,0.9548053037080662
DRegular,6,3,,9,6,0.328125,0.75,0.9715386142886941,0.9715386187560959
DRegular,6,3,,9,7,0.328125,0.75,0.9197144213462853,0.9197144258396679
DRegular,6,3,,9,8,0.5,1.0,0.9625442938088108,0.9999999912715648
DRegular,6,3,,9,9,0.328125,-0.75,0.9197144248732132,0.9197144249253053
DRegular,6,3,,9,10,0.328125,0.0,0.9197144250540557,0.9197144258927832
DRegular,6,3,,9,11,0.328125,0.75,0.9197144254786866,0.9548053099625022
DRegular,6,3,,9,12,0.328125,0.0,0.9879667379077166,0.9715386159123265
DRegular,6,3,,9,13,0.328125,0.0,0.9417887942400054,0.919714425763565
DRegular,6,3,,9,14,0.328125,0.75,0.971538607556667,0.9197144249632305
DRegular,6,3,,9,15,0.328125,0.0,0.9197144246960198,0.9197144263970829
DRegular,6,3,,9,16,0.328125,0.75,0.9715386023970651,0.9197144266025756
DRegular,6,3,,9,17,0.328125,0.75,0.9197144230837646,0.9197144239102846
DRegular,6,3,,9,18,0.328125,0.0,0.9197144231680956,0.919714412546649
DRegular,6,3,,9,19,0.328125,0.75,0.9197144230837646,0.9197144239102846
DRegular,6,3,,10,0,0.328125,0.0,0.9949554014235402,0.994955405759627
DRegular,6,3,,10,1,0.5,1.0,0.9791431166938973,0.9999765074151864
DRegular,6,3,,10,2,0.328125,-0.75,0.975815621631654,0.9949553997660998
DRegular,6,3,,10,3,0.328125,-0.75,0.9949554109418521,0.9949554075106031
DRegular,6,3,,10,4,0.328125,0.75,0.9615400035924833,0.9949554107410064
DRegular,6,3,,10,5,0.328125,0.75,0.9961407305000636,0.9961407321552174
DRegular,6,3,,10,6,0.328125,0.75,0.981713378568934,0.9817133124338171
DRegular,6,3,,10,7,0.328125,0.75,0.9949554103651603,0.9949553974664227
DRegular,6,3,,10,8,0.5,1.0,0.9712017814914303,0.9999999630176172
DRegular,6,3,,10,9,0.328125,-0.75,0.9949554109418521,0.9949554075106031
DRegular,6,3,,10,10,0.328125,0.0,0.9949554075729456,0.9949554041242672
DRegular,6,3,,10,11,0.328125,0.75,0.9949554087915418,0.9961407321833529
DRegular,6,3,,10,12,0.328125,0.0,0.9699728746438883,0.983471927548877
DRegular,6,3,,10,13,0.328125,0.0,0.968135665739382,0.9949553855669706
DRegular,6,3,,10,14,0.328125,0.75,0.9755403199510551,0.9949554093097068
DRegular,6,3,,10,15,0.328125,0.0,0.9949554057280925,0.9949554094360513
DRegular,6,3,,10,16,0.328125,0.75,0.9615400035924833,0.9949554107410064
DRegular,6,3,,10,17,0.328125,0.75,0.9949553987429247,0.9949554053283747
DRegular,6,3,,10,18,0.328125,0.0,0.994955394441922,0.9949554113985188
DRegular,6,3,,10,19,0.328125,0.75,0.9949553987429247,0.9949554053283747
DRegular,7,2,,1,0,0.3645833333333333,0.5,0.7198342139643091,0.7198342139643091
DRegular,7,2,,1,1,0.4895833333333333,1.0,0.685864250911802,0.6589347092850583
DRegular,7,2,,1,2,0.4895833333333333,1.0,0.685864250911802,0.6589347092850582
DRegular,7,2,,1,3,0.3645833333333333,0.0,0.7198342139643091,0.7198342139643095
DRegular,7,2,,1,4,0.3645833333333333,1.0,0.7198342139643091,0.7198342139643091
DRegular,7,2,,1,5,0.4895833333333333,1.0,0.685864250911802,0.6589347092850583
DRegular,7,2,,1,6,0.4895833333333333,1.0,0.685864250911802,0.6589347092850582
DRegular,7,2,,1,7,0.3645833333333333,1.0,0.719834213964309,0.7198342139643091
DRegular,7,2,,1,8,0.4895833333333333,1.0,0.685864250911802,0.6589347092850583
DRegular,7,2,,1,9,0.4895833333333333,1.0,0.685864250911802,0.6589347092850582
DRegular,7,2,,1,10,0.4895833333333333,1.0,0.6858642509118021,0.6589347092850583
DRegular,7,2,,1,11,0.4895833333333333,1.0,0.685864250911802,0.6589347092850584
DRegular,7,2,,1,12,0.4895833333333333,0.8333333333333334,0.6858642509118024,0.6589347092850583
DRegular,7,2,,1,13,0.4895833333333333,1.0,0.685864250911802,0.6589347092850582
DRegular,7,2,,1,14,0.3645833333333333,0.0,0.719834213964309,0.7198342139643091
DRegular,7,2,,1,15,0.3645833333333333,0.5,0.7198342139643094,0.7198342139643094
DRegular,7,2,,1,16,0.4895833333333333,0.6666666666666666,0.6858642509118024,0.6589347092850583
DRegular,7,2,,1,17,0.3645833333333333,1.0,0.719834213964309,0.7198342139643091
DRegular,7,2,,1,18,0.3645833333333333,0.5,0.719834213964309,0.7198342139643095
DRegular,7,2,,1,19,0.4895833333333333,1.0,0.6858642509118024,0.6589347092850583
DRegular,7,2,,2,0,0.3645833333333333,0.5,0.8192075398125326,0.8192075398125321
DRegular,7,2,,2,1,0.4895833333333333,1.0,0.6174349388479234,0.7519756901952244
DRegular,7,2,,2,2,0.4895833333333333,1.0,0.617434938847924,0.7519756901952253
DRegular,7,2,,2,3,0.3645833333333333,0.0,0.8192075398125326,0.8192075398125324
DRegular,7,2,,2,4,0.3645833333333333,1.0,0.819207539812532,0.8192075398125321
DRegular,7,2,,2,5,0.4895833333333333,1.0,0.6174349388479238,0.751975690195224
DRegular,7,2,,2,6,0.4895833333333333,1.0,0.6174349388479234,0.7519756901952251
DRegular,7,2,,2,7,0.3645833333333333,1.0,0.8192075398125326,0.8192075398125326
DRegular,7,2,,2,8,0.4895833333333333,1.0,0.617434938847924,0.7519756901952235
DRegular,7,2,,2,9,0.4895833333333333,1.0,0.6174349388479234,0.7519756901952243
DRegular,7,2,,2,10,0.4895833333333333,1.0,0.6174349388479237,0.7519756901952244
DRegular,7,2,,2,11,0.4895833333333333,1.0,0.6174349388479236,0.7519756901952251
DRegular,7,2,,2,12,0.4895833333333333,0.8333333333333334,0.6174349388479234,0.7519756901952244
DRegular,7,2,,2,13,0.4895833333333333,1.0,0.617434938847924,0.7519756901952253
DRegular,7,2,,2,14,0.3645833333333333,0.0,0.8192075398125325,0.8192075398125321
DRegular,7,2,,2,15,0.3645833333333333,0.5,0.8192075398125324,0.8192075398125328
DRegular,7,2,,2,16,0.4895833333333333,0.6666666666666666,0.6174349388479237,0.7519756901952244
DRegular,7,2,,2,17,0.3645833333333333,1.0,0.8192075398125326,0.8192075398125324
DRegular,7,2,,2,18,0.3645833333333333,0.5,0.8192075398125321,0.8192075398125321
DRegular,7,2,,2,19,0.4895833333333333,1.0,0.6174349388479241,0.7519756901952231
DRegular,7,2,,3,0,0.3645833333333333,0.5,0.9039736559925894,0.9039736559925883
DRegular,7,2,,3,1,0.4895833333333333,1.0,0.7958920300880377,0.9242070823897001
DRegular,7,2,,3,2,0.4895833333333333,1.0,0.7958920300880382,0.9242070823897001
DRegular,7,2,,3,3,0.3645833333333333,0.0,0.90397365599259,0.9039736559925867
DRegular,7,2,,3,4,0.3645833333333333,1.0,0.9039736559925879,0.9039736559925892
DRegular,7,2,,3,5,0.4895833333333333,1.0,0.7958920300880384,0.9242070823896996
DRegular,7,2,,3,6,0.4895833333333333,1.0,0.7958920300880375,0.9242070823897003
DRegular,7,2,,3,7,0.3645833333333333,1.0,0.9039736559925892,0.9039736559925888
DRegular,7,2,,3,8,0.4895833333333333,1.0,0.7958920300880369,0.9242070823896994
DRegular,7,2,,3,9,0.4895833333333333,1.0,0.7958920300880378,0.9242070823896995
DRegular,7,2,,3,10,0.4895833333333333,1.0,0.795892030088038,0.9242070823897001
DRegular,7,2,,3,11,0.4895833333333333,1.0,0.7958920300880381,0.9242070823896995
DRegular,7,2,,3,12,0.4895833333333333,0.8333333333333334,0.7958920300880375,0.9242070823896998
DRegular,7,2,,3,13,0.4895833333333333,1.0,0.7958920300880382,0.9242070823897001
DRegular,7,2,,3,14,0.3645833333333333,0.0,0.9039736559925879,0.9039736559925889
DRegular,7,2,,3,15,0.3645833333333333,0.5,0.9039736559925898,0.9039736559925888
DRegular,7,2,,3,16,0.4895833333333333,0.6666666666666666,0.7958920300880378,0.9242070823897004
DRegular,7,2,,3,17,0.3645833333333333,1.0,0.9039736559925894,0.9039736559925888
DRegular,7,2,,3,18,0.3645833333333333,0.5,0.9039736559925893,0.9039736559925885
DRegular,7,2,,3,19,0.4895833333333333,1.0,0.7958920300880387,0.9242070823897001
DRegular,7,2,,4,0,0.3645833333333333,0.5,0.9362052980348775,0.9362052980348784
DRegular,7,2,,4,1,0.4895833333333333,1.0,0.9473152469579369,0.9175421560430106
DRegular,7,2,,4,2,0.4895833333333333,1.0,0.9473152469579311,0.9175421560430106
DRegular,7,2,,4,3,0.3645833333333333,0.0,0.93620529803488,0.9362052980348802
DRegular,7,2,,4,4,0.3645833333333333,1.0,0.9362052980348791,0.9362052980348787
DRegular,7,2,,4,5,0.4895833333333333,1.0,0.9473152469579498,0.9175421560430103
DRegular,7,2,,4,6,0.4895833333333333,1.0,0.9473152469579388,0.9175421560430127
DRegular,7,2,,4,7,0.3645833333333333,1.0,0.9362052980348791,0.9362052980348787
DRegular,7,2,,4,8,0.4895833333333333,1.0,0.9473152469579306,0.9175421560430105
DRegular,7,2,,4,9,0.4895833333333333,1.0,0.9473152469579414,0.917542156043012
DRegular,7,2,,4,10,0.4895833333333333,1.0,0.9473152469579359,0.9175421560430101
DRegular,7,2,,4,11,0.4895833333333333,1.0,0.9473152469579343,0.9175421560430106
DRegular,7,2,,4,12,0.4895833333333333,0.8333333333333334,0.9473152469579285,0.9175421560430109
DRegular,7,2,,4,13,0.4895833333333333,1.0,0.9473152469579311,0.9175421560430106
DRegular,7,2,,4,14,0.3645833333333333,0.0,0.9362052980348778,0.9362052980348791
DRegular,7,2,,4,15,0.3645833333333333,0.5,0.9362052980348791,0.9362052980348787
DRegular,7,2,,4,16,0.4895833333333333,0.6666666666666666,0.9473152469579307,0.9175421560430115
DRegular,7,2,,4,17,0.3645833333333333,1.0,0.9362052980348787,0.9362052980348784
DRegular,7,2,,4,18,0.3645833333333333,0.5,0.9362052980348793,0.9362052980348784
DRegular,7,2,,4,19,0.4895833333333333,1.0,0.9473152469579409,0.9175421560430107
DRegular,7,2,,5,0,0.3645833333333333,0.5,0.9904566708468653,0.9904566708468647
DRegular,7,2,,5,1,0.4895833333333333,1.0,0.9614581328157333,0.9806826415432986
DRegular,7,2,,5,2,0.4895833333333333,1.0,0.9614581328157393,0.9806826415432974
DRegular,7,2,,5,3,0.3645833333333333,0.0,0.9904566708468633,0.9904566708468647
DRegular,7,2,,5,4,0.3645833333333333,1.0,0.9904566708468644,0.9904566708468616
DRegular,7,2,,5,5,0.4895833333333333,1.0,0.9614581328157351,0.9806826415432973
DRegular,7,2,,5,6,0.4895833333333333,1.0,0.9614581328157371,0.9806826415432942
DRegular,7,2,,5,7,0.3645833333333333,1.0,0.990456670846864,0.9904566708468612
DRegular,7,2,,5,8,0.4895833333333333,1.0,0.9614581328157383,0.9806826415432973
DRegular,7,2,,5,9,0.4895833333333333,1.0,0.9614581328157371,0.9806826415432958
DRegular,7,2,,5,10,0.4895833333333333,1.0,0.9614581328157364,0.9806826415432979
DRegular,7,2,,5,11,0.4895833333333333,1.0,0.9614581328157376,0.9806826415432961
DRegular,7,2,,5,12,0.4895833333333333,0.8333333333333334,0.9614581328157373,0.980682641543296
DRegular,7,2,,5,13,0.4895833333333333,1.0,0.9614581328157393,0.9806826415432974
DRegular,7,2,,5,14,0.3645833333333333,0.0,0.990456670846864,0.9904566708468665
DRegular,7,2,,5,15,0.3645833333333333,0.5,0.9904566708468628,0.9904566708468652
DRegular,7,2,,5,16,0.4895833333333333,0.6666666666666666,0.9614581328157391,0.9806826415432961
DRegular,7,2,,5,17,0.3645833333333333,1.0,0.9904566708468651,0.9904566708468647
DRegular,7,2,,5,18,0.3645833333333333,0.5,0.9904566708468647,0.990456670846863
DRegular,7,2,,5,19,0.4895833333333333,1.0,0.961458132815737,0.9806826415432978
DRegular,7,2,,6,0,0.3645833333333333,0.5,0.9977682819565095,0.9977682819564723
DRegular,7,2,,6,1,0.4895833333333333,1.0,0.9638055675747129,0.9962438868828523
DRegular,7,2,,6,2,0.4895833333333333,1.0,0.963805567564795,0.9962438868835304
DRegular,7,2,,6,3,0.3645833333333333,0.0,0.9977682819564678,0.9977682819564612
DRegular,7,2,,6,4,0.3645833333333333,1.0,0.9977682819565015,0.9977682819564547
DRegular,7,2,,6,5,0.4895833333333333,1.0,0.9638055675155309,0.9962438868825837
DRegular,7,2,,6,6,0.4895833333333333,1.0,0.963805567541256,0.9962438868816966
DRegular,7,2,,6,7,0.3645833333333333,1.0,0.9977682819564619,0.9977682819564643
DRegular,7,2,,6,8,0.4895833333333333,1.0,0.9638055675905269,0.9962438868836517
DRegular,7,2,,6,9,0.4895833333333333,1.0,0.9638055675246463,0.9962438868824525
DRegular,7,2,,6,10,0.4895833333333333,1.0,0.9638055675629681,0.9962438868833213
DRegular,7,2,,6,11,0.4895833333333333,1.0,0.9638055675641618,0.9962438868839324
DRegular,7,2,,6,12,0.4895833333333333,0.8333333333333334,0.9638055675977598,0.9962438868838941
DRegular,7,2,,6,13,0.4895833333333333,1.0,0.963805567564795,0.9962438868835304
DRegular,7,2,,6,14,0.3645833333333333,0.0,0.9977682819564734,0.9977682819564614
DRegular,7,2,,6,15,0.3645833333333333,0.5,0.997768281956476,0.9977682819565082
DRegular,7,2,,6,16,0.4895833333333333,0.6666666666666666,0.9638055675951888,0.9962438868826761
DRegular,7,2,,6,17,0.3645833333333333,1.0,0.9977682819564663,0.997768281956458
DRegular,7,2,,6,18,0.3645833333333333,0.5,0.9977682819564823,0.9977682819564482
DRegular,7,2,,6,19,0.4895833333333333,1.0,0.9638055675283428,0.9962438868834808
DRegular,7,2,,7,0,0.3645833333333333,0.5,0.9997867124013525,0.9997867127589647
DRegular,7,2,,7,1,0.4895833333333333,1.0,0.9942751473589783,0.9994347559878077
DRegular,7,2,,7,2,0.4895833333333333,1.0,0.9942751468557463,0.9994345169823199
DRegular,7,2,,7,3,0.3645833333333333,0.0,0.9997867103096477,0.9997867141973287
DRegular,7,2,,7,4,0.3645833333333333,1.0,0.9997867139594305,0.9997867173446003
DRegular,7,2,,7,5,0.4895833333333333,1.0,0.9942751458872521,0.9994347704574368
DRegular,7,2,,7,6,0.4895833333333333,1.0,0.9942751457224072,0.999788316381118
DRegular,7,2,,7,7,0.3645833333333333,1.0,0.9997867155390746,0.9997867161482428
DRegular,7,2,,7,8,0.4895833333333333,1.0,0.9942751462312724,0.999434774606294
DRegular,7,2,,7,9,0.4895833333333333,1.0,0.9942751464978202,0.9994347595058732
DRegular,7,2,,7,10,0.4895833333333333,1.0,0.9942751468328895,0.9994347245246135
DRegular,7,2,,7,11,0.4895833333333333,1.0,0.9942751468612823,0.9994347715278362
DRegular,7,2,,7,12,0.4895833333333333,0.8333333333333334,0.9942751469004133,0.9994347511637574
DRegular,7,2,,7,13,0.4895833333333333,1.0,0.9942751468557463,0.9994345169823199
DRegular,7,2,,7,14,0.3645833333333333,0.0,0.9997867122249547,0.9997867148450226
DRegular,7,2,,7,15,0.3645833333333333,0.5,0.999786714804373,0.9997867063245275
DRegular,7,2,,7,16,0.4895833333333333,0.6666666666666666,0.9942751469106691,0.9994347640780177
DRegular,7,2,,7,17,0.3645833333333333,1.0,0.9997867165094313,0.9997867127808426
DRegular,7,2,,7,18,0.3645833333333333,0.5,0.9997867159237696,0.9997867104040901
DRegular,7,2,,7,19,0.4895833333333333,1.0,0.9942751444736292,0.9994347745842104
DRegular,7,2,,8,0,0.3645833333333333,0.5,0.9947866631407218,0.9947866770086642
DRegular,7,2,,8,1,0.4895833333333333,1.0,0.997905105147797,0.9478699772351963
DRegular,7,2,,8,2,0.4895833333333333,1.0,0.997905105712289,0.9999202259946357
DRegular,7,2,,8,3,0.3645833333333333,0.0,0.9947866749323593,0.9947866745856911
DRegular,7,2,,8,4,0.3645833333333333,1.0,0.9947866764993508,0.9947866737347809
DRegular,7,2,,8,5,0.4895833333333333,1.0,0.9979051053448599,0.9478699754441428
DRegular,7,2,,8,6,0.4895833333333333,1.0,0.9979051061294744,0.9981822103869327
DRegular,7,2,,8,7,0.3645833333333333,1.0,0.9947866752236916,0.9947866662640882
DRegular,7,2,,8,8,0.4895833333333333,1.0,0.9979051062478276,0.9999357434598979
DRegular,7,2,,8,9,0.4895833333333333,1.0,0.9979051068893551,0.9955983506973446
DRegular,7,2,,8,10,0.4895833333333333,1.0,0.9979051070735001,0.9999999988957741
DRegular,7,2,,8,11,0.4895833333333333,1.0,0.997905105843329,0.9999259318509314
DRegular,7,2,,8,12,0.4895833333333333,0.8333333333333334,0.9979051050054948,0.9999998681759222
DRegular,7,2,,8,13,0.4895833333333333,1.0,0.997905105712289,0.9999202259946357
DRegular,7,2,,8,14,0.3645833333333333,0.0,0.9947866749415497,0.9947866756294338
DRegular,7,2,,8,15,0.3645833333333333,0.5,0.9947866763779221,0.9947866772055743
DRegular,7,2,,8,16,0.4895833333333333,0.6666666666666666,0.9979051062173006,0.9999831218931611
DRegular,7,2,,8,17,0.3645833333333333,1.0,0.9947866729149059,0.9947866589253014
DRegular,7,2,,8,18,0.3645833333333333,0.5,0.9947866560343801,0.9947866719416784
DRegular,7,2,,8,19,0.4895833333333333,1.0,0.997905106994322,0.9999357492616813
DRegular,7,2,,9,0,0.3645833333333333,0.5,0.9998357214867225,0.9998401453950146
DRegular,7,2,,9,1,0.4895833333333333,1.0,0.9994041986186738,0.9999999831934087
DRegular,7,2,,9,2,0.4895833333333333,1.0,0.9994041879051356,0.9999999788283057
DRegular,7,2,,9,3,0.3645833333333333,0.0,0.9998397682937776,0.9998785231838224
DRegular,7,2,,9,4,0.3645833333333333,1.0,0.9998785270805857,0.9998398345137224
DRegular,7,2,,9,5,0.4895833333333333,1.0,0.999404204925817,0.9999999983500326
DRegular,7,2,,9,6,0.4895833333333333,1.0,0.9994042045808292,0.9999999991303543
DRegular,7,2,,9,7,0.3645833333333333,1.0,0.9998394328803776,0.9998341531727598
DRegular,7,2,,9,8,0.4895833333333333,1.0,0.9994495448879985,0.9999999883661919
DRegular,7,2,,9,9,0.4895833333333333,1.0,0.9994042053564843,0.9999999948782241
DRegular,7,2,,9,10,0.4895833333333333,1.0,0.9994042049165043,0.9999999964678792
DRegular,7,2,,9,11,0.4895833333333333,1.0,0.9994042055809222,0.9999999938687033
DRegular,7,2,,9,12,0.4895833333333333,0.8333333333333334,0.9994042043175954,0.9999999646493655
DRegular,7,2,,9,13,0.4895833333333333,1.0,0.9994041879051356,0.9999999788283057
DRegular,7,2,,9,14,0.3645833333333333,0.0,0.9998392645174384,0.9998340980022995
DRegular,7,2,,9,15,0.3645833333333333,0.5,0.9998399761034031,0.9998345344624017
DRegular,7,2,,9,16,0.4895833333333333,0.6666666666666666,0.9994042036808902,0.9999999766457087
DRegular,7,2,,9,17,0.3645833333333333,1.0,0.9998343299840361,0.9998384856466624
DRegular,7,2,,9,18,0.3645833333333333,0.5,0.9998786328735164,0.9998397374858882
DRegular,7,2,,9,19,0.4895833333333333,1.0,0.9994042055701082,0.9999999980301962
DRegular,7,2,,10,0,0.3645833333333333,0.5,0.9998413702516107,0.9998447951457603
DRegular,7,2,,10,1,0.4895833333333333,1.0,0.9999588034356203,0.9999999929438456
DRegular,7,2,,10,2,0.4895833333333333,1.0,0.9999587709426933,0.9999999936625449
DRegular,7,2,,10,3,0.3645833333333333,0.0,0.9999994670615946,0.9999783357945153
DRegular,7,2,,10,4,0.3645833333333333,1.0,0.9999780835755444,0.999999436588194
DRegular,7,2,,10,5,0.4895833333333333,1.0,0.9999587945642784,0.9999999863301557
DRegular,7,2,,10,6,0.4895833333333333,1.0,0.9999587950630899,0.9999999910298514
DRegular,7,2,,10,7,0.3645833333333333,1.0,0.9999879299724154,0.9999801703952906
DRegular,7,2,,10,8,0.4895833333333333,1.0,0.9999999912710335,0.9999999940078047
DRegular,7,2,,10,9,0.4895833333333333,1.0,0.999958790881163,0.9999999970102104
DRegular,7,2,,10,10,0.4895833333333333,1.0,0.9999587987815807,0.9999999976838035
DRegular,7,2,,10,11,0.4895833333333333,1.0,0.9999588017080949,0.999999885896282
DRegular,7,2,,10,12,0.4895833333333333,0.8333333333333334,0.9999587685950976,0.9999999989337293
DRegular,7,2,,10,13,0.4895833333333333,1.0,0.9999587709426933,0.9999999936625449
DRegular,7,2,,10,14,0.3645833333333333,0.0,0.9999995125407515,0.9999808121624639
DRegular,7,2,,10,15,0.3645833333333333,0.5,0.9999873472521784,0.9999724726138659
DRegular,7,2,,10,16,0.4895833333333333,0.6666666666666666,0.9999587134439153,0.9999999934513949
DRegular,7,2,,10,17,0.3645833333333333,1.0,0.9999749279499454,0.9999937411219691
DRegular,7,2,,10,18,0.3645833333333333,0.5,0.9999802234668006,0.9999966671340469
DRegular,7,2,,10,19,0.4895833333333333,1.0,0.9999587990254839,0.9999999962344567
DRegular,8,2,,1,0,0.5,1.0,0.6534659776008459,0.6170007548265506
DRegular,8,2,,1,1,0.4166666666666667,0.5,0.7602262625967772,0.7602262625967766
DRegular,8,2,,1,2,0.4166666666666667,1.0,0.7602262625967772,0.7602262625967766
DRegular,8,2,,1,3,0.5,1.0,0.6534659776008458,0.6170007548265508
DRegular,8,2,,1,4,0.4166666666666667,0.5,0.7602262625967772,0.7602262625967766
DRegular,8,2,,1,5,0.4166666666666667,0.5,0.7602262625967772,0.7602262625967766
DRegular,8,2,,1,6,0.5,1.0,0.6534659776008456,0.6170007548265506
DRegular,8,2,,1,7,0.5,1.0,0.6534659776008461,0.6170007548265509
DRegular,8,2,,1,8,0.5,1.0,0.6534659776008458,0.6170007548265506
DRegular,8,2,,1,9,0.5,1.0,0.6534659776008456,0.6170007548265509
DRegular,8,2,,1,10,0.5,1.0,0.6534659776008462,0.6170007548265506
DRegular,8,2,,1,11,0.5,1.0,0.6534659776008456,0.6170007548265508
DRegular,8,2,,1,12,0.5,1.0,0.6534659776008461,0.6170007548265507
DRegular,8,2,,1,13,0.4166666666666667,0.5,0.7602262625967772,0.7602262625967766
DRegular,8,2,,1,14,0.4166666666666667,0.5,0.7602262625967772,0.7602262625967766
DRegular,8,2,,1,15,0.5,1.0,0.6534659776008458,0.6170007548265507
DRegular,8,2,,1,16,0.4166666666666667,1.0,0.7602262625967772,0.7602262625967766
DRegular,8,2,,1,17,0.5,1.0,0.6534659776008458,0.6170007548265507
DRegular,8,2,,1,18,0.5,1.0,0.653465977600846,0.6170007548265506
DRegular,8,2,,1,19,0.5,1.0,0.6534659776008459,0.6170007548265506
DRegular,8,2,,2,0,0.5,1.0,0.8147711857542371,0.7021778912678849
DRegular,8,2,,2,1,0.4166666666666667,0.5,0.8250119238265303,0.8250119238265298
DRegular,8,2,,2,2,0.4166666666666667,1.0,0.8250119238265304,0.8250119238265299
DRegular,8,2,,2,3,0.5,1.0,0.8120872499982343,0.904898708092217
DRegular,8,2,,2,4,0.4166666666666667,0.5,0.8250119238265302,0.8250119238265302
DRegular,8,2,,2,5,0.4166666666666667,0.5,0.8250119238265304,0.8250119238265302
DRegular,8,2,,2,6,0.5,1.0,0.8147711857542367,0.7021778912678847
DRegular,8,2,,2,7,0.5,1.0,0.8147711857542377,0.7021778912678851
DRegular,8,2,,2,8,0.5,1.0,0.8120872499982359,0.9048987080922163
DRegular,8,2,,2,9,0.5,1.0,0.8147711857542379,0.7021778912678847
DRegular,8,2,,2,10,0.5,1.0,0.8147711857542373,0.7021778912678847
DRegular,8,2,,2,11,0.5,1.0,0.8147711857542375,0.7021778912678851
DRegular,8,2,,2,12,0.5,1.0,0.8147711857542366,0.7021778912678847
DRegular,8,2,,2,13,0.4166666666666667,0.5,0.8250119238265304,0.82501192382653
DRegular,8,2,,2,14,0.4166666666666667,0.5,0.8250119238265304,0.8250119238265299
DRegular,8,2,,2,15,0.5,1.0,0.8147711857542375,0.7021778912678851
DRegular,8,2,,2,16,0.4166666666666667,1.0,0.8250119238265304,0.8250119238265299
DRegular,8,2,,2,17,0.5,1.0,0.8147711857542371,0.7021778912678851
DRegular,8,2,,2,18,0.5,1.0,0.8147711857542377,0.7021778912678847
DRegular,8,2,,2,19,0.5,1.0,0.8147711857542368,0.7021778912678851
DRegular,8,2,,3,0,0.5,1.0,0.9866571250176199,0.7803314794704945
DRegular,8,2,,3,1,0.4166666666666667,0.5,0.884892447935898,0.8848924479358994
DRegular,8,2,,3,2,0.4166666666666667,1.0,0.8848924479358988,0.8848924479358979
DRegular,8,2,,3,3,0.5,1.0,0.8663608285340361,0.9670094394422062
DRegular,8,2,,3,4,0.4166666666666667,0.5,0.8848924479358985,0.8848924479358992
DRegular,8,2,,3,5,0.4166666666666667,0.5,0.8848924479358976,0.8848924479358992
DRegular,8,2,,3,6,0.5,1.0,0.9866571250176204,0.7803314794704944
DRegular,8,2,,3,7,0.5,1.0,0.9866571250176203,0.7803314794704944
DRegular,8,2,,3,8,0.5,1.0,0.8663608285340365,0.9670094394422079
DRegular,8,2,,3,9,0.5,1.0,0.9866571250176219,0.7803314794704949
DRegular,8,2,,3,10,0.5,1.0,0.9866571250176199,0.7803314794704943
DRegular,8,2,,3,11,0.5,1.0,0.9866571250176199,0.7803314794704944
DRegular,8,2,,3,12,0.5,1.0,0.9866571250176204,0.7803314794704949
DRegular,8,2,,3,13,0.4166666666666667,0.5,0.8848924479358976,0.884892447935898
DRegular,8,2,,3,14,0.4166666666666667,0.5,0.8848924479358998,0.8848924479358988
DRegular,8,2,,3,15,0.5,1.0,0.9866571250176204,0.780331479470495
DRegular,8,2,,3,16,0.4166666666666667,1.0,0.8848924479358984,0.8848924479358978
DRegular,8,2,,3,17,0.5,1.0,0.9866571250176213,0.7803314794704954
DRegular,8,2,,3,18,0.5,1.0,0.9866571250176186,0.7803314794704949
DRegular,8,2,,3,19,0.5,1.0,0.9866571250176204,0.7803314794704949
DRegular,8,2,,4,0,0.5,1.0,0.9731234875985282,0.8564742772518024
DRegular,8,2,,4,1,0.4166666666666667,0.5,0.9722072913804102,0.9722072913804075
DRegular,8,2,,4,2,0.4166666666666667,1.0,0.9722072913804093,0.9722072913804084
DRegular,8,2,,4,3,0.5,1.0,0.8774994701484897,0.9999885160201281
DRegular,8,2,,4,4,0.4166666666666667,0.5,0.9722072913804075,0.9722072913804077
DRegular,8,2,,4,5,0.4166666666666667,0.5,0.9722072913804095,0.9722072913804108
DRegular,8,2,,4,6,0.5,1.0,0.9731234875985276,0.8564742772518014
DRegular,8,2,,4,7,0.5,1.0,0.9731234875985285,0.8564742772518037
DRegular,8,2,,4,8,0.5,1.0,0.8774994701484905,0.9999885160201272
DRegular,8,2,,4,9,0.5,1.0,0.9731234875985254,0.8564742772518026
DRegular,8,2,,4,10,0.5,1.0,0.9731234875985266,0.8564742772518033
DRegular,8,2,,4,11,0.5,1.0,0.9731234875985293,0.8564742772518017
DRegular,8,2,,4,12,0.5,1.0,0.9731234875985283,0.8564742772518033
DRegular,8,2,,4,13,0.4166666666666667,0.5,0.97220729138041,0.9722072913804086
DRegular,8,2,,4,14,0.4166666666666667,0.5,0.9722072913804068,0.9722072913804074
DRegular,8,2,,4,15,0.5,1.0,0.973123487598527,0.8564742772518038
DRegular,8,2,,4,16,0.4166666666666667,1.0,0.9722072913804091,0.9722072913804082
DRegular,8,2,,4,17,0.5,1.0,0.9731234875985277,0.8564742772518051
DRegular,8,2,,4,18,0.5,1.0,0.9731234875985265,0.8564742772518035
DRegular,8,2,,4,19,0.5,1.0,0.9731234875985267,0.856474277251804
DRegular,8,2,,5,0,0.5,1.0,0.9999999980613496,0.8899363130544073
DRegular,8,2,,5,1,0.4166666666666667,0.5,0.9925030425854766,0.9925030427535729
DRegular,8,2,,5,2,0.4166666666666667,1.0,0.9925030427198771,0.9925030422505596
DRegular,8,2,,5,3,0.5,1.0,0.8740021567908869,0.9999980300103664
DRegular,8,2,,5,4,0.4166666666666667,0.5,0.9925030417903681,0.9925030417102434
DRegular,8,2,,5,5,0.4166666666666667,0.5,0.9925030429112575,0.9925030422359654
DRegular,8,2,,5,6,0.5,1.0,0.9999999954392926,0.889936313054407
DRegular,8,2,,5,7,0.5,1.0,0.9999999966127205,0.8899363130544085
DRegular,8,2,,5,8,0.5,1.0,0.874002156790887,0.9999980300103621
DRegular,8,2,,5,9,0.5,1.0,0.9999999932269252,0.8899363130544086
DRegular,8,2,,5,10,0.5,1.0,0.9999999840213176,0.8899363130544063
DRegular,8,2,,5,11,0.5,1.0,0.9999999946434757,0.8899363130544087
DRegular,8,2,,5,12,0.5,1.0,0.9999999912975925,0.8899363130544082
DRegular,8,2,,5,13,0.4166666666666667,0.5,0.9925030425544642,0.9925030422614399
DRegular,8,2,,5,14,0.4166666666666667,0.5,0.9925030423826456,0.9925030419064563
DRegular,8,2,,5,15,0.5,1.0,0.9999999965848922,0.8899363130544085
DRegular,8,2,,5,16,0.4166666666666667,1.0,0.9925030421545058,0.9925030418578918
DRegular,8,2,,5,17,0.5,1.0,0.9999999915926583,0.8899363130544071
DRegular,8,2,,5,18,0.5,1.0,0.9999999984594515,0.8899363130544088
DRegular,8,2,,5,19,0.5,1.0,0.9999999975260137,0.8899363130544093
DRegular,8,2,,6,0,0.5,1.0,0.9999998357161886,0.9620093259897076
DRegular,8,2,,6,1,0.4166666666666667,0.5,0.9983678934418293,0.99836788762568
DRegular,8,2,,6,2,0.4166666666666667,1.0,0.9983678912756603,0.9983678940867304
DRegular,8,2,,6,3,0.5,1.0,0.9989489328847735,0.9999998709102285
DRegular,8,2,,6,4,0.4166666666666667,0.5,0.9983678887214098,0.9983678952882652
DRegular,8,2,,6,5,0.4166666666666667,0.5,0.9983678920502639,0.9983678952279226
DRegular,8,2,,6,6,0.5,1.0,0.9762915253809559,0.9620093259897066
DRegular,8,2,,6,7,0.5,1.0,0.9999999550837146,0.962009325989706
DRegular,8,2,,6,8,0.5,1.0,0.9989489328856402,0.999999872684179
DRegular,8,2,,6,9,0.5,1.0,0.9999999920904714,0.9620093259897045
DRegular,8,2,,6,10,0.5,1.0,0.9999998923898761,0.9620093259897056
DRegular,8,2,,6,11,0.5,1.0,0.9911059381185764,0.9620093259897053
DRegular,8,2,,6,12,0.5,1.0,0.999998765928221,0.9620093259897055
DRegular,8,2,,6,13,0.4166666666666667,0.5,0.9983678957632126,0.9983678867788232
DRegular,8,2,,6,14,0.4166666666666667,0.5,0.998367892545203,0.9983678941582834
DRegular,8,2,,6,15,0.5,1.0,0.999990895481874,0.962009325989704
DRegular,8,2,,6,16,0.4166666666666667,1.0,0.9983678915606711,0.9983678947289044
DRegular,8,2,,6,17,0.5,1.0,0.9999998669661988,0.9620093259897069
DRegular,8,2,,6,18,0.5,1.0,0.9764714910290457,0.9620093259897068
DRegular,8,2,,6,19,0.5,1.0,0.9911059352241545,0.9620093259897061
DRegular,8,2,,7,0,0.5,1.0,0.9999458803923759,0.9975419926291469
DRegular,8,2,,7,1,0.4166666666666667,0.5,0.9992893438732287,0.999289361598754
DRegular,8,2,,7,2,0.4166666666666667,1.0,0.9992893633711297,0.9992893612235729
DRegular,8,2,,7,3,0.5,1.0,0.9999999952929615,0.9999975842118334
DRegular,8,2,,7,4,0.4166666666666667,0.5,0.9992893709384291,0.9992893675631992
DRegular,8,2,,7,5,0.4166666666666667,0.5,0.999289346944204,0.999318687854637
DRegular,8,2,,7,6,0.5,1.0,0.9371962032090899,0.9975419929836454
DRegular,8,2,,7,7,0.5,1.0,0.9999998558576921,0.997541992550001
DRegular,8,2,,7,8,0.5,1.0,0.9999999731640175,0.9999974260844119
DRegular,8,2,,7,9,0.5,1.0,0.9999999821973162,0.9975419932380465
DRegular,8,2,,7,10,0.5,1.0,0.9999996060510508,0.9975419920997316
DRegular,8,2,,7,11,0.5,1.0,0.9999997966906666,0.9975419921222691
DRegular,8,2,,7,12,0.5,1.0,0.9999999532640235,0.997541992799194
DRegular,8,2,,7,13,0.4166666666666667,0.5,0.999289321603093,0.9992893594618316
DRegular,8,2,,7,14,0.4166666666666667,0.5,0.9992893541873819,0.9992891844511093
DRegular,8,2,,7,15,0.5,1.0,0.999342654402099,0.9975419930702927
DRegular,8,2,,7,16,0.4166666666666667,1.0,0.9992893695145457,0.9992893610174364
DRegular,8,2,,7,17,0.5,1.0,0.9999999739877763,0.9975419928236586
DRegular,8,2,,7,18,0.5,1.0,0.9998638070094058,0.9975419927970823
DRegular,8,2,,7,19,0.5,1.0,0.9999984550634534,0.9975419919679455
DRegular,8,2,,8,0,0.5,1.0,0.9994902607358966,0.9814584348732684
DRegular,8,2,,8,1,0.4166666666666667,0.5,0.9999165840730931,0.9999164154120197
DRegular,8,2,,8,2,0.4166666666666667,1.0,0.9999162761751964,0.9999216791711514
DRegular,8,2,,8,3,0.5,1.0,0.999999998336,0.9999995081810891
DRegular,8,2,,8,4,0.4166666666666667,0.5,0.9999163560249739,0.9999182050209758
DRegular,8,2,,8,5,0.4166666666666667,0.5,0.999917215460456,0.9999590003653801
DRegular,8,2,,8,6,0.5,1.0,0.9999980105156818,0.9814583920358212
DRegular,8,2,,8,7,0.5,1.0,0.9988209522582334,0.9814584460601605
DRegular,8,2,,8,8,0.5,1.0,0.9999999912916051,0.9999993892171695
DRegular,8,2,,8,9,0.5,1.0,0.9999989794742185,0.9814584324898183
DRegular,8,2,,8,10,0.5,1.0,0.9999829574781449,0.9814584352351867
DRegular,8,2,,8,11,0.5,1.0,0.999975342173689,0.9814582418128168
DRegular,8,2,,8,12,0.5,1.0,0.9999995387858664,0.9814584450720104
DRegular,8,2,,8,13,0.4166666666666667,0.5,0.999917321639851,0.9999215363476281
DRegular,8,2,,8,14,0.4166666666666667,0.5,0.9999163814435148,0.9999165784183841
DRegular,8,2,,8,15,0.5,1.0,0.9999862073595451,0.9814584211872927
DRegular,8,2,,8,16,0.4166666666666667,1.0,0.9999161879544148,0.9999167881008081
DRegular,8,2,,8,17,0.5,1.0,0.9999379240267191,0.9814584521475309
DRegular,8,2,,8,18,0.5,1.0,0.9999986892129771,0.981458442675388
DRegular,8,2,,8,19,0.5,1.0,0.9995648900535977,0.9814584324833537
DRegular,8,2,,9,0,0.5,1.0,0.9999998082727964,0.9999999941811242
DRegular,8,2,,9,1,0.4166666666666667,0.5,0.9999452164206096,0.999991589539865
DRegular,8,2,,9,2,0.4166666666666667,1.0,0.9999870030972052,0.9999912819732412
DRegular,8,2,,9,3,0.5,1.0,0.9999999732411432,0.9999992147456668
DRegular,8,2,,9,4,0.4166666666666667,0.5,0.9999863307725194,0.9999917954725017
DRegular,8,2,,9,5,0.4166666666666667,0.5,0.999991720263921,0.9999950656401743
DRegular,8,2,,9,6,0.5,1.0,0.9999985250707734,0.9999994776945085
DRegular,8,2,,9,7,0.5,1.0,0.9991410083735723,0.9999973356448613
DRegular,8,2,,9,8,0.5,1.0,0.9999994830450477,0.9999991001489785
DRegular,8,2,,9,9,0.5,1.0,0.9999993854289146,0.9999993341243003
DRegular,8,2,,9,10,0.5,1.0,0.9999680166341934,0.9999975199276124
DRegular,8,2,,9,11,0.5,1.0,0.9999925768142132,0.999999840250068
DRegular,8,2,,9,12,0.5,1.0,0.9999993249798531,0.9999983676748924
DRegular,8,2,,9,13,0.4166666666666667,0.5,0.9999457308310232,0.9999088462628567
DRegular,8,2,,9,14,0.4166666666666667,0.5,0.9999858162762688,0.9999465342254973
DRegular,8,2,,9,15,0.5,1.0,0.9999995891558098,0.9999990779309584
DRegular,8,2,,9,16,0.4166666666666667,1.0,0.999999244818215,0.9999907791535403
DRegular,8,2,,9,17,0.5,1.0,0.9998294945862798,0.9999991142308964
DRegular,8,2,,9,18,0.5,1.0,0.9999896140352384,0.9999986051376296
DRegular,8,2,,9,19,0.5,1.0,0.9999949808677471,0.9999994811287478
DRegular,8,2,,10,0,0.5,1.0,0.9999865361338527,0.9999938835500196
DRegular,8,2,,10,1,0.4166666666666667,0.5,0.9999898889368142,0.9999847563827293
DRegular,8,2,,10,2,0.4166666666666667,1.0,0.999983480946247,0.999998507353336
DRegular,8,2,,10,3,0.5,1.0,0.9999999984540318,0.9999999095897643
DRegular,8,2,,10,4,0.4166666666666667,0.5,0.9999703842801223,0.999985168863789
DRegular,8,2,,10,5,0.4166666666666667,0.5,0.999997057407242,0.9999933296901049
DRegular,8,2,,10,6,0.5,1.0,0.999998601088958,0.9988891037894071
DRegular,8,2,,10,7,0.5,1.0,0.9999995168468003,0.9999981359039158
DRegular,8,2,,10,8,0.5,1.0,0.999999996689066,0.9999999177002484
DRegular,8,2,,10,9,0.5,1.0,0.9999994866205691,0.9999991770809802
DRegular,8,2,,10,10,0.5,1.0,0.9999997551012982,0.9999999398321928
DRegular,8,2,,10,11,0.5,1.0,0.9999998273394519,0.9999973407991803
DRegular,8,2,,10,12,0.5,1.0,0.9999987546100779,0.9999997640951608
DRegular,8,2,,10,13,0.4166666666666667,0.5,0.9999943669184419,0.9999999083033044
DRegular,8,2,,10,14,0.4166666666666667,0.5,0.9999807024829082,0.9999951213064212
DRegular,8,2,,10,15,0.5,1.0,0.9999997945041241,0.99999938308393
DRegular,8,2,,10,16,0.4166666666666667,1.0,0.9999829188109347,0.9999960380745962
DRegular,8,2,,10,17,0.5,1.0,0.9999991272745594,0.9999995653556162
DRegular,8,2,,10,18,0.5,1.0,0.9999997163470735,0.9999999463677558
DRegular,8,2,,10,19,0.5,1.0,0.9999999476827754,0.9999998629237714
DRegular,8,3,,1,0,0.2916666666666667,0.5,0.5335324205007387,0.5335324205007383
DRegular,8,3,,1,1,0.2916666666666667,0.5,0.533532420500738,0.5335324205007385
DRegular,8,3,,1,2,0.2916666666666667,0.5,0.5335324205007387,0.5335324205007385
DRegular,8,3,,1,3,0.2916666666666667,0.5,0.5512430686807894,0.551243068680789
DRegular,8,3,,1,4,0.2916666666666667,0.0,0.5335324205007379,0.5335324205007385
DRegular,8,3,,1,5,0.2916666666666667,0.5,0.5335324205007387,0.5335324205007385
DRegular,8,3,,1,6,0.2916666666666667,0.5,0.5038567249169646,0.5038567249169638
DRegular,8,3,,1,7,0.2916666666666667,0.0,0.5335324205007387,0.5335324205007383
DRegular,8,3,,1,8,0.2916666666666667,0.5,0.5038567249169646,0.5038567249169638
DRegular,8,3,,1,9,0.2916666666666667,0.0,0.5335324205007389,0.5335324205007385
DRegular,8,3,,1,10,0.2916666666666667,0.0,0.5714407265463685,0.5714407265463678
DRegular,8,3,,1,11,0.2916666666666667,0.5,0.5714407265463685,0.5714407265463678
DRegular,8,3,,1,12,0.2916666666666667,0.5,0.533532420500738,0.5335324205007383
DRegular,8,3,,1,13,0.2916666666666667,0.5,0.5335324205007388,0.5335324205007383
DRegular,8,3,,1,14,0.2916666666666667,0.0,0.5335324205007389,0.5335324205007385
DRegular,8,3,,1,15,0.4375,-0.75,0.6917794674350619,0.691779467435061
DRegular,8,3,,1,16,0.2916666666666667,0.5,0.5335324205007389,0.5335324205007385
DRegular,8,3,,1,17,0.2916666666666667,0.0,0.5335324205007389,0.5335324205007385
DRegular,8,3,,1,18,0.2916666666666667,0.5,0.5038567249169646,0.5038567249169638
DRegular,8,3,,1,19,0.2916666666666667,0.5,0.5038567249169635,0.5038567249169638
DRegular,8,3,,2,0,0.2916666666666667,0.5,0.6542197273281074,0.654219727328107
DRegular,8,3,,2,1,0.2916666666666667,0.5,0.6542197273281075,0.6542197273281077
DRegular,8,3,,2,2,0.2916666666666667,0.5,0.6542197273281077,0.6542197273281066
DRegular,8,3,,2,3,0.2916666666666667,0.5,0.6892337180101756,0.6892337180101746
DRegular,8,3,,2,4,0.2916666666666667,0.0,0.654219727328108,0.6542197273281082
DRegular,8,3,,2,5,0.2916666666666667,0.5,0.6542197273281075,0.6542197273281071
DRegular,8,3,,2,6,0.2916666666666667,0.5,0.5840535588515604,0.5840535588515597
DRegular,8,3,,2,7,0.2916666666666667,0.0,0.6542197273281077,0.6542197273281068
DRegular,8,3,,2,8,0.2916666666666667,0.5,0.5840535588515586,0.5840535588515595
DRegular,8,3,,2,9,0.2916666666666667,0.0,0.6542197273281075,0.6542197273281071
DRegular,8,3,,2,10,0.2916666666666667,0.0,0.7250358822361144,0.7250358822361135
DRegular,8,3,,2,11,0.2916666666666667,0.5,0.7250358822361139,0.725035882236113
DRegular,8,3,,2,12,0.2916666666666667,0.5,0.6542197273281078,0.6542197273281068
DRegular,8,3,,2,13,0.2916666666666667,0.5,0.6542197273281075,0.654219727328108
DRegular,8,3,,2,14,0.2916666666666667,0.0,0.6542197273281075,0.654219727328107
DRegular,8,3,,2,15,0.4375,-0.75,0.849866268355636,0.8498662683556382
DRegular,8,3,,2,16,0.2916666666666667,0.5,0.6542197273281074,0.6542197273281071
DRegular,8,3,,2,17,0.2916666666666667,0.0,0.6542197273281077,0.6542197273281082
DRegular,8,3,,2,18,0.2916666666666667,0.5,0.5840535588515606,0.5840535588515601
DRegular,8,3,,2,19,0.2916666666666667,0.5,0.584053558851561,0.58405355885156
DRegular,8,3,,3,0,0.2916666666666667,0.5,0.7165623980820942,0.716562398082094
DRegular,8,3,,3,1,0.2916666666666667,0.5,0.716562398082095,0.7165623980820978
DRegular,8,3,,3,2,0.2916666666666667,0.5,0.7165623980820989,0.7165623980820971
DRegular,8,3,,3,3,0.2916666666666667,0.5,0.7405808267311503,0.7405808267311526
DRegular,8,3,,3,4,0.2916666666666667,0.0,0.7165623980820968,0.7165623980820958
DRegular,8,3,,3,5,0.2916666666666667,0.5,0.7165623980820942,0.7165623980820973
DRegular,8,3,,3,6,0.2916666666666667,0.5,0.7301045860994133,0.7301045860994152
DRegular,8,3,,3,7,0.2916666666666667,0.0,0.7165623980820945,0.7165623980820964
DRegular,8,3,,3,8,0.2916666666666667,0.5,0.7301045860994154,0.730104586099417
DRegular,8,3,,3,9,0.2916666666666667,0.0,0.7165623980820971,0.7165623980820968
DRegular,8,3,,3,10,0.2916666666666667,0.0,0.8168094963461532,0.8168094963461553
DRegular,8,3,,3,11,0.2916666666666667,0.5,0.8168094963461546,0.8168094963461558
DRegular,8,3,,3,12,0.2916666666666667,0.5,0.7165623980820931,0.7165623980820975
DRegular,8,3,,3,13,0.2916666666666667,0.5,0.7165623980820959,0.7165623980820938
DRegular,8,3,,3,14,0.2916666666666667,0.0,0.7165623980820984,0.7165623980820951
DRegular,8,3,,3,15,0.4375,-0.75,0.741958673619673,0.7419586736196732
DRegular,8,3,,3,16,0.2916666666666667,0.5,0.7165623980820967,0.7165623980820972
DRegular,8,3,,3,17,0.2916666666666667,0.0,0.716562398082094,0.7165623980820955
DRegular,8,3,,3,18,0.2916666666666667,0.5,0.7301045860994155,0.7301045860994148
DRegular,8,3,,3,19,0.2916666666666667,0.5,0.730104586099415,0.7301045860994176
DRegular,8,3,,4,0,0.2916666666666667,0.5,0.6090618329462328,0.6090618329462346
DRegular,8,3,,4,1,0.2916666666666667,0.5,0.6090618329462335,0.6090618329462316
DRegular,8,3,,4,2,0.2916666666666667,0.5,0.6090618329462304,0.6090618329462343
DRegular,8,3,,4,3,0.2916666666666667,0.5,0.6463501583806277,0.6463501583806303
DRegular,8,3,,4,4,0.2916666666666667,0.0,0.6090618329462331,0.6090618329462328
DRegular,8,3,,4,5,0.2916666666666667,0.5,0.609061832946234,0.609061832946232
DRegular,8,3,,4,6,0.2916666666666667,0.5,0.7172868040220459,0.7172868040220483
DRegular,8,3,,4,7,0.2916666666666667,0.0,0.6090618329462335,0.6090618329462311
DRegular,8,3,,4,8,0.2916666666666667,0.5,0.7172868040220496,0.7172868040220469
DRegular,8,3,,4,9,0.2916666666666667,0.0,0.6090618329462324,0.6090618329462312
DRegular,8,3,,4,10,0.2916666666666667,0.0,0.8383062077615291,0.838306207761527
DRegular,8,3,,4,11,0.2916666666666667,0.5,0.838306207761529,0.8383062077615296
DRegular,8,3,,4,12,0.2916666666666667,0.5,0.6090618329462334,0.6090618329462312
DRegular,8,3,,4,13,0.2916666666666667,0.5,0.6090618329462328,0.6090618329462298
DRegular,8,3,,4,14,0.2916666666666667,0.0,0.6090618329462316,0.6090618329462337
DRegular,8,3,,4,15,0.4375,-0.75,0.9999999999008924,0.9999999999008959
DRegular,8,3,,4,16,0.2916666666666667,0.5,0.6090618329462321,0.6090618329462291
DRegular,8,3,,4,17,0.2916666666666667,0.0,0.609061832946232,0.6090618329462361
DRegular,8,3,,4,18,0.2916666666666667,0.5,0.7172868040220504,0.7172868040220465
DRegular,8,3,,4,19,0.2916666666666667,0.5,0.7172868040220468,0.7172868040220527
DRegular,8,3,,5,0,0.2916666666666667,0.5,0.7507326880374778,0.7507326879517158
DRegular,8,3,,5,1,0.2916666666666667,0.5,0.7507326879857241,0.7507326879429034
DRegular,8,3,,5,2,0.2916666666666667,0.5,0.7507326879296837,0.7507326880029187
DRegular,8,3,,5,3,0.2916666666666667,0.5,0.7950291487600764,0.7950291487601174
DRegular,8,3,,5,4,0.2916666666666667,0.0,0.7507326880163793,0.750732688057071
DRegular,8,3,,5,5,0.2916666666666667,0.5,0.7507326880024595,0.7507326880575
DRegular,8,3,,5,6,0.2916666666666667,0.5,0.7941602809747509,0.7941602809747551
DRegular,8,3,,5,7,0.2916666666666667,0.0,0.7507326880820222,0.7507326879509616
DRegular,8,3,,5,8,0.2916666666666667,0.5,0.7941602809747527,0.7941602809747601
DRegular,8,3,,5,9,0.2916666666666667,0.0,0.7507326880093047,0.7507326879761868
DRegular,8,3,,5,10,0.2916666666666667,0.0,0.8780246563663917,0.8780246563663425
DRegular,8,3,,5,11,0.2916666666666667,0.5,0.8780246563663624,0.8780246563663522
DRegular,8,3,,5,12,0.2916666666666667,0.5,0.7507326879418258,0.7507326880540015
DRegular,8,3,,5,13,0.2916666666666667,0.5,0.7507326880220667,0.750732687959832
DRegular,8,3,,5,14,0.2916666666666667,0.0,0.7507326880442192,0.7507326880016906
DRegular,8,3,,5,15,0.4375,-0.75,0.9999999981648291,0.9999999981648755
DRegular,8,3,,5,16,0.2916666666666667,0.5,0.7507326880070054,0.7507326880838138
DRegular,8,3,,5,17,0.2916666666666667,0.0,0.7507326880222326,0.7507326880255504
DRegular,8,3,,5,18,0.2916666666666667,0.5,0.794160280974752,0.7941602809747522
DRegular,8,3,,5,19,0.2916666666666667,0.5,0.7941602809747482,0.794160280974756
DRegular,8,3,,6,0,0.2916666666666667,0.5,0.8656600812348016,0.8656600830646037
DRegular,8,3,,6,1,0.2916666666666667,0.5,0.8656600832811147,0.8656600801378892
DRegular,8,3,,6,2,0.2916666666666667,0.5,0.8656600831957931,0.8656600832719324
DRegular,8,3,,6,3,0.2916666666666667,0.5,0.8962739238896503,0.896273924313868
DRegular,8,3,,6,4,0.2916666666666667,0.0,0.8656600833519145,0.8656600822500821
DRegular,8,3,,6,5,0.2916666666666667,0.5,0.8656600828064437,0.8656600829457369
DRegular,8,3,,6,6,0.2916666666666667,0.5,0.35223267579809464,0.35223267579808987
DRegular,8,3,,6,7,0.2916666666666667,0.0,0.865660083180451,0.8656600833666599
DRegular,8,3,,6,8,0.2916666666666667,0.5,0.35223267579809336,0.3522326757980896
DRegular,8,3,,6,9,0.2916666666666667,0.0,0.8656600825952503,0.8656600817095578
DRegular,8,3,,6,10,0.2916666666666667,0.0,0.557048152820632,0.5570481525471588
DRegular,8,3,,6,11,0.2916666666666667,0.5,0.5570481524058577,0.5570481525113871
DRegular,8,3,,6,12,0.2916666666666667,0.5,0.8656600816135077,0.8656600833278572
DRegular,8,3,,6,13,0.2916666666666667,0.5,0.8656600833614801,0.8656600835552922
DRegular,8,3,,6,14,0.2916666666666667,0.0,0.8656600821308724,0.8656600822614685
DRegular,8,3,,6,15,0.4375,-0.75,0.9999999999806046,0.9999999996896354
DRegular,8,3,,6,16,0.2916666666666667,0.5,0.8656600817922095,0.8656600832010185
DRegular,8,3,,6,17,0.2916666666666667,0.0,0.8656600825239305,0.8656600820920017
DRegular,8,3,,6,18,0.2916666666666667,0.5,0.3522326757980922,0.3522326757980927
DRegular,8,3,,6,19,0.2916666666666667,0.5,0.35223267579809137,0.3522326757980896
DRegular,8,3,,7,0,0.2916666666666667,0.5,0.924714638194378,0.9247146345887157
DRegular,8,3,,7,1,0.2916666666666667,0.5,0.9247146361398965,0.9247146355587983
DRegular,8,3,,7,2,0.2916666666666667,0.5,0.9247146380125374,0.9247146379181653
DRegular,8,3,,7,3,0.2916666666666667,0.5,0.9059125295222511,0.905912527325687
DRegular,8,3,,7,4,0.2916666666666667,0.0,0.9247146384077722,0.9247146382425036
DRegular,8,3,,7,5,0.2916666666666667,0.5,0.9247146392561595,0.9247146346678353
DRegular,8,3,,7,6,0.2916666666666667,0.5,0.8340798117938757,0.8340798124670393
DRegular,8,3,,7,7,0.2916666666666667,0.0,0.9247146361615396,0.9247146363738415
DRegular,8,3,,7,8,0.2916666666666667,0.5,0.8340798117580334,0.8340798124550325
DRegular,8,3,,7,9,0.2916666666666667,0.0,0.924714635705128,0.9247146362460931
DRegular,8,3,,7,10,0.2916666666666667,0.0,0.9059390979877365,0.8467477593256215
DRegular,8,3,,7,11,0.2916666666666667,0.5,0.8467477532736969,0.8998426570603013
DRegular,8,3,,7,12,0.2916666666666667,0.5,0.9247146385857835,0.9247146384372149
DRegular,8,3,,7,13,0.2916666666666667,0.5,0.9247146394598325,0.9247146370104448
DRegular,8,3,,7,14,0.2916666666666667,0.0,0.9247146388774364,0.9247146348050523
DRegular,8,3,,7,15,0.4375,-0.75,0.9999999994251247,0.9999999999743048
DRegular,8,3,,7,16,0.2916666666666667,0.5,0.9247146368341225,0.9247146241149357
DRegular,8,3,,7,17,0.2916666666666667,0.0,0.9247146346320437,0.9247146353766923
DRegular,8,3,,7,18,0.2916666666666667,0.5,0.83407981174925,0.834079811798099
DRegular,8,3,,7,19,0.2916666666666667,0.5,0.8340798117548408,0.8340798124155108
DRegular,8,3,,8,0,0.2916666666666667,0.5,0.8861941076653911,0.8861941459915057
DRegular,8,3,,8,1,0.2916666666666667,0.5,0.8717845399574142,0.886194142231446
DRegular,8,3,,8,2,0.2916666666666667,0.5,0.8861941443747748,0.8861941445514471
DRegular,8,3,,8,3,0.2916666666666667,0.5,0.959157093249778,0.9591571552747862
DRegular,8,3,,8,4,0.2916666666666667,0.0,0.8861941439684727,0.8861941429438246
DRegular,8,3,,8,5,0.2916666666666667,0.5,0.8861941320983385,0.8861941424051664
DRegular,8,3,,8,6,0.2916666666666667,0.5,0.7761721723748666,0.671412413215903
DRegular,8,3,,8,7,0.2916666666666667,0.0,0.8861941427657393,0.8861941178175105
DRegular,8,3,,8,8,0.2916666666666667,0.5,0.8310505492976447,0.8366639320419017
DRegular,8,3,,8,9,0.2916666666666667,0.0,0.8861941447075953,0.8861941442679563
DRegular,8,3,,8,10,0.2916666666666667,0.0,0.9490158657369229,0.5823099270549991
DRegular,8,3,,8,11,0.2916666666666667,0.5,0.5823099265115433,0.9661985379956263
DRegular,8,3,,8,12,0.2916666666666667,0.5,0.8861941232897244,0.8861941454875429
DRegular,8,3,,8,13,0.2916666666666667,0.5,0.8861941451637357,0.8861941449975941
DRegular,8,3,,8,14,0.2916666666666667,0.0,0.8861941463466096,0.886194142342402
DRegular,8,3,,8,15,0.4375,-0.75,0.9999999999093994,0.9999999999040137
DRegular,8,3,,8,16,0.2916666666666667,0.5,0.886194144091082,0.8861941453045667
DRegular,8,3,,8,17,0.2916666666666667,0.0,0.8861941328746208,0.8861941364658752
DRegular,8,3,,8,18,0.2916666666666667,0.5,0.5926306849929796,0.9041162141517325
DRegular,8,3,,8,19,0.2916666666666667,0.5,0.8166292339924256,0.821852582971415
DRegular,8,3,,9,0,0.2916666666666667,0.5,0.9348263183938003,0.9477049427653519
DRegular,8,3,,9,1,0.2916666666666667,0.5,0.9209879401586302,0.9477049533912085
DRegular,8,3,,9,2,0.2916666666666667,0.5,0.944926545954099,0.9477049556385556
DRegular,8,3,,9,3,0.2916666666666667,0.5,0.9519571564896147,0.951957168988869
DRegular,8,3,,9,4,0.2916666666666667,0.0,0.9477049546839308,0.9290940161081812
DRegular,8,3,,9,5,0.2916666666666667,0.5,0.9546835445118083,0.9477049590676808
DRegular,8,3,,9,6,0.2916666666666667,0.5,0.9377134566555657,0.8161750972774359
DRegular,8,3,,9,7,0.2916666666666667,0.0,0.9477049493702806,0.9477049551970844
DRegular,8,3,,9,8,0.2916666666666667,0.5,0.8518716870100652,0.8974126950629197
DRegular,8,3,,9,9,0.2916666666666667,0.0,0.9477049522939475,0.9477049575180746
DRegular,8,3,,9,10,0.2916666666666667,0.0,0.9510032804677886,0.5699652654204774
DRegular,8,3,,9,11,0.2916666666666667,0.5,0.5699652695347196,0.9577600265190639
DRegular,8,3,,9,12,0.2916666666666667,0.5,0.9477049563749712,0.9477049363851142
DRegular,8,3,,9,13,0.2916666666666667,0.5,0.9477049553216146,0.9477049586459726
DRegular,8,3,,9,14,0.2916666666666667,0.0,0.9403179569943144,0.9477049476865381
DRegular,8,3,,9,15,0.4375,-0.75,0.9999999999404499,0.9999999995354223
DRegular,8,3,,9,16,0.2916666666666667,0.5,0.9379144188017962,0.9379144385078851
DRegular,8,3,,9,17,0.2916666666666667,0.0,0.9403179578931923,0.9449265460514038
DRegular,8,3,,9,18,0.2916666666666667,0.5,0.45892672795720485,0.926148086083598
DRegular,8,3,,9,19,0.2916666666666667,0.5,0.7753433463235684,0.9090762211658522
DRegular,8,3,,10,0,0.2916666666666667,0.5,0.9522187171569024,0.9467357401409938
DRegular,8,3,,10,1,0.2916666666666667,0.5,0.9564855574987576,0.9467357494619185
DRegular,8,3,,10,2,0.2916666666666667,0.5,0.9561595626810252,0.9467357496276602
DRegular,8,3,,10,3,0.2916666666666667,0.5,0.9776546211172107,0.9776546044307497
DRegular,8,3,,10,4,0.2916666666666667,0.0,0.9467357324352991,0.954519554847603
DRegular,8,3,,10,5,0.2916666666666667,0.5,0.9491772717132491,0.9467357505610597
DRegular,8,3,,10,6,0.2916666666666667,0.5,0.9192068799569268,0.8689951778518131
DRegular,8,3,,10,7,0.2916666666666667,0.0,0.9467357401260504,0.946735756232039
DRegular,8,3,,10,8,0.2916666666666667,0.5,0.9126189865599884,0.8377278956873696
DRegular,8,3,,10,9,0.2916666666666667,0.0,0.9467357546593167,0.9467357418377266
DRegular,8,3,,10,10,0.2916666666666667,0.0,0.9728246499785068,0.6095523644918842
DRegular,8,3,,10,11,0.2916666666666667,0.5,0.6095523651147167,0.9850033366016421
DRegular,8,3,,10,12,0.2916666666666667,0.5,0.9467357536719904,0.946735736527489
DRegular,8,3,,10,13,0.2916666666666667,0.5,0.9467356984997702,0.946735758517776
DRegular,8,3,,10,14,0.2916666666666667,0.0,0.9318853311003363,0.9467357664265766
DRegular,8,3,,10,15,0.4375,-0.75,0.9999999999576059,0.9999999991591662
DRegular,8,3,,10,16,0.2916666666666667,0.5,0.9543208486078809,0.9543208453678794
DRegular,8,3,,10,17,0.2916666666666667,0.0,0.9357046302866734,0.9484146792764548
DRegular,8,3,,10,18,0.2916666666666667,0.5,0.8593753916028591,0.8909213009104321
DRegular,8,3,,10,19,0.2916666666666667,0.5,0.5050053714379229,0.919223357875185
DRegular,9,2,,1,0,0.4921875,0.875,0.6758706530701346,0.6463524590050962
DRegular,9,2,,1,1,0.4921875,1.0,0.6758706530701345,0.6463524590050962
DRegular,9,2,,1,2,0.4453125,1.0,0.6831277214132654,0.6941258491798699
DRegular,9,2,,1,3,0.3515625,0.375,0.6941258491798694,0.6941258491798699
DRegular,9,2,,1,4,0.4921875,1.0,0.6758706530701346,0.6463524590050962
DRegular,9,2,,1,5,0.3515625,0.75,0.6941258491798694,0.6941258491798699
DRegular,9,2,,1,6,0.3515625,0.375,0.6941258491798694,0.6941258491798696
DRegular,9,2,,1,7,0.3515625,0.375,0.6941258491798699,0.6941258491798699
DRegular,9,2,,1,8,0.4921875,1.0,0.6758706530701347,0.6463524590050962
DRegular,9,2,,1,9,0.4921875,0.75,0.6758706530701346,0.6463524590050963
DRegular,9,2,,1,10,0.4453125,1.0,0.6831277214132654,0.6941258491798699
DRegular,9,2,,1,11,0.4921875,1.0,0.6758706530701346,0.6463524590050962
DRegular,9,2,,1,12,0.3515625,0.375,0.6941258491798694,0.6941258491798699
DRegular,9,2,,1,13,0.3515625,0.75,0.6941258491798694,0.6941258491798696
DRegular,9,2,,1,14,0.3515625,0.375,0.6941258491798694,0.6941258491798699
DRegular,9,2,,1,15,0.4921875,1.0,0.6758706530701348,0.6463524590050962
DRegular,9,2,,1,16,0.3515625,0.375,0.6941258491798694,0.6941258491798699
DRegular,9,2,,1,17,0.3515625,0.75,0.6941258491798694,0.6941258491798696
DRegular,9,2,,1,18,0.3515625,0.375,0.6941258491798694,0.6941258491798699
DRegular,9,2,,1,19,0.4921875,0.75,0.6758706530701346,0.6463524590050962
DRegular,9,2,,2,0,0.4921875,0.875,0.7179250219874524,0.7081542354973231
DRegular,9,2,,2,1,0.4921875,1.0,0.7179250219874524,0.7081542354973234
DRegular,9,2,,2,2,0.4453125,1.0,0.6552498665257924,0.8266240161660601
DRegular,9,2,,2,3,0.3515625,0.375,0.7899501276763703,0.7899501276763703
DRegular,9,2,,2,4,0.4921875,1.0,0.7179250219874524,0.7081542354973237
DRegular,9,2,,2,5,0.3515625,0.75,0.7899501276763704,0.7899501276763703
DRegular,9,2,,2,6,0.3515625,0.375,0.7899501276763703,0.7899501276763707
DRegular,9,2,,2,7,0.3515625,0.375,0.7899501276763703,0.7899501276763703
DRegular,9,2,,2,8,0.4921875,1.0,0.7179250219874524,0.7081542354973234
DRegular,9,2,,2,9,0.4921875,0.75,0.717925021987452,0.7081542354973231
DRegular,9,2,,2,10,0.4453125,1.0,0.6552498665257924,0.826624016166062
DRegular,9,2,,2,11,0.4921875,1.0,0.717925021987452,0.7081542354973238
DRegular,9,2,,2,12,0.3515625,0.375,0.7899501276763703,0.7899501276763704
DRegular,9,2,,2,13,0.3515625,0.75,0.7899501276763703,0.7899501276763709
DRegular,9,2,,2,14,0.3515625,0.375,0.7899501276763703,0.7899501276763704
DRegular,9,2,,2,15,0.4921875,1.0,0.7179250219874523,0.7081542354973231
DRegular,9,2,,2,16,0.3515625,0.375,0.7899501276763703,0.7899501276763703
DRegular,9,2,,2,17,0.3515625,0.75,0.7899501276763703,0.7899501276763709
DRegular,9,2,,2,18,0.3515625,0.375,0.7899501276763703,0.7899501276763703
DRegular,9,2,,2,19,0.4921875,0.75,0.7179250219874524,0.7081542354973231
DRegular,9,2,,3,0,0.4921875,0.875,0.8070427580342152,0.8153119657719972
DRegular,9,2,,3,1,0.4921875,1.0,0.8070427580342153,0.8153119657719985
DRegular,9,2,,3,2,0.4453125,1.0,0.7523188996361095,0.9046462108730416
DRegular,9,2,,3,3,0.3515625,0.375,0.8778729144043059,0.8778729144043061
DRegular,9,2,,3,4,0.4921875,1.0,0.8070427580342169,0.8153119657719985
DRegular,9,2,,3,5,0.3515625,0.75,0.8778729144043068,0.8778729144043065
DRegular,9,2,,3,6,0.3515625,0.375,0.8778729144043057,0.8778729144043064
DRegular,9,2,,3,7,0.3515625,0.375,0.8778729144043059,0.8778729144043058
DRegular,9,2,,3,8,0.4921875,1.0,0.8070427580342164,0.8153119657719976
DRegular,9,2,,3,9,0.4921875,0.75,0.8070427580342155,0.8153119657719983
DRegular,9,2,,3,10,0.4453125,1.0,0.7523188996361094,0.904646210873042
DRegular,9,2,,3,11,0.4921875,1.0,0.8070427580342147,0.8153119657719984
DRegular,9,2,,3,12,0.3515625,0.375,0.8778729144043064,0.8778729144043067
DRegular,9,2,,3,13,0.3515625,0.75,0.8778729144043061,0.877872914404307
DRegular,9,2,,3,14,0.3515625,0.375,0.877872914404306,0.8778729144043061
DRegular,9,2,,3,15,0.4921875,1.0,0.8070427580342157,0.8153119657719976
DRegular,9,2,,3,16,0.3515625,0.375,0.8778729144043065,0.8778729144043067
DRegular,9,2,,3,17,0.3515625,0.75,0.8778729144043057,0.8778729144043064
DRegular,9,2,,3,18,0.3515625,0.375,0.8778729144043061,0.8778729144043058
DRegular,9,2,,3,19,0.4921875,0.75,0.8070427580342154,0.8153119657719977
DRegular,9,2,,4,0,0.4921875,0.875,0.8749175658463368,0.8822675161070094
DRegular,9,2,,4,1,0.4921875,1.0,0.8749175658463356,0.8822675161070074
DRegular,9,2,,4,2,0.4453125,1.0,0.709858014944956,0.912613759120769
DRegular,9,2,,4,3,0.3515625,0.375,0.9062870697035809,0.9062870697035802
DRegular,9,2,,4,4,0.4921875,1.0,0.8749175658463362,0.8822675161070085
DRegular,9,2,,4,5,0.3515625,0.75,0.906287069703582,0.9062870697035798
DRegular,9,2,,4,6,0.3515625,0.375,0.9062870697035785,0.9062870697035775
DRegular,9,2,,4,7,0.3515625,0.375,0.9062870697035793,0.9062870697035792
DRegular,9,2,,4,8,0.4921875,1.0,0.8749175658463346,0.8822675161070066
DRegular,9,2,,4,9,0.4921875,0.75,0.8749175658463356,0.882267516107008
DRegular,9,2,,4,10,0.4453125,1.0,0.7098580149449556,0.9126137591207681
DRegular,9,2,,4,11,0.4921875,1.0,0.8749175658463336,0.8822675161070062
DRegular,9,2,,4,12,0.3515625,0.375,0.9062870697035788,0.9062870697035771
DRegular,9,2,,4,13,0.3515625,0.75,0.9062870697035793,0.9062870697035765
DRegular,9,2,,4,14,0.3515625,0.375,0.9062870697035765,0.9062870697035831
DRegular,9,2,,4,15,0.4921875,1.0,0.8749175658463346,0.8822675161070064
DRegular,9,2,,4,16,0.3515625,0.375,0.9062870697035809,0.9062870697035786
DRegular,9,2,,4,17,0.3515625,0.75,0.9062870697035824,0.9062870697035819
DRegular,9,2,,4,18,0.3515625,0.375,0.9062870697035816,0.9062870697035807
DRegular,9,2,,4,19,0.4921875,0.75,0.8749175658463334,0.8822675161070075
DRegular,9,2,,5,0,0.4921875,0.875,0.9436428677617843,0.9533679932329789
DRegular,9,2,,5,1,0.4921875,1.0,0.9436428677617834,0.9533679932329818
DRegular,9,2,,5,2,0.4453125,1.0,0.7605505521191345,0.9599095469827367
DRegular,9,2,,5,3,0.3515625,0.375,0.9547018242524644,0.9547018242524639
DRegular,9,2,,5,4,0.4921875,1.0,0.9436428677617854,0.9533679932329832
DRegular,9,2,,5,5,0.3515625,0.75,0.9547018242524639,0.9547018242524635
DRegular,9,2,,5,6,0.3515625,0.375,0.9547018242524619,0.9547018242524622
DRegular,9,2,,5,7,0.3515625,0.375,0.9547018242524634,0.9547018242524625
DRegular,9,2,,5,8,0.4921875,1.0,0.9436428677617842,0.9533679932329785
DRegular,9,2,,5,9,0.4921875,0.75,0.9436428677617836,0.9533679932329812
DRegular,9,2,,5,10,0.4453125,1.0,0.7605505521191356,0.9599095469827367
DRegular,9,2,,5,11,0.4921875,1.0,0.9436428677617855,0.9533679932329794
DRegular,9,2,,5,12,0.3515625,0.375,0.9547018242524627,0.9547018242524613
DRegular,9,2,,5,13,0.3515625,0.75,0.9547018242524636,0.9547018242524629
DRegular,9,2,,5,14,0.3515625,0.375,0.9547018242524656,0.9547018242524619
DRegular,9,2,,5,15,0.4921875,1.0,0.9436428677617841,0.953367993232979
DRegular,9,2,,5,16,0.3515625,0.375,0.954701824252463,0.9547018242524641
DRegular,9,2,,5,17,0.3515625,0.75,0.9547018242524645,0.9547018242524613
DRegular,9,2,,5,18,0.3515625,0.375,0.9547018242524632,0.9547018242524655
DRegular,9,2,,5,19,0.4921875,0.75,0.9436428677617846,0.953367993232981
DRegular,9,2,,6,0,0.4921875,0.875,0.9522693623800681,0.9548835423094609
DRegular,9,2,,6,1,0.4921875,1.0,0.9522693623800669,0.9548835423094333
DRegular,9,2,,6,2,0.4453125,1.0,0.7998444223175573,0.9655244440705527
DRegular,9,2,,6,3,0.3515625,0.375,0.9871097620039367,0.9871097620209679
DRegular,9,2,,6,4,0.4921875,1.0,0.9522693623800672,0.9548835423094645
DRegular,9,2,,6,5,0.3515625,0.75,0.987109762002828,0.9871097620030308
DRegular,9,2,,6,6,0.3515625,0.375,0.9871097620034943,0.9871097620030953
DRegular,9,2,,6,7,0.3515625,0.375,0.9871097620021303,0.9871097620037005
DRegular,9,2,,6,8,0.4921875,1.0,0.9522693623800648,0.9548835423094322
DRegular,9,2,,6,9,0.4921875,0.75,0.9522693623800694,0.9548835423094637
DRegular,9,2,,6,10,0.4453125,1.0,0.7998444223175566,0.9655244440705522
DRegular,9,2,,6,11,0.4921875,1.0,0.9522693623800671,0.9548835423094402
DRegular,9,2,,6,12,0.3515625,0.375,0.9871097620030164,0.9871097620029639
DRegular,9,2,,6,13,0.3515625,0.75,0.9871097620023495,0.9871097620212052
DRegular,9,2,,6,14,0.3515625,0.375,0.987109762003426,0.9871097620019685
DRegular,9,2,,6,15,0.4921875,1.0,0.9522693623800687,0.9548835423094135
DRegular,9,2,,6,16,0.3515625,0.375,0.9871097620011962,0.9871097620022949
DRegular,9,2,,6,17,0.3515625,0.75,0.9871097620020737,0.9871097620028286
DRegular,9,2,,6,18,0.3515625,0.375,0.9871097620024512,0.987109762001448
DRegular,9,2,,6,19,0.4921875,0.75,0.9522693623800681,0.9548835423094632
DRegular,9,2,,7,0,0.4921875,0.875,0.948062019932957,0.9933445612246153
DRegular,9,2,,7,1,0.4921875,1.0,0.9480620199329556,0.9933445611294937
DRegular,9,2,,7,2,0.4453125,1.0,0.9416689988204221,0.9993762793238088
DRegular,9,2,,7,3,0.3515625,0.375,0.9966649078949467,0.9966649083926764
DRegular,9,2,,7,4,0.4921875,1.0,0.9480620199329569,0.9933445604286494
DRegular,9,2,,7,5,0.3515625,0.75,0.9966649077569905,0.9966649083824479
DRegular,9,2,,7,6,0.3515625,0.375,0.9966649066817661,0.9966649086563615
DRegular,9,2,,7,7,0.3515625,0.375,0.9966649078698162,0.9966649076773698
DRegular,9,2,,7,8,0.4921875,1.0,0.9480620199329556,0.9933445606174024
DRegular,9,2,,7,9,0.4921875,0.75,0.9480620199329542,0.9933445602974016
DRegular,9,2,,7,10,0.4453125,1.0,0.9416689988204247,0.9993763269343299
DRegular,9,2,,7,11,0.4921875,1.0,0.9480620199329542,0.9933445611165528
DRegular,9,2,,7,12,0.3515625,0.375,0.9966649083216508,0.9966649080501351
DRegular,9,2,,7,13,0.3515625,0.75,0.9966649072211582,0.9966649086347755
DRegular,9,2,,7,14,0.3515625,0.375,0.996664906981787,0.9966649080832887
DRegular,9,2,,7,15,0.4921875,1.0,0.9480620199329591,0.9933445614537244
DRegular,9,2,,7,16,0.3515625,0.375,0.9966649033435508,0.9966649082279031
DRegular,9,2,,7,17,0.3515625,0.75,0.9966649074983346,0.9966649078745216
DRegular,9,2,,7,18,0.3515625,0.375,0.9966649057258599,0.9966649070438606
DRegular,9,2,,7,19,0.4921875,0.75,0.9480620199329571,0.993344560328929
DRegular,9,2,,8,0,0.4921875,0.875,0.9988183868317176,0.9941626709361092
DRegular,9,2,,8,1,0.4921875,1.0,0.9988183687519439,0.99416266881172
DRegular,9,2,,8,2,0.4453125,1.0,0.9593905314215398,0.9986769058332683
DRegular,9,2,,8,3,0.3515625,0.375,0.9968727070569796,0.9968727073450102
DRegular,9,2,,8,4,0.4921875,1.0,0.9988183809203539,0.9941626697334922
DRegular,9,2,,8,5,0.3515625,0.75,0.9968727036866724,0.9968727074494952
DRegular,9,2,,8,6,0.3515625,0.375,0.9968727073506076,0.9968727063364461
DRegular,9,2,,8,7,0.3515625,0.375,0.9968727075010194,0.9968727015771817
DRegular,9,2,,8,8,0.4921875,1.0,0.9988183756582101,0.9941626707939799
DRegular,9,2,,8,9,0.4921875,0.75,0.9988183910404548,0.9941626709261313
DRegular,9,2,,8,10,0.4453125,1.0,0.9593905314212875,0.9986952103332967
DRegular,9,2,,8,11,0.4921875,1.0,0.9988183904186072,0.9941626702512639
DRegular,9,2,,8,12,0.3515625,0.375,0.9968727072971164,0.9968727072391363
DRegular,9,2,,8,13,0.3515625,0.75,0.9968727074087149,0.9968727052493062
DRegular,9,2,,8,14,0.3515625,0.375,0.9968727072304544,0.9968727065383755
DRegular,9,2,,8,15,0.4921875,1.0,0.9988183821254227,0.9941626704307864
DRegular,9,2,,8,16,0.3515625,0.375,0.9968727005263739,0.9968727060004595
DRegular,9,2,,8,17,0.3515625,0.75,0.996872704578962,0.99687270743879
DRegular,9,2,,8,18,0.3515625,0.375,0.9968727071556942,0.9968727066684788
DRegular,9,2,,8,19,0.4921875,0.75,0.9988183889629055,0.9941626705546303
DRegular,9,2,,9,0,0.4921875,0.875,0.9969845271194365,0.9999047926998142
DRegular,9,2,,9,1,0.4921875,1.0,0.9969845296168569,0.9999047597694934
DRegular,9,2,,9,2,0.4453125,1.0,0.9684273295578899,0.999951407236814
DRegular,9,2,,9,3,0.3515625,0.375,0.9986469467180137,0.9986469428975059
DRegular,9,2,,9,4,0.4921875,1.0,0.9969845095990297,0.999904733373718
DRegular,9,2,,9,5,0.3515625,0.75,0.9986469100147342,0.9986468991609733
DRegular,9,2,,9,6,0.3515625,0.375,0.9986469233095784,0.9986469139431516
DRegular,9,2,,9,7,0.3515625,0.375,0.9986469386439017,0.998646916409286
DRegular,9,2,,9,8,0.4921875,1.0,0.9969845236711035,0.9999047921087234
DRegular,9,2,,9,9,0.4921875,0.75,0.9969845309911692,0.9999047725974957
DRegular,9,2,,9,10,0.4453125,1.0,0.9684273297414576,0.9999513652760846
DRegular,9,2,,9,11,0.4921875,1.0,0.9969845264157062,0.9999047788184691
DRegular,9,2,,9,12,0.3515625,0.375,0.9986469322037114,0.9986469024646256
DRegular,9,2,,9,13,0.3515625,0.75,0.9986469080888458,0.9986468539734941
DRegular,9,2,,9,14,0.3515625,0.375,0.9986469102442231,0.9986468910463759
DRegular,9,2,,9,15,0.4921875,1.0,0.9969845301340561,0.9999047815268298
DRegular,9,2,,9,16,0.3515625,0.375,0.9986469409666558,0.9986469413473879
DRegular,9,2,,9,17,0.3515625,0.75,0.9986469428662837,0.9986468448391013
DRegular,9,2,,9,18,0.3515625,0.375,0.9986469426722852,0.9986469288954406
DRegular,9,2,,9,19,0.4921875,0.75,0.9969845175801688,0.9999047734299267
DRegular,9,2,,10,0,0.4921875,0.875,0.9742603970779814,0.9998699661153564
DRegular,9,2,,10,1,0.4921875,1.0,0.9742603979270309,0.9998699361712655
DRegular,9,2,,10,2,0.4453125,1.0,0.9842984224792569,0.9999853566969628
DRegular,9,2,,10,3,0.3515625,0.375,0.9995429048666064,0.9995429120324453
DRegular,9,2,,10,4,0.4921875,1.0,0.9742603998943407,0.9998699500982657
DRegular,9,2,,10,5,0.3515625,0.75,0.9995429072999229,0.9995428770078729
DRegular,9,2,,10,6,0.3515625,0.375,0.9995429152858973,0.9995429253441469
DRegular,9,2,,10,7,0.3515625,0.375,0.9995429229256607,0.9995427639817247
DRegular,9,2,,10,8,0.4921875,1.0,0.9742603955168498,0.999869949077998
DRegular,9,2,,10,9,0.4921875,0.75,0.9742603989622812,0.9998698645007154
DRegular,9,2,,10,10,0.4453125,1.0,0.9897176635856415,0.999832285950077
DRegular,9,2,,10,11,0.4921875,1.0,0.9742603975195303,0.9998699164512457
DRegular,9,2,,10,12,0.3515625,0.375,0.9995429308278431,0.9995427782281975
DRegular,9,2,,10,13,0.3515625,0.75,0.999542923502698,0.9995428352518889
DRegular,9,2,,10,14,0.3515625,0.375,0.9995429032839418,0.999542902866246
DRegular,9,2,,10,15,0.4921875,1.0,0.9742603992143689,0.9998699626565624
DRegular,9,2,,10,16,0.3515625,0.375,0.9995429276966603,0.9995428654228382
DRegular,9,2,,10,17,0.3515625,0.75,0.9995429105013304,0.9995428892256677
DRegular,9,2,,10,18,0.3515625,0.375,0.9995429323679474,0.9995429236215921
DRegular,9,2,,10,19,0.4921875,0.75,0.9742603908608702,0.9998699376871691
DRegular,10,2,,1,0,0.5,1.0,0.6534659776008459,0.6170007548265506
DRegular,10,2,,1,1,0.484375,1.0,0.7077485034110356,0.6865690365171884
DRegular,10,2,,1,2,0.390625,0.375,0.7226948595790361,0.7226948595790361
DRegular,10,2,,1,3,0.390625,0.375,0.7226948595790361,0.7226948595790361
DRegular,10,2,,1,4,0.390625,0.375,0.7226948595790361,0.7226948595790361
DRegular,10,2,,1,5,0.5,1.0,0.6534659776008462,0.6170007548265509
DRegular,10,2,,1,6,0.390625,0.0,0.722694859579036,0.7226948595790361
DRegular,10,2,,1,7,0.5,1.0,0.6534659776008456,0.6170007548265509
DRegular,10,2,,1,8,0.5,1.0,0.6534659776008458,0.6170007548265509
DRegular,10,2,,1,9,0.5,1.0,0.6534659776008458,0.6170007548265504
DRegular,10,2,,1,10,0.5,1.0,0.6534659776008462,0.6170007548265504
DRegular,10,2,,1,11,0.5,1.0,0.6534659776008457,0.6170007548265509
DRegular,10,2,,1,12,0.5,1.0,0.6534659776008463,0.6170007548265509
DRegular,10,2,,1,13,0.5,1.0,0.6534659776008457,0.6170007548265509
DRegular,10,2,,1,14,0.5,1.0,0.6534659776008458,0.6170007548265509
DRegular,10,2,,1,15,0.5,1.0,0.6534659776008459,0.6170007548265509
DRegular,10,2,,1,16,0.390625,0.375,0.722694859579037,0.7226948595790361
DRegular,10,2,,1,17,0.390625,0.375,0.722694859579037,0.7226948595790361
DRegular,10,2,,1,18,0.484375,0.75,0.7077485034110356,0.6865690365171884
DRegular,10,2,,1,19,0.5,1.0,0.6534659776008457,0.6170007548265507
DRegular,10,2,,2,0,0.5,1.0,0.8147711857542379,0.7021778912678851
DRegular,10,2,,2,1,0.484375,1.0,0.6285347496063829,0.7506345633703598
DRegular,10,2,,2,2,0.390625,0.375,0.7947440434164139,0.7947440434164138
DRegular,10,2,,2,3,0.390625,0.375,0.7947440434164139,0.7947440434164136
DRegular,10,2,,2,4,0.390625,0.375,0.7947440434164139,0.7947440434164138
DRegular,10,2,,2,5,0.5,1.0,0.813642444867608,0.6504915610792203
DRegular,10,2,,2,6,0.390625,0.0,0.7947440434164134,0.7947440434164138
DRegular,10,2,,2,7,0.5,1.0,0.8147711857542372,0.7021778912678847
DRegular,10,2,,2,8,0.5,1.0,0.8147711857542379,0.7021778912678847
DRegular,10,2,,2,9,0.5,1.0,0.8147711857542378,0.7021778912678851
DRegular,10,2,,2,10,0.5,1.0,0.813642444867608,0.6504915610792217
DRegular,10,2,,2,11,0.5,1.0,0.8147711857542387,0.7021778912678847
DRegular,10,2,,2,12,0.5,1.0,0.8136424448676072,0.6504915610792205
DRegular,10,2,,2,13,0.5,1.0,0.8147711857542376,0.7021778912678847
DRegular,10,2,,2,14,0.5,1.0,0.8147711857542378,0.7021778912678851
DRegular,10,2,,2,15,0.5,1.0,0.8147711857542381,0.7021778912678847
DRegular,10,2,,2,16,0.390625,0.375,0.7947440434164139,0.7947440434164137
DRegular,10,2,,2,17,0.390625,0.375,0.7947440434164134,0.7947440434164138
DRegular,10,2,,2,18,0.484375,0.75,0.6285347496063831,0.7506345633703598
DRegular,10,2,,2,19,0.5,1.0,0.8147711857542379,0.7021778912678853
DRegular,10,2,,3,0,0.5,1.0,0.9866571250176175,0.7803314794704945
DRegular,10,2,,3,1,0.484375,1.0,0.7777186753896859,0.9060461771176872
DRegular,10,2,,3,2,0.390625,0.375,0.8873919556499243,0.8873919556499243
DRegular,10,2,,3,3,0.390625,0.375,0.8873919556499238,0.8873919556499245
DRegular,10,2,,3,4,0.390625,0.375,0.8873919556499235,0.8873919556499259
DRegular,10,2,,3,5,0.5,1.0,0.9871484271543827,0.8854169095396168
DRegular,10,2,,3,6,0.390625,0.0,0.8873919556499236,0.8873919556499251
DRegular,10,2,,3,7,0.5,1.0,0.9866571250176192,0.7803314794704947
DRegular,10,2,,3,8,0.5,1.0,0.9866571250176186,0.7803314794704944
DRegular,10,2,,3,9,0.5,1.0,0.9866571250176213,0.7803314794704941
DRegular,10,2,,3,10,0.5,1.0,0.9871484271543821,0.8854169095396159
DRegular,10,2,,3,11,0.5,1.0,0.9866571250176195,0.7803314794704941
DRegular,10,2,,3,12,0.5,1.0,0.9871484271543831,0.8854169095396129
DRegular,10,2,,3,13,0.5,1.0,0.9866571250176184,0.7803314794704941
DRegular,10,2,,3,14,0.5,1.0,0.9866571250176193,0.7803314794704954
DRegular,10,2,,3,15,0.5,1.0,0.9866571250176209,0.7803314794704945
DRegular,10,2,,3,16,0.390625,0.375,0.8873919556499237,0.8873919556499249
DRegular,10,2,,3,17,0.390625,0.375,0.8873919556499236,0.8873919556499237
DRegular,10,2,,3,18,0.484375,0.75,0.7777186753896869,0.9060461771176888
DRegular,10,2,,3,19,0.5,1.0,0.9866571250176204,0.7803314794704942
DRegular,10,2,,4,0,0.5,1.0,0.9731235374917894,0.8056139758796149
DRegular,10,2,,4,1,0.484375,1.0,0.9336596256416239,0.9226840387351638
DRegular,10,2,,4,2,0.390625,0.375,0.9450960492314351,0.9450960492314345
DRegular,10,2,,4,3,0.390625,0.375,0.945096049231431,0.9450960492314344
DRegular,10,2,,4,4,0.390625,0.375,0.9450960492314322,0.9450960492314344
DRegular,10,2,,4,5,0.5,1.0,0.9752985912056029,0.9665824364111739
DRegular,10,2,,4,6,0.390625,0.0,0.9450960492314358,0.9450960492314351
DRegular,10,2,,4,7,0.5,1.0,0.9731235374917908,0.8056139758796157
DRegular,10,2,,4,8,0.5,1.0,0.9731235374917884,0.805613975879616
DRegular,10,2,,4,9,0.5,1.0,0.9731235374917899,0.805613975879617
DRegular,10,2,,4,10,0.5,1.0,0.9752985912056026,0.9665824364111731
DRegular,10,2,,4,11,0.5,1.0,0.9731235374917884,0.8056139758796149
DRegular,10,2,,4,12,0.5,1.0,0.9752985912056017,0.9665824364111725
DRegular,10,2,,4,13,0.5,1.0,0.9731235374917884,0.8056139758796161
DRegular,10,2,,4,14,0.5,1.0,0.9731235374917919,0.8056139758796139
DRegular,10,2,,4,15,0.5,1.0,0.9731235374917905,0.8056139758796135
DRegular,10,2,,4,16,0.390625,0.375,0.9450960492314331,0.9450960492314361
DRegular,10,2,,4,17,0.390625,0.375,0.9450960492314344,0.945096049231435
DRegular,10,2,,4,18,0.484375,0.75,0.933659625641626,0.9226840387351648
DRegular,10,2,,4,19,0.5,1.0,0.9731235374917888,0.8056139758796157
DRegular,10,2,,5,0,0.5,1.0,0.9999997999070427,0.8677647755068971
DRegular,10,2,,5,1,0.484375,1.0,0.8887164631278899,0.9924188322733656
DRegular,10,2,,5,2,0.390625,0.375,0.9751434809492715,0.9751434809487157
DRegular,10,2,,5,3,0.390625,0.375,0.9751434809480328,0.9751434809488357
DRegular,10,2,,5,4,0.390625,0.375,0.9751434809481939,0.9751434809487272
DRegular,10,2,,5,5,0.5,1.0,0.9999999816543301,0.9610045628031486
DRegular,10,2,,5,6,0.390625,0.0,0.9751434809490304,0.975143480948856
DRegular,10,2,,5,7,0.5,1.0,0.9999999989924078,0.8677647755068957
DRegular,10,2,,5,8,0.5,1.0,0.9999999377005855,0.8677647755068971
DRegular,10,2,,5,9,0.5,1.0,0.9999998427907592,0.8677647755068978
DRegular,10,2,,5,10,0.5,1.0,0.999860967225672,0.9610045628031438
DRegular,10,2,,5,11,0.5,1.0,0.9999999726531037,0.8677647755068971
DRegular,10,2,,5,12,0.5,1.0,0.9999999855212245,0.9610045628031468
DRegular,10,2,,5,13,0.5,1.0,0.9999997515874561,0.8677647755068998
DRegular,10,2,,5,14,0.5,1.0,0.9999998298805775,0.8677647755068978
DRegular,10,2,,5,15,0.5,1.0,0.9999997702226903,0.8677647755068998
DRegular,10,2,,5,16,0.390625,0.375,0.9751434809490808,0.9751434809489044
DRegular,10,2,,5,17,0.390625,0.375,0.9751434809492249,0.9751434809488764
DRegular,10,2,,5,18,0.484375,0.75,0.8887164631278863,0.9924188322733647
DRegular,10,2,,5,19,0.5,1.0,0.9999999924619534,0.8677647755068983
DRegular,10,2,,6,0,0.5,1.0,0.9999999244120966,0.9496581288638632
DRegular,10,2,,6,1,0.484375,1.0,0.9505975267307278,0.9966936808836915
DRegular,10,2,,6,2,0.390625,0.375,0.9932241467070541,0.9932241540841816
DRegular,10,2,,6,3,0.390625,0.375,0.9932241310655981,0.9932241485117782
DRegular,10,2,,6,4,0.390625,0.375,0.9932241519745045,0.9932241150702001
DRegular,10,2,,6,5,0.5,1.0,0.9999998553049938,0.987860990852702
DRegular,10,2,,6,6,0.390625,0.0,0.9932241522863008,0.9932241126097392
DRegular,10,2,,6,7,0.5,1.0,0.9998520193073098,0.9496581288638632
DRegular,10,2,,6,8,0.5,1.0,0.9996235871471997,0.9496581288638639
DRegular,10,2,,6,9,0.5,1.0,0.9999931941370157,0.9496581288638648
DRegular,10,2,,6,10,0.5,1.0,0.9905567506306948,0.9878609908527005
DRegular,10,2,,6,11,0.5,1.0,0.9996235725556886,0.9496581288638634
DRegular,10,2,,6,12,0.5,1.0,0.999999976202257,0.9878609908527002
DRegular,10,2,,6,13,0.5,1.0,0.999991643593976,0.9496581288638668
DRegular,10,2,,6,14,0.5,1.0,0.9997596669574002,0.9496581288638625
DRegular,10,2,,6,15,0.5,1.0,0.9997599679734644,0.9496581288638619
DRegular,10,2,,6,16,0.390625,0.375,0.9932241535903458,0.993224132044124
DRegular,10,2,,6,17,0.390625,0.375,0.9932241164103286,0.9932241114541144
DRegular,10,2,,6,18,0.484375,0.75,0.9505975267307322,0.9966936808837247
DRegular,10,2,,6,19,0.5,1.0,0.9998559432138517,0.9496581288638637
DRegular,10,2,,7,0,0.5,1.0,0.999768137560267,0.9747708059136576
DRegular,10,2,,7,1,0.484375,1.0,0.9785643199567737,0.9968090837484598
DRegular,10,2,,7,2,0.390625,0.375,0.9909107850472698,0.9909107886258945
DRegular,10,2,,7,3,0.390625,0.375,0.9909107609456116,0.990910786981408
DRegular,10,2,,7,4,0.390625,0.375,0.9909107871577473,0.9909107861774585
DRegular,10,2,,7,5,0.5,1.0,0.9985512008802871,0.9933529761986005
DRegular,10,2,,7,6,0.390625,0.0,0.9909107812840025,0.990910782728716
DRegular,10,2,,7,7,0.5,1.0,0.9999998994902157,0.9747708059136541
DRegular,10,2,,7,8,0.5,1.0,0.9999999801412557,0.9747708059136551
DRegular,10,2,,7,9,0.5,1.0,0.999965553813141,0.9747708059136533
DRegular,10,2,,7,10,0.5,1.0,0.9999999353508496,0.9933529761985984
DRegular,10,2,,7,11,0.5,1.0,0.9996397278727354,0.9747708059136526
DRegular,10,2,,7,12,0.5,1.0,0.9998899844402425,0.993352976198597
DRegular,10,2,,7,13,0.5,1.0,0.9999215969085548,0.9747708059136567
DRegular,10,2,,7,14,0.5,1.0,0.9999542042650876,0.9747708059136538
DRegular,10,2,,7,15,0.5,1.0,0.9999244835406564,0.9747708059136553
DRegular,10,2,,7,16,0.390625,0.375,0.9909107833341344,0.9909107852567531
DRegular,10,2,,7,17,0.390625,0.375,0.9909107829095098,0.9909107870926517
DRegular,10,2,,7,18,0.484375,0.75,0.9785643199567687,0.9968090783005179
DRegular,10,2,,7,19,0.5,1.0,0.9993259886393847,0.9747708059136576
DRegular,10,2,,8,0,0.5,1.0,0.9999786610576656,0.9934230988615791
DRegular,10,2,,8,1,0.484375,1.0,0.9810818665278553,0.9998043960200834
DRegular,10,2,,8,2,0.390625,0.375,0.9967766619469847,0.9967766617176949
DRegular,10,2,,8,3,0.390625,0.375,0.9967766584623604,0.9967766622668097
DRegular,10,2,,8,4,0.390625,0.375,0.9967766613913583,0.9967766584200304
DRegular,10,2,,8,5,0.5,1.0,0.9999993033448475,0.9951314971801762
DRegular,10,2,,8,6,0.390625,0.0,0.9967766536147156,0.996776662026957
DRegular,10,2,,8,7,0.5,1.0,0.9998844311787758,0.9934230988615791
DRegular,10,2,,8,8,0.5,1.0,0.9999990532080826,0.9934230988615781
DRegular,10,2,,8,9,0.5,1.0,0.9999998668988003,0.9934230988615788
DRegular,10,2,,8,10,0.5,1.0,0.9999997808991093,0.9951314971801747
DRegular,10,2,,8,11,0.5,1.0,0.9986998744195723,0.9934230988615823
DRegular,10,2,,8,12,0.5,1.0,0.9999892116993088,0.9951314971801792
DRegular,10,2,,8,13,0.5,1.0,0.9992399931139342,0.9934230988615799
DRegular,10,2,,8,14,0.5,1.0,0.9999999840030185,0.9934230988615799
DRegular,10,2,,8,15,0.5,1.0,0.9999050184914392,0.9934230988615782
DRegular,10,2,,8,16,0.390625,0.375,0.9967766315210543,0.9967766539950212
DRegular,10,2,,8,17,0.390625,0.375,0.9967766524672076,0.9967763918518133
DRegular,10,2,,8,18,0.484375,0.75,0.9810818665278669,0.9998044187620102
DRegular,10,2,,8,19,0.5,1.0,0.998315746820062,0.9934230988615772
DRegular,10,2,,9,0,0.5,1.0,0.99999890809593,0.9980516426817545
DRegular,10,2,,9,1,0.484375,1.0,0.9989659284022223,0.9999999897502047
DRegular,10,2,,9,2,0.390625,0.375,0.9241875521487282,0.9975745688738135
DRegular,10,2,,9,3,0.390625,0.375,0.9980091378961834,0.9986909227660236
DRegular,10,2,,9,4,0.390625,0.375,0.9982727074462167,0.9976548046284262
DRegular,10,2,,9,5,0.5,1.0,0.9994945346284165,0.9974493171054437
DRegular,10,2,,9,6,0.390625,0.0,0.9981111249889055,0.99947522052497
DRegular,10,2,,9,7,0.5,1.0,0.9999439718397293,0.9980516426817555
DRegular,10,2,,9,8,0.5,1.0,0.9999949821235632,0.9980516426817532
DRegular,10,2,,9,9,0.5,1.0,0.9999818095968085,0.998051642681757
DRegular,10,2,,9,10,0.5,1.0,0.9999990980480611,0.9974493171030904
DRegular,10,2,,9,11,0.5,1.0,0.9989795077574183,0.9980516426817561
DRegular,10,2,,9,12,0.5,1.0,0.9999965078497282,0.9974493171011571
DRegular,10,2,,9,13,0.5,1.0,0.9999990248003542,0.998051642681754
DRegular,10,2,,9,14,0.5,1.0,0.9999997424865088,0.998051642681759
DRegular,10,2,,9,15,0.5,1.0,0.999943262438209,0.9980516426817581
DRegular,10,2,,9,16,0.390625,0.375,0.9980091640539664,0.9982727928562448
DRegular,10,2,,9,17,0.390625,0.375,0.9971291397938828,0.9241875531673667
DRegular,10,2,,9,18,0.484375,0.75,0.9989659138177321,0.9999999958520132
DRegular,10,2,,9,19,0.5,1.0,0.9998846897606886,0.9980516426817555
DRegular,10,2,,10,0,0.5,1.0,0.9999950302186192,0.999566683627571
DRegular,10,2,,10,1,0.484375,1.0,0.999999240037065,0.9999999982181522
DRegular,10,2,,10,2,0.390625,0.375,0.9882983640835089,0.998941611928858
DRegular,10,2,,10,3,0.390625,0.375,0.9994492438049473,0.9992828757538915
DRegular,10,2,,10,4,0.390625,0.375,0.9622621572503132,0.9994570059515191
DRegular,10,2,,10,5,0.5,1.0,0.9999364028087371,0.9995554921011127
DRegular,10,2,,10,6,0.390625,0.0,0.9993360076873338,0.9995610777303439
DRegular,10,2,,10,7,0.5,1.0,0.9999996282186737,0.9995666924347976
DRegular,10,2,,10,8,0.5,1.0,0.9999951915078601,0.9995666731598603
DRegular,10,2,,10,9,0.5,1.0,0.9999990264065325,0.9995666945236511
DRegular,10,2,,10,10,0.5,1.0,0.9999972552492661,0.9995554780470165
DRegular,10,2,,10,11,0.5,1.0,0.9999821321418564,0.9995666890054725
DRegular,10,2,,10,12,0.5,1.0,0.999999555181257,0.9995554992633757
DRegular,10,2,,10,13,0.5,1.0,0.9999997438809458,0.9995666887075053
DRegular,10,2,,10,14,0.5,1.0,0.9999950903443467,0.9995666932142783
DRegular,10,2,,10,15,0.5,1.0,0.999934813745261,0.9995666343763666
DRegular,10,2,,10,16,0.390625,0.375,0.9994493029891184,0.9622621588031545
DRegular,10,2,,10,17,0.390625,0.375,0.999406462571794,0.9882983574353548
DRegular,10,2,,10,18,0.484375,0.75,0.9999995525223668,0.9999999941924809
DRegular,10,2,,10,19,0.5,1.0,0.9999979908692935,0.9995666948195927
DRegular,10,3,,1,0,0.2734375,0.0,0.4939841342028063,0.49398413420280607
DRegular,10,3,,1,1,0.2734375,0.375,0.48273654705927604,0.48273654705927627
DRegular,10,3,,1,2,0.2734375,0.0,0.5203791621230675,0.5203791621230661
DRegular,10,3,,1,3,0.2734375,0.0,0.5203791621230675,0.520379162123066
DRegular,10,3,,1,4,0.2734375,0.0,0.5357256811372202,0.5357256811372196
DRegular,10,3,,1,5,0.2734375,0.375,0.5357256811372202,0.5357256811372196
DRegular,10,3,,1,6,0.2734375,0.375,0.48273654705927593,0.48273654705927627
DRegular,10,3,,1,7,0.2734375,0.375,0.5065712819925949,0.506571281992595
DRegular,10,3,,1,8,0.2734375,0.375,0.5203791621230676,0.520379162123066
DRegular,10,3,,1,9,0.2734375,0.375,0.5357256811372202,0.5357256811372196
DRegular,10,3,,1,10,0.2734375,0.0,0.5065712819925952,0.5065712819925946
DRegular,10,3,,1,11,0.2734375,0.0,0.5357256811372202,0.5357256811372196
DRegular,10,3,,1,12,0.2734375,0.375,0.49411978167819626,0.4941197816781958
DRegular,10,3,,1,13,0.2734375,0.375,0.5065712819925949,0.5065712819925948
DRegular,10,3,,1,14,0.2734375,0.375,0.4826118404893529,0.48261184048935213
DRegular,10,3,,1,15,0.2734375,0.375,0.5203791621230676,0.520379162123067
DRegular,10,3,,1,16,0.2734375,0.0,0.5065712819925952,0.5065712819925948
DRegular,10,3,,1,17,0.2734375,0.0,0.5065712819925949,0.5065712819925946
DRegular,10,3,,1,18,0.2734375,0.75,0.5357256811372202,0.5357256811372196
DRegular,10,3,,1,19,0.2734375,0.375,0.5065712819925954,0.5065712819925949
DRegular,10,3,,2,0,0.2734375,0.0,0.5904884317376796,0.5904884317376798
DRegular,10,3,,2,1,0.2734375,0.375,0.5659087331427364,0.5659087331427353
DRegular,10,3,,2,2,0.2734375,0.0,0.6419881011213284,0.6419881011213304
DRegular,10,3,,2,3,0.2734375,0.0,0.6640126223087127,0.6640126223087133
DRegular,10,3,,2,4,0.2734375,0.0,0.675322712785483,0.6753227127854841
DRegular,10,3,,2,5,0.2734375,0.375,0.6753227127854848,0.6753227127854836
DRegular,10,3,,2,6,0.2734375,0.375,0.5659087331427357,0.565908733142735
DRegular,10,3,,2,7,0.2734375,0.375,0.6234002574960913,0.6234002574960915
DRegular,10,3,,2,8,0.2734375,0.375,0.6419881011213283,0.6419881011213299
DRegular,10,3,,2,9,0.2734375,0.375,0.6753227127854846,0.6753227127854841
DRegular,10,3,,2,10,0.2734375,0.0,0.6234002574960902,0.6234002574960915
DRegular,10,3,,2,11,0.2734375,0.0,0.6753227127854844,0.6753227127854841
DRegular,10,3,,2,12,0.2734375,0.375,0.5860002797812847,0.586000279781283
DRegular,10,3,,2,13,0.2734375,0.375,0.6234002574960904,0.6234002574960915
DRegular,10,3,,2,14,0.2734375,0.375,0.5522775619166274,0.5522775619166266
DRegular,10,3,,2,15,0.2734375,0.375,0.6640126223087126,0.6640126223087125
DRegular,10,3,,2,16,0.2734375,0.0,0.630961413957944,0.6309614139579455
DRegular,10,3,,2,17,0.2734375,0.0,0.6121485601188851,0.6121485601188871
DRegular,10,3,,2,18,0.2734375,0.75,0.6661954090268156,0.6661954090268153
DRegular,10,3,,2,19,0.2734375,0.375,0.6234002574960905,0.6234002574960916
DRegular,10,3,,3,0,0.2734375,0.0,0.6606195080291171,0.6606195080291212
DRegular,10,3,,3,1,0.2734375,0.375,0.662212647957725,0.6586262535322067
DRegular,10,3,,3,2,0.2734375,0.0,0.6968765098992199,0.6968765098992169
DRegular,10,3,,3,3,0.2734375,0.0,0.7068979763481605,0.7068979763481645
DRegular,10,3,,3,4,0.2734375,0.0,0.7222561556769287,0.7222561556769314
DRegular,10,3,,3,5,0.2734375,0.375,0.7222561556769296,0.722256155676929
DRegular,10,3,,3,6,0.2734375,0.375,0.6622126479233479,0.6622126479450238
DRegular,10,3,,3,7,0.2734375,0.375,0.6800114108771208,0.6800114108771205
DRegular,10,3,,3,8,0.2734375,0.375,0.696876509899218,0.6968765098992171
DRegular,10,3,,3,9,0.2734375,0.375,0.722256155676927,0.7222561556769295
DRegular,10,3,,3,10,0.2734375,0.0,0.6800114108771188,0.6800114108771187
DRegular,10,3,,3,11,0.2734375,0.0,0.7222561556769284,0.7222561556769311
DRegular,10,3,,3,12,0.2734375,0.375,0.6854598324437573,0.6854598324437571
DRegular,10,3,,3,13,0.2734375,0.375,0.6800114108771191,0.6800114108771192
DRegular,10,3,,3,14,0.2734375,0.375,0.6398340706923731,0.6398340706923726
DRegular,10,3,,3,15,0.2734375,0.375,0.7068979763481609,0.706897976348161
DRegular,10,3,,3,16,0.2734375,0.0,0.6823572894193913,0.6823572894193917
DRegular,10,3,,3,17,0.2734375,0.0,0.6595723743884199,0.6595723743771723
DRegular,10,3,,3,18,0.2734375,0.75,0.7166796607134566,0.7166796607119663
DRegular,10,3,,3,19,0.2734375,0.375,0.6800114108771198,0.6800114108771198
DRegular,10,3,,4,0,0.2734375,0.0,0.7041203958496711,0.7041203957282784
DRegular,10,3,,4,1,0.2734375,0.375,0.732477422758193,0.6476761740425171
DRegular,10,3,,4,2,0.2734375,0.0,0.7268751440504186,0.7268751440143153
DRegular,10,3,,4,3,0.2734375,0.0,0.8139970991153826,0.8139970993085605
DRegular,10,3,,4,4,0.2734375,0.0,0.8084032387053381,0.8084032387053396
DRegular,10,3,,4,5,0.2734375,0.375,0.8084032387053398,0.8084032387053373
DRegular,10,3,,4,6,0.2734375,0.375,0.7324774227579484,0.7324774227597309
DRegular,10,3,,4,7,0.2734375,0.375,0.5802535800395725,0.5802535800395725
DRegular,10,3,,4,8,0.2734375,0.375,0.726875144272902,0.7268751442393658
DRegular,10,3,,4,9,0.2734375,0.375,0.8084032387053388,0.8084032387053383
DRegular,10,3,,4,10,0.2734375,0.0,0.5802535800395705,0.5802535800395735
DRegular,10,3,,4,11,0.2734375,0.0,0.8084032387053409,0.8084032387053373
DRegular,10,3,,4,12,0.2734375,0.375,0.6875848384210381,0.6875848384210711
DRegular,10,3,,4,13,0.2734375,0.375,0.5802535800395743,0.5802535800395713
DRegular,10,3,,4,14,0.2734375,0.375,0.6115993097288651,0.611599309728878
DRegular,10,3,,4,15,0.2734375,0.375,0.8053684485637037,0.8053684485546303
DRegular,10,3,,4,16,0.2734375,0.0,0.7158326598140662,0.715832659814067
DRegular,10,3,,4,17,0.2734375,0.0,0.6952808638861198,0.6952808638912773
DRegular,10,3,,4,18,0.2734375,0.75,0.7509786064342374,0.7509786064074297
DRegular,10,3,,4,19,0.2734375,0.375,0.5802535800395734,0.5802535800395723
DRegular,10,3,,5,0,0.2734375,0.0,0.7075038325264305,0.7075038323890388
DRegular,10,3,,5,1,0.2734375,0.375,0.7404200868404591,0.7527636037926111
DRegular,10,3,,5,2,0.2734375,0.0,0.8307068441518967,0.8307068444995264
DRegular,10,3,,5,3,0.2734375,0.0,0.8565970849218951,0.8565970848306774
DRegular,10,3,,5,4,0.2734375,0.0,0.8724012328352813,0.8724012327890884
DRegular,10,3,,5,5,0.2734375,0.375,0.8724012327799637,0.8724012330623294
DRegular,10,3,,5,6,0.2734375,0.375,0.7404200861931496,0.7404200868674476
DRegular,10,3,,5,7,0.2734375,0.375,0.7115570157532711,0.7115570157532844
DRegular,10,3,,5,8,0.2734375,0.375,0.830706844210565,0.8307068446387619
DRegular,10,3,,5,9,0.2734375,0.375,0.8724012331591411,0.8724012318208338
DRegular,10,3,,5,10,0.2734375,0.0,0.7115570157532872,0.7115570157532727
DRegular,10,3,,5,11,0.2734375,0.0,0.8724012331090452,0.8724012330843811
DRegular,10,3,,5,12,0.2734375,0.375,0.6819511871178742,0.6819511869519009
DRegular,10,3,,5,13,0.2734375,0.375,0.7115570157532863,0.711557015753278
DRegular,10,3,,5,14,0.2734375,0.375,0.7287917505043471,0.7287917505044214
DRegular,10,3,,5,15,0.2734375,0.375,0.8285910657598463,0.8285910657576665
DRegular,10,3,,5,16,0.2734375,0.0,0.8292156760454548,0.8292156760454614
DRegular,10,3,,5,17,0.2734375,0.0,0.7847375260197991,0.7847375220193362
DRegular,10,3,,5,18,0.2734375,0.75,0.860536433007923,0.8605364329822378
DRegular,10,3,,5,19,0.2734375,0.375,0.7115570157532771,0.7115570157532791
DRegular,10,3,,6,0,0.2734375,0.0,0.7839578198401409,0.7839578204741883
DRegular,10,3,,6,1,0.2734375,0.375,0.757481752152457,0.6803651329005073
DRegular,10,3,,6,2,0.2734375,0.0,0.8362795339978304,0.8362795378400366
DRegular,10,3,,6,3,0.2734375,0.0,0.9223375431113696,0.9223375429684357
DRegular,10,3,,6,4,0.2734375,0.0,0.8196945287470154,0.8196945285670321
DRegular,10,3,,6,5,0.2734375,0.375,0.8196945285012491,0.819694528442404
DRegular,10,3,,6,6,0.2734375,0.375,0.7574817533872071,0.7574817573520559
DRegular,10,3,,6,7,0.2734375,0.375,0.8221824499356806,0.8221824522331223
DRegular,10,3,,6,8,0.2734375,0.375,0.8362795379230873,0.8362795378694625
DRegular,10,3,,6,9,0.2734375,0.375,0.8196945267959329,0.8196945291528258
DRegular,10,3,,6,10,0.2734375,0.0,0.8221824522299982,0.8221824515801163
DRegular,10,3,,6,11,0.2734375,0.0,0.8196945294473511,0.8196945292780455
DRegular,10,3,,6,12,0.2734375,0.375,0.7669894571366087,0.7669894579557448
DRegular,10,3,,6,13,0.2734375,0.375,0.8221824494453367,0.8221824490785177
DRegular,10,3,,6,14,0.2734375,0.375,0.7479685762081127,0.7479685830917626
DRegular,10,3,,6,15,0.2734375,0.375,0.8949693135274304,0.8949693133368835
DRegular,10,3,,6,16,0.2734375,0.0,0.8421448760227039,0.8421448758163572
DRegular,10,3,,6,17,0.2734375,0.0,0.7953374051046215,0.795337411286938
DRegular,10,3,,6,18,0.2734375,0.75,0.8612710265329104,0.8612710283730654
DRegular,10,3,,6,19,0.2734375,0.375,0.8221824497825739,0.8221824518439492
DRegular,10,3,,7,0,0.2734375,0.0,0.714253996993566,0.687471732675254
DRegular,10,3,,7,1,0.2734375,0.375,0.7778546688693525,0.5021457603235266
DRegular,10,3,,7,2,0.2734375,0.0,0.886172376408475,0.8861723753365016
DRegular,10,3,,7,3,0.2734375,0.0,0.9278735405793701,0.927873537102532
DRegular,10,3,,7,4,0.2734375,0.0,0.9110398024716326,0.9110398187480677
DRegular,10,3,,7,5,0.2734375,0.375,0.9110398153645998,0.911039817232822
DRegular,10,3,,7,6,0.2734375,0.375,0.7778546698345257,0.7778546671366707
DRegular,10,3,,7,7,0.2734375,0.375,0.8334174146891545,0.8334174131791812
DRegular,10,3,,7,8,0.2734375,0.375,0.886172375989045,0.8861723772950294
DRegular,10,3,,7,9,0.2734375,0.375,0.9110398169891922,0.9110398168614342
DRegular,10,3,,7,10,0.2734375,0.0,0.8334174154416959,0.8334174156964498
DRegular,10,3,,7,11,0.2734375,0.0,0.9110398165618381,0.9110398174370324
DRegular,10,3,,7,12,0.2734375,0.375,0.8024749240234925,0.8024749262089618
DRegular,10,3,,7,13,0.2734375,0.375,0.8334174148099035,0.8334174035075377
DRegular,10,3,,7,14,0.2734375,0.375,0.7677114998271045,0.7685193914290779
DRegular,10,3,,7,15,0.2734375,0.375,0.9249721233050661,0.9202801313008186
DRegular,10,3,,7,16,0.2734375,0.0,0.8427968868815721,0.8427968911853226
DRegular,10,3,,7,17,0.2734375,0.0,0.8229759902942017,0.8229759949381207
DRegular,10,3,,7,18,0.2734375,0.75,0.8913166025073469,0.8869822923756181
DRegular,10,3,,7,19,0.2734375,0.375,0.8334174135111455,0.8334174121818624
DRegular,10,3,,8,0,0.2734375,0.0,0.7905903164120718,0.8190740737511412
DRegular,10,3,,8,1,0.2734375,0.375,0.7347298037082924,0.7974245942736206
DRegular,10,3,,8,2,0.2734375,0.0,0.8898988666752596,0.8920299531600571
DRegular,10,3,,8,3,0.2734375,0.0,0.9513917215977281,0.9234608878225181
DRegular,10,3,,8,4,0.2734375,0.0,0.8908614380627677,0.8908614309808958
DRegular,10,3,,8,5,0.2734375,0.375,0.8908614381283528,0.8908614364267662
DRegular,10,3,,8,6,0.2734375,0.375,0.7347298036878389,0.7347298043937005
DRegular,10,3,,8,7,0.2734375,0.375,0.8239166010256241,0.8239166022018212
DRegular,10,3,,8,8,0.2734375,0.375,0.8889372054928988,0.8898988572573174
DRegular,10,3,,8,9,0.2734375,0.375,0.8908614406451645,0.8908614266243438
DRegular,10,3,,8,10,0.2734375,0.0,0.8239166049452677,0.8239165922110345
DRegular,10,3,,8,11,0.2734375,0.0,0.890861438596861,0.8908614407532165
DRegular,10,3,,8,12,0.2734375,0.375,0.7864920184806719,0.7959067695105445
DRegular,10,3,,8,13,0.2734375,0.375,0.8239165891699752,0.8373854722786639
DRegular,10,3,,8,14,0.2734375,0.375,0.7681899960022243,0.768882956477134
DRegular,10,3,,8,15,0.2734375,0.375,0.9425969711333584,0.9230719218786938
DRegular,10,3,,8,16,0.2734375,0.0,0.8061170612327379,0.8650472844706745
DRegular,10,3,,8,17,0.2734375,0.0,0.8202246554195965,0.8305682397035482
DRegular,10,3,,8,18,0.2734375,0.75,0.8951282398279294,0.8842543431515617
DRegular,10,3,,8,19,0.2734375,0.375,0.8239166011642285,0.8239165964696022
DRegular,10,3,,9,0,0.2734375,0.0,0.8518914086055784,0.8756238105146115
DRegular,10,3,,9,1,0.2734375,0.375,0.8001865475908239,0.8028574813347429
DRegular,10,3,,9,2,0.2734375,0.0,0.8887882450984741,0.9001158580210029
DRegular,10,3,,9,3,0.2734375,0.0,0.960419714797581,0.930007682733816
DRegular,10,3,,9,4,0.2734375,0.0,0.9486977346769982,0.9486977494082403
DRegular,10,3,,9,5,0.2734375,0.375,0.948438765590732,0.9486977523190772
DRegular,10,3,,9,6,0.2734375,0.375,0.8063809601294962,0.8026722989649627
DRegular,10,3,,9,7,0.2734375,0.375,0.896583703605125,0.8905074520943259
DRegular,10,3,,9,8,0.2734375,0.375,0.9069257492432108,0.8887882491755428
DRegular,10,3,,9,9,0.2734375,0.375,0.948438713156617,0.9518319997381028
DRegular,10,3,,9,10,0.2734375,0.0,0.8776657981986098,0.8905074629672634
DRegular,10,3,,9,11,0.2734375,0.0,0.948697751344225,0.9486977453880752
DRegular,10,3,,9,12,0.2734375,0.375,0.7946836531921492,0.8046625811879201
DRegular,10,3,,9,13,0.2734375,0.375,0.8774499120067558,0.8915501221965672
DRegular,10,3,,9,14,0.2734375,0.375,0.7763640579477603,0.7695037791358387
DRegular,10,3,,9,15,0.2734375,0.375,0.9534302187278898,0.9546328307661893
DRegular,10,3,,9,16,0.2734375,0.0,0.9380305051498219,0.9252802214842968
DRegular,10,3,,9,17,0.2734375,0.0,0.8422461764188214,0.8555452946129525
DRegular,10,3,,9,18,0.2734375,0.75,0.9093769813024957,0.9042230284460828
DRegular,10,3,,9,19,0.2734375,0.375,0.8905074522771579,0.8906389611570693
DRegular,10,3,,10,0,0.2734375,0.0,0.8836313779241265,0.9041031543325895
DRegular,10,3,,10,1,0.2734375,0.375,0.8061254273215637,0.7987045471121609
DRegular,10,3,,10,2,0.2734375,0.0,0.926964810246296,0.9267471393537801
DRegular,10,3,,10,3,0.2734375,0.0,0.948141024224302,0.9633644485538613
DRegular,10,3,,10,4,0.2734375,0.0,0.9330140333036034,0.9330139808261135
DRegular,10,3,,10,5,0.2734375,0.375,0.9540781349822924,0.9330140368290738
DRegular,10,3,,10,6,0.2734375,0.375,0.8000933250600785,0.8062148304901737
DRegular,10,3,,10,7,0.2734375,0.375,0.9047596246257541,0.8963666196311622
DRegular,10,3,,10,8,0.2734375,0.375,0.9132735340999041,0.9256331915278855
DRegular,10,3,,10,9,0.2734375,0.375,0.9540781214794127,0.9383151958652844
DRegular,10,3,,10,10,0.2734375,0.0,0.8252929933261793,0.9113692088647347
DRegular,10,3,,10,11,0.2734375,0.0,0.9330140339957191,0.9330140260665505
DRegular,10,3,,10,12,0.2734375,0.375,0.821571981965274,0.8175169457285841
DRegular,10,3,,10,13,0.2734375,0.375,0.8937785493059336,0.899461916788193
DRegular,10,3,,10,14,0.2734375,0.375,0.7867476516620472,0.7784560542709419
DRegular,10,3,,10,15,0.2734375,0.375,0.9466159699116399,0.947290009372211
DRegular,10,3,,10,16,0.2734375,0.0,0.9353921466540434,0.9623972499878131
DRegular,10,3,,10,17,0.2734375,0.0,0.8509498025851081,0.8706768622579857
DRegular,10,3,,10,18,0.2734375,0.75,0.8905382301380662,0.9318767257696619
DRegular,10,3,,10,19,0.2734375,0.375,0.8963666228542728,0.9167852972642083
DRegular,11,2,,1,0,0.49375,1.0,0.6703214630883386,0.6393275817735716
DRegular,11,2,,1,1,0.49375,1.0,0.6703214630883385,0.6393275817735716
DRegular,11,2,,1,2,0.34375,0.3,0.6787008303092056,0.6787008303092061
DRegular,11,2,,1,3,0.49375,1.0,0.6703214630883385,0.6393275817735716
DRegular,11,2,,1,4,0.4296875,0.75,0.7616844783511776,0.7616844783511787
DRegular,11,2,,1,5,0.49375,0.8,0.6703214630883385,0.6393275817735716
DRegular,11,2,,1,6,0.49375,1.0,0.6703214630883386,0.6393275817735716
DRegular,11,2,,1,7,0.34375,0.6,0.6787008303092057,0.6787008303092059
DRegular,11,2,,1,8,0.49375,0.8,0.6703214630883385,0.6393275817735716
DRegular,11,2,,1,9,0.49375,0.9,0.6703214630883386,0.6393275817735717
DRegular,11,2,,1,10,0.34375,0.3,0.6787008303092057,0.6787008303092061
DRegular,11,2,,1,11,0.34375,0.3,0.6787008303092057,0.678700830309206
DRegular,11,2,,1,12,0.34375,0.6,0.6787008303092057,0.6787008303092057
DRegular,11,2,,1,13,0.49375,1.0,0.6703214630883385,0.6393275817735716
DRegular,11,2,,1,14,0.49375,1.0,0.6703214630883386,0.6393275817735716
DRegular,11,2,,1,15,0.45625,1.0,0.670141293523671,0.6787008303092061
DRegular,11,2,,1,16,0.4296875,0.75,0.7616844783511776,0.7616844783511787
DRegular,11,2,,1,17,0.34375,0.6,0.6787008303092057,0.678700830309206
DRegular,11,2,,1,18,0.41875,0.8,0.667773092431314,0.6787008303092059
DRegular,11,2,,1,19,0.34375,0.6,0.6787008303092057,0.6787008303092061
DRegular,11,2,,2,0,0.49375,1.0,0.7283034555421443,0.7710560192530299
DRegular,11,2,,2,1,0.49375,1.0,0.7284437757597066,0.7052340132238138
DRegular,11,2,,2,2,0.34375,0.3,0.7723956803946732,0.7723956803946732
DRegular,11,2,,2,3,0.49375,1.0,0.7283034555421437,0.7710560192530278
DRegular,11,2,,2,4,0.4296875,0.75,0.8146182452280339,0.814618245228033
DRegular,11,2,,2,5,0.49375,0.8,0.7284437757597066,0.7052340132238138
DRegular,11,2,,2,6,0.49375,1.0,0.7284437757597072,0.7052340132238138
DRegular,11,2,,2,7,0.34375,0.6,0.7723956803946732,0.7723956803946738
DRegular,11,2,,2,8,0.49375,0.8,0.7284437757597071,0.7052340132238138
DRegular,11,2,,2,9,0.49375,0.9,0.7284437757597065,0.7052340132238138
DRegular,11,2,,2,10,0.34375,0.3,0.7723956803946732,0.7723956803946732
DRegular,11,2,,2,11,0.34375,0.3,0.7723956803946732,0.7723956803946732
DRegular,11,2,,2,12,0.34375,0.6,0.7723956803946732,0.7723956803946732
DRegular,11,2,,2,13,0.49375,1.0,0.7284437757597064,0.7052340132238138
DRegular,11,2,,2,14,0.49375,1.0,0.7284437757597065,0.7052340132238138
DRegular,11,2,,2,15,0.45625,1.0,0.6281801435466722,0.7655330864128178
DRegular,11,2,,2,16,0.4296875,0.75,0.8146182452280338,0.8146182452280324
DRegular,11,2,,2,17,0.34375,0.6,0.7723956803946732,0.772395680394674
DRegular,11,2,,2,18,0.41875,0.8,0.6469776216944974,0.715297027612636
DRegular,11,2,,2,19,0.34375,0.6,0.7723956803946732,0.7723956803946732
DRegular,11,2,,3,0,0.49375,1.0,0.8803350680784051,0.9404712140218183
DRegular,11,2,,3,1,0.49375,1.0,0.8368255307981649,0.791705710714005
DRegular,11,2,,3,2,0.34375,0.3,0.8583646274175439,0.8583646274175443
DRegular,11,2,,3,3,0.49375,1.0,0.8803350680784021,0.9404712140218188
DRegular,11,2,,3,4,0.4296875,0.75,0.9660556882975895,0.9660556882975884
DRegular,11,2,,3,5,0.49375,0.8,0.8368255307981627,0.7917057107140046
DRegular,11,2,,3,6,0.49375,1.0,0.8368255307981641,0.7917057107140055
DRegular,11,2,,3,7,0.34375,0.6,0.8583646274175443,0.8583646274175445
DRegular,11,2,,3,8,0.49375,0.8,0.8368255307981622,0.7917057107140056
DRegular,11,2,,3,9,0.49375,0.9,0.8368255307981627,0.7917057107140051
DRegular,11,2,,3,10,0.34375,0.3,0.8583646274175443,0.8583646274175443
DRegular,11,2,,3,11,0.34375,0.3,0.8583646274175439,0.8583646274175436
DRegular,11,2,,3,12,0.34375,0.6,0.8583646274175443,0.8583646274175445
DRegular,11,2,,3,13,0.49375,1.0,0.8368255307981622,0.7917057107140045
DRegular,11,2,,3,14,0.49375,1.0,0.836825530798162,0.7917057107140035
DRegular,11,2,,3,15,0.45625,1.0,0.7185972750672509,0.8295635678728118
DRegular,11,2,,3,16,0.4296875,0.75,0.966055688297587,0.9660556882975887
DRegular,11,2,,3,17,0.34375,0.6,0.8583646274175439,0.8583646274175445
DRegular,11,2,,3,18,0.41875,0.8,0.746621623339558,0.901780697997431
DRegular,11,2,,3,19,0.34375,0.6,0.8583646274175443,0.8583646274175439
DRegular,11,2,,4,0,0.49375,1.0,0.9284637079052466,0.9468471401048465
DRegular,11,2,,4,1,0.49375,1.0,0.8424410434155425,0.845842399925635
DRegular,11,2,,4,2,0.34375,0.3,0.8861753734675772,0.8861753734675771
DRegular,11,2,,4,3,0.49375,1.0,0.9284637079052466,0.946847140104845
DRegular,11,2,,4,4,0.4296875,0.75,0.959617071305947,0.959617071305948
DRegular,11,2,,4,5,0.49375,0.8,0.842441043415542,0.8458423999256357
DRegular,11,2,,4,6,0.49375,1.0,0.8424410434155403,0.8458423999256345
DRegular,11,2,,4,7,0.34375,0.6,0.8861753734675769,0.886175373467578
DRegular,11,2,,4,8,0.49375,0.8,0.8424410434155435,0.8458423999256326
DRegular,11,2,,4,9,0.49375,0.9,0.8424410434155419,0.8458423999256336
DRegular,11,2,,4,10,0.34375,0.3,0.8861753734675762,0.886175373467578
DRegular,11,2,,4,11,0.34375,0.3,0.8861753734675787,0.8861753734675762
DRegular,11,2,,4,12,0.34375,0.6,0.8861753734675799,0.8861753734675766
DRegular,11,2,,4,13,0.49375,1.0,0.8424410434155417,0.8458423999256321
DRegular,11,2,,4,14,0.49375,1.0,0.8424410434155434,0.8458423999256361
DRegular,11,2,,4,15,0.45625,1.0,0.8041666325662437,0.8955138571490954
DRegular,11,2,,4,16,0.4296875,0.75,0.9596170713059514,0.9596170713059466
DRegular,11,2,,4,17,0.34375,0.6,0.8861753734675748,0.886175373467578
DRegular,11,2,,4,18,0.41875,0.8,0.8296209428300372,0.9522894271508713
DRegular,11,2,,4,19,0.34375,0.6,0.8861753734675762,0.8861753734675771
DRegular,11,2,,5,0,0.49375,1.0,0.880039092999842,0.9936736010939334
DRegular,11,2,,5,1,0.49375,1.0,0.8887052395793613,0.8605054458050834
DRegular,11,2,,5,2,0.34375,0.3,0.9481461023781144,0.948146102378115
DRegular,11,2,,5,3,0.49375,1.0,0.8800390929998411,0.9936736010939313
DRegular,11,2,,5,4,0.4296875,0.75,0.9550958349962713,0.9550958349962684
DRegular,11,2,,5,5,0.49375,0.8,0.8887052395793535,0.8605054458050141
DRegular,11,2,,5,6,0.49375,1.0,0.8887052395793484,0.860505445805033
DRegular,11,2,,5,7,0.34375,0.6,0.9481461023781179,0.948146102378115
DRegular,11,2,,5,8,0.49375,0.8,0.8887052395793631,0.8605054458045377
DRegular,11,2,,5,9,0.49375,0.9,0.8887052395793578,0.8605054458048966
DRegular,11,2,,5,10,0.34375,0.3,0.9481461023781126,0.9481461023781158
DRegular,11,2,,5,11,0.34375,0.3,0.948146102378114,0.9481461023781156
DRegular,11,2,,5,12,0.34375,0.6,0.9481461023781137,0.9481461023781128
DRegular,11,2,,5,13,0.49375,1.0,0.8887052395793574,0.8605054458049228
DRegular,11,2,,5,14,0.49375,1.0,0.8887052395793639,0.860505445805058
DRegular,11,2,,5,15,0.45625,1.0,0.8969831863616529,0.9532881400639107
DRegular,11,2,,5,16,0.4296875,0.75,0.9550958349962709,0.9550958349962723
DRegular,11,2,,5,17,0.34375,0.6,0.9481461023781155,0.9481461023781156
DRegular,11,2,,5,18,0.41875,0.8,0.8744671713454688,0.9458848292621568
DRegular,11,2,,5,19,0.34375,0.6,0.9481461023781144,0.9481461023781165
DRegular,11,2,,6,0,0.49375,1.0,0.8926756022627795,0.9925430801119461
DRegular,11,2,,6,1,0.49375,1.0,0.9317039660570021,0.9389934931565055
DRegular,11,2,,6,2,0.34375,0.3,0.965561677462252,0.9655616774622493
DRegular,11,2,,6,3,0.49375,1.0,0.8926756022627778,0.9925430809262824
DRegular,11,2,,6,4,0.4296875,0.75,0.9942653227770508,0.9942653204529851
DRegular,11,2,,6,5,0.49375,0.8,0.93170396614516,0.938993493156512
DRegular,11,2,,6,6,0.49375,1.0,0.9317039661434354,0.93899349315651
DRegular,11,2,,6,7,0.34375,0.6,0.9655616774622514,0.9655616774622494
DRegular,11,2,,6,8,0.49375,0.8,0.9317039660449968,0.9389934931565722
DRegular,11,2,,6,9,0.49375,0.9,0.9317039660935009,0.9389934931565254
DRegular,11,2,,6,10,0.34375,0.3,0.965561677462253,0.9655616774622542
DRegular,11,2,,6,11,0.34375,0.3,0.9655616774622484,0.9655616774622533
DRegular,11,2,,6,12,0.34375,0.6,0.9655616774622491,0.9655616774622462
DRegular,11,2,,6,13,0.49375,1.0,0.9317039661189593,0.9389934931565256
DRegular,11,2,,6,14,0.49375,1.0,0.9317039660578275,0.9389934931565079
DRegular,11,2,,6,15,0.45625,1.0,0.9713995452428567,0.9803266036524094
DRegular,11,2,,6,16,0.4296875,0.75,0.9942653227375939,0.9942653224070549
DRegular,11,2,,6,17,0.34375,0.6,0.9655616774622441,0.9655616774622591
DRegular,11,2,,6,18,0.41875,0.8,0.8224160481411806,0.9745349363379535
DRegular,11,2,,6,19,0.34375,0.6,0.9655616774622514,0.9655616774622506
DRegular,11,2,,7,0,0.49375,1.0,0.9232923564351079,0.9987259986846257
DRegular,11,2,,7,1,0.49375,1.0,0.9605404701885281,0.960330612802571
DRegular,11,2,,7,2,0.34375,0.3,0.9896919787117373,0.9896919796317315
DRegular,11,2,,7,3,0.49375,1.0,0.9232923564351074,0.9987260106398788
DRegular,11,2,,7,4,0.4296875,0.75,0.998908895848084,0.9982139889717472
DRegular,11,2,,7,5,0.49375,0.8,0.9605404683911655,0.960330612806397
DRegular,11,2,,7,6,0.49375,1.0,0.9605404726629334,0.9603306128053853
DRegular,11,2,,7,7,0.34375,0.6,0.9896919803986404,0.9896919805206366
DRegular,11,2,,7,8,0.49375,0.8,0.9605404730516227,0.9603306128330138
DRegular,11,2,,7,9,0.49375,0.9,0.9605404674872812,0.9603306128128285
DRegular,11,2,,7,10,0.34375,0.3,0.9896919796367991,0.9896919799555025
DRegular,11,2,,7,11,0.34375,0.3,0.9896919795203288,0.9896919802222925
DRegular,11,2,,7,12,0.34375,0.6,0.9896919795381329,0.9896919801368298
DRegular,11,2,,7,13,0.49375,1.0,0.9605404709280254,0.9603306128114999
DRegular,11,2,,7,14,0.49375,1.0,0.9605404670192457,0.9603306128039945
DRegular,11,2,,7,15,0.45625,1.0,0.9592310914842475,0.9903256041497552
DRegular,11,2,,7,16,0.4296875,0.75,0.9989089119596481,0.9989088981561748
DRegular,11,2,,7,17,0.34375,0.6,0.9896919802959128,0.989691979954336
DRegular,11,2,,7,18,0.41875,0.8,0.8663798031648055,0.9087856014934921
DRegular,11,2,,7,19,0.34375,0.6,0.9896919794522973,0.9896919799153336
DRegular,11,2,,8,0,0.49375,1.0,0.9915068611864054,0.9990157870834683
DRegular,11,2,,8,1,0.49375,1.0,0.9794688234968465,0.987581855575597
DRegular,11,2,,8,2,0.34375,0.3,0.9911709287896254,0.9911709299525221
DRegular,11,2,,8,3,0.49375,1.0,0.9915068643746462,0.99999999918188
DRegular,11,2,,8,4,0.4296875,0.75,0.9994234760666619,0.972060227994252
DRegular,11,2,,8,5,0.49375,0.8,0.9970705086158856,0.9875818544861179
DRegular,11,2,,8,6,0.49375,1.0,0.997070553799564,0.9875818538621968
DRegular,11,2,,8,7,0.34375,0.6,0.9911709308358052,0.9911709103823843
DRegular,11,2,,8,8,0.49375,0.8,0.9900087456264348,0.9875818562606197
DRegular,11,2,,8,9,0.49375,0.9,0.9819826425038002,0.9875818550526183
DRegular,11,2,,8,10,0.34375,0.3,0.9911709291899143,0.9911708987495798
DRegular,11,2,,8,11,0.34375,0.3,0.991170926115891,0.9911709276205857
DRegular,11,2,,8,12,0.34375,0.6,0.9911709288344092,0.991170928538579
DRegular,11,2,,8,13,0.49375,1.0,0.9970705529192646,0.9875818545183318
DRegular,11,2,,8,14,0.49375,1.0,0.9819826609757722,0.9875818548642574
DRegular,11,2,,8,15,0.45625,1.0,0.9166669585570053,0.993690156797775
DRegular,11,2,,8,16,0.4296875,0.75,0.9994234808576079,0.9994234783630688
DRegular,11,2,,8,17,0.34375,0.6,0.9911709190095245,0.9911709239706236
DRegular,11,2,,8,18,0.41875,0.8,0.8731135177466328,0.9872373346377998
DRegular,11,2,,8,19,0.34375,0.6,0.9911709246752134,0.9911709281396568
DRegular,11,2,,9,0,0.49375,1.0,0.9975600005595091,0.9999968393071519
DRegular,11,2,,9,1,0.49375,1.0,0.9998779969407728,0.9927516733724395
DRegular,11,2,,9,2,0.34375,0.3,0.9963615249896393,0.9963615225512676
DRegular,11,2,,9,3,0.49375,1.0,0.9975600038110783,0.9999999948992494
DRegular,11,2,,9,4,0.4296875,0.75,0.9997208039707541,0.9997661782691738
DRegular,11,2,,9,5,0.49375,0.8,0.9989993124124361,0.9927516658291571
DRegular,11,2,,9,6,0.49375,1.0,0.9989994438337938,0.992751661474659
DRegular,11,2,,9,7,0.34375,0.6,0.996361508056436,0.996361530051705
DRegular,11,2,,9,8,0.49375,0.8,0.9959239509109986,0.9927516747915487
DRegular,11,2,,9,9,0.49375,0.9,0.9988208883804253,0.9927516748598535
DRegular,11,2,,9,10,0.34375,0.3,0.9963615205644004,0.9963615257600452
DRegular,11,2,,9,11,0.34375,0.3,0.9963614986987646,0.9963615311416776
DRegular,11,2,,9,12,0.34375,0.6,0.9963615267629355,0.9963615087974211
DRegular,11,2,,9,13,0.49375,1.0,0.998999142369436,0.9927516662320512
DRegular,11,2,,9,14,0.49375,1.0,0.998820893341964,0.9927516708822226
DRegular,11,2,,9,15,0.45625,1.0,0.9858151789118441,0.998746356098691
DRegular,11,2,,9,16,0.4296875,0.75,0.9968541056443042,0.9968541025714271
DRegular,11,2,,9,17,0.34375,0.6,0.996361524018042,0.9963615251348367
DRegular,11,2,,9,18,0.41875,0.8,0.9258952027417017,0.992111628800162
DRegular,11,2,,9,19,0.34375,0.6,0.9963615283071012,0.9963615296105802
DRegular,11,2,,10,0,0.49375,1.0,0.9999822642106679,0.9999999920630781
DRegular,11,2,,10,1,0.49375,1.0,0.9975516920516055,0.998249825257761
DRegular,11,2,,10,2,0.34375,0.3,0.9985651219976301,0.9985651081936803
DRegular,11,2,,10,3,0.49375,1.0,0.9999822725177021,0.9999999702747969
DRegular,11,2,,10,4,0.4296875,0.75,0.9978823779481765,0.9999959212472935
DRegular,11,2,,10,5,0.49375,0.8,0.9985042232887377,0.9982498090406029
DRegular,11,2,,10,6,0.49375,1.0,0.9985042024290454,0.9982497787089286
DRegular,11,2,,10,7,0.34375,0.6,0.9985642207121576,0.9985651092836416
DRegular,11,2,,10,8,0.49375,0.8,0.9994212393971436,0.9978618171000709
DRegular,11,2,,10,9,0.49375,0.9,0.998498254300529,0.9978619160262496
DRegular,11,2,,10,10,0.34375,0.3,0.9985651298279166,0.9985650690131169
DRegular,11,2,,10,11,0.34375,0.3,0.9985651079275222,0.9985650385708222
DRegular,11,2,,10,12,0.34375,0.6,0.9985651161723424,0.9985650853355381
DRegular,11,2,,10,13,0.49375,1.0,0.9985042234645075,0.9997081343275571
DRegular,11,2,,10,14,0.49375,1.0,0.9984982555495925,0.998249822313628
DRegular,11,2,,10,15,0.45625,1.0,0.9849079739927337,0.9982092386418147
DRegular,11,2,,10,16,0.4296875,0.75,0.9999998819425537,0.999999837984435
DRegular,11,2,,10,17,0.34375,0.6,0.9985649755881537,0.998565122888753
DRegular,11,2,,10,18,0.41875,0.8,0.9549712356326129,0.9965638716712363
DRegular,11,2,,10,19,0.34375,0.6,0.9985648684540817,0.9985649949632762
DRegular,12,2,,1,0,0.5,1.0,0.6534659776008463,0.6170007548265509
DRegular,12,2,,1,1,0.5,1.0,0.6534659776008457,0.6170007548265505
DRegular,12,2,,1,2,0.375,0.2,0.7404009057918606,0.7404009057918606
DRegular,12,2,,1,3,0.5,1.0,0.6534659776008463,0.6170007548265505
DRegular,12,2,,1,4,0.4875,0.8,0.6943702528014924,0.6696462735121271
DRegular,12,2,,1,5,0.375,0.5,0.7005757958798244,0.7005757958798257
DRegular,12,2,,1,6,0.5,1.0,0.6534659776008463,0.6170007548265505
DRegular,12,2,,1,7,0.5,1.0,0.6534659776008462,0.6170007548265505
DRegular,12,2,,1,8,0.375,0.5,0.7404009057918606,0.7404009057918606
DRegular,12,2,,1,9,0.375,0.8,0.7404009057918609,0.740400905791861
DRegular,12,2,,1,10,0.5,1.0,0.6534659776008457,0.6170007548265505
DRegular,12,2,,1,11,0.4875,1.0,0.6943702528014924,0.6696462735121264
DRegular,12,2,,1,12,0.45,0.8,0.7010949476438422,0.7005757958798255
DRegular,12,2,,1,13,0.4875,0.7,0.6943702528014924,0.6696462735121271
DRegular,12,2,,1,14,0.5,1.0,0.6534659776008463,0.6170007548265509
DRegular,12,2,,1,15,0.5,1.0,0.6534659776008462,0.6170007548265509
DRegular,12,2,,1,16,0.5,1.0,0.6534659776008457,0.6170007548265505
DRegular,12,2,,1,17,0.5,1.0,0.6534659776008463,0.6170007548265505
DRegular,12,2,,1,18,0.375,0.5,0.7005757958798244,0.7005757958798257
DRegular,12,2,,1,19,0.5,1.0,0.6534659776008463,0.6170007548265505
DRegular,12,2,,2,0,0.5,1.0,0.8138251934414148,0.6500934237511955
DRegular,12,2,,2,1,0.5,1.0,0.8147711857542372,0.7021778912678854
DRegular,12,2,,2,2,0.375,0.2,0.8356829709787951,0.835682970978796
DRegular,12,2,,2,3,0.5,1.0,0.8147711857542372,0.7021778912678845
DRegular,12,2,,2,4,0.4875,0.8,0.6175779643009823,0.7209547213377193
DRegular,12,2,,2,5,0.375,0.5,0.77479944515258,0.7747994451525788
DRegular,12,2,,2,6,0.5,1.0,0.8147711857542365,0.7021778912678847
DRegular,12,2,,2,7,0.5,1.0,0.8138251934414152,0.6500934237511956
DRegular,12,2,,2,8,0.375,0.5,0.8356829709787952,0.8356829709787957
DRegular,12,2,,2,9,0.375,0.8,0.8356829709787951,0.8356829709787957
DRegular,12,2,,2,10,0.5,1.0,0.814771185754238,0.7021778912678847
DRegular,12,2,,2,11,0.4875,1.0,0.6175779643009823,0.7209547213377194
DRegular,12,2,,2,12,0.45,0.8,0.6716511720624503,0.7958131021489641
DRegular,12,2,,2,13,0.4875,0.7,0.6175779643009822,0.7209547213377193
DRegular,12,2,,2,14,0.5,1.0,0.8138251934414154,0.6500934237511955
DRegular,12,2,,2,15,0.5,1.0,0.8147711857542381,0.7021778912678847
DRegular,12,2,,2,16,0.5,1.0,0.8147711857542359,0.7021778912678847
DRegular,12,2,,2,17,0.5,1.0,0.8147711857542381,0.7021778912678847
DRegular,12,2,,2,18,0.375,0.5,0.7747994451525795,0.7747994451525788
DRegular,12,2,,2,19,0.5,1.0,0.8147711857542358,0.7021778912678854
DRegular,12,2,,3,0,0.5,1.0,0.9870465949082118,0.8218290804572478
DRegular,12,2,,3,1,0.5,1.0,0.9866571250176185,0.7803314794704935
DRegular,12,2,,3,2,0.375,0.2,0.8995790535669492,0.8995790535669496
DRegular,12,2,,3,3,0.5,1.0,0.98665712501762,0.7803314794704944
DRegular,12,2,,3,4,0.4875,0.8,0.763403461025225,0.8211936603106093
DRegular,12,2,,3,5,0.375,0.5,0.8696575352387501,0.8696575352387509
DRegular,12,2,,3,6,0.5,1.0,0.9866571250176185,0.7803314794704944
DRegular,12,2,,3,7,0.5,1.0,0.9870465949082113,0.8218290804572459
DRegular,12,2,,3,8,0.375,0.5,0.8995790535669499,0.8995790535669483
DRegular,12,2,,3,9,0.375,0.8,0.8995790535669496,0.8995790535669477
DRegular,12,2,,3,10,0.5,1.0,0.9866571250176205,0.7803314794704946
DRegular,12,2,,3,11,0.4875,1.0,0.7634034610252239,0.8211936603106054
DRegular,12,2,,3,12,0.45,0.8,0.786648658699141,0.8913421243496922
DRegular,12,2,,3,13,0.4875,0.7,0.7634034610252238,0.8211936603106086
DRegular,12,2,,3,14,0.5,1.0,0.9870465949082124,0.8218290804572447
DRegular,12,2,,3,15,0.5,1.0,0.9866731723417258,0.8103462805597003
DRegular,12,2,,3,16,0.5,1.0,0.9866571250176205,0.7803314794704944
DRegular,12,2,,3,17,0.5,1.0,0.9866571250176203,0.780331479470494
DRegular,12,2,,3,18,0.375,0.5,0.8696575352387501,0.8696575352387516
DRegular,12,2,,3,19,0.5,1.0,0.9866571250176189,0.7803314794704947
DRegular,12,2,,4,0,0.5,1.0,0.9748462727315297,0.9131671531502864
DRegular,12,2,,4,1,0.5,1.0,0.9731235374917855,0.8056139758796169
DRegular,12,2,,4,2,0.375,0.2,0.9497422803512385,0.9497422803512408
DRegular,12,2,,4,3,0.5,1.0,0.9731235374917917,0.8056139758796164
DRegular,12,2,,4,4,0.4875,0.8,0.9421541564225568,0.8710311362751575
DRegular,12,2,,4,5,0.375,0.5,0.9261405291355317,0.9261405291355356
DRegular,12,2,,4,6,0.5,1.0,0.9731235374917883,0.8056139758796123
DRegular,12,2,,4,7,0.5,1.0,0.9748462727315327,0.9131671531502842
DRegular,12,2,,4,8,0.375,0.5,0.94974228035124,0.9497422803512418
DRegular,12,2,,4,9,0.375,0.8,0.9497422803512426,0.9497422803512396
DRegular,12,2,,4,10,0.5,1.0,0.973123537491789,0.8056139758796129
DRegular,12,2,,4,11,0.4875,1.0,0.9421541564225613,0.8710311362751586
DRegular,12,2,,4,12,0.45,0.8,0.8500067129997044,0.9110816473081883
DRegular,12,2,,4,13,0.4875,0.7,0.9421541564225585,0.8710311362751579
DRegular,12,2,,4,14,0.5,1.0,0.9748462727315337,0.9131671531502845
DRegular,12,2,,4,15,0.5,1.0,0.9732667635996833,0.9755806067160154
DRegular,12,2,,4,16,0.5,1.0,0.9731235374917874,0.8056139758796131
DRegular,12,2,,4,17,0.5,1.0,0.973123537491788,0.8056139758796181
DRegular,12,2,,4,18,0.375,0.5,0.926140529135532,0.9261405291355336
DRegular,12,2,,4,19,0.5,1.0,0.973123537491789,0.8056139758796169
DRegular,12,2,,5,0,0.5,1.0,0.999902793401554,0.8917701203785167
DRegular,12,2,,5,1,0.5,1.0,0.9999999852075102,0.8635180862448437
DRegular,12,2,,5,2,0.375,0.2,0.9865302824445792,0.9865302824445787
DRegular,12,2,,5,3,0.5,1.0,0.9999999959516458,0.8635180862448477
DRegular,12,2,,5,4,0.4875,0.8,0.9758642878772606,0.9370586646115292
DRegular,12,2,,5,5,0.375,0.5,0.9281438805137654,0.9281438803273254
DRegular,12,2,,5,6,0.5,1.0,0.9999999849604458,0.863518086244846
DRegular,12,2,,5,7,0.5,1.0,0.9999027933994863,0.8917701203785183
DRegular,12,2,,5,8,0.375,0.5,0.9865302824445827,0.9865302824445784
DRegular,12,2,,5,9,0.375,0.8,0.9865302824445802,0.986530282444581
DRegular,12,2,,5,10,0.5,1.0,0.9999999860855596,0.8635180862448498
DRegular,12,2,,5,11,0.4875,1.0,0.975864287877459,0.9370586646115335
DRegular,12,2,,5,12,0.45,0.8,0.8465126336159596,0.9759249808365347
DRegular,12,2,,5,13,0.4875,0.7,0.975864287877253,0.937058664611533
DRegular,12,2,,5,14,0.5,1.0,0.9999027934000199,0.8917701203785197
DRegular,12,2,,5,15,0.5,1.0,0.9999999967124477,0.9949818558336445
DRegular,12,2,,5,16,0.5,1.0,0.999999977215421,0.8635180862448456
DRegular,12,2,,5,17,0.5,1.0,0.9999999753705872,0.8635180862448487
DRegular,12,2,,5,18,0.375,0.5,0.9281438805127123,0.9281438805096499
DRegular,12,2,,5,19,0.5,1.0,0.999999983010723,0.8635180862448495
DRegular,12,2,,6,0,0.5,1.0,0.9999999148494534,0.9501772314212071
DRegular,12,2,,6,1,0.5,1.0,0.9776204796922309,0.8786240700620844
DRegular,12,2,,6,2,0.375,0.2,0.9802375790051627,0.9802375818396352
DRegular,12,2,,6,3,0.5,1.0,0.9999994712180457,0.878624070062084
DRegular,12,2,,6,4,0.4875,0.8,0.9089691998857816,0.9466827507682456
DRegular,12,2,,6,5,0.375,0.5,0.9556443877099461,0.9556443861453221
DRegular,12,2,,6,6,0.5,1.0,0.999999041655207,0.8786240700620839
DRegular,12,2,,6,7,0.5,1.0,0.9999999819859852,0.9501772314212117
DRegular,12,2,,6,8,0.375,0.5,0.9802375817728016,0.9802375817700858
DRegular,12,2,,6,9,0.375,0.8,0.980237581094405,0.9802375809537718
DRegular,12,2,,6,10,0.5,1.0,0.9776204887752772,0.8786240700620859
DRegular,12,2,,6,11,0.4875,1.0,0.9089691998855717,0.9466827507682396
DRegular,12,2,,6,12,0.45,0.8,0.9107194648229446,0.9471561075347431
DRegular,12,2,,6,13,0.4875,0.7,0.90896919988579,0.9466827507682403
DRegular,12,2,,6,14,0.5,1.0,0.9999999792668809,0.9501772314212076
DRegular,12,2,,6,15,0.5,1.0,0.9369705165629955,0.9997336606893095
DRegular,12,2,,6,16,0.5,1.0,0.9776204886812905,0.8786240700620827
DRegular,12,2,,6,17,0.5,1.0,0.977620464125363,0.8786240700620862
DRegular,12,2,,6,18,0.375,0.5,0.9556443882081951,0.9556443881704088
DRegular,12,2,,6,19,0.5,1.0,0.9999890696725658,0.8786240700620849
DRegular,12,2,,7,0,0.5,1.0,0.9984649844819393,0.9548004697239775
DRegular,12,2,,7,1,0.5,1.0,0.9986058696416172,0.9306145360697128
DRegular,12,2,,7,2,0.375,0.2,0.9889747355970571,0.9889747471972207
DRegular,12,2,,7,3,0.5,1.0,0.9999966583182385,0.9306145359248563
DRegular,12,2,,7,4,0.4875,0.8,0.9896355069887457,0.9922520393114269
DRegular,12,2,,7,5,0.375,0.5,0.9857906668932568,0.9857906716290659
DRegular,12,2,,7,6,0.5,1.0,0.9999988815148718,0.9306145362299004
DRegular,12,2,,7,7,0.5,1.0,0.9984649381723912,0.9548004730522122
DRegular,12,2,,7,8,0.375,0.5,0.988974742955857,0.9889747483018969
DRegular,12,2,,7,9,0.375,0.8,0.9889747375590285,0.9889747463378358
DRegular,12,2,,7,10,0.5,1.0,0.9986062083700498,0.930614536284749
DRegular,12,2,,7,11,0.4875,1.0,0.9896358777018228,0.992252037231202
DRegular,12,2,,7,12,0.45,0.8,0.8843008010629404,0.9887819119599703
DRegular,12,2,,7,13,0.4875,0.7,0.9896348267580379,0.9922520384240989
DRegular,12,2,,7,14,0.5,1.0,0.9984649487427597,0.9548004749784011
DRegular,12,2,,7,15,0.5,1.0,0.9783477845486416,0.9999772046914456
DRegular,12,2,,7,16,0.5,1.0,0.9986054209440828,0.9306145362651833
DRegular,12,2,,7,17,0.5,1.0,0.9986057644058696,0.9306145356876185
DRegular,12,2,,7,18,0.375,0.5,0.9857906721979794,0.9857906717741812
DRegular,12,2,,7,19,0.5,1.0,0.9999998643139599,0.9306145358335017
DRegular,12,2,,8,0,0.5,1.0,0.9999998815639105,0.9317326572311487
DRegular,12,2,,8,1,0.5,1.0,0.9995118379297452,0.9811855016145329
DRegular,12,2,,8,2,0.375,0.2,0.996621268241136,0.9939365922484795
DRegular,12,2,,8,3,0.5,1.0,0.9999988014432118,0.981185501615463
DRegular,12,2,,8,4,0.4875,0.8,0.9992209035873862,0.9813167810999592
DRegular,12,2,,8,5,0.375,0.5,0.9979879328200765,0.997127451878234
DRegular,12,2,,8,6,0.5,1.0,0.9999999654184767,0.9811855016148279
DRegular,12,2,,8,7,0.5,1.0,0.9999987255119241,0.9317326541613071
DRegular,12,2,,8,8,0.375,0.5,0.9939367987045813,0.999407076028716
DRegular,12,2,,8,9,0.375,0.8,0.9953900878576792,0.9994070748535592
DRegular,12,2,,8,10,0.5,1.0,0.9995120366282392,0.9811855016151626
DRegular,12,2,,8,11,0.4875,1.0,0.9992209095315566,0.981316773290654
DRegular,12,2,,8,12,0.45,0.8,0.9442196573230109,0.9413183960881633
DRegular,12,2,,8,13,0.4875,0.7,0.9992209112790246,0.9813167761146833
DRegular,12,2,,8,14,0.5,1.0,0.9999995613183708,0.9317326568885692
DRegular,12,2,,8,15,0.5,1.0,0.9968087112842635,0.9999999954073854
DRegular,12,2,,8,16,0.5,1.0,0.9991854204232453,0.9811855016149164
DRegular,12,2,,8,17,0.5,1.0,0.9995119496741373,0.9811855016147518
DRegular,12,2,,8,18,0.375,0.5,0.9971415932777564,0.9979879348386504
DRegular,12,2,,8,19,0.5,1.0,0.9998366286061994,0.9811855016154927
DRegular,12,2,,9,0,0.5,1.0,0.9999996180542544,0.969915672384687
DRegular,12,2,,9,1,0.5,1.0,0.9999999552213805,0.9879292051899999
DRegular,12,2,,9,2,0.375,0.2,0.9990576207950745,0.9947967085324407
DRegular,12,2,,9,3,0.5,1.0,0.999936360463288,0.9879292051867665
DRegular,12,2,,9,4,0.4875,0.8,0.9999367009844896,0.9982394286485763
DRegular,12,2,,9,5,0.375,0.5,0.9931727505957427,0.9980486431077246
DRegular,12,2,,9,6,0.5,1.0,0.9999964828964961,0.9879292051876534
DRegular,12,2,,9,7,0.5,1.0,0.999999019232842,0.9699156707424598
DRegular,12,2,,9,8,0.375,0.5,0.9970394499036341,0.9986167715517817
DRegular,12,2,,9,9,0.375,0.8,0.994188635714238,0.9986167619215698
DRegular,12,2,,9,10,0.5,1.0,0.9999987128131491,0.9879292051863523
DRegular,12,2,,9,11,0.4875,1.0,0.9997439454948905,0.9981421288197506
DRegular,12,2,,9,12,0.45,0.8,0.9779413266395387,0.9949082734584822
DRegular,12,2,,9,13,0.4875,0.7,0.9997482839572218,0.9992607193537248
DRegular,12,2,,9,14,0.5,1.0,0.9999993767417591,0.969915664258045
DRegular,12,2,,9,15,0.5,1.0,0.9994089063769711,0.9999996501643715
DRegular,12,2,,9,16,0.5,1.0,0.9999995152030805,0.9879292051902225
DRegular,12,2,,9,17,0.5,1.0,0.9999998034807337,0.9879292051891598
DRegular,12,2,,9,18,0.375,0.5,0.9848247689606812,0.9931727364546642
DRegular,12,2,,9,19,0.5,1.0,0.999999566626137,0.9879292051843057
DRegular,12,2,,10,0,0.5,1.0,0.9999997680681266,0.9835939479202737
DRegular,12,2,,10,1,0.5,1.0,0.9999995910851927,0.995753709723457
DRegular,12,2,,10,2,0.375,0.2,0.9989429279453009,0.9992827317526174
DRegular,12,2,,10,3,0.5,1.0,0.9999988211553098,0.9957537097234176
DRegular,12,2,,10,4,0.4875,0.8,0.999029197025331,0.9872749319446082
DRegular,12,2,,10,5,0.375,0.5,0.9789453384678859,0.9963322144862028
DRegular,12,2,,10,6,0.5,1.0,0.9999999932015435,0.9957537097234147
DRegular,12,2,,10,7,0.5,1.0,0.9999994763781043,0.9835939443421854
DRegular,12,2,,10,8,0.375,0.5,0.9362833996135329,0.999571040764418
DRegular,12,2,,10,9,0.375,0.8,0.9991969483387944,0.9995710541478742
DRegular,12,2,,10,10,0.5,1.0,0.9995157803170936,0.9957537097234117
DRegular,12,2,,10,11,0.4875,1.0,0.999774187438609,0.9994472783305769
DRegular,12,2,,10,12,0.45,0.8,0.9887822363436449,0.9948352322114256
DRegular,12,2,,10,13,0.4875,0.7,0.9183753384041289,0.9944909606507103
DRegular,12,2,,10,14,0.5,1.0,0.9999998368555582,0.9908643070824588
DRegular,12,2,,10,15,0.5,1.0,0.9999997557854398,0.9999986138329993
DRegular,12,2,,10,16,0.5,1.0,0.9999999577374562,0.9957537097234561
DRegular,12,2,,10,17,0.5,1.0,0.9999897502428926,0.9957537097234251
DRegular,12,2,,10,18,0.375,0.5,0.9977623826578934,0.9903130216410467
DRegular,12,2,,10,19,0.5,1.0,0.9999986791272031,0.9957537097234254
DRegular,12,3,,1,0,0.2625,0.2,0.5019118833402673,0.5019118833402677
DRegular,12,3,,1,1,0.2625,0.5,0.4905739961592211,0.4905739961592202
DRegular,12,3,,1,2,0.2625,0.5,0.47042112093306737,0.47042112093306665
DRegular,12,3,,1,3,0.2625,0.2,0.49057399615922115,0.49057399615922026
DRegular,12,3,,1,4,0.2625,0.5,0.4905739961592211,0.49057399615922026
DRegular,12,3,,1,5,0.2625,0.5,0.5019118833402674,0.5019118833402677
DRegular,12,3,,1,6,0.2625,0.2,0.5019118833402673,0.5019118833402677
DRegular,12,3,,1,7,0.2625,-0.4,0.5142966538917313,0.5142966538917307
DRegular,12,3,,1,8,0.2625,0.2,0.49057399615922115,0.49057399615922026
DRegular,12,3,,1,9,0.2625,0.2,0.5019118833402673,0.5019118833402677
DRegular,12,3,,1,10,0.2625,-0.1,0.4904535421636521,0.4904535421636532
DRegular,12,3,,1,11,0.2625,0.2,0.49057399615922115,0.4905739961592202
DRegular,12,3,,1,12,0.2625,-0.1,0.5142966538917314,0.5142966538917307
DRegular,12,3,,1,13,0.2625,0.5,0.4800662039824187,0.48006620398241867
DRegular,12,3,,1,14,0.2625,0.5,0.48017917845066516,0.4801791784506654
DRegular,12,3,,1,15,0.2625,-0.4,0.5019118833402674,0.5019118833402677
DRegular,12,3,,1,16,0.2625,0.5,0.4801791784506652,0.4801791784506654
DRegular,12,3,,1,17,0.2625,-0.1,0.5142966538917314,0.5142966538917307
DRegular,12,3,,1,18,0.2625,-0.1,0.49057399615922115,0.49057399615922026
DRegular,12,3,,1,19,0.2625,0.2,0.5019118833402674,0.5019118833402676
DRegular,12,3,,2,0,0.2625,0.2,0.6235691667264471,0.6235691667264469
DRegular,12,3,,2,1,0.2625,0.5,0.6127222910911945,0.6127222910911945
DRegular,12,3,,2,2,0.2625,0.5,0.5506597777098369,0.5506597777098372
DRegular,12,3,,2,3,0.2625,0.2,0.6099597812013086,0.6099597812013068
DRegular,12,3,,2,4,0.2625,0.5,0.5978961377161964,0.5978961377161969
DRegular,12,3,,2,5,0.2625,0.5,0.6150083396343257,0.615008339634329
DRegular,12,3,,2,6,0.2625,0.2,0.615008339634327,0.615008339634329
DRegular,12,3,,2,7,0.2625,-0.4,0.6353384697552169,0.6353384697552186
DRegular,12,3,,2,8,0.2625,0.2,0.6041731174315103,0.6041731174315064
DRegular,12,3,,2,9,0.2625,0.2,0.6220708905465379,0.6220708905465354
DRegular,12,3,,2,10,0.2625,-0.1,0.5912693099415683,0.5912693099415699
DRegular,12,3,,2,11,0.2625,0.2,0.6099597812013086,0.6099597812013067
DRegular,12,3,,2,12,0.2625,-0.1,0.6635960997004101,0.6635960997004103
DRegular,12,3,,2,13,0.2625,0.5,0.5774251952903338,0.577425195290332
DRegular,12,3,,2,14,0.2625,0.5,0.5796154462018133,0.5796154462018163
DRegular,12,3,,2,15,0.2625,-0.4,0.6357573135217669,0.6357573135217656
DRegular,12,3,,2,16,0.2625,0.5,0.5796154462018133,0.5796154462018162
DRegular,12,3,,2,17,0.2625,-0.1,0.6480953382179898,0.6480953382179911
DRegular,12,3,,2,18,0.2625,-0.1,0.6154813125677355,0.6154813125677353
DRegular,12,3,,2,19,0.2625,0.2,0.6220708905465375,0.622070890546536
DRegular,12,3,,3,0,0.2625,0.2,0.6730739054918559,0.6730739054918583
DRegular,12,3,,3,1,0.2625,0.5,0.661591541975109,0.6615915419751076
DRegular,12,3,,3,2,0.2625,0.5,0.6264098360045894,0.6264098360045869
DRegular,12,3,,3,3,0.2625,0.2,0.6598388225331739,0.6598388225331716
DRegular,12,3,,3,4,0.2625,0.5,0.6558920772127192,0.6558920772127209
DRegular,12,3,,3,5,0.2625,0.5,0.6703953069366057,0.6703953069366102
DRegular,12,3,,3,6,0.2625,0.2,0.6703953069366066,0.6703953069366106
DRegular,12,3,,3,7,0.2625,-0.4,0.686733391868211,0.686733391868213
DRegular,12,3,,3,8,0.2625,0.2,0.6580566104859036,0.658056610485905
DRegular,12,3,,3,9,0.2625,0.2,0.6725353208888316,0.6725353208888285
DRegular,12,3,,3,10,0.2625,-0.1,0.6710361631797872,0.6710361631797872
DRegular,12,3,,3,11,0.2625,0.2,0.6598388225331743,0.6598388225331696
DRegular,12,3,,3,12,0.2625,-0.1,0.7014211890971905,0.7014211890971905
DRegular,12,3,,3,13,0.2625,0.5,0.6417424462477557,0.6417424462477619
DRegular,12,3,,3,14,0.2625,0.5,0.6418156975751371,0.6418156975751421
DRegular,12,3,,3,15,0.2625,-0.4,0.6788967396486651,0.6788967396486661
DRegular,12,3,,3,16,0.2625,0.5,0.6418156975751412,0.6418156975751446
DRegular,12,3,,3,17,0.2625,-0.1,0.6942266485928625,0.6942266485928628
DRegular,12,3,,3,18,0.2625,-0.1,0.6614049524546045,0.6614049524546031
DRegular,12,3,,3,19,0.2625,0.2,0.6725353208888316,0.6725353208888295
DRegular,12,3,,4,0,0.2625,0.2,0.6032418340014527,0.603241834001454
DRegular,12,3,,4,1,0.2625,0.5,0.6959799460856699,0.6959799460314737
DRegular,12,3,,4,2,0.2625,0.5,0.6043911173923227,0.6043911173923268
DRegular,12,3,,4,3,0.2625,0.2,0.6671654170444281,0.6671654170444257
DRegular,12,3,,4,4,0.2625,0.5,0.572423201832251,0.5724232018322483
DRegular,12,3,,4,5,0.2625,0.5,0.7650401178149447,0.7650401177699852
DRegular,12,3,,4,6,0.2625,0.2,0.7650401178082962,0.7650401177722512
DRegular,12,3,,4,7,0.2625,-0.4,0.7187943019226143,0.7187943019226128
DRegular,12,3,,4,8,0.2625,0.2,0.5753670288525798,0.575367028852585
DRegular,12,3,,4,9,0.2625,0.2,0.5958755975407758,0.5958755975407778
DRegular,12,3,,4,10,0.2625,-0.1,0.6809352945318871,0.680935294531894
DRegular,12,3,,4,11,0.2625,0.2,0.667165417044429,0.6671654170444243
DRegular,12,3,,4,12,0.2625,-0.1,0.8215652310130525,0.8215652310130566
DRegular,12,3,,4,13,0.2625,0.5,0.5645029262847966,0.5645029262848034
DRegular,12,3,,4,14,0.2625,0.5,0.6734163109481333,0.6734163109481418
DRegular,12,3,,4,15,0.2625,-0.4,0.7092409855815947,0.7092409855817022
DRegular,12,3,,4,16,0.2625,0.5,0.673416310948134,0.6734163109481356
DRegular,12,3,,4,17,0.2625,-0.1,0.8274390705839869,0.8274390705839831
DRegular,12,3,,4,18,0.2625,-0.1,0.600359755393176,0.6003597553931769
DRegular,12,3,,4,19,0.2625,0.2,0.5958755975407724,0.5958755975407799
DRegular,12,3,,5,0,0.2625,0.2,0.7347148812959985,0.7347148812960018
DRegular,12,3,,5,1,0.2625,0.5,0.7968121548464332,0.7968121537367632
DRegular,12,3,,5,2,0.2625,0.5,0.7215442382761157,0.7215442382760621
DRegular,12,3,,5,3,0.2625,0.2,0.7850626186179699,0.7850626186179694
DRegular,12,3,,5,4,0.2625,0.5,0.7029629696760222,0.7029629696759851
DRegular,12,3,,5,5,0.2625,0.5,0.7867592772838808,0.7867592771514801
DRegular,12,3,,5,6,0.2625,0.2,0.7867592775585235,0.7867592765824863
DRegular,12,3,,5,7,0.2625,-0.4,0.8230178188610336,0.8230178188609887
DRegular,12,3,,5,8,0.2625,0.2,0.7155514676304833,0.7155514676305883
DRegular,12,3,,5,9,0.2625,0.2,0.7283910089873646,0.7283910089873631
DRegular,12,3,,5,10,0.2625,-0.1,0.7496082827367891,0.7496082827367865
DRegular,12,3,,5,11,0.2625,0.2,0.785062618617973,0.7850626186179719
DRegular,12,3,,5,12,0.2625,-0.1,0.8478648334184594,0.8478648334184526
DRegular,12,3,,5,13,0.2625,0.5,0.6886857622526403,0.6886857622526528
DRegular,12,3,,5,14,0.2625,0.5,0.7282345422410792,0.7282345422314617
DRegular,12,3,,5,15,0.2625,-0.4,0.8191775348546727,0.8191775321219643
DRegular,12,3,,5,16,0.2625,0.5,0.7282345422512856,0.7282345422310497
DRegular,12,3,,5,17,0.2625,-0.1,0.8331525940326523,0.8331525940326461
DRegular,12,3,,5,18,0.2625,-0.1,0.7267082201218125,0.7267082201218086
DRegular,12,3,,5,19,0.2625,0.2,0.728391008987362,0.7283910089873606
DRegular,12,3,,6,0,0.2625,0.2,0.8437219209983204,0.8437219234728908
DRegular,12,3,,6,1,0.2625,0.5,0.7619419570478106,0.7225862368272086
DRegular,12,3,,6,2,0.2625,0.5,0.7470075896235013,0.7470075853003919
DRegular,12,3,,6,3,0.2625,0.2,0.8269162816899993,0.8269162731913464
DRegular,12,3,,6,4,0.2625,0.5,0.7787370319205452,0.7787370318535947
DRegular,12,3,,6,5,0.2625,0.5,0.8230651225446242,0.8230651227572221
DRegular,12,3,,6,6,0.2625,0.2,0.8230651214778062,0.8230651224751636
DRegular,12,3,,6,7,0.2625,-0.4,0.8262022947256955,0.8262022990265866
DRegular,12,3,,6,8,0.2625,0.2,0.7725459628906324,0.7725459693516376
DRegular,12,3,,6,9,0.2625,0.2,0.8262541416173311,0.8262541421219864
DRegular,12,3,,6,10,0.2625,-0.1,0.7568483799362387,0.7568483912224508
DRegular,12,3,,6,11,0.2625,0.2,0.8269162787157542,0.8269162795306026
DRegular,12,3,,6,12,0.2625,-0.1,0.856971729000074,0.8569717290001162
DRegular,12,3,,6,13,0.2625,0.5,0.7666297240729717,0.7666297240739454
DRegular,12,3,,6,14,0.2625,0.5,0.7205774212027738,0.7205774218312616
DRegular,12,3,,6,15,0.2625,-0.4,0.7939211150562162,0.7939211154511927
DRegular,12,3,,6,16,0.2625,0.5,0.7205774217341322,0.7205774218276059
DRegular,12,3,,6,17,0.2625,-0.1,0.8295357671612427,0.8352727085703824
DRegular,12,3,,6,18,0.2625,-0.1,0.8004504148629896,0.8004504148628759
DRegular,12,3,,6,19,0.2625,0.2,0.8262541406922601,0.8262541415509623
DRegular,12,3,,7,0,0.2625,0.2,0.8617605488472646,0.8617605470722284
DRegular,12,3,,7,1,0.2625,0.5,0.8095914442650607,0.8128929778594982
DRegular,12,3,,7,2,0.2625,0.5,0.797686666832887,0.7976866664294675
DRegular,12,3,,7,3,0.2625,0.2,0.7954456931962964,0.7954456934631112
DRegular,12,3,,7,4,0.2625,0.5,0.7974274640976718,0.7974274658308529
DRegular,12,3,,7,5,0.2625,0.5,0.8323576024637701,0.8323576046680708
DRegular,12,3,,7,6,0.2625,0.2,0.8323576030419183,0.8323576018739139
DRegular,12,3,,7,7,0.2625,-0.4,0.8441053113035915,0.844105299847266
DRegular,12,3,,7,8,0.2625,0.2,0.8313781286713118,0.8313781275562035
DRegular,12,3,,7,9,0.2625,0.2,0.83776657911387,0.8377665804405048
DRegular,12,3,,7,10,0.2625,-0.1,0.7742253333362272,0.774225198120746
DRegular,12,3,,7,11,0.2625,0.2,0.7954456968579118,0.7954456961461187
DRegular,12,3,,7,12,0.2625,-0.1,0.9117746806315647,0.8752488267344007
DRegular,12,3,,7,13,0.2625,0.5,0.786138722551778,0.7861387218621871
DRegular,12,3,,7,14,0.2625,0.5,0.7859767767630104,0.7859767729691217
DRegular,12,3,,7,15,0.2625,-0.4,0.8664651313589337,0.875434967036756
DRegular,12,3,,7,16,0.2625,0.5,0.7859767816379287,0.7859767770689301
DRegular,12,3,,7,17,0.2625,-0.1,0.8154241839229478,0.8606334800117489
DRegular,12,3,,7,18,0.2625,-0.1,0.8217665105195906,0.8217665105581661
DRegular,12,3,,7,19,0.2625,0.2,0.8377665750322778,0.8377665798547949
DRegular,12,3,,8,0,0.2625,0.2,0.8864781088614191,0.8864781088383282
DRegular,12,3,,8,1,0.2625,0.5,0.8648310683196204,0.8082405431530685
DRegular,12,3,,8,2,0.2625,0.5,0.8408894855785034,0.8408894906254499
DRegular,12,3,,8,3,0.2625,0.2,0.8532563606273879,0.8455742618395282
DRegular,12,3,,8,4,0.2625,0.5,0.7935264153935,0.7935264109584296
DRegular,12,3,,8,5,0.2625,0.5,0.8068456458746756,0.8068458978765445
DRegular,12,3,,8,6,0.2625,0.2,0.8645560895839672,0.8068459017720031
DRegular,12,3,,8,7,0.2625,-0.4,0.7917748862383986,0.8802035999453276
DRegular,12,3,,8,8,0.2625,0.2,0.8186007200446772,0.8186007200823349
DRegular,12,3,,8,9,0.2625,0.2,0.850286417489721,0.8502864215867023
DRegular,12,3,,8,10,0.2625,-0.1,0.7830332506067034,0.7830332656883096
DRegular,12,3,,8,11,0.2625,0.2,0.8532563636480495,0.8532563567472152
DRegular,12,3,,8,12,0.2625,-0.1,0.9185670589003561,0.8975031970516045
DRegular,12,3,,8,13,0.2625,0.5,0.8305981618579297,0.8305981639389378
DRegular,12,3,,8,14,0.2625,0.5,0.7703573032296992,0.7703573104504219
DRegular,12,3,,8,15,0.2625,-0.4,0.8524054014493307,0.8672103407054355
DRegular,12,3,,8,16,0.2625,0.5,0.7703573092301148,0.7703573065422796
DRegular,12,3,,8,17,0.2625,-0.1,0.8990341857639544,0.893253171112625
DRegular,12,3,,8,18,0.2625,-0.1,0.8725253590906273,0.8725253668254126
DRegular,12,3,,8,19,0.2625,0.2,0.8502864224528203,0.8502864116675719
DRegular,12,3,,9,0,0.2625,0.2,0.8907941525225596,0.8451349275873195
DRegular,12,3,,9,1,0.2625,0.5,0.8866877509407463,0.8636331448966891
DRegular,12,3,,9,2,0.2625,0.5,0.852172861513315,0.8508552188861002
DRegular,12,3,,9,3,0.2625,0.2,0.8271412784143578,0.8781510115685778
DRegular,12,3,,9,4,0.2625,0.5,0.8200226909768883,0.8200226876908708
DRegular,12,3,,9,5,0.2625,0.5,0.8432547715689445,0.8626343171116322
DRegular,12,3,,9,6,0.2625,0.2,0.8259182086056102,0.8626343150053003
DRegular,12,3,,9,7,0.2625,-0.4,0.8785559594539561,0.9053669086204092
DRegular,12,3,,9,8,0.2625,0.2,0.8619988935048001,0.8283447411079067
DRegular,12,3,,9,9,0.2625,0.2,0.8910743589506195,0.8394953608856559
DRegular,12,3,,9,10,0.2625,-0.1,0.8110842638288773,0.8110842523699855
DRegular,12,3,,9,11,0.2625,0.2,0.8271413104686482,0.8271412754790717
DRegular,12,3,,9,12,0.2625,-0.1,0.9011243327308716,0.9505043662838041
DRegular,12,3,,9,13,0.2625,0.5,0.8773929916747703,0.8701915853409228
DRegular,12,3,,9,14,0.2625,0.5,0.78350428977857,0.7835042876120782
DRegular,12,3,,9,15,0.2625,-0.4,0.8850395201177068,0.8981795474401102
DRegular,12,3,,9,16,0.2625,0.5,0.7855472655217841,0.7882556665587245
DRegular,12,3,,9,17,0.2625,-0.1,0.9066721758546678,0.8867918261105483
DRegular,12,3,,9,18,0.2625,-0.1,0.8995465981206833,0.8995466086127003
DRegular,12,3,,9,19,0.2625,0.2,0.8394953539069852,0.8383058848004363
DRegular,12,3,,10,0,0.2625,0.2,0.9152573378415685,0.9072656734523175
DRegular,12,3,,10,1,0.2625,0.5,0.8576664819299055,0.864993126098413
DRegular,12,3,,10,2,0.2625,0.5,0.8597901859017721,0.8872728938653649
DRegular,12,3,,10,3,0.2625,0.2,0.9134205871830383,0.861367361670011
DRegular,12,3,,10,4,0.2625,0.5,0.8563568883132552,0.8563568865675306
DRegular,12,3,,10,5,0.2625,0.5,0.8263352902056542,0.871688475676822
DRegular,12,3,,10,6,0.2625,0.2,0.8723528653136036,0.8716884721893823
DRegular,12,3,,10,7,0.2625,-0.4,0.8754454997135293,0.9277811686954349
DRegular,12,3,,10,8,0.2625,0.2,0.8670483905409607,0.865675456571028
DRegular,12,3,,10,9,0.2625,0.2,0.9050574822426707,0.8676749457155506
DRegular,12,3,,10,10,0.2625,-0.1,0.8262256637736366,0.8350383519527794
DRegular,12,3,,10,11,0.2625,0.2,0.9134205888626866,0.9134205885946638
DRegular,12,3,,10,12,0.2625,-0.1,0.9355469477363473,0.9248927057785693
DRegular,12,3,,10,13,0.2625,0.5,0.834823852722181,0.8335535231632006
DRegular,12,3,,10,14,0.2625,0.5,0.796734773879046,0.7910729807956555
DRegular,12,3,,10,15,0.2625,-0.4,0.8723265555244752,0.8950851424965887
DRegular,12,3,,10,16,0.2625,0.5,0.7892640106938312,0.7970439210811302
DRegular,12,3,,10,17,0.2625,-0.1,0.9033691895225667,0.9219119573087184
DRegular,12,3,,10,18,0.2625,-0.1,0.9023062851824628,0.9023062798904664
DRegular,12,3,,10,19,0.2625,0.2,0.8693271936481626,0.904056104276096
DRegular,13,2,,1,0,0.4635416666666667,0.6666666666666666,0.6630016279754475,0.6684174843954303
DRegular,13,2,,1,1,0.3385416666666667,0.16666666666666666,0.6684174843954297,0.6684174843954303
DRegular,13,2,,1,2,0.40625,0.2,0.761885022875058,0.7618850228750581
DRegular,13,2,,1,3,0.3385416666666667,0.6666666666666666,0.6684174843954297,0.6684174843954303
DRegular,13,2,,1,4,0.4322916666666667,0.8333333333333334,0.6580291409114766,0.6684174843954303
DRegular,13,2,,1,5,0.3385416666666667,0.6666666666666666,0.6684174843954297,0.6684174843954303
DRegular,13,2,,1,6,0.4947916666666667,0.9166666666666666,0.6668560659202204,0.6349041857292151
DRegular,13,2,,1,7,0.4322916666666667,0.5,0.6580291409114775,0.6684174843954299
DRegular,13,2,,1,8,0.4635416666666667,1.0,0.6630016279754477,0.6684174843954298
DRegular,13,2,,1,9,0.4635416666666667,0.6666666666666666,0.6630016279754475,0.6684174843954298
DRegular,13,2,,1,10,0.3385416666666667,0.16666666666666666,0.6684174843954298,0.6684174843954303
DRegular,13,2,,1,11,0.48125,1.0,0.7216740757628709,0.704310990049346
DRegular,13,2,,1,12,0.3385416666666667,0.4166666666666667,0.6684174843954297,0.6684174843954303
DRegular,13,2,,1,13,0.3385416666666667,0.16666666666666666,0.6684174843954298,0.6684174843954303
DRegular,13,2,,1,14,0.4947916666666667,0.8333333333333334,0.6668560659202205,0.6349041857292151
DRegular,13,2,,1,15,0.4947916666666667,0.9166666666666666,0.6668560659202204,0.634904185729215
DRegular,13,2,,1,16,0.4947916666666667,0.8333333333333334,0.6668560659202205,0.634904185729215
DRegular,13,2,,1,17,0.4010416666666667,0.6666666666666666,0.6582121619327729,0.6684174843954303
DRegular,13,2,,1,18,0.4947916666666667,1.0,0.6668560659202205,0.6349041857292151
DRegular,13,2,,1,19,0.4635416666666667,0.8333333333333334,0.6630016279754479,0.6684174843954298
DRegular,13,2,,2,0,0.4635416666666667,0.6666666666666666,0.6067235727057116,0.7061706893648149
DRegular,13,2,,2,1,0.3385416666666667,0.16666666666666666,0.7606927155402085,0.7606927155402085
DRegular,13,2,,2,2,0.40625,0.2,0.8372474419142986,0.837247441914301
DRegular,13,2,,2,3,0.3385416666666667,0.6666666666666666,0.7606927155402085,0.7606927155402085
DRegular,13,2,,2,4,0.4322916666666667,0.8333333333333334,0.6244274393415226,0.7606927155402093
DRegular,13,2,,2,5,0.3385416666666667,0.6666666666666666,0.7606927155402085,0.7606927155402093
DRegular,13,2,,2,6,0.4947916666666667,0.9166666666666666,0.7383225322260306,0.7037193037613747
DRegular,13,2,,2,7,0.4322916666666667,0.5,0.6244274393415233,0.7606927155402093
DRegular,13,2,,2,8,0.4635416666666667,1.0,0.6058094971987976,0.754868411876465
DRegular,13,2,,2,9,0.4635416666666667,0.6666666666666666,0.6058094971987976,0.754868411876465
DRegular,13,2,,2,10,0.3385416666666667,0.16666666666666666,0.7606927155402085,0.7606927155402093
DRegular,13,2,,2,11,0.48125,1.0,0.6240394013244134,0.7569041664114877
DRegular,13,2,,2,12,0.3385416666666667,0.4166666666666667,0.7606927155402085,0.7606927155402085
DRegular,13,2,,2,13,0.3385416666666667,0.16666666666666666,0.7606927155402085,0.7606927155402085
DRegular,13,2,,2,14,0.4947916666666667,0.8333333333333334,0.7383225322260305,0.7037193037613748
DRegular,13,2,,2,15,0.4947916666666667,0.9166666666666666,0.7383225322260311,0.7037193037613747
DRegular,13,2,,2,16,0.4947916666666667,0.8333333333333334,0.7383225322260314,0.7037193037613747
DRegular,13,2,,2,17,0.4010416666666667,0.6666666666666666,0.6425957929638836,0.7041119443325533
DRegular,13,2,,2,18,0.4947916666666667,1.0,0.738322532226031,0.7037193037613747
DRegular,13,2,,2,19,0.4635416666666667,0.8333333333333334,0.6058094971987994,0.7548684118764649
DRegular,13,2,,3,0,0.4635416666666667,0.6666666666666666,0.7829320591448664,0.8825357210748962
DRegular,13,2,,3,1,0.3385416666666667,0.16666666666666666,0.8453591027597026,0.8453591027597026
DRegular,13,2,,3,2,0.40625,0.2,0.8935132083902217,0.8935132083902229
DRegular,13,2,,3,3,0.3385416666666667,0.6666666666666666,0.8453591027597023,0.8453591027597015
DRegular,13,2,,3,4,0.4322916666666667,0.8333333333333334,0.7134853156419997,0.851108520261351
DRegular,13,2,,3,5,0.3385416666666667,0.6666666666666666,0.8453591027597018,0.8453591027597028
DRegular,13,2,,3,6,0.4947916666666667,0.9166666666666666,0.8644309035871119,0.7896858678933244
DRegular,13,2,,3,7,0.4322916666666667,0.5,0.7134853156420015,0.8511085202613501
DRegular,13,2,,3,8,0.4635416666666667,1.0,0.7603227458009112,0.8152819192099616
DRegular,13,2,,3,9,0.4635416666666667,0.6666666666666666,0.7603227458009122,0.8152819192099624
DRegular,13,2,,3,10,0.3385416666666667,0.16666666666666666,0.8453591027597019,0.8453591027597028
DRegular,13,2,,3,11,0.48125,1.0,0.8801973014139737,0.8821594613122634
DRegular,13,2,,3,12,0.3385416666666667,0.4166666666666667,0.8453591027597014,0.8453591027597015
DRegular,13,2,,3,13,0.3385416666666667,0.16666666666666666,0.8453591027597026,0.8453591027597036
DRegular,13,2,,3,14,0.4947916666666667,0.8333333333333334,0.8644309035871137,0.7896858678933243
DRegular,13,2,,3,15,0.4947916666666667,0.9166666666666666,0.8644309035871137,0.789685867893323
DRegular,13,2,,3,16,0.4947916666666667,0.8333333333333334,0.8644309035871132,0.7896858678933226
DRegular,13,2,,3,17,0.4010416666666667,0.6666666666666666,0.7429378767835185,0.8872155257993981
DRegular,13,2,,3,18,0.4947916666666667,1.0,0.8644309035871144,0.7896858678933212
DRegular,13,2,,3,19,0.4635416666666667,0.8333333333333334,0.7603227458009117,0.8152819192099612
DRegular,13,2,,4,0,0.4635416666666667,0.6666666666666666,0.8718571698576945,0.9594953577110577
DRegular,13,2,,4,1,0.3385416666666667,0.16666666666666666,0.8727484738695833,0.8727484738695829
DRegular,13,2,,4,2,0.40625,0.2,0.9700396294519666,0.9700396294519689
DRegular,13,2,,4,3,0.3385416666666667,0.6666666666666666,0.8727484738695854,0.8727484738695838
DRegular,13,2,,4,4,0.4322916666666667,0.8333333333333334,0.887007103011836,0.8912300843093006
DRegular,13,2,,4,5,0.3385416666666667,0.6666666666666666,0.8727484738695823,0.8727484738695824
DRegular,13,2,,4,6,0.4947916666666667,0.9166666666666666,0.9056594028928044,0.8399008311974487
DRegular,13,2,,4,7,0.4322916666666667,0.5,0.8870071030118366,0.8912300843092963
DRegular,13,2,,4,8,0.4635416666666667,1.0,0.9106873242332975,0.8597645231918212
DRegular,13,2,,4,9,0.4635416666666667,0.6666666666666666,0.9106873242332965,0.859764523191822
DRegular,13,2,,4,10,0.3385416666666667,0.16666666666666666,0.872748473869584,0.8727484738695847
DRegular,13,2,,4,11,0.48125,1.0,0.856172748829233,0.8848404640001153
DRegular,13,2,,4,12,0.3385416666666667,0.4166666666666667,0.8727484738695832,0.8727484738695863
DRegular,13,2,,4,13,0.3385416666666667,0.16666666666666666,0.8727484738695838,0.8727484738695835
DRegular,13,2,,4,14,0.4947916666666667,0.8333333333333334,0.9056594028928046,0.839900831197487
DRegular,13,2,,4,15,0.4947916666666667,0.9166666666666666,0.9056594028928094,0.8399008311974573
DRegular,13,2,,4,16,0.4947916666666667,0.8333333333333334,0.9056594028928074,0.8399008311975343
DRegular,13,2,,4,17,0.4010416666666667,0.6666666666666666,0.8228626519093373,0.9567869927486171
DRegular,13,2,,4,18,0.4947916666666667,1.0,0.9056594028928004,0.8399008311975287
DRegular,13,2,,4,19,0.4635416666666667,0.8333333333333334,0.9106873242332915,0.8597645231918186
DRegular,13,2,,5,0,0.4635416666666667,0.6666666666666666,0.8461322740802201,0.959375483772276
DRegular,13,2,,5,1,0.3385416666666667,0.16666666666666666,0.9354779267652525,0.9354779267652514
DRegular,13,2,,5,2,0.40625,0.2,0.9939073458309,0.9939073458308775
DRegular,13,2,,5,3,0.3385416666666667,0.6666666666666666,0.9354779267652539,0.9354779267652503
DRegular,13,2,,5,4,0.4322916666666667,0.8333333333333334,0.8766136143401807,0.9516727636481875
DRegular,13,2,,5,5,0.3385416666666667,0.6666666666666666,0.9354779267652509,0.9354779267652485
DRegular,13,2,,5,6,0.4947916666666667,0.9166666666666666,0.9738580970156829,0.8449185494710939
DRegular,13,2,,5,7,0.4322916666666667,0.5,0.8766136138432056,0.9516727636481908
DRegular,13,2,,5,8,0.4635416666666667,1.0,0.9138182847855648,0.8975638049511918
DRegular,13,2,,5,9,0.4635416666666667,0.6666666666666666,0.913818284785567,0.8975638049300909
DRegular,13,2,,5,10,0.3385416666666667,0.16666666666666666,0.9354779267652541,0.9354779267652523
DRegular,13,2,,5,11,0.48125,1.0,0.9663538420216199,0.9210867756890913
DRegular,13,2,,5,12,0.3385416666666667,0.4166666666666667,0.9354779267652495,0.9354779267652517
DRegular,13,2,,5,13,0.3385416666666667,0.16666666666666666,0.9354779267652501,0.9354779267652517
DRegular,13,2,,5,14,0.4947916666666667,0.8333333333333334,0.9738580970159719,0.844918549477034
DRegular,13,2,,5,15,0.4947916666666667,0.9166666666666666,0.9738580970151522,0.8449185494731223
DRegular,13,2,,5,16,0.4947916666666667,0.8333333333333334,0.9738580970157127,0.8449185494762256
DRegular,13,2,,5,17,0.4010416666666667,0.6666666666666666,0.8923830877973375,0.9330116354379511
DRegular,13,2,,5,18,0.4947916666666667,1.0,0.9738580970167225,0.8449185494766681
DRegular,13,2,,5,19,0.4635416666666667,0.8333333333333334,0.9138182847855667,0.8975638012862422
DRegular,13,2,,6,0,0.4635416666666667,0.6666666666666666,0.9062907656463098,0.9620341819982005
DRegular,13,2,,6,1,0.3385416666666667,0.16666666666666666,0.9517554703975272,0.9517554703975272
DRegular,13,2,,6,2,0.40625,0.2,0.999342669219376,0.9993426715633505
DRegular,13,2,,6,3,0.3385416666666667,0.6666666666666666,0.9517554703975323,0.9517554703975324
DRegular,13,2,,6,4,0.4322916666666667,0.8333333333333334,0.9003560414709132,0.9728523586925215
DRegular,13,2,,6,5,0.3385416666666667,0.6666666666666666,0.9517554703975271,0.9517554703975314
DRegular,13,2,,6,6,0.4947916666666667,0.9166666666666666,0.9772765837837308,0.8686812361018011
DRegular,13,2,,6,7,0.4322916666666667,0.5,0.900356039838524,0.9728523586926076
DRegular,13,2,,6,8,0.4635416666666667,1.0,0.9527425735318406,0.9428299287218328
DRegular,13,2,,6,9,0.4635416666666667,0.6666666666666666,0.9527425735318452,0.9428299295644854
DRegular,13,2,,6,10,0.3385416666666667,0.16666666666666666,0.9517554703975294,0.9517554703975316
DRegular,13,2,,6,11,0.48125,1.0,0.9364251027566087,0.9884309196618755
DRegular,13,2,,6,12,0.3385416666666667,0.4166666666666667,0.9517554703975278,0.951755470397532
DRegular,13,2,,6,13,0.3385416666666667,0.16666666666666666,0.9517554703975312,0.9517554703975276
DRegular,13,2,,6,14,0.4947916666666667,0.8333333333333334,0.9772765856037325,0.8686812315465945
DRegular,13,2,,6,15,0.4947916666666667,0.9166666666666666,0.9772765651527081,0.8686812320266794
DRegular,13,2,,6,16,0.4947916666666667,0.8333333333333334,0.977276584599413,0.8686812350871431
DRegular,13,2,,6,17,0.4010416666666667,0.6666666666666666,0.9068496709653152,0.9748529468344224
DRegular,13,2,,6,18,0.4947916666666667,1.0,0.9772765804045876,0.8686812351126836
DRegular,13,2,,6,19,0.4635416666666667,0.8333333333333334,0.9527425735318406,0.9428299295264586
DRegular,13,2,,7,0,0.4635416666666667,0.6666666666666666,0.9167817320673839,0.9620119529883998
DRegular,13,2,,7,1,0.3385416666666667,0.16666666666666666,0.9774969272453816,0.9774969272453911
DRegular,13,2,,7,2,0.40625,0.2,0.9999187398794586,0.9999189281896221
DRegular,13,2,,7,3,0.3385416666666667,0.6666666666666666,0.9774969272453996,0.9774969272453885
DRegular,13,2,,7,4,0.4322916666666667,0.8333333333333334,0.8923808274732209,0.9824482477111993
DRegular,13,2,,7,5,0.3385416666666667,0.6666666666666666,0.9774969272453925,0.9774969272453852
DRegular,13,2,,7,6,0.4947916666666667,0.9166666666666666,0.9709500770815783,0.8874566495876941
DRegular,13,2,,7,7,0.4322916666666667,0.5,0.8923808284905771,0.9824482503912164
DRegular,13,2,,7,8,0.4635416666666667,1.0,0.9538821038869808,0.9902158477557396
DRegular,13,2,,7,9,0.4635416666666667,0.6666666666666666,0.9538821038872226,0.9902158466066789
DRegular,13,2,,7,10,0.3385416666666667,0.16666666666666666,0.9774969272453822,0.9774969272453923
DRegular,13,2,,7,11,0.48125,1.0,0.9875709705263448,0.9945328205838105
DRegular,13,2,,7,12,0.3385416666666667,0.4166666666666667,0.9774969272453928,0.9774969272453976
DRegular,13,2,,7,13,0.3385416666666667,0.16666666666666666,0.9774969272453862,0.9774969272454
DRegular,13,2,,7,14,0.4947916666666667,0.8333333333333334,0.9709500809580605,0.8874568330819675
DRegular,13,2,,7,15,0.4947916666666667,0.9166666666666666,0.9709500793034872,0.887456686002441
DRegular,13,2,,7,16,0.4947916666666667,0.8333333333333334,0.9709500806159564,0.8874567342731107
DRegular,13,2,,7,17,0.4010416666666667,0.6666666666666666,0.8133632836541231,0.9908095467630202
DRegular,13,2,,7,18,0.4947916666666667,1.0,0.9709500778473735,0.887456831361693
DRegular,13,2,,7,19,0.4635416666666667,0.8333333333333334,0.9538821038869146,0.990215848380496
DRegular,13,2,,8,0,0.4635416666666667,0.6666666666666666,0.972450403380067,0.9990622060854867
DRegular,13,2,,8,1,0.3385416666666667,0.16666666666666666,0.975314971134749,0.9753149762798946
DRegular,13,2,,8,2,0.40625,0.2,0.99735999529859,0.9977154032776838
DRegular,13,2,,8,3,0.3385416666666667,0.6666666666666666,0.9753149761770344,0.9753149720834271
DRegular,13,2,,8,4,0.4322916666666667,0.8333333333333334,0.8727357540372213,0.989244341337877
DRegular,13,2,,8,5,0.3385416666666667,0.6666666666666666,0.9753149718052985,0.9753149716222262
DRegular,13,2,,8,6,0.4947916666666667,0.9166666666666666,0.9971681765780892,0.9284026629518639
DRegular,13,2,,8,7,0.4322916666666667,0.5,0.8727357542100606,0.9892443392251878
DRegular,13,2,,8,8,0.4635416666666667,1.0,0.9890553218627969,0.9846037303481189
DRegular,13,2,,8,9,0.4635416666666667,0.6666666666666666,0.9890553343618166,0.9846037468712372
DRegular,13,2,,8,10,0.3385416666666667,0.16666666666666666,0.9753149713004826,0.9753149716792678
DRegular,13,2,,8,11,0.48125,1.0,0.990204123792747,0.9997983898540748
DRegular,13,2,,8,12,0.3385416666666667,0.4166666666666667,0.9753149762007421,0.9753149762955635
DRegular,13,2,,8,13,0.3385416666666667,0.16666666666666666,0.9753149716394415,0.9753149762594076
DRegular,13,2,,8,14,0.4947916666666667,0.8333333333333334,0.9971681801717494,0.9284026623876519
DRegular,13,2,,8,15,0.4947916666666667,0.9166666666666666,0.997168178114905,0.9069101897396381
DRegular,13,2,,8,16,0.4947916666666667,0.8333333333333334,0.9971681669410182,0.9069101891810538
DRegular,13,2,,8,17,0.4010416666666667,0.6666666666666666,0.9467461306604834,0.9770565440079819
DRegular,13,2,,8,18,0.4947916666666667,1.0,0.9971681534787424,0.9284026645000655
DRegular,13,2,,8,19,0.4635416666666667,0.8333333333333334,0.9890553369865263,0.9846037457262661
DRegular,13,2,,9,0,0.4635416666666667,0.6666666666666666,0.9609261999332571,0.9960798910813123
DRegular,13,2,,9,1,0.3385416666666667,0.16666666666666666,0.9940464447881917,0.9940464448235163
DRegular,13,2,,9,2,0.40625,0.2,0.9953961499685547,0.9997609851488646
DRegular,13,2,,9,3,0.3385416666666667,0.6666666666666666,0.9940464455400164,0.9956752676934023
DRegular,13,2,,9,4,0.4322916666666667,0.8333333333333334,0.9167390791296658,0.9969235837552527
DRegular,13,2,,9,5,0.3385416666666667,0.6666666666666666,0.9953606599596411,0.9940464427254309
DRegular,13,2,,9,6,0.4947916666666667,0.9166666666666666,0.9506094721224999,0.9504545597403152
DRegular,13,2,,9,7,0.4322916666666667,0.5,0.9167390818865844,0.9969235784306063
DRegular,13,2,,9,8,0.4635416666666667,1.0,0.9027654521147067,0.9972165006165756
DRegular,13,2,,9,9,0.4635416666666667,0.6666666666666666,0.9027654496042027,0.997216495694471
DRegular,13,2,,9,10,0.3385416666666667,0.16666666666666666,0.9940464446335965,0.9940464423653306
DRegular,13,2,,9,11,0.48125,1.0,0.9998775424273966,0.9999999835194011
DRegular,13,2,,9,12,0.3385416666666667,0.4166666666666667,0.9953606475628421,0.9940464444511941
DRegular,13,2,,9,13,0.3385416666666667,0.16666666666666666,0.9940464452265118,0.9940464447656931
DRegular,13,2,,9,14,0.4947916666666667,0.8333333333333334,0.9991565756587715,0.950454556623786
DRegular,13,2,,9,15,0.4947916666666667,0.9166666666666666,0.9983184345733221,0.9746557143999888
DRegular,13,2,,9,16,0.4947916666666667,0.8333333333333334,0.9983184504435507,0.97398612719729
DRegular,13,2,,9,17,0.4010416666666667,0.6666666666666666,0.9540590663323131,0.9963315856302325
DRegular,13,2,,9,18,0.4947916666666667,1.0,0.9910223027954786,0.9504545589114998
DRegular,13,2,,9,19,0.4635416666666667,0.8333333333333334,0.9027654488113203,0.9972164966920607
DRegular,13,2,,10,0,0.4635416666666667,0.6666666666666666,0.967107720351886,0.9940402384258605
DRegular,13,2,,10,1,0.3385416666666667,0.16666666666666666,0.9933918006419759,0.9933918041946614
DRegular,13,2,,10,2,0.40625,0.2,0.9999051898973473,0.9999756318031073
DRegular,13,2,,10,3,0.3385416666666667,0.6666666666666666,0.9933918081824595,0.9945766594030454
DRegular,13,2,,10,4,0.4322916666666667,0.8333333333333334,0.9763598867668798,0.9982792457362984
DRegular,13,2,,10,5,0.3385416666666667,0.6666666666666666,0.9895477317165421,0.9933918056318767
DRegular,13,2,,10,6,0.4947916666666667,0.9166666666666666,0.9967840782165266,0.962194954192777
DRegular,13,2,,10,7,0.4322916666666667,0.5,0.9763598858032198,0.9982792420476857
DRegular,13,2,,10,8,0.4635416666666667,1.0,0.9898278954664074,0.989669069852576
DRegular,13,2,,10,9,0.4635416666666667,0.6666666666666666,0.9898278954978874,0.9896690556031175
DRegular,13,2,,10,10,0.3385416666666667,0.16666666666666666,0.9933918083622886,0.9933918025107419
DRegular,13,2,,10,11,0.48125,1.0,0.999999757372068,0.9999999923104308
DRegular,13,2,,10,12,0.3385416666666667,0.4166666666666667,0.9895477214035552,0.9933918060745047
DRegular,13,2,,10,13,0.3385416666666667,0.16666666666666666,0.9933918070266388,0.9933917981196781
DRegular,13,2,,10,14,0.4947916666666667,0.8333333333333334,0.9998584660355534,0.9621949476938352
DRegular,13,2,,10,15,0.4947916666666667,0.9166666666666666,0.9998244990667344,0.9618879175165967
DRegular,13,2,,10,16,0.4947916666666667,0.8333333333333334,0.9998244317919638,0.9934030911179125
DRegular,13,2,,10,17,0.4010416666666667,0.6666666666666666,0.9726728073355809,0.9979796144323246
DRegular,13,2,,10,18,0.4947916666666667,1.0,0.9977686100375635,0.9621949530833079
DRegular,13,2,,10,19,0.4635416666666667,0.8333333333333334,0.9898278726279294,0.9896690723427076
DRegular,14,2,,1,0,0.3645833333333333,0.3333333333333333,0.686036401851354,0.6860364018513536
DRegular,14,2,,1,1,0.4895833333333333,1.0,0.6858642509118021,0.6589347092850577
DRegular,14,2,,1,2,0.5,1.0,0.6534659776008463,0.6170007548265508
DRegular,14,2,,1,3,0.5,1.0,0.6534659776008456,0.6170007548265505
DRegular,14,2,,1,4,0.5,1.0,0.6534659776008461,0.6170007548265508
DRegular,14,2,,1,5,0.5,1.0,0.6534659776008463,0.6170007548265505
DRegular,14,2,,1,6,0.3645833333333333,0.3333333333333333,0.7198342139643095,0.7198342139643094
DRegular,14,2,,1,7,0.5,1.0,0.6534659776008456,0.6170007548265508
DRegular,14,2,,1,8,0.3645833333333333,0.5833333333333334,0.7198342139643087,0.7198342139643089
DRegular,14,2,,1,9,0.4895833333333333,0.8333333333333334,0.6858642509118021,0.6589347092850576
DRegular,14,2,,1,10,0.5,1.0,0.6534659776008456,0.6170007548265505
DRegular,14,2,,1,11,0.3645833333333333,0.08333333333333333,0.7198342139643087,0.7198342139643089
DRegular,14,2,,1,12,0.4583333333333333,0.6666666666666666,0.688156628567678,0.6860364018513536
DRegular,14,2,,1,13,0.5,1.0,0.6534659776008463,0.6170007548265508
DRegular,14,2,,1,14,0.4895833333333333,0.9166666666666666,0.685864250911802,0.6589347092850577
DRegular,14,2,,1,15,0.5,1.0,0.6534659776008453,0.6170007548265508
DRegular,14,2,,1,16,0.5,1.0,0.6534659776008459,0.6170007548265505
DRegular,14,2,,1,17,0.5,1.0,0.6534659776008452,0.6170007548265508
DRegular,14,2,,1,18,0.4895833333333333,0.75,0.685864250911802,0.6589347092850577
DRegular,14,2,,1,19,0.5,1.0,0.6534659776008456,0.6170007548265508
DRegular,14,2,,2,0,0.3645833333333333,0.3333333333333333,0.7618372007590288,0.761837200759028
DRegular,14,2,,2,1,0.4895833333333333,1.0,0.6185418648627192,0.714579448660675
DRegular,14,2,,2,2,0.5,1.0,0.8147711857542365,0.7021778912678857
DRegular,14,2,,2,3,0.5,1.0,0.8131819635727562,0.7675148591081171
DRegular,14,2,,2,4,0.5,1.0,0.8139570155012772,0.6498300090313432
DRegular,14,2,,2,5,0.5,1.0,0.8147711857542355,0.7021778912678854
DRegular,14,2,,2,6,0.3645833333333333,0.3333333333333333,0.819207539812532,0.819207539812532
DRegular,14,2,,2,7,0.5,1.0,0.8139570155012767,0.6498300090313425
DRegular,14,2,,2,8,0.3645833333333333,0.5833333333333334,0.8133405716579288,0.8133405716579292
DRegular,14,2,,2,9,0.4895833333333333,0.8333333333333334,0.6185418648627182,0.7145794486606752
DRegular,14,2,,2,10,0.5,1.0,0.8147711857542355,0.7021778912678845
DRegular,14,2,,2,11,0.3645833333333333,0.08333333333333333,0.813340571657928,0.8133405716579288
DRegular,14,2,,2,12,0.4583333333333333,0.6666666666666666,0.6478691858716691,0.7584154328702232
DRegular,14,2,,2,13,0.5,1.0,0.8147711857542362,0.7021778912678854
DRegular,14,2,,2,14,0.4895833333333333,0.9166666666666666,0.6185418648627193,0.7145794486606754
DRegular,14,2,,2,15,0.5,1.0,0.8139570155012764,0.6498300090313409
DRegular,14,2,,2,16,0.5,1.0,0.8147711857542389,0.7021778912678857
DRegular,14,2,,2,17,0.5,1.0,0.8147711857542373,0.7021778912678845
DRegular,14,2,,2,18,0.4895833333333333,0.75,0.618541864862719,0.7145794486606754
DRegular,14,2,,2,19,0.5,1.0,0.813957015501277,0.6498300090313432
DRegular,14,2,,3,0,0.3645833333333333,0.3333333333333333,0.8546657467019529,0.8546657467019542
DRegular,14,2,,3,1,0.4895833333333333,1.0,0.768911335729246,0.8003655409769737
DRegular,14,2,,3,2,0.5,1.0,0.9866571250176192,0.7803314794704942
DRegular,14,2,,3,3,0.5,1.0,0.9873874739413775,0.8948853072163105
DRegular,14,2,,3,4,0.5,1.0,0.9869863567040681,0.8165257074531772
DRegular,14,2,,3,5,0.5,1.0,0.9866571250176189,0.7803314794704954
DRegular,14,2,,3,6,0.3645833333333333,0.3333333333333333,0.9039736559925906,0.9039736559925892
DRegular,14,2,,3,7,0.5,1.0,0.9869863567040731,0.8165257074531783
DRegular,14,2,,3,8,0.3645833333333333,0.5833333333333334,0.87979857806643,0.8797985780664277
DRegular,14,2,,3,9,0.4895833333333333,0.8333333333333334,0.7689113357292466,0.800365540976976
DRegular,14,2,,3,10,0.5,1.0,0.9866571250176202,0.7803314794704935
DRegular,14,2,,3,11,0.3645833333333333,0.08333333333333333,0.8797985780664307,0.8797985780664278
DRegular,14,2,,3,12,0.4583333333333333,0.6666666666666666,0.7520757246434094,0.8312383248674324
DRegular,14,2,,3,13,0.5,1.0,0.986663890785005,0.790486486713312
DRegular,14,2,,3,14,0.4895833333333333,0.9166666666666666,0.768911335729246,0.8003655409769753
DRegular,14,2,,3,15,0.5,1.0,0.9869863567040691,0.8165257074531796
DRegular,14,2,,3,16,0.5,1.0,0.9866571250176179,0.7803314794704946
DRegular,14,2,,3,17,0.5,1.0,0.9866571250176194,0.7803314794704941
DRegular,14,2,,3,18,0.4895833333333333,0.75,0.7689113357292462,0.800365540976976
DRegular,14,2,,3,19,0.5,1.0,0.9869863567040713,0.8165257074531782
DRegular,14,2,,4,0,0.3645833333333333,0.3333333333333333,0.9080011794981453,0.9080011794981487
DRegular,14,2,,4,1,0.4895833333333333,1.0,0.9466446856202481,0.8655994793180639
DRegular,14,2,,4,2,0.5,1.0,0.9731235374917884,0.8056139758796145
DRegular,14,2,,4,3,0.5,1.0,0.9763437495673414,0.9509112471525641
DRegular,14,2,,4,4,0.5,1.0,0.9745797564096005,0.8819025819533949
DRegular,14,2,,4,5,0.5,1.0,0.9731235374917874,0.805613975879618
DRegular,14,2,,4,6,0.3645833333333333,0.3333333333333333,0.9362052980348786,0.936205298034877
DRegular,14,2,,4,7,0.5,1.0,0.9745797564095915,0.8819025819533918
DRegular,14,2,,4,8,0.3645833333333333,0.5833333333333334,0.9271602822815078,0.9271602822815049
DRegular,14,2,,4,9,0.4895833333333333,0.8333333333333334,0.9466446856203469,0.8655994793180732
DRegular,14,2,,4,10,0.5,1.0,0.9731235374917896,0.8056139758796192
DRegular,14,2,,4,11,0.3645833333333333,0.08333333333333333,0.9271602822815086,0.9271602822815096
DRegular,14,2,,4,12,0.4583333333333333,0.6666666666666666,0.8189246023785691,0.8590069335878869
DRegular,14,2,,4,13,0.5,1.0,0.9731805853019372,0.8696395924776812
DRegular,14,2,,4,14,0.4895833333333333,0.9166666666666666,0.9466446856204626,0.865599479318068
DRegular,14,2,,4,15,0.5,1.0,0.9745797564095968,0.8819025819533914
DRegular,14,2,,4,16,0.5,1.0,0.9731235374917893,0.8056139758796181
DRegular,14,2,,4,17,0.5,1.0,0.973123537491789,0.8056139758796154
DRegular,14,2,,4,18,0.4895833333333333,0.75,0.9466446856203943,0.8655994793180755
DRegular,14,2,,4,19,0.5,1.0,0.9745797564096027,0.8819025819533893
DRegular,14,2,,5,0,0.3645833333333333,0.3333333333333333,0.9146581334910345,0.9146581333562706
DRegular,14,2,,5,1,0.4895833333333333,1.0,0.9744973650372616,0.8869794170942301
DRegular,14,2,,5,2,0.5,1.0,0.999999985318809,0.8635180862448523
DRegular,14,2,,5,3,0.5,1.0,0.9999999791572651,0.9768074500288908
DRegular,14,2,,5,4,0.5,1.0,0.9998603156182388,0.8692088142581316
DRegular,14,2,,5,5,0.5,1.0,0.9999999884725278,0.8635180862448452
DRegular,14,2,,5,6,0.3645833333333333,0.3333333333333333,0.990456670846864,0.99045667084686
DRegular,14,2,,5,7,0.5,1.0,0.9998600827794114,0.8692088142581328
DRegular,14,2,,5,8,0.3645833333333333,0.5833333333333334,0.9674032281650801,0.9674032281628132
DRegular,14,2,,5,9,0.4895833333333333,0.8333333333333334,0.9744973650378813,0.8869794169665481
DRegular,14,2,,5,10,0.5,1.0,0.9999999961867017,0.8635180862448456
DRegular,14,2,,5,11,0.3645833333333333,0.08333333333333333,0.9674032281682937,0.9674032281585712
DRegular,14,2,,5,12,0.4583333333333333,0.6666666666666666,0.8711556450165977,0.9331547702502302
DRegular,14,2,,5,13,0.5,1.0,0.9999999941458846,0.9489497841408385
DRegular,14,2,,5,14,0.4895833333333333,0.9166666666666666,0.9744973650386815,0.8869794170671373
DRegular,14,2,,5,15,0.5,1.0,0.9998602543383,0.8692088142581321
DRegular,14,2,,5,16,0.5,1.0,0.999999996646711,0.8635180862448468
DRegular,14,2,,5,17,0.5,1.0,0.9999999957709916,0.8635180862448444
DRegular,14,2,,5,18,0.4895833333333333,0.75,0.9744973650382175,0.8869794169006003
DRegular,14,2,,5,19,0.5,1.0,0.9998599486165008,0.8692088142581331
DRegular,14,2,,6,0,0.3645833333333333,0.3333333333333333,0.9400032331284806,0.940003234094308
DRegular,14,2,,6,1,0.4895833333333333,1.0,0.9775076137296792,0.9045456822818041
DRegular,14,2,,6,2,0.5,1.0,0.9776204607024834,0.8785455336326452
DRegular,14,2,,6,3,0.5,1.0,0.9999991504504578,0.9842601209371293
DRegular,14,2,,6,4,0.5,1.0,0.9920499069469316,0.9417651980318903
DRegular,14,2,,6,5,0.5,1.0,0.9999999867854,0.8785455336326503
DRegular,14,2,,6,6,0.3645833333333333,0.3333333333333333,0.9977682819564327,0.99776828195648
DRegular,14,2,,6,7,0.5,1.0,0.9920499140637337,0.9417651980318927
DRegular,14,2,,6,8,0.3645833333333333,0.5833333333333334,0.9617217556391168,0.9617217560306036
DRegular,14,2,,6,9,0.4895833333333333,0.8333333333333334,0.9775076132669068,0.904545683263806
DRegular,14,2,,6,10,0.5,1.0,0.9993648590847856,0.878545533632649
DRegular,14,2,,6,11,0.3645833333333333,0.08333333333333333,0.9617217555617955,0.961721756722131
DRegular,14,2,,6,12,0.4583333333333333,0.6666666666666666,0.9349680216918476,0.9699983667633035
DRegular,14,2,,6,13,0.5,1.0,0.9999999383145669,0.9729509502870718
DRegular,14,2,,6,14,0.4895833333333333,0.9166666666666666,0.9775076132403141,0.9045456775611248
DRegular,14,2,,6,15,0.5,1.0,0.9920499096974708,0.9417651980319002
DRegular,14,2,,6,16,0.5,1.0,0.999999944205776,0.8785455336326492
DRegular,14,2,,6,17,0.5,1.0,0.9048372465067692,0.8785455336326473
DRegular,14,2,,6,18,0.4895833333333333,0.75,0.9775076132540583,0.904545683271221
DRegular,14,2,,6,19,0.5,1.0,0.9920499066448848,0.9417651980318957
DRegular,14,2,,7,0,0.3645833333333333,0.3333333333333333,0.9637500488988504,0.963750043001539
DRegular,14,2,,7,1,0.4895833333333333,1.0,0.9809987080969247,0.9381930023428149
DRegular,14,2,,7,2,0.5,1.0,0.9986055118601155,0.9024802129967205
DRegular,14,2,,7,3,0.5,1.0,0.9999989713901306,0.9904099797282013
DRegular,14,2,,7,4,0.5,1.0,0.9968786210306568,0.9450629983199221
DRegular,14,2,,7,5,0.5,1.0,0.9999723968212294,0.9024802129947068
DRegular,14,2,,7,6,0.3645833333333333,0.3333333333333333,0.9997867143136318,0.9997867132667494
DRegular,14,2,,7,7,0.5,1.0,0.9968786202854287,0.9450629983199204
DRegular,14,2,,7,8,0.3645833333333333,0.5833333333333334,0.9791333495158475,0.9791333462020898
DRegular,14,2,,7,9,0.4895833333333333,0.8333333333333334,0.98099870776909,0.9258109503198924
DRegular,14,2,,7,10,0.5,1.0,0.9966678668203056,0.9024802129962486
DRegular,14,2,,7,11,0.3645833333333333,0.08333333333333333,0.9791333489223883,0.9791333462571092
DRegular,14,2,,7,12,0.4583333333333333,0.6666666666666666,0.9702683633245144,0.9906705118312805
DRegular,14,2,,7,13,0.5,1.0,0.9980891127444974,0.9839603415148414
DRegular,14,2,,7,14,0.4895833333333333,0.9166666666666666,0.980998705476316,0.9258109451618433
DRegular,14,2,,7,15,0.5,1.0,0.996878619658034,0.9450629983199234
DRegular,14,2,,7,16,0.5,1.0,0.9999995044546724,0.9024802129957407
DRegular,14,2,,7,17,0.5,1.0,0.9154109904015977,0.9024802129970083
DRegular,14,2,,7,18,0.4895833333333333,0.75,0.9809987074877622,0.9258109521163673
DRegular,14,2,,7,19,0.5,1.0,0.9968786105306361,0.9450629983199212
DRegular,14,2,,8,0,0.3645833333333333,0.3333333333333333,0.9884689620147649,0.9632427468740606
DRegular,14,2,,8,1,0.4895833333333333,1.0,0.9981996893089861,0.9817605731868349
DRegular,14,2,,8,2,0.5,1.0,0.999511996516163,0.9014467929851493
DRegular,14,2,,8,3,0.5,1.0,0.9999908723578651,0.9984387441174732
DRegular,14,2,,8,4,0.5,1.0,0.9982535211693782,0.9754861852795341
DRegular,14,2,,8,5,0.5,1.0,0.9999965412410303,0.901446792612307
DRegular,14,2,,8,6,0.3645833333333333,0.3333333333333333,0.9947866756951776,0.9947866757462265
DRegular,14,2,,8,7,0.5,1.0,0.9982535013479868,0.9754861852795295
DRegular,14,2,,8,8,0.3645833333333333,0.5833333333333334,0.989711890559806,0.989711879908473
DRegular,14,2,,8,9,0.4895833333333333,0.8333333333333334,0.9981996911121636,0.9753580860150436
DRegular,14,2,,8,10,0.5,1.0,0.999999456738052,0.9014467933537575
DRegular,14,2,,8,11,0.3645833333333333,0.08333333333333333,0.9897118889880653,0.9897118873060523
DRegular,14,2,,8,12,0.4583333333333333,0.6666666666666666,0.9882921234791562,0.9923986724148932
DRegular,14,2,,8,13,0.5,1.0,0.9999995942820653,0.9861390358171053
DRegular,14,2,,8,14,0.4895833333333333,0.9166666666666666,0.9981996897469488,0.9753580844301305
DRegular,14,2,,8,15,0.5,1.0,0.998253521430572,0.9754861852795269
DRegular,14,2,,8,16,0.5,1.0,0.999994702780701,0.9014467932199091
DRegular,14,2,,8,17,0.5,1.0,0.996207763638766,0.9014467918148387
DRegular,14,2,,8,18,0.4895833333333333,0.75,0.998199692420226,0.975358085323128
DRegular,14,2,,8,19,0.5,1.0,0.998253520597535,0.9754861852795287
DRegular,14,2,,9,0,0.3645833333333333,0.3333333333333333,0.9933078391752188,0.9950317859487426
DRegular,14,2,,9,1,0.4895833333333333,1.0,0.9976501284417149,0.9595779477293697
DRegular,14,2,,9,2,0.5,1.0,0.9999999384477833,0.9862259107847716
DRegular,14,2,,9,3,0.5,1.0,0.9999998356347353,0.9999045356809191
DRegular,14,2,,9,4,0.5,1.0,0.9999990542008613,0.988858888775357
DRegular,14,2,,9,5,0.5,1.0,0.9999995399415252,0.9862259112677735
DRegular,14,2,,9,6,0.3645833333333333,0.3333333333333333,0.9998395474014109,0.9998785903453227
DRegular,14,2,,9,7,0.5,1.0,0.9999998465920534,0.988858888549238
DRegular,14,2,,9,8,0.3645833333333333,0.5833333333333334,0.9972343825400024,0.9977380960048788
DRegular,14,2,,9,9,0.4895833333333333,0.8333333333333334,0.9976501303434334,0.9797867507211406
DRegular,14,2,,9,10,0.5,1.0,0.999972032031106,0.9862259105142241
DRegular,14,2,,9,11,0.3645833333333333,0.08333333333333333,0.9977380630278233,0.9952966705141493
DRegular,14,2,,9,12,0.4583333333333333,0.6666666666666666,0.9846312603818319,0.9967086914347806
DRegular,14,2,,9,13,0.5,1.0,0.9999998257144623,0.9920371434865564
DRegular,14,2,,9,14,0.4895833333333333,0.9166666666666666,0.997650130785977,0.9797867632195788
DRegular,14,2,,9,15,0.5,1.0,0.9999996251063139,0.9888588888848613
DRegular,14,2,,9,16,0.5,1.0,0.9999974500988424,0.9862259092437544
DRegular,14,2,,9,17,0.5,1.0,0.99999951410594,0.9862259079668992
DRegular,14,2,,9,18,0.4895833333333333,0.75,0.9976501264321262,0.9797867618576688
DRegular,14,2,,9,19,0.5,1.0,0.9999995843589977,0.988858888665105
DRegular,14,2,,10,0,0.3645833333333333,0.3333333333333333,0.9931550575341334,0.9991621233605996
DRegular,14,2,,10,1,0.4895833333333333,1.0,0.9993989171387901,0.9836534338360475
DRegular,14,2,,10,2,0.5,1.0,0.9999581843749217,0.9167899917253152
DRegular,14,2,,10,3,0.5,1.0,0.999999178379322,0.9999398295887553
DRegular,14,2,,10,4,0.5,1.0,0.9999997057856695,0.9953301859084066
DRegular,14,2,,10,5,0.5,1.0,0.9999996435126908,0.92054392341522
DRegular,14,2,,10,6,0.3645833333333333,0.3333333333333333,0.9999995414657804,0.9999796278258262
DRegular,14,2,,10,7,0.5,1.0,0.9999999495724288,0.9953301852639723
DRegular,14,2,,10,8,0.3645833333333333,0.5833333333333334,0.9954539137182009,0.9993816778634796
DRegular,14,2,,10,9,0.4895833333333333,0.8333333333333334,0.9993989177210177,0.988827867123398
DRegular,14,2,,10,10,0.5,1.0,0.9999972582666999,0.9225930947127218
DRegular,14,2,,10,11,0.3645833333333333,0.08333333333333333,0.9993816415496116,0.997396781033816
DRegular,14,2,,10,12,0.4583333333333333,0.6666666666666666,0.9882586186712334,0.9994148047574138
DRegular,14,2,,10,13,0.5,1.0,0.9999984855883975,0.9969607981972282
DRegular,14,2,,10,14,0.4895833333333333,0.9166666666666666,0.999398916666168,0.9888279692645607
DRegular,14,2,,10,15,0.5,1.0,0.9999988994489836,0.9953301875799561
DRegular,14,2,,10,16,0.5,1.0,0.9999992686654888,0.9471381447655008
DRegular,14,2,,10,17,0.5,1.0,0.9999996224625375,0.9961968433617134
DRegular,14,2,,10,18,0.4895833333333333,0.75,0.999398918207912,0.9888279641210739
DRegular,14,2,,10,19,0.5,1.0,0.9999997734244025,0.9953301874454905
DRegular,14,3,,1,0,0.2552083333333333,0.5833333333333334,0.4799985331521821,0.4799985331521815
DRegular,14,3,,1,1,0.2552083333333333,0.08333333333333333,0.5000106357280721,0.5000106357280714
DRegular,14,3,,1,2,0.30625,0.4,0.5553205532302281,0.5553205532302271
DRegular,14,3,,1,3,0.2552083333333333,-0.16666666666666666,0.4799985331521821,0.4799985331521815
DRegular,14,3,,1,4,0.2552083333333333,0.5833333333333334,0.4798963767559517,0.4798963767559526
DRegular,14,3,,1,5,0.2552083333333333,0.08333333333333333,0.4799985331521821,0.47999853315218144
DRegular,14,3,,1,6,0.2552083333333333,0.08333333333333333,0.4896252261655832,0.48962522616558274
DRegular,14,3,,1,7,0.2552083333333333,-0.16666666666666666,0.4896252261655832,0.48962522616558274
DRegular,14,3,,1,8,0.2552083333333333,0.08333333333333333,0.4799985331521821,0.4799985331521815
DRegular,14,3,,1,9,0.2552083333333333,0.08333333333333333,0.45487415166548195,0.4548741516654818
DRegular,14,3,,1,10,0.2552083333333333,0.3333333333333333,0.47106590608338667,0.471065906083386
DRegular,14,3,,1,11,0.2552083333333333,0.3333333333333333,0.4896252261655813,0.48962522616558274
DRegular,14,3,,1,12,0.2552083333333333,0.3333333333333333,0.4896252261655832,0.48962522616558274
DRegular,14,3,,1,13,0.2552083333333333,0.5833333333333334,0.4896252261655832,0.48962522616558285
DRegular,14,3,,1,14,0.2552083333333333,0.08333333333333333,0.4626756315978806,0.4626756315978799
DRegular,14,3,,1,15,0.2552083333333333,0.08333333333333333,0.47106590608338667,0.47106590608338594
DRegular,14,3,,1,16,0.30625,-0.2,0.5553205532302281,0.5553205532302271
DRegular,14,3,,1,17,0.2552083333333333,0.5833333333333334,0.47999853315218216,0.47999853315218144
DRegular,14,3,,1,18,0.2552083333333333,0.3333333333333333,0.5000106357280721,0.5000106357280713
DRegular,14,3,,1,19,0.2552083333333333,0.08333333333333333,0.4896252261655832,0.48962522616558274
DRegular,14,3,,2,0,0.2552083333333333,0.5833333333333334,0.5846191807063094,0.5846191807063094
DRegular,14,3,,2,1,0.2552083333333333,0.08333333333333333,0.6287183525519214,0.6287183525519208
DRegular,14,3,,2,2,0.30625,0.4,0.6666193160489458,0.6666193160489442
DRegular,14,3,,2,3,0.2552083333333333,-0.16666666666666666,0.6112670931876761,0.6112670931876784
DRegular,14,3,,2,4,0.2552083333333333,0.5833333333333334,0.5920176549073326,0.5920176549073327
DRegular,14,3,,2,5,0.2552083333333333,0.08333333333333333,0.5807325750757756,0.5807325750757767
DRegular,14,3,,2,6,0.2552083333333333,0.08333333333333333,0.6005073569463493,0.6005073569463497
DRegular,14,3,,2,7,0.2552083333333333,-0.16666666666666666,0.6094050836528342,0.6094050836528343
DRegular,14,3,,2,8,0.2552083333333333,0.08333333333333333,0.5878589110889717,0.5878589110889713
DRegular,14,3,,2,9,0.2552083333333333,0.08333333333333333,0.5320296267999333,0.5320296267999339
DRegular,14,3,,2,10,0.2552083333333333,0.3333333333333333,0.5768315769448682,0.5768315769448694
DRegular,14,3,,2,11,0.2552083333333333,0.3333333333333333,0.6057294122287719,0.605729412228774
DRegular,14,3,,2,12,0.2552083333333333,0.3333333333333333,0.6069699251148108,0.6069699251148103
DRegular,14,3,,2,13,0.2552083333333333,0.5833333333333334,0.6112492825705959,0.6112492825705985
DRegular,14,3,,2,14,0.2552083333333333,0.08333333333333333,0.5541119636806071,0.5541119636806041
DRegular,14,3,,2,15,0.2552083333333333,0.08333333333333333,0.5689260820260001,0.5689260820259983
DRegular,14,3,,2,16,0.30625,-0.2,0.6666193160489428,0.6666193160489458
DRegular,14,3,,2,17,0.2552083333333333,0.5833333333333334,0.6014842993359867,0.6014842993359871
DRegular,14,3,,2,18,0.2552083333333333,0.3333333333333333,0.6239218323942423,0.6239218323942421
DRegular,14,3,,2,19,0.2552083333333333,0.08333333333333333,0.6005073569463496,0.6005073569463516
DRegular,14,3,,3,0,0.2552083333333333,0.5833333333333334,0.6410318753685581,0.6410318753685579
DRegular,14,3,,3,1,0.2552083333333333,0.08333333333333333,0.6745546382598605,0.6745546382598594
DRegular,14,3,,3,2,0.30625,0.4,0.7526332227882102,0.7526332227882113
DRegular,14,3,,3,3,0.2552083333333333,-0.16666666666666666,0.6480779744079869,0.6480779744079851
DRegular,14,3,,3,4,0.2552083333333333,0.5833333333333334,0.6436280246131386,0.6436280246131364
DRegular,14,3,,3,5,0.2552083333333333,0.08333333333333333,0.6518561556527653,0.6518561556527663
DRegular,14,3,,3,6,0.2552083333333333,0.08333333333333333,0.6538985216194809,0.6538985216194851
DRegular,14,3,,3,7,0.2552083333333333,-0.16666666666666666,0.656922582766949,0.65692258276695
DRegular,14,3,,3,8,0.2552083333333333,0.08333333333333333,0.6422683389009283,0.6422683389009322
DRegular,14,3,,3,9,0.2552083333333333,0.08333333333333333,0.6014108148507548,0.6218098520870644
DRegular,14,3,,3,10,0.2552083333333333,0.3333333333333333,0.6317038371517195,0.6317038371517181
DRegular,14,3,,3,11,0.2552083333333333,0.3333333333333333,0.6556664725473333,0.6556664725473403
DRegular,14,3,,3,12,0.2552083333333333,0.3333333333333333,0.6559111992426024,0.6559111992426034
DRegular,14,3,,3,13,0.2552083333333333,0.5833333333333334,0.6571526821029633,0.6571526821029621
DRegular,14,3,,3,14,0.2552083333333333,0.08333333333333333,0.61828894403821,0.6182889440382103
DRegular,14,3,,3,15,0.2552083333333333,0.08333333333333333,0.6410818802295118,0.6410818802295163
DRegular,14,3,,3,16,0.30625,-0.2,0.7526332227882147,0.7526332227882129
DRegular,14,3,,3,17,0.2552083333333333,0.5833333333333334,0.64659525344034,0.6465952534403402
DRegular,14,3,,3,18,0.2552083333333333,0.3333333333333333,0.6696690971031704,0.6696690971031737
DRegular,14,3,,3,19,0.2552083333333333,0.08333333333333333,0.6538985216194821,0.6538985216194814
DRegular,14,3,,4,0,0.2552083333333333,0.5833333333333334,0.5544280908189759,0.5544280908189761
DRegular,14,3,,4,1,0.2552083333333333,0.08333333333333333,0.8006434721001822,0.8006434721001865
DRegular,14,3,,4,2,0.30625,0.4,0.797429688346641,0.7974296883466427
DRegular,14,3,,4,3,0.2552083333333333,-0.16666666666666666,0.6005185559329219,0.6005185559329246
DRegular,14,3,,4,4,0.2552083333333333,0.5833333333333334,0.7441607901420655,0.7441607902008617
DRegular,14,3,,4,5,0.2552083333333333,0.08333333333333333,0.6638564037138113,0.6638564037138192
DRegular,14,3,,4,6,0.2552083333333333,0.08333333333333333,0.5698395139851088,0.5698395139851052
DRegular,14,3,,4,7,0.2552083333333333,-0.16666666666666666,0.6889672816275136,0.6889672821294671
DRegular,14,3,,4,8,0.2552083333333333,0.08333333333333333,0.5586753518642885,0.5586753518628088
DRegular,14,3,,4,9,0.2552083333333333,0.08333333333333333,0.6828338503604446,0.6366518688365518
DRegular,14,3,,4,10,0.2552083333333333,0.3333333333333333,0.7315040801201946,0.7315040801201933
DRegular,14,3,,4,11,0.2552083333333333,0.3333333333333333,0.7525133902435699,0.7525133906046482
DRegular,14,3,,4,12,0.2552083333333333,0.3333333333333333,0.584984866980255,0.5849848669802582
DRegular,14,3,,4,13,0.2552083333333333,0.5833333333333334,0.5907538287074848,0.5907538287074816
DRegular,14,3,,4,14,0.2552083333333333,0.08333333333333333,0.543403505993933,0.5434035059939347
DRegular,14,3,,4,15,0.2552083333333333,0.08333333333333333,0.6531070939870628,0.6531070939870635
DRegular,14,3,,4,16,0.30625,-0.2,0.7974296883466462,0.7974296883466392
DRegular,14,3,,4,17,0.2552083333333333,0.5833333333333334,0.5874010567017899,0.5874010567017919
DRegular,14,3,,4,18,0.2552083333333333,0.3333333333333333,0.7057415075390914,0.7057415075414774
DRegular,14,3,,4,19,0.2552083333333333,0.08333333333333333,0.5698395139851103,0.5698395139851068
DRegular,14,3,,5,0,0.2552083333333333,0.5833333333333334,0.6810702997546046,0.6810702997546062
DRegular,14,3,,5,1,0.2552083333333333,0.08333333333333333,0.7675842975649125,0.7675842975649091
DRegular,14,3,,5,2,0.30625,0.4,0.8652040093473816,0.8652040093515632
DRegular,14,3,,5,3,0.2552083333333333,-0.16666666666666666,0.7167969604788794,0.716796960478872
DRegular,14,3,,5,4,0.2552083333333333,0.5833333333333334,0.776078181825887,0.7760781818182875
DRegular,14,3,,5,5,0.2552083333333333,0.08333333333333333,0.7289758965128511,0.7289758965128491
DRegular,14,3,,5,6,0.2552083333333333,0.08333333333333333,0.703120891713546,0.7031208917135386
DRegular,14,3,,5,7,0.2552083333333333,-0.16666666666666666,0.7900037991417626,0.7900037958194868
DRegular,14,3,,5,8,0.2552083333333333,0.08333333333333333,0.6922245076511508,0.6922245094658631
DRegular,14,3,,5,9,0.2552083333333333,0.08333333333333333,0.710811022879057,0.579190245264957
DRegular,14,3,,5,10,0.2552083333333333,0.3333333333333333,0.7567910067670591,0.7567910067670542
DRegular,14,3,,5,11,0.2552083333333333,0.3333333333333333,0.7741454066554354,0.7741454064504335
DRegular,14,3,,5,12,0.2552083333333333,0.3333333333333333,0.7099537739327505,0.7099537739327496
DRegular,14,3,,5,13,0.2552083333333333,0.5833333333333334,0.7132467679429392,0.7132467679429354
DRegular,14,3,,5,14,0.2552083333333333,0.08333333333333333,0.6651671614892387,0.665167161488978
DRegular,14,3,,5,15,0.2552083333333333,0.08333333333333333,0.7443232926220021,0.7443232921916803
DRegular,14,3,,5,16,0.30625,-0.2,0.8652040093492686,0.8652040093413478
DRegular,14,3,,5,17,0.2552083333333333,0.5833333333333334,0.7093897673928256,0.7093897673928281
DRegular,14,3,,5,18,0.2552083333333333,0.3333333333333333,0.8118254075130662,0.811825407546983
DRegular,14,3,,5,19,0.2552083333333333,0.08333333333333333,0.7031208917135393,0.7031208917135366
DRegular,14,3,,6,0,0.2552083333333333,0.5833333333333334,0.7505613901288405,0.7505613900500386
DRegular,14,3,,6,1,0.2552083333333333,0.08333333333333333,0.8277556524337571,0.8277556524856199
DRegular,14,3,,6,2,0.30625,0.4,0.880312508562033,0.8803125073114579
DRegular,14,3,,6,3,0.2552083333333333,-0.16666666666666666,0.8084128194202033,0.8084128128738061
DRegular,14,3,,6,4,0.2552083333333333,0.5833333333333334,0.7836896226167247,0.7836896222466644
DRegular,14,3,,6,5,0.2552083333333333,0.08333333333333333,0.7642485254686996,0.7642485224259349
DRegular,14,3,,6,6,0.2552083333333333,0.08333333333333333,0.7841411144106784,0.7841411083974791
DRegular,14,3,,6,7,0.2552083333333333,-0.16666666666666666,0.7982760848702326,0.8053867947794914
DRegular,14,3,,6,8,0.2552083333333333,0.08333333333333333,0.7725382940277553,0.7725382937486037
DRegular,14,3,,6,9,0.2552083333333333,0.08333333333333333,0.7231397366100792,0.7414955233337421
DRegular,14,3,,6,10,0.2552083333333333,0.3333333333333333,0.7800167188755417,0.7800167159118817
DRegular,14,3,,6,11,0.2552083333333333,0.3333333333333333,0.7931663246479849,0.7931663260682339
DRegular,14,3,,6,12,0.2552083333333333,0.3333333333333333,0.8095047902619061,0.8095047910215039
DRegular,14,3,,6,13,0.2552083333333333,0.5833333333333334,0.721387206057709,0.7213872055898048
DRegular,14,3,,6,14,0.2552083333333333,0.08333333333333333,0.7259624832881117,0.7259624823976187
DRegular,14,3,,6,15,0.2552083333333333,0.08333333333333333,0.7374554988848496,0.7339860227583102
DRegular,14,3,,6,16,0.30625,-0.2,0.8803125057104918,0.8803125072807454
DRegular,14,3,,6,17,0.2552083333333333,0.5833333333333334,0.7960331512000643,0.7960331510602007
DRegular,14,3,,6,18,0.2552083333333333,0.3333333333333333,0.8305259700277254,0.8305259702717342
DRegular,14,3,,6,19,0.2552083333333333,0.08333333333333333,0.7841411146301932,0.7841411143458222
DRegular,14,3,,7,0,0.2552083333333333,0.5833333333333334,0.7655966027158335,0.7655965882352751
DRegular,14,3,,7,1,0.2552083333333333,0.08333333333333333,0.7868362793053808,0.8193419911487325
DRegular,14,3,,7,2,0.30625,0.4,0.897619869954265,0.8976198617635689
DRegular,14,3,,7,3,0.2552083333333333,-0.16666666666666666,0.8764125039242562,0.8764125041030729
DRegular,14,3,,7,4,0.2552083333333333,0.5833333333333334,0.8053140503487151,0.8053140538050961
DRegular,14,3,,7,5,0.2552083333333333,0.08333333333333333,0.633907134671505,0.6339071181541187
DRegular,14,3,,7,6,0.2552083333333333,0.08333333333333333,0.7834287079207938,0.783428707387866
DRegular,14,3,,7,7,0.2552083333333333,-0.16666666666666666,0.8474999127801964,0.8146303698215326
DRegular,14,3,,7,8,0.2552083333333333,0.08333333333333333,0.7755100037069765,0.7755100032875171
DRegular,14,3,,7,9,0.2552083333333333,0.08333333333333333,0.7224335284995588,0.6458799309591345
DRegular,14,3,,7,10,0.2552083333333333,0.3333333333333333,0.7826248386040874,0.782624839146186
DRegular,14,3,,7,11,0.2552083333333333,0.3333333333333333,0.8150163546545034,0.8150163546411403
DRegular,14,3,,7,12,0.2552083333333333,0.3333333333333333,0.8380716455566853,0.8380716434328094
DRegular,14,3,,7,13,0.2552083333333333,0.5833333333333334,0.825345435711681,0.8329904710883428
DRegular,14,3,,7,14,0.2552083333333333,0.08333333333333333,0.7599401337237367,0.7599401274119367
DRegular,14,3,,7,15,0.2552083333333333,0.08333333333333333,0.7403499975992136,0.7490402024730624
DRegular,14,3,,7,16,0.30625,-0.2,0.8976198529577417,0.8976198666153172
DRegular,14,3,,7,17,0.2552083333333333,0.5833333333333334,0.8377878420329957,0.8377878436521852
DRegular,14,3,,7,18,0.2552083333333333,0.3333333333333333,0.8278064166555584,0.8278064153037689
DRegular,14,3,,7,19,0.2552083333333333,0.08333333333333333,0.7834287156005616,0.783428713306653
DRegular,14,3,,8,0,0.2552083333333333,0.5833333333333334,0.7724715972251999,0.7893971673528744
DRegular,14,3,,8,1,0.2552083333333333,0.08333333333333333,0.8530685094541383,0.8408321864411369
DRegular,14,3,,8,2,0.30625,0.4,0.9036097698753733,0.9036097703149893
DRegular,14,3,,8,3,0.2552083333333333,-0.16666666666666666,0.8319353240968467,0.8278071116347138
DRegular,14,3,,8,4,0.2552083333333333,0.5833333333333334,0.8320001352510463,0.8320001384579775
DRegular,14,3,,8,5,0.2552083333333333,0.08333333333333333,0.7961934960764278,0.7961934992060485
DRegular,14,3,,8,6,0.2552083333333333,0.08333333333333333,0.8036199764274299,0.8036199783675081
DRegular,14,3,,8,7,0.2552083333333333,-0.16666666666666666,0.8361071734525337,0.8131137989381477
DRegular,14,3,,8,8,0.2552083333333333,0.08333333333333333,0.7878838286379866,0.7878838247310317
DRegular,14,3,,8,9,0.2552083333333333,0.08333333333333333,0.762853466034087,0.7533680523750687
DRegular,14,3,,8,10,0.2552083333333333,0.3333333333333333,0.7858858611737936,0.8201327624834187
DRegular,14,3,,8,11,0.2552083333333333,0.3333333333333333,0.8208156029325124,0.8208155784032729
DRegular,14,3,,8,12,0.2552083333333333,0.3333333333333333,0.845147324810639,0.8451473246550086
DRegular,14,3,,8,13,0.2552083333333333,0.5833333333333334,0.8340662153319206,0.7860647107120388
DRegular,14,3,,8,14,0.2552083333333333,0.08333333333333333,0.7279549103844384,0.727954912886526
DRegular,14,3,,8,15,0.2552083333333333,0.08333333333333333,0.7645084654897113,0.7702733379405148
DRegular,14,3,,8,16,0.30625,-0.2,0.9036097570574025,0.9036097774375873
DRegular,14,3,,8,17,0.2552083333333333,0.5833333333333334,0.7792376444897311,0.7792376448964037
DRegular,14,3,,8,18,0.2552083333333333,0.3333333333333333,0.8698909234710316,0.8665753335759173
DRegular,14,3,,8,19,0.2552083333333333,0.08333333333333333,0.8036199612861336,0.794693195650333
DRegular,14,3,,9,0,0.2552083333333333,0.5833333333333334,0.7931923054721212,0.826688305067516
DRegular,14,3,,9,1,0.2552083333333333,0.08333333333333333,0.8695223790569595,0.8595084925443367
DRegular,14,3,,9,2,0.30625,0.4,0.8862783183151197,0.8862783021771342
DRegular,14,3,,9,3,0.2552083333333333,-0.16666666666666666,0.8709440184513159,0.88444089368449
DRegular,14,3,,9,4,0.2552083333333333,0.5833333333333334,0.8197962962523593,0.8196168946738526
DRegular,14,3,,9,5,0.2552083333333333,0.08333333333333333,0.8083807463531913,0.8083807460217015
DRegular,14,3,,9,6,0.2552083333333333,0.08333333333333333,0.7940656782962763,0.826356491385181
DRegular,14,3,,9,7,0.2552083333333333,-0.16666666666666666,0.845841649074778,0.8376844954860778
DRegular,14,3,,9,8,0.2552083333333333,0.08333333333333333,0.8004251400323169,0.8004252045525465
DRegular,14,3,,9,9,0.2552083333333333,0.08333333333333333,0.7777324125329151,0.712892699203952
DRegular,14,3,,9,10,0.2552083333333333,0.3333333333333333,0.8272446192612883,0.8125671250521024
DRegular,14,3,,9,11,0.2552083333333333,0.3333333333333333,0.8230965374252524,0.8230965355750947
DRegular,14,3,,9,12,0.2552083333333333,0.3333333333333333,0.8802983312767947,0.880298358077058
DRegular,14,3,,9,13,0.2552083333333333,0.5833333333333334,0.8378761102102334,0.8049823840119288
DRegular,14,3,,9,14,0.2552083333333333,0.08333333333333333,0.7408215415222936,0.7408215449975263
DRegular,14,3,,9,15,0.2552083333333333,0.08333333333333333,0.8086177371001998,0.7793390842413802
DRegular,14,3,,9,16,0.30625,-0.2,0.8862782491613468,0.8862783127510097
DRegular,14,3,,9,17,0.2552083333333333,0.5833333333333334,0.8296011447114475,0.8785840172530034
DRegular,14,3,,9,18,0.2552083333333333,0.3333333333333333,0.8776786882763773,0.8594715189156759
DRegular,14,3,,9,19,0.2552083333333333,0.08333333333333333,0.8263564932030937,0.8056268670169512
DRegular,14,3,,10,0,0.2552083333333333,0.5833333333333334,0.7987943852881947,0.8053029534262678
DRegular,14,3,,10,1,0.2552083333333333,0.08333333333333333,0.8691873078474625,0.9030568546750221
DRegular,14,3,,10,2,0.30625,0.4,0.9409907288762109,0.9409907315050117
DRegular,14,3,,10,3,0.2552083333333333,-0.16666666666666666,0.8993956073801707,0.8474711342702991
DRegular,14,3,,10,4,0.2552083333333333,0.5833333333333334,0.8251705453306261,0.8309764891132135
DRegular,14,3,,10,5,0.2552083333333333,0.08333333333333333,0.8172918592629691,0.8172918519917077
DRegular,14,3,,10,6,0.2552083333333333,0.08333333333333333,0.8133747788919358,0.8294256281618034
DRegular,14,3,,10,7,0.2552083333333333,-0.16666666666666666,0.8618186204164263,0.872200712334752
DRegular,14,3,,10,8,0.2552083333333333,0.08333333333333333,0.782711847734591,0.7994507828644566
DRegular,14,3,,10,9,0.2552083333333333,0.08333333333333333,0.7836102177711761,0.8073992297569891
DRegular,14,3,,10,10,0.2552083333333333,0.3333333333333333,0.7617328080492859,0.8126454284670827
DRegular,14,3,,10,11,0.2552083333333333,0.3333333333333333,0.8292467873414476,0.8468969188496792
DRegular,14,3,,10,12,0.2552083333333333,0.3333333333333333,0.8831886037570844,0.8844989116870371
DRegular,14,3,,10,13,0.2552083333333333,0.5833333333333334,0.9037852261256846,0.8624851743219963
DRegular,14,3,,10,14,0.2552083333333333,0.08333333333333333,0.7999025571608551,0.8167954125541245
DRegular,14,3,,10,15,0.2552083333333333,0.08333333333333333,0.7823401279383108,0.7871697331061883
DRegular,14,3,,10,16,0.30625,-0.2,0.9273988817083205,0.9409907285129995
DRegular,14,3,,10,17,0.2552083333333333,0.5833333333333334,0.9037074823906671,0.8749758449109137
DRegular,14,3,,10,18,0.2552083333333333,0.3333333333333333,0.8790510136652544,0.8692234709665251
DRegular,14,3,,10,19,0.2552083333333333,0.08333333333333333,0.8294256293883885,0.820979486358662
DRegular,15,2,,1,0,0.4419642857142857,0.8571428571428571,0.6523508245939015,0.6610722373141618
DRegular,15,2,,1,1,0.4955357142857143,0.9285714285714286,0.6645135571747784,0.6318878219281034
DRegular,15,2,,1,2,0.390625,0.5833333333333334,0.7372024589161207,0.7372024589161207
DRegular,15,2,,1,3,0.33482142857142855,0.5,0.6610722373141612,0.6610722373141618
DRegular,15,2,,1,4,0.4955357142857143,1.0,0.6645135571747784,0.6318878219281038
DRegular,15,2,,1,5,0.4955357142857143,1.0,0.6645135571747784,0.6318878219281034
DRegular,15,2,,1,6,0.46875,0.8571428571428571,0.6588000409923566,0.6610722373141618
DRegular,15,2,,1,7,0.33482142857142855,0.07142857142857142,0.6610722373141611,0.6610722373141618
DRegular,15,2,,1,8,0.46875,0.8571428571428571,0.6588000409923566,0.6610722373141618
DRegular,15,2,,1,9,0.4955357142857143,1.0,0.664513557174779,0.6318878219281034
DRegular,15,2,,1,10,0.33482142857142855,0.2857142857142857,0.6610722373141612,0.6610722373141618
DRegular,15,2,,1,11,0.33482142857142855,0.2857142857142857,0.6610722373141612,0.6610722373141618
DRegular,15,2,,1,12,0.390625,0.8333333333333334,0.7372024589161206,0.7372024589161209
DRegular,15,2,,1,13,0.33482142857142855,0.7142857142857143,0.6610722373141612,0.6610722373141618
DRegular,15,2,,1,14,0.46875,0.7142857142857143,0.6588000409923567,0.6610722373141618
DRegular,15,2,,1,15,0.33482142857142855,0.5,0.6610722373141612,0.6610722373141618
DRegular,15,2,,1,16,0.33482142857142855,0.7142857142857143,0.6610722373141611,0.6610722373141618
DRegular,15,2,,1,17,0.46875,0.7857142857142857,0.6588000409923566,0.6610722373141618
DRegular,15,2,,1,18,0.33482142857142855,0.5,0.6610722373141612,0.6610722373141618
DRegular,15,2,,1,19,0.4955357142857143,0.9285714285714286,0.6645135571747784,0.6318878219281034
DRegular,15,2,,2,0,0.4419642857142857,0.8571428571428571,0.6126484022612824,0.7523334549298765
DRegular,15,2,,2,1,0.4955357142857143,0.9285714285714286,0.7467684138424433,0.7028633298004937
DRegular,15,2,,2,2,0.390625,0.5833333333333334,0.8164325808332228,0.8164325808332227
DRegular,15,2,,2,3,0.33482142857142855,0.5,0.7523334549298765,0.7523334549298765
DRegular,15,2,,2,4,0.4955357142857143,1.0,0.7465326598368741,0.7232377475760445
DRegular,15,2,,2,5,0.4955357142857143,1.0,0.7465326598368726,0.7232377475760445
DRegular,15,2,,2,6,0.46875,0.8571428571428571,0.5990275967683493,0.74727243003806
DRegular,15,2,,2,7,0.33482142857142855,0.07142857142857142,0.7523334549298765,0.7523334549298774
DRegular,15,2,,2,8,0.46875,0.8571428571428571,0.5990275967683489,0.7472724300380601
DRegular,15,2,,2,9,0.4955357142857143,1.0,0.7465326598368731,0.7232377475760445
DRegular,15,2,,2,10,0.33482142857142855,0.2857142857142857,0.7523334549298765,0.7523334549298774
DRegular,15,2,,2,11,0.33482142857142855,0.2857142857142857,0.7523334549298765,0.7523334549298774
DRegular,15,2,,2,12,0.390625,0.8333333333333334,0.8164325808332228,0.8164325808332227
DRegular,15,2,,2,13,0.33482142857142855,0.7142857142857143,0.7523334549298765,0.7523334549298774
DRegular,15,2,,2,14,0.46875,0.7142857142857143,0.5990275967683486,0.7472724300380602
DRegular,15,2,,2,15,0.33482142857142855,0.5,0.7523334549298765,0.7523334549298774
DRegular,15,2,,2,16,0.33482142857142855,0.7142857142857143,0.7523334549298765,0.7523334549298774
DRegular,15,2,,2,17,0.46875,0.7857142857142857,0.5990275967683486,0.7472724300380601
DRegular,15,2,,2,18,0.33482142857142855,0.5,0.7523334549298765,0.7523334549298765
DRegular,15,2,,2,19,0.4955357142857143,0.9285714285714286,0.746768413842444,0.7028633298004939
DRegular,15,2,,3,0,0.4419642857142857,0.8571428571428571,0.7009881491080685,0.8328801009993053
DRegular,15,2,,3,1,0.4955357142857143,0.9285714285714286,0.8674808983925181,0.7882734337712686
DRegular,15,2,,3,2,0.390625,0.5833333333333334,0.889065947927346,0.889065947927341
DRegular,15,2,,3,3,0.33482142857142855,0.5,0.8360694422898164,0.8360694422898166
DRegular,15,2,,3,4,0.4955357142857143,1.0,0.8054445165280512,0.8363881703089329
DRegular,15,2,,3,5,0.4955357142857143,1.0,0.8054445165280529,0.8363881703089321
DRegular,15,2,,3,6,0.46875,0.8571428571428571,0.7662604127308248,0.8094551469335824
DRegular,15,2,,3,7,0.33482142857142855,0.07142857142857142,0.8360694422898156,0.8360694422898154
DRegular,15,2,,3,8,0.46875,0.8571428571428571,0.7662604127308266,0.809455146933581
DRegular,15,2,,3,9,0.4955357142857143,1.0,0.8054445165280528,0.8363881703089314
DRegular,15,2,,3,10,0.33482142857142855,0.2857142857142857,0.8360694422898144,0.8360694422898154
DRegular,15,2,,3,11,0.33482142857142855,0.2857142857142857,0.8360694422898164,0.836069442289815
DRegular,15,2,,3,12,0.390625,0.8333333333333334,0.8890659479273451,0.8890659479273447
DRegular,15,2,,3,13,0.33482142857142855,0.7142857142857143,0.8360694422898144,0.8360694422898154
DRegular,15,2,,3,14,0.46875,0.7142857142857143,0.7662604127308291,0.8094551469335813
DRegular,15,2,,3,15,0.33482142857142855,0.5,0.8360694422898156,0.8360694422898154
DRegular,15,2,,3,16,0.33482142857142855,0.7142857142857143,0.836069442289814,0.8360694422898145
DRegular,15,2,,3,17,0.46875,0.7857142857142857,0.7662604127308246,0.8094551469335818
DRegular,15,2,,3,18,0.33482142857142855,0.5,0.8360694422898148,0.8360694422898144
DRegular,15,2,,3,19,0.4955357142857143,0.9285714285714286,0.8674808983925201,0.7882734337712686
DRegular,15,2,,4,0,0.4419642857142857,0.8571428571428571,0.7431137439309315,0.8610022929113345
DRegular,15,2,,4,1,0.4955357142857143,0.9285714285714286,0.976477825893855,0.8366767343002787
DRegular,15,2,,4,2,0.390625,0.5833333333333334,0.9493522244467494,0.9493522244467467
DRegular,15,2,,4,3,0.33482142857142855,0.5,0.8631578312995867,0.8631578312995859
DRegular,15,2,,4,4,0.4955357142857143,1.0,0.9309191837296754,0.8468837106887088
DRegular,15,2,,4,5,0.4955357142857143,1.0,0.9309191837296767,0.8468837106887052
DRegular,15,2,,4,6,0.46875,0.8571428571428571,0.9160982892906988,0.8525599154135225
DRegular,15,2,,4,7,0.33482142857142855,0.07142857142857142,0.8631578312995887,0.8631578312995875
DRegular,15,2,,4,8,0.46875,0.8571428571428571,0.9160982892906955,0.8525599154135287
DRegular,15,2,,4,9,0.4955357142857143,1.0,0.9309191837296807,0.8468837106887067
DRegular,15,2,,4,10,0.33482142857142855,0.2857142857142857,0.8631578312995863,0.8631578312995869
DRegular,15,2,,4,11,0.33482142857142855,0.2857142857142857,0.8631578312995877,0.8631578312995921
DRegular,15,2,,4,12,0.390625,0.8333333333333334,0.949352224446747,0.9493522244467499
DRegular,15,2,,4,13,0.33482142857142855,0.7142857142857143,0.8631578312995876,0.8631578312995882
DRegular,15,2,,4,14,0.46875,0.7142857142857143,0.9160982892906976,0.8525599154135252
DRegular,15,2,,4,15,0.33482142857142855,0.5,0.8631578312995881,0.863157831299587
DRegular,15,2,,4,16,0.33482142857142855,0.7142857142857143,0.8631578312995863,0.863157831299587
DRegular,15,2,,4,17,0.46875,0.7857142857142857,0.9160982892906954,0.8525599154135256
DRegular,15,2,,4,18,0.33482142857142855,0.5,0.8631578312995903,0.8631578312995878
DRegular,15,2,,4,19,0.4955357142857143,0.9285714285714286,0.9764778258938401,0.8366767343002773
DRegular,15,2,,5,0,0.4419642857142857,0.8571428571428571,0.8568780872992775,0.9139666000387373
DRegular,15,2,,5,1,0.4955357142857143,0.9285714285714286,0.9884029282765854,0.843929318391571
DRegular,15,2,,5,2,0.390625,0.5833333333333334,0.9863370795878281,0.9863370795878289
DRegular,15,2,,5,3,0.33482142857142855,0.5,0.9251979495480482,0.9251979495480519
DRegular,15,2,,5,4,0.4955357142857143,1.0,0.9479998643324301,0.9156954029551365
DRegular,15,2,,5,5,0.4955357142857143,1.0,0.947999864332381,0.9156954029551355
DRegular,15,2,,5,6,0.46875,0.8571428571428571,0.9227309196450373,0.8698127779593116
DRegular,15,2,,5,7,0.33482142857142855,0.07142857142857142,0.9251979495480589,0.9251979495480496
DRegular,15,2,,5,8,0.46875,0.8571428571428571,0.9227309196450394,0.8698127779593118
DRegular,15,2,,5,9,0.4955357142857143,1.0,0.9479998643324467,0.9156954029551395
DRegular,15,2,,5,10,0.33482142857142855,0.2857142857142857,0.9251979495480528,0.9251979495480542
DRegular,15,2,,5,11,0.33482142857142855,0.2857142857142857,0.9251979495480525,0.9251979495480471
DRegular,15,2,,5,12,0.390625,0.8333333333333334,0.9863370795878343,0.9863370795878409
DRegular,15,2,,5,13,0.33482142857142855,0.7142857142857143,0.9251979495480468,0.9251979495480501
DRegular,15,2,,5,14,0.46875,0.7142857142857143,0.9227309196450385,0.8698127779593169
DRegular,15,2,,5,15,0.33482142857142855,0.5,0.925197949548049,0.9251979495480531
DRegular,15,2,,5,16,0.33482142857142855,0.7142857142857143,0.9251979495480522,0.9251979495480456
DRegular,15,2,,5,17,0.46875,0.7857142857142857,0.9227309196450401,0.8698127779593102
DRegular,15,2,,5,18,0.33482142857142855,0.5,0.9251979495480499,0.9251979495480469
DRegular,15,2,,5,19,0.4955357142857143,0.9285714285714286,0.9884029282765907,0.8439293183893835
DRegular,15,2,,6,0,0.4419642857142857,0.8571428571428571,0.9058813437977481,0.8951806065222992
DRegular,15,2,,6,1,0.4955357142857143,0.9285714285714286,0.9903033712076648,0.8669878128074063
DRegular,15,2,,6,2,0.390625,0.5833333333333334,0.9869182860063371,0.9869182851847942
DRegular,15,2,,6,3,0.33482142857142855,0.5,0.9412987860349817,0.9412987860349799
DRegular,15,2,,6,4,0.4955357142857143,1.0,0.945787050517434,0.9146946338782193
DRegular,15,2,,6,5,0.4955357142857143,1.0,0.9457870504054859,0.9146946338782194
DRegular,15,2,,6,6,0.46875,0.8571428571428571,0.9585693657259361,0.8983449794050565
DRegular,15,2,,6,7,0.33482142857142855,0.07142857142857142,0.9412987860349792,0.9412987860349803
DRegular,15,2,,6,8,0.46875,0.8571428571428571,0.9585693657200528,0.8983449794050712
DRegular,15,2,,6,9,0.4955357142857143,1.0,0.945787050434937,0.9146946338782215
DRegular,15,2,,6,10,0.33482142857142855,0.2857142857142857,0.9412987860349825,0.9412987860349785
DRegular,15,2,,6,11,0.33482142857142855,0.2857142857142857,0.9412987860349801,0.94129878603498
DRegular,15,2,,6,12,0.390625,0.8333333333333334,0.9869182848635334,0.9869182867673771
DRegular,15,2,,6,13,0.33482142857142855,0.7142857142857143,0.9412987860349782,0.9412987860349785
DRegular,15,2,,6,14,0.46875,0.7142857142857143,0.9585693657279256,0.8983449794050741
DRegular,15,2,,6,15,0.33482142857142855,0.5,0.9412987860349771,0.9412987860349722
DRegular,15,2,,6,16,0.33482142857142855,0.7142857142857143,0.9412987860349816,0.9412987860349762
DRegular,15,2,,6,17,0.46875,0.7857142857142857,0.9585693657229383,0.8983449794050701
DRegular,15,2,,6,18,0.33482142857142855,0.5,0.9412987860349793,0.9412987860349792
DRegular,15,2,,6,19,0.4955357142857143,0.9285714285714286,0.9903033712122234,0.8669878127903149
DRegular,15,2,,7,0,0.4419642857142857,0.8571428571428571,0.9508700392706756,0.9541627570121706
DRegular,15,2,,7,1,0.4955357142857143,0.9285714285714286,0.996013058579205,0.8888402027684191
DRegular,15,2,,7,2,0.390625,0.5833333333333334,0.9897537951029749,0.9897537930271879
DRegular,15,2,,7,3,0.33482142857142855,0.5,0.9669434415487894,0.966943441547517
DRegular,15,2,,7,4,0.4955357142857143,1.0,0.9773469068602105,0.9615169326216579
DRegular,15,2,,7,5,0.4955357142857143,1.0,0.9773468993054425,0.9615169326216347
DRegular,15,2,,7,6,0.46875,0.8571428571428571,0.9596565932126199,0.9282279753803916
DRegular,15,2,,7,7,0.33482142857142855,0.07142857142857142,0.9669434415458584,0.9669434415493653
DRegular,15,2,,7,8,0.46875,0.8571428571428571,0.9596565906642869,0.9282279753445595
DRegular,15,2,,7,9,0.4955357142857143,1.0,0.9773469120077743,0.9615169326216558
DRegular,15,2,,7,10,0.33482142857142855,0.2857142857142857,0.9669434415442784,0.9669434415425228
DRegular,15,2,,7,11,0.33482142857142855,0.2857142857142857,0.9669434415494267,0.9669434415457258
DRegular,15,2,,7,12,0.390625,0.8333333333333334,0.9897537865072618,0.9897537928208539
DRegular,15,2,,7,13,0.33482142857142855,0.7142857142857143,0.9669434415499814,0.9669434415467828
DRegular,15,2,,7,14,0.46875,0.7142857142857143,0.9596565913228849,0.9282279753377001
DRegular,15,2,,7,15,0.33482142857142855,0.5,0.9669434415437311,0.9669434415402938
DRegular,15,2,,7,16,0.33482142857142855,0.7142857142857143,0.9669434415498142,0.9669434415511517
DRegular,15,2,,7,17,0.46875,0.7857142857142857,0.9596565923019814,0.9282279753515625
DRegular,15,2,,7,18,0.33482142857142855,0.5,0.9669434415467715,0.9669434415432576
DRegular,15,2,,7,19,0.4955357142857143,0.9285714285714286,0.9960130587795746,0.8888401935364272
DRegular,15,2,,8,0,0.4419642857142857,0.8571428571428571,0.9588126537364751,0.9682497820515532
DRegular,15,2,,8,1,0.4955357142857143,0.9285714285714286,0.9971159468729842,0.9175213547638345
DRegular,15,2,,8,2,0.390625,0.5833333333333334,0.9969957491460538,0.9969957843292304
DRegular,15,2,,8,3,0.33482142857142855,0.5,0.9654957662844545,0.9654957657465228
DRegular,15,2,,8,4,0.4955357142857143,1.0,0.9939000551391269,0.9534360965502181
DRegular,15,2,,8,5,0.4955357142857143,1.0,0.9925701339781282,0.953436095474739
DRegular,15,2,,8,6,0.46875,0.8571428571428571,0.9598450838845304,0.9409717768250963
DRegular,15,2,,8,7,0.33482142857142855,0.07142857142857142,0.9654957657368276,0.9654957657740796
DRegular,15,2,,8,8,0.46875,0.8571428571428571,0.9598450889738402,0.9409717764858713
DRegular,15,2,,8,9,0.4955357142857143,1.0,0.9925701347384563,0.9534360955564949
DRegular,15,2,,8,10,0.33482142857142855,0.2857142857142857,0.965495766003888,0.9654957651214569
DRegular,15,2,,8,11,0.33482142857142855,0.2857142857142857,0.965495765219233,0.9654957661114855
DRegular,15,2,,8,12,0.390625,0.8333333333333334,0.9969957805199997,0.996995766214417
DRegular,15,2,,8,13,0.33482142857142855,0.7142857142857143,0.9654957654249235,0.9654957644122597
DRegular,15,2,,8,14,0.46875,0.7142857142857143,0.959845087722914,0.9409717707828017
DRegular,15,2,,8,15,0.33482142857142855,0.5,0.9654957629351467,0.965495765792513
DRegular,15,2,,8,16,0.33482142857142855,0.7142857142857143,0.9654957643115932,0.9654957664211324
DRegular,15,2,,8,17,0.46875,0.7857142857142857,0.9598450881762107,0.9409717728479288
DRegular,15,2,,8,18,0.33482142857142855,0.5,0.9654957660902284,0.9654957652836492
DRegular,15,2,,8,19,0.4955357142857143,0.9285714285714286,0.9971159096069498,0.9117545771331319
DRegular,15,2,,9,0,0.4419642857142857,0.8571428571428571,0.9414347039077465,0.9876035588426063
DRegular,15,2,,9,1,0.4955357142857143,0.9285714285714286,0.9980688955356742,0.9286836779003204
DRegular,15,2,,9,2,0.390625,0.5833333333333334,0.9968541596620529,0.9968541124214892
DRegular,15,2,,9,3,0.33482142857142855,0.5,0.9763589726224884,0.9763589774508488
DRegular,15,2,,9,4,0.4955357142857143,1.0,0.9998945388582349,0.9813420810101209
DRegular,15,2,,9,5,0.4955357142857143,1.0,0.9988703264456273,0.9813420791202984
DRegular,15,2,,9,6,0.46875,0.8571428571428571,0.9705909191162462,0.9638077094411407
DRegular,15,2,,9,7,0.33482142857142855,0.07142857142857142,0.9763589691716975,0.9763589426183131
DRegular,15,2,,9,8,0.46875,0.8571428571428571,0.974708180316374,0.9621889756865298
DRegular,15,2,,9,9,0.4955357142857143,1.0,0.9988703137618072,0.9813420777212528
DRegular,15,2,,9,10,0.33482142857142855,0.2857142857142857,0.9763589591855537,0.976358966470987
DRegular,15,2,,9,11,0.33482142857142855,0.2857142857142857,0.9763589802323116,0.9763589465598997
DRegular,15,2,,9,12,0.390625,0.8333333333333334,0.9957515735600491,0.995751419005431
DRegular,15,2,,9,13,0.33482142857142855,0.7142857142857143,0.9763589814060704,0.9763589698701878
DRegular,15,2,,9,14,0.46875,0.7142857142857143,0.9747081779171355,0.9621889796404945
DRegular,15,2,,9,15,0.33482142857142855,0.5,0.9763589719414003,0.9763589752035905
DRegular,15,2,,9,16,0.33482142857142855,0.7142857142857143,0.9763589819431738,0.976358978793432
DRegular,15,2,,9,17,0.46875,0.7857142857142857,0.9747081732967277,0.9621889751655085
DRegular,15,2,,9,18,0.33482142857142855,0.5,0.9763589783868765,0.976358961726701
DRegular,15,2,,9,19,0.4955357142857143,0.9285714285714286,0.9980689048396946,0.9272905121821096
DRegular,15,2,,10,0,0.4419642857142857,0.8571428571428571,0.9844043073331114,0.988852729169145
DRegular,15,2,,10,1,0.4955357142857143,0.9285714285714286,0.9990966478035758,0.9879963993894043
DRegular,15,2,,10,2,0.390625,0.5833333333333334,0.9990104943291102,0.9986417965411084
DRegular,15,2,,10,3,0.33482142857142855,0.5,0.9846398215688243,0.9846398433748466
DRegular,15,2,,10,4,0.4955357142857143,1.0,0.9978181425170412,0.9816739277450423
DRegular,15,2,,10,5,0.4955357142857143,1.0,0.9991073492239434,0.9816739215220368
DRegular,15,2,,10,6,0.46875,0.8571428571428571,0.9950865945167707,0.9347621762051092
DRegular,15,2,,10,7,0.33482142857142855,0.07142857142857142,0.9846398478560712,0.9846396771507574
DRegular,15,2,,10,8,0.46875,0.8571428571428571,0.9733835538749556,0.9784007051335976
DRegular,15,2,,10,9,0.4955357142857143,1.0,0.9991076093967897,0.9816739295315376
DRegular,15,2,,10,10,0.33482142857142855,0.2857142857142857,0.9846398507545285,0.9846398345074603
DRegular,15,2,,10,11,0.33482142857142855,0.2857142857142857,0.9846398299259586,0.9846398340885363
DRegular,15,2,,10,12,0.390625,0.8333333333333334,0.9956620290092842,0.9956620043260274
DRegular,15,2,,10,13,0.33482142857142855,0.7142857142857143,0.9846398608983925,0.9846397998503382
DRegular,15,2,,10,14,0.46875,0.7142857142857143,0.973383552148236,0.9784007067525853
DRegular,15,2,,10,15,0.33482142857142855,0.5,0.9846398530240743,0.9909171096725492
DRegular,15,2,,10,16,0.33482142857142855,0.7142857142857143,0.9846398493763386,0.9846398532661116
DRegular,15,2,,10,17,0.46875,0.7857142857142857,0.9733835537873903,0.9784007062599064
DRegular,15,2,,10,18,0.33482142857142855,0.5,0.9846398389627053,0.9846397863506292
DRegular,15,2,,10,19,0.4955357142857143,0.9285714285714286,0.9990965843134604,0.9622981479475651
DRegular,16,3,,1,0,0.25,0.21428571428571427,0.4808625686917586,0.4808625686917593
DRegular,16,3,,1,1,0.25,0.42857142857142855,0.4808625686917586,0.4808625686917592
DRegular,16,3,,1,2,0.25,0.42857142857142855,0.47249405886924706,0.47249405886924806
DRegular,16,3,,1,3,0.2916666666666667,0.5,0.5512430686807906,0.5512430686807895
DRegular,16,3,,1,4,0.25,0.0,0.47249405886924706,0.47249405886924795
DRegular,16,3,,1,5,0.25,-0.42857142857142855,0.4808625686917586,0.4808625686917591
DRegular,16,3,,1,6,0.2916666666666667,-0.75,0.5335324205007398,0.5335324205007397
DRegular,16,3,,1,7,0.25,0.21428571428571427,0.46465785643072255,0.46465785643072255
DRegular,16,3,,1,8,0.2916666666666667,0.5,0.5421008325025096,0.5421008325025096
DRegular,16,3,,1,9,0.2916666666666667,0.25,0.5335324205007401,0.5335324205007398
DRegular,16,3,,1,10,0.25,0.0,0.4724053592759609,0.4724053592759609
DRegular,16,3,,1,11,0.25,0.21428571428571427,0.4724940588692491,0.47249405886924806
DRegular,16,3,,1,12,0.25,0.0,0.4898063370397437,0.4898063370397429
DRegular,16,3,,1,13,0.25,0.0,0.4808625686917586,0.4808625686917592
DRegular,16,3,,1,14,0.25,0.42857142857142855,0.4898063370397437,0.4898063370397428
DRegular,16,3,,1,15,0.2916666666666667,0.0,0.5254042030459508,0.5254042030459494
DRegular,16,3,,1,16,0.25,0.21428571428571427,0.4898063370397437,0.4898063370397429
DRegular,16,3,,1,17,0.25,0.6428571428571429,0.4808625686917586,0.4808625686917591
DRegular,16,3,,1,18,0.2916666666666667,0.25,0.53353242050074,0.5335324205007397
DRegular,16,3,,1,19,0.25,0.0,0.4898063370397437,0.4898063370397429
DRegular,16,3,,2,0,0.25,0.21428571428571427,0.5947914044820637,0.5947914044820642
DRegular,16,3,,2,1,0.25,0.42857142857142855,0.6008326718927357,0.6008326718927313
DRegular,16,3,,2,2,0.25,0.42857142857142855,0.581953084278931,0.5819530842789294
DRegular,16,3,,2,3,0.2916666666666667,0.5,0.6737163782002878,0.6737163782002864
DRegular,16,3,,2,4,0.25,0.0,0.5876558200054017,0.5876558200054036
DRegular,16,3,,2,5,0.25,-0.42857142857142855,0.5999297947328407,0.5999297947328356
DRegular,16,3,,2,6,0.2916666666666667,-0.75,0.64370443650628,0.6437044365062783
DRegular,16,3,,2,7,0.25,0.21428571428571427,0.5646555037952102,0.5646555037952122
DRegular,16,3,,2,8,0.2916666666666667,0.5,0.666760274706126,0.6667602747061263
DRegular,16,3,,2,9,0.2916666666666667,0.25,0.6446241213014386,0.6446241213014389
DRegular,16,3,,2,10,0.25,0.0,0.595916296431712,0.5959162964317125
DRegular,16,3,,2,11,0.25,0.21428571428571427,0.5830557096671465,0.5830557096671468
DRegular,16,3,,2,12,0.25,0.0,0.6228294188039311,0.6228294188039344
DRegular,16,3,,2,13,0.25,0.0,0.5947469545938676,0.5947469545938686
DRegular,16,3,,2,14,0.25,0.42857142857142855,0.6161645118000526,0.6161645118000534
DRegular,16,3,,2,15,0.2916666666666667,0.0,0.6230319774189431,0.6230319774189406
DRegular,16,3,,2,16,0.25,0.21428571428571427,0.605538170189581,0.6055381701895816
DRegular,16,3,,2,17,0.25,0.6428571428571429,0.5963076379921641,0.5963076379921649
DRegular,16,3,,2,18,0.2916666666666667,0.25,0.6489623990099725,0.6489623990099744
DRegular,16,3,,2,19,0.25,0.0,0.6117727995795337,0.6117727995795335
DRegular,16,3,,3,0,0.25,0.21428571428571427,0.6435299011995961,0.6435299011995992
DRegular,16,3,,3,1,0.25,0.42857142857142855,0.646901890276267,0.6469018902762694
DRegular,16,3,,3,2,0.25,0.42857142857142855,0.6329960262301965,0.6329960262301981
DRegular,16,3,,3,3,0.2916666666666667,0.5,0.7365762492537088,0.7365762492537082
DRegular,16,3,,3,4,0.25,0.0,0.6348169103329073,0.6348169103329119
DRegular,16,3,,3,5,0.25,-0.42857142857142855,0.645384308693018,0.6453843086930157
DRegular,16,3,,3,6,0.2916666666666667,-0.75,0.699219159637171,0.6992191596371707
DRegular,16,3,,3,7,0.25,0.21428571428571427,0.6210520623957203,0.6210520623957185
DRegular,16,3,,3,8,0.2916666666666667,0.5,0.7276196142736775,0.7276196142736796
DRegular,16,3,,3,9,0.2916666666666667,0.25,0.614513303819661,0.6145133038196611
DRegular,16,3,,3,10,0.25,0.0,0.6346706705756289,0.634670670575633
DRegular,16,3,,3,11,0.25,0.21428571428571427,0.6331809625215016,0.6331809625215093
DRegular,16,3,,3,12,0.25,0.0,0.6626201707031313,0.6626201707031277
DRegular,16,3,,3,13,0.25,0.0,0.6436018775518674,0.6436018775518696
DRegular,16,3,,3,14,0.25,0.42857142857142855,0.6615349721417187,0.6615349721417167
DRegular,16,3,,3,15,0.2916666666666667,0.0,0.7326285511361644,0.7326285511361651
DRegular,16,3,,3,16,0.25,0.21428571428571427,0.654276119762467,0.6542761197624649
DRegular,16,3,,3,17,0.25,0.6428571428571429,0.6441013358339619,0.6441013358339632
DRegular,16,3,,3,18,0.2916666666666667,0.25,0.7147511476491291,0.7147511476491268
DRegular,16,3,,3,19,0.25,0.0,0.6562825744187278,0.6562825744187215
DRegular,16,3,,4,0,0.25,0.21428571428571427,0.5698756240775099,0.5698756240775084
DRegular,16,3,,4,1,0.25,0.42857142857142855,0.761940649265258,0.7619406492652644
DRegular,16,3,,4,2,0.25,0.42857142857142855,0.5597303893196949,0.5597303893196935
DRegular,16,3,,4,3,0.2916666666666667,0.5,0.6452042472784112,0.6452042472784165
DRegular,16,3,,4,4,0.25,0.0,0.5709342679080408,0.5709342679080349
DRegular,16,3,,4,5,0.25,-0.42857142857142855,0.5788374030962433,0.5788374030962399
DRegular,16,3,,4,6,0.2916666666666667,-0.75,0.7280475227208173,0.7280475227208111
DRegular,16,3,,4,7,0.25,0.21428571428571427,0.5440424436794353,0.5440424436794343
DRegular,16,3,,4,8,0.2916666666666667,0.5,0.619067183636577,0.6190671836365874
DRegular,16,3,,4,9,0.2916666666666667,0.25,0.7910254343643163,0.7910254343818427
DRegular,16,3,,4,10,0.25,0.0,0.7806678162168933,0.780667816216888
DRegular,16,3,,4,11,0.25,0.21428571428571427,0.5691399881720421,0.5691399881720417
DRegular,16,3,,4,12,0.25,0.0,0.7692066454410578,0.7692066454410587
DRegular,16,3,,4,13,0.25,0.0,0.5703117499309057,0.5703117499309094
DRegular,16,3,,4,14,0.25,0.42857142857142855,0.7897467921264064,0.7897467921264036
DRegular,16,3,,4,15,0.2916666666666667,0.0,0.7357702634179879,0.7357702634179836
DRegular,16,3,,4,16,0.25,0.21428571428571427,0.6857336544090915,0.6857336544091067
DRegular,16,3,,4,17,0.25,0.6428571428571429,0.5771878776014534,0.5771878776014495
DRegular,16,3,,4,18,0.2916666666666667,0.25,0.626308028774905,0.6263080287748984
DRegular,16,3,,4,19,0.25,0.0,0.5953010401955228,0.5953010401955241
DRegular,16,3,,5,0,0.25,0.21428571428571427,0.6943841210714676,0.6943841210714236
DRegular,16,3,,5,1,0.25,0.42857142857142855,0.7317749050816538,0.7317749050816544
DRegular,16,3,,5,2,0.25,0.42857142857142855,0.6792351945353232,0.6792351945353304
DRegular,16,3,,5,3,0.2916666666666667,0.5,0.7838175243928677,0.7838175243928722
DRegular,16,3,,5,4,0.25,0.0,0.6937325986665389,0.6937325986665405
DRegular,16,3,,5,5,0.25,-0.42857142857142855,0.6934542890099026,0.6934542890099005
DRegular,16,3,,5,6,0.2916666666666667,-0.75,0.7668162843644177,0.7668162843796704
DRegular,16,3,,5,7,0.25,0.21428571428571427,0.6666638399498837,0.6666638399498803
DRegular,16,3,,5,8,0.2916666666666667,0.5,0.7612605271695071,0.7612605271719873
DRegular,16,3,,5,9,0.2916666666666667,0.25,0.844317904461929,0.8443179046414406
DRegular,16,3,,5,10,0.25,0.0,0.7960683908684686,0.7960683908684769
DRegular,16,3,,5,11,0.25,0.21428571428571427,0.6905935216416895,0.6905935218033915
DRegular,16,3,,5,12,0.25,0.0,0.8230710739156578,0.8230710739156806
DRegular,16,3,,5,13,0.25,0.0,0.6948992829509999,0.6948992829510143
DRegular,16,3,,5,14,0.25,0.42857142857142855,0.7860886847063303,0.7860886847063462
DRegular,16,3,,5,15,0.2916666666666667,0.0,0.7880632309577295,0.7880632310074723
DRegular,16,3,,5,16,0.25,0.21428571428571427,0.7853297429376249,0.7853297429375445
DRegular,16,3,,5,17,0.25,0.6428571428571429,0.6988765104002231,0.6988765104002133
DRegular,16,3,,5,18,0.2916666666666667,0.25,0.7769610370768545,0.7769610370768545
DRegular,16,3,,5,19,0.25,0.0,0.7130894966341167,0.7130894966341097
DRegular,16,3,,6,0,0.25,0.21428571428571427,0.7929875263753324,0.7929875224903421
DRegular,16,3,,6,1,0.25,0.42857142857142855,0.7287649924592768,0.7287649904342862
DRegular,16,3,,6,2,0.25,0.42857142857142855,0.7526827085935566,0.7526827085930136
DRegular,16,3,,6,3,0.2916666666666667,0.5,0.8677947307075303,0.8677947306966951
DRegular,16,3,,6,4,0.25,0.0,0.7690739249947997,0.7690739251533479
DRegular,16,3,,6,5,0.25,-0.42857142857142855,0.7699842860151233,0.7699842860131082
DRegular,16,3,,6,6,0.2916666666666667,-0.75,0.8500190905666041,0.850019095076498
DRegular,16,3,,6,7,0.25,0.21428571428571427,0.7332375764158988,0.7332375764162201
DRegular,16,3,,6,8,0.2916666666666667,0.5,0.8786048583134489,0.8786048576498194
DRegular,16,3,,6,9,0.2916666666666667,0.25,0.8752638019413318,0.8752638059081743
DRegular,16,3,,6,10,0.25,0.0,0.8043506438414629,0.8043506440575875
DRegular,16,3,,6,11,0.25,0.21428571428571427,0.788866762282668,0.7888667626537487
DRegular,16,3,,6,12,0.25,0.0,0.7991520368999389,0.799152035904984
DRegular,16,3,,6,13,0.25,0.0,0.7969734672554546,0.780722050994974
DRegular,16,3,,6,14,0.25,0.42857142857142855,0.7450172897495152,0.7450172877407356
DRegular,16,3,,6,15,0.2916666666666667,0.0,0.8105444010094792,0.8105444046342211
DRegular,16,3,,6,16,0.25,0.21428571428571427,0.7946243358163748,0.7946243362652409
DRegular,16,3,,6,17,0.25,0.6428571428571429,0.7923066180127256,0.792306618716313
DRegular,16,3,,6,18,0.2916666666666667,0.25,0.8584305151291515,0.8584305153092234
DRegular,16,3,,6,19,0.25,0.0,0.8438106821376802,0.8438106786947237
DRegular,16,3,,7,0,0.25,0.21428571428571427,0.7754365834408447,0.7754365857887568
DRegular,16,3,,7,1,0.25,0.42857142857142855,0.7870768604134574,0.7870768541382163
DRegular,16,3,,7,2,0.25,0.42857142857142855,0.7681534612454223,0.7681534621259376
DRegular,16,3,,7,3,0.2916666666666667,0.5,0.8901907813070628,0.8901907863505016
DRegular,16,3,,7,4,0.25,0.0,0.7671162398169484,0.7671162406496526
DRegular,16,3,,7,5,0.25,-0.42857142857142855,0.7881331944135864,0.7881331959293627
DRegular,16,3,,7,6,0.2916666666666667,-0.75,0.8749336208356239,0.8749336194982947
DRegular,16,3,,7,7,0.25,0.21428571428571427,0.752749571725136,0.7527495722345041
DRegular,16,3,,7,8,0.2916666666666667,0.5,0.8684071358252469,0.8684071360612423
DRegular,16,3,,7,9,0.2916666666666667,0.25,0.8722572483787258,0.8722572336033892
DRegular,16,3,,7,10,0.25,0.0,0.8382074250377942,0.8382074243151877
DRegular,16,3,,7,11,0.25,0.21428571428571427,0.8149989334401636,0.8149989387205288
DRegular,16,3,,7,12,0.25,0.0,0.7791525988263576,0.7791526083320043
DRegular,16,3,,7,13,0.25,0.0,0.7625844991825034,0.7709922691844587
DRegular,16,3,,7,14,0.25,0.42857142857142855,0.8200542762936943,0.8200542510372133
DRegular,16,3,,7,15,0.2916666666666667,0.0,0.8791390942033618,0.8791390951933534
DRegular,16,3,,7,16,0.25,0.21428571428571427,0.7699265918758382,0.7699265911343453
DRegular,16,3,,7,17,0.25,0.6428571428571429,0.8006808442867943,0.800680841826124
DRegular,16,3,,7,18,0.2916666666666667,0.25,0.832105595863077,0.8321055847583473
DRegular,16,3,,7,19,0.25,0.0,0.8169832431355528,0.8169832383019757
DRegular,16,3,,8,0,0.25,0.21428571428571427,0.7926058865094138,0.7926058472242928
DRegular,16,3,,8,1,0.25,0.42857142857142855,0.8603998411149698,0.8603998432426686
DRegular,16,3,,8,2,0.25,0.42857142857142855,0.8012001039334761,0.7973663549183395
DRegular,16,3,,8,3,0.2916666666666667,0.5,0.914227312018177,0.9142273200035752
DRegular,16,3,,8,4,0.25,0.0,0.8284397145760141,0.8284397410443693
DRegular,16,3,,8,5,0.25,-0.42857142857142855,0.8150949547416613,0.8150949512289646
DRegular,16,3,,8,6,0.2916666666666667,-0.75,0.881097261146997,0.881097231522646
DRegular,16,3,,8,7,0.25,0.21428571428571427,0.7968298523186228,0.7968298524161153
DRegular,16,3,,8,8,0.2916666666666667,0.5,0.9116003218856963,0.9089939585933586
DRegular,16,3,,8,9,0.2916666666666667,0.25,0.8471647519287161,0.847164744710009
DRegular,16,3,,8,10,0.25,0.0,0.8129937563079949,0.8129937637723984
DRegular,16,3,,8,11,0.25,0.21428571428571427,0.7932554498764997,0.7912810951834784
DRegular,16,3,,8,12,0.25,0.0,0.8635286115664398,0.8635286264341554
DRegular,16,3,,8,13,0.25,0.0,0.7661915752509957,0.8193997303652092
DRegular,16,3,,8,14,0.25,0.42857142857142855,0.8425258122255025,0.8425257843223272
DRegular,16,3,,8,15,0.2916666666666667,0.0,0.8368534434156807,0.8368534371241689
DRegular,16,3,,8,16,0.25,0.21428571428571427,0.8306825761486948,0.8306825780597086
DRegular,16,3,,8,17,0.25,0.6428571428571429,0.8130390985807344,0.8130391102416928
DRegular,16,3,,8,18,0.2916666666666667,0.25,0.8985081019590094,0.8790467038114514
DRegular,16,3,,8,19,0.25,0.0,0.838878665754447,0.838932039946393
DRegular,16,3,,9,0,0.25,0.21428571428571427,0.8040610892830333,0.8017118799222166
DRegular,16,3,,9,1,0.25,0.42857142857142855,0.8726797051384335,0.8726797165328116
DRegular,16,3,,9,2,0.25,0.42857142857142855,0.7791618274903183,0.814231044778814
DRegular,16,3,,9,3,0.2916666666666667,0.5,0.9288524781038044,0.9288524806907067
DRegular,16,3,,9,4,0.25,0.0,0.8250758804417349,0.8271400039918299
DRegular,16,3,,9,5,0.25,-0.42857142857142855,0.8262396602489852,0.8262396689861621
DRegular,16,3,,9,6,0.2916666666666667,-0.75,0.867987361673313,0.876419806680189
DRegular,16,3,,9,7,0.25,0.21428571428571427,0.8148134997969688,0.8148134971429197
DRegular,16,3,,9,8,0.2916666666666667,0.5,0.9279573437638317,0.9302843102605292
DRegular,16,3,,9,9,0.2916666666666667,0.25,0.8970062603294333,0.897006236622456
DRegular,16,3,,9,10,0.25,0.0,0.8926953845930855,0.8926953910858744
DRegular,16,3,,9,11,0.25,0.21428571428571427,0.8245368480738106,0.8378996472131742
DRegular,16,3,,9,12,0.25,0.0,0.9210845867718317,0.8793039607184737
DRegular,16,3,,9,13,0.25,0.0,0.820941093461487,0.7993120436802174
DRegular,16,3,,9,14,0.25,0.42857142857142855,0.8287188729894278,0.8183783767346412
DRegular,16,3,,9,15,0.2916666666666667,0.0,0.8584109994443625,0.8584109919818474
DRegular,16,3,,9,16,0.25,0.21428571428571427,0.8249479187520735,0.828804451022232
DRegular,16,3,,9,17,0.25,0.6428571428571429,0.8339288429019599,0.817806783190588
DRegular,16,3,,9,18,0.2916666666666667,0.25,0.9139258232867175,0.9017761756587771
DRegular,16,3,,9,19,0.25,0.0,0.8728188029979196,0.8633986691752744
DRegular,16,3,,10,0,0.25,0.21428571428571427,0.8352348925166441,0.818496608555878
DRegular,16,3,,10,1,0.25,0.42857142857142855,0.8739847398447317,0.8739847450137762
DRegular,16,3,,10,2,0.25,0.42857142857142855,0.8343310337542679,0.8088572132730821
DRegular,16,3,,10,3,0.2916666666666667,0.5,0.9088963573305859,0.9049156593495771
DRegular,16,3,,10,4,0.25,0.0,0.8732851428237959,0.8704066089255746
DRegular,16,3,,10,5,0.25,-0.42857142857142855,0.8355877836858953,0.8355877759704521
DRegular,16,3,,10,6,0.2916666666666667,-0.75,0.9133518780232524,0.8859295122983285
DRegular,16,3,,10,7,0.25,0.21428571428571427,0.8186858066544974,0.8113257441677452
DRegular,16,3,,10,8,0.2916666666666667,0.5,0.9472323565082724,0.9528518380313357
DRegular,16,3,,10,9,0.2916666666666667,0.25,0.9007393170104822,0.9007393246381636
DRegular,16,3,,10,10,0.25,0.0,0.8412289641610629,0.8789814706001087
DRegular,16,3,,10,11,0.25,0.21428571428571427,0.8236813275357864,0.8628053918142763
DRegular,16,3,,10,12,0.25,0.0,0.921607024618934,0.9494382316806816
DRegular,16,3,,10,13,0.25,0.0,0.804857641198376,0.8000335663699003
DRegular,16,3,,10,14,0.25,0.42857142857142855,0.8550538130078129,0.852056004170891
DRegular,16,3,,10,15,0.2916666666666667,0.0,0.9005577934879224,0.9005578090733851
DRegular,16,3,,10,16,0.25,0.21428571428571427,0.8884129353321909,0.8428673122171062
DRegular,16,3,,10,17,0.25,0.6428571428571429,0.8361709939963143,0.8513618623817417
DRegular,16,3,,10,18,0.2916666666666667,0.25,0.906081907656798,0.9150559315811035
DRegular,16,3,,10,19,0.25,0.0,0.8620440301797258,0.8767093602217227
DRegular,18,3,,1,0,0.24609375,0.5625,0.4668952158398153,0.46689521583981464
DRegular,18,3,,1,1,0.24609375,0.1875,0.48215311302349706,0.4821531130234963
DRegular,18,3,,1,2,0.28125,0.21428571428571427,0.5420554928941012,0.5420554928941002
DRegular,18,3,,1,3,0.24609375,0.0,0.4599131213992689,0.459913121399268
DRegular,18,3,,1,4,0.28125,0.6428571428571429,0.5256149958848788,0.5256149958848777
DRegular,18,3,,1,5,0.24609375,0.1875,0.4742985562823423,0.47429855628233764
DRegular,18,3,,1,6,0.28125,0.6428571428571429,0.5180843480416452,0.5180843480416442
DRegular,18,3,,1,7,0.28125,0.21428571428571427,0.5335945323883603,0.5335945323883596
DRegular,18,3,,1,8,0.28125,0.42857142857142855,0.5420554928941055,0.5420554928941002
DRegular,18,3,,1,9,0.28125,0.42857142857142855,0.5420554928941012,0.5420554928941002
DRegular,18,3,,1,10,0.24609375,0.375,0.48215311302349706,0.4821531130234963
DRegular,18,3,,1,11,0.28125,0.21428571428571427,0.518084348041645,0.5180843480416442
DRegular,18,3,,1,12,0.24609375,0.1875,0.4742985562823423,0.47429855628233764
DRegular,18,3,,1,13,0.24609375,0.375,0.4742985562823423,0.47429855628233764
DRegular,18,3,,1,14,0.28125,0.42857142857142855,0.5335945323883603,0.5335945323883596
DRegular,18,3,,1,15,0.24609375,0.5625,0.48215311302349706,0.4821531130234963
DRegular,18,3,,1,16,0.24609375,0.1875,0.48215311302349706,0.4821531130234963
DRegular,18,3,,1,17,0.24609375,0.1875,0.48215311302349706,0.4821531130234963
DRegular,18,3,,1,18,0.24609375,0.375,0.4742985562823423,0.47429855628233764
DRegular,18,3,,1,19,0.28125,0.42857142857142855,0.5335049534041546,0.5335049534041543
DRegular,18,3,,2,0,0.24609375,0.5625,0.5787109045925071,0.5787109045925083
DRegular,18,3,,2,1,0.24609375,0.1875,0.6095733730504791,0.6095733730504802
DRegular,18,3,,2,2,0.28125,0.21428571428571427,0.6691046691495718,0.6691046691495665
DRegular,18,3,,2,3,0.24609375,0.0,0.5711253104451586,0.5711253104451582
DRegular,18,3,,2,4,0.28125,0.6428571428571429,0.6353973547823595,0.6353973547823557
DRegular,18,3,,2,5,0.24609375,0.1875,0.5863840908440896,0.5863840908440897
DRegular,18,3,,2,6,0.28125,0.6428571428571429,0.6216897342893482,0.6216897342893467
DRegular,18,3,,2,7,0.28125,0.21428571428571427,0.6538052004937233,0.6538052004937238
DRegular,18,3,,2,8,0.28125,0.42857142857142855,0.6616709334358626,0.6616709334358631
DRegular,18,3,,2,9,0.28125,0.42857142857142855,0.6630030034510102,0.6630030034510094
DRegular,18,3,,2,10,0.24609375,0.375,0.5992837476168893,0.5992837476168869
DRegular,18,3,,2,11,0.28125,0.21428571428571427,0.635282543964382,0.6352825439643803
DRegular,18,3,,2,12,0.24609375,0.1875,0.591681746857989,0.5916817468579929
DRegular,18,3,,2,13,0.24609375,0.375,0.5864919779238346,0.5864919779238383
DRegular,18,3,,2,14,0.28125,0.42857142857142855,0.655347254583595,0.6553472545835953
DRegular,18,3,,2,15,0.24609375,0.5625,0.5965587828897609,0.5965587828897643
DRegular,18,3,,2,16,0.24609375,0.1875,0.5959723702623094,0.5959723702623075
DRegular,18,3,,2,17,0.24609375,0.1875,0.6112652766690928,0.6112652766690908
DRegular,18,3,,2,18,0.24609375,0.375,0.5833426936966004,0.5833426936965989
DRegular,18,3,,2,19,0.28125,0.42857142857142855,0.6469344826073843,0.6469344826073892
DRegular,18,3,,3,0,0.24609375,0.5625,0.6262388624596051,0.6262388624596037
DRegular,18,3,,3,1,0.24609375,0.1875,0.652016830302621,0.6520168303026153
DRegular,18,3,,3,2,0.28125,0.21428571428571427,0.7248973881227788,0.7248973881227773
DRegular,18,3,,3,3,0.24609375,0.0,0.6177853349907895,0.6177853349907905
DRegular,18,3,,3,4,0.28125,0.6428571428571429,0.701060254178537,0.7010602541785235
DRegular,18,3,,3,5,0.24609375,0.1875,0.6345218795207982,0.6345218795207955
DRegular,18,3,,3,6,0.28125,0.6428571428571429,0.6991306195506791,0.699130619550677
DRegular,18,3,,3,7,0.28125,0.21428571428571427,0.7134021490664654,0.7134021490664678
DRegular,18,3,,3,8,0.28125,0.42857142857142855,0.7224848864149279,0.7224848864149221
DRegular,18,3,,3,9,0.28125,0.42857142857142855,0.7230221552315459,0.723022155231545
DRegular,18,3,,3,10,0.24609375,0.375,0.6450963308834319,0.6450963308834305
DRegular,18,3,,3,11,0.28125,0.21428571428571427,0.6953235608359728,0.6953235608359706
DRegular,18,3,,3,12,0.24609375,0.1875,0.6363737973349801,0.6363737973349768
DRegular,18,3,,3,13,0.24609375,0.375,0.6346674071779692,0.6346674071779675
DRegular,18,3,,3,14,0.28125,0.42857142857142855,0.7136525165450822,0.7136525165450827
DRegular,18,3,,3,15,0.24609375,0.5625,0.6442432794765919,0.6442432794765918
DRegular,18,3,,3,16,0.24609375,0.1875,0.6439800190501764,0.6439800190501744
DRegular,18,3,,3,17,0.24609375,0.1875,0.6519996244391136,0.6519996244391081
DRegular,18,3,,3,18,0.24609375,0.375,0.6336378740664622,0.6336378740664645
DRegular,18,3,,3,19,0.28125,0.42857142857142855,0.7114791182933723,0.7114791182933742
DRegular,18,3,,4,0,0.24609375,0.5625,0.5588271275399905,0.5588271275399911
DRegular,18,3,,4,1,0.24609375,0.1875,0.7440125446425345,0.744012544642535
DRegular,18,3,,4,2,0.28125,0.21428571428571427,0.6378364253547906,0.6378364253547997
DRegular,18,3,,4,3,0.24609375,0.0,0.5543251159328296,0.5543251159328253
DRegular,18,3,,4,4,0.28125,0.6428571428571429,0.6063825093426761,0.6063825093426776
DRegular,18,3,,4,5,0.24609375,0.1875,0.5621096594991759,0.5621096594991658
DRegular,18,3,,4,6,0.28125,0.6428571428571429,0.6962603939780864,0.696260393978102
DRegular,18,3,,4,7,0.28125,0.21428571428571427,0.6158499709070763,0.6158499709070734
DRegular,18,3,,4,8,0.28125,0.42857142857142855,0.6280308995158883,0.6280308995158908
DRegular,18,3,,4,9,0.28125,0.42857142857142855,0.6342341463603092,0.6342341463603056
DRegular,18,3,,4,10,0.24609375,0.375,0.6782153798406381,0.6782153795301624
DRegular,18,3,,4,11,0.28125,0.21428571428571427,0.6014168930038188,0.6014168930038106
DRegular,18,3,,4,12,0.24609375,0.1875,0.5726769439474412,0.5726769439474422
DRegular,18,3,,4,13,0.24609375,0.375,0.5635042396337842,0.5635042396337842
DRegular,18,3,,4,14,0.28125,0.42857142857142855,0.6251412677090772,0.6251412677090799
DRegular,18,3,,4,15,0.24609375,0.5625,0.5739514770116876,0.5739514770116881
DRegular,18,3,,4,16,0.24609375,0.1875,0.6746209505534595,0.674620950440421
DRegular,18,3,,4,17,0.24609375,0.1875,0.7515020645360664,0.7515020645360628
DRegular,18,3,,4,18,0.24609375,0.375,0.5587157178272686,0.5587157178272735
DRegular,18,3,,4,19,0.28125,0.42857142857142855,0.6281295944193317,0.628129594419338
DRegular,18,3,,5,0,0.24609375,0.5625,0.680623559488037,0.6806235594880323
DRegular,18,3,,5,1,0.24609375,0.1875,0.7946111705251309,0.7946111705251386
DRegular,18,3,,5,2,0.28125,0.21428571428571427,0.781291985487657,0.781291985487661
DRegular,18,3,,5,3,0.24609375,0.0,0.6709053071608295,0.6709053071608369
DRegular,18,3,,5,4,0.28125,0.6428571428571429,0.7466916050137172,0.746691605013715
DRegular,18,3,,5,5,0.24609375,0.1875,0.683885258361584,0.6838852583615893
DRegular,18,3,,5,6,0.28125,0.6428571428571429,0.80133092455974,0.8013309236824658
DRegular,18,3,,5,7,0.28125,0.21428571428571427,0.7679453007511192,0.7679453007511087
DRegular,18,3,,5,8,0.28125,0.42857142857142855,0.7756742143714116,0.7756742143714375
DRegular,18,3,,5,9,0.28125,0.42857142857142855,0.7795635951279636,0.7795635951280458
DRegular,18,3,,5,10,0.24609375,0.375,0.7772357281456472,0.7772357280472519
DRegular,18,3,,5,11,0.28125,0.21428571428571427,0.7284550030754326,0.7284550030754263
DRegular,18,3,,5,12,0.24609375,0.1875,0.6917410376074649,0.6917410376074665
DRegular,18,3,,5,13,0.24609375,0.375,0.6854764297674263,0.6854764297674334
DRegular,18,3,,5,14,0.28125,0.42857142857142855,0.7690533579339707,0.769053357933987
DRegular,18,3,,5,15,0.24609375,0.5625,0.6957042423313358,0.6957042423313354
DRegular,18,3,,5,16,0.24609375,0.1875,0.7710402512990947,0.7710402508396972
DRegular,18,3,,5,17,0.24609375,0.1875,0.7782509998534056,0.778250999853409
DRegular,18,3,,5,18,0.24609375,0.375,0.6835633333857642,0.6835633333858437
DRegular,18,3,,5,19,0.28125,0.42857142857142855,0.769054348323043,0.769054348323043
DRegular,18,3,,6,0,0.24609375,0.5625,0.7438129621860663,0.7438129629958262
DRegular,18,3,,6,1,0.24609375,0.1875,0.7186438801616315,0.7186438801608848
DRegular,18,3,,6,2,0.28125,0.21428571428571427,0.8814988573541006,0.8814988571804451
DRegular,18,3,,6,3,0.24609375,0.0,0.7450552544716261,0.7450552544751985
DRegular,18,3,,6,4,0.28125,0.6428571428571429,0.820939843955153,0.8209398439551229
DRegular,18,3,,6,5,0.24609375,0.1875,0.7709008844806509,0.7709008839161712
DRegular,18,3,,6,6,0.28125,0.6428571428571429,0.8259865246797091,0.8259865259832643
DRegular,18,3,,6,7,0.28125,0.21428571428571427,0.856050656370707,0.856050663327504
DRegular,18,3,,6,8,0.28125,0.42857142857142855,0.8624059490659517,0.8624059448228876
DRegular,18,3,,6,9,0.28125,0.42857142857142855,0.8324304662159719,0.8324304646276108
DRegular,18,3,,6,10,0.24609375,0.375,0.7569304226370676,0.7934949992685728
DRegular,18,3,,6,11,0.28125,0.21428571428571427,0.8411877458383807,0.8411877458437659
DRegular,18,3,,6,12,0.24609375,0.1875,0.7652816004242666,0.7652815971024429
DRegular,18,3,,6,13,0.24609375,0.375,0.7704860642555327,0.7704860638064688
DRegular,18,3,,6,14,0.28125,0.42857142857142855,0.8633235498335197,0.8633235578341544
DRegular,18,3,,6,15,0.24609375,0.5625,0.7849457939372702,0.7849457938553089
DRegular,18,3,,6,16,0.24609375,0.1875,0.7384219134857741,0.7384219147980944
DRegular,18,3,,6,17,0.24609375,0.1875,0.8168321017877185,0.816832101783657
DRegular,18,3,,6,18,0.24609375,0.375,0.7667316279187881,0.7667316246827037
DRegular,18,3,,6,19,0.28125,0.42857142857142855,0.880501266610876,0.880501264702379
DRegular,18,3,,7,0,0.24609375,0.5625,0.7504538342031727,0.7504538331369337
DRegular,18,3,,7,1,0.24609375,0.1875,0.7522503291552451,0.7522503286136984
DRegular,18,3,,7,2,0.28125,0.21428571428571427,0.8864823646616374,0.9123937309613135
DRegular,18,3,,7,3,0.24609375,0.0,0.7628017230857728,0.762801725171145
DRegular,18,3,,7,4,0.28125,0.6428571428571429,0.8413460599910252,0.8413460602596554
DRegular,18,3,,7,5,0.24609375,0.1875,0.767116268415017,0.7671162658651631
DRegular,18,3,,7,6,0.28125,0.6428571428571429,0.8449532186878421,0.8449531972222195
DRegular,18,3,,7,7,0.28125,0.21428571428571427,0.8567884035034649,0.8567884080096151
DRegular,18,3,,7,8,0.28125,0.42857142857142855,0.8646296975280272,0.8646296971721217
DRegular,18,3,,7,9,0.28125,0.42857142857142855,0.8829294796065665,0.8829294660060728
DRegular,18,3,,7,10,0.24609375,0.375,0.8052782261417911,0.7740907060635311
DRegular,18,3,,7,11,0.28125,0.21428571428571427,0.8464496701149014,0.8464496714707141
DRegular,18,3,,7,12,0.24609375,0.1875,0.7706442462941004,0.7706442384500993
DRegular,18,3,,7,13,0.24609375,0.375,0.7885842095557013,0.788584213537483
DRegular,18,3,,7,14,0.28125,0.42857142857142855,0.8711649213784748,0.8711649263979225
DRegular,18,3,,7,15,0.24609375,0.5625,0.8131364080302932,0.8131364018761842
DRegular,18,3,,7,16,0.24609375,0.1875,0.7831454995888871,0.7831455001781658
DRegular,18,3,,7,17,0.24609375,0.1875,0.822246762782055,0.8222467642831517
DRegular,18,3,,7,18,0.24609375,0.375,0.7844324938302931,0.7844324925377266
DRegular,18,3,,7,19,0.28125,0.42857142857142855,0.8389970577911136,0.8389970458632623
DRegular,18,3,,8,0,0.24609375,0.5625,0.800851143557511,0.8008511423238729
DRegular,18,3,,8,1,0.24609375,0.1875,0.8566552585983994,0.8664811602097018
DRegular,18,3,,8,2,0.28125,0.21428571428571427,0.9185524194458281,0.9018798043253863
DRegular,18,3,,8,3,0.24609375,0.0,0.791759732837066,0.7917597265929237
DRegular,18,3,,8,4,0.28125,0.6428571428571429,0.8727961570185775,0.8727961574531274
DRegular,18,3,,8,5,0.24609375,0.1875,0.7831422198723319,0.7831422122751407
DRegular,18,3,,8,6,0.28125,0.6428571428571429,0.8296448827297057,0.8296448518503156
DRegular,18,3,,8,7,0.28125,0.21428571428571427,0.889245917958186,0.889245927213655
DRegular,18,3,,8,8,0.28125,0.42857142857142855,0.8675431672033621,0.867543157350649
DRegular,18,3,,8,9,0.28125,0.42857142857142855,0.9176582791600184,0.9126659848007478
DRegular,18,3,,8,10,0.24609375,0.375,0.8123076296061831,0.7765426881061771
DRegular,18,3,,8,11,0.28125,0.21428571428571427,0.8437713463613091,0.8437713495013073
DRegular,18,3,,8,12,0.24609375,0.1875,0.7989809818730432,0.7956080565821818
DRegular,18,3,,8,13,0.24609375,0.375,0.7795000009318868,0.7990474173091047
DRegular,18,3,,8,14,0.28125,0.42857142857142855,0.9055118949415499,0.9055119099875354
DRegular,18,3,,8,15,0.24609375,0.5625,0.8372208060005452,0.791201211942219
DRegular,18,3,,8,16,0.24609375,0.1875,0.7993171409447448,0.7993171492301211
DRegular,18,3,,8,17,0.24609375,0.1875,0.837266140939073,0.857700687139021
DRegular,18,3,,8,18,0.24609375,0.375,0.7915209211898991,0.7915209219627721
DRegular,18,3,,8,19,0.28125,0.42857142857142855,0.8959184458447612,0.8959184478732057
DRegular,18,3,,9,0,0.24609375,0.5625,0.7979412706821001,0.797941260305595
DRegular,18,3,,9,1,0.24609375,0.1875,0.8298262220385181,0.8597072497050116
DRegular,18,3,,9,2,0.28125,0.21428571428571427,0.9216601215637287,0.9346469075252414
DRegular,18,3,,9,3,0.24609375,0.0,0.7799697148860911,0.779969737981345
DRegular,18,3,,9,4,0.28125,0.6428571428571429,0.8644644115605438,0.8644644298214574
DRegular,18,3,,9,5,0.24609375,0.1875,0.8132878454824866,0.8132878454930821
DRegular,18,3,,9,6,0.28125,0.6428571428571429,0.8547880660754278,0.8547880658094733
DRegular,18,3,,9,7,0.28125,0.21428571428571427,0.8837615777514386,0.8815400603572084
DRegular,18,3,,9,8,0.28125,0.42857142857142855,0.8765289763843949,0.8461490135932976
DRegular,18,3,,9,9,0.28125,0.42857142857142855,0.9181736053524323,0.919158477302101
DRegular,18,3,,9,10,0.24609375,0.375,0.8328151713499067,0.8200901785569774
DRegular,18,3,,9,11,0.28125,0.21428571428571427,0.8869158336262165,0.8869158456346129
DRegular,18,3,,9,12,0.24609375,0.1875,0.7976030992197146,0.8222321984381015
DRegular,18,3,,9,13,0.24609375,0.375,0.7887148797548059,0.7843432370388911
DRegular,18,3,,9,14,0.28125,0.42857142857142855,0.9116953027479667,0.9341789731696319
DRegular,18,3,,9,15,0.24609375,0.5625,0.8324467703926592,0.8318874293427831
DRegular,18,3,,9,16,0.24609375,0.1875,0.7815063160646292,0.7815063077558665
DRegular,18,3,,9,17,0.24609375,0.1875,0.9108119086367117,0.8344955332995628
DRegular,18,3,,9,18,0.24609375,0.375,0.808274309410422,0.8082742912251956
DRegular,18,3,,9,19,0.28125,0.42857142857142855,0.9170904596380218,0.9170904077894575
DRegular,18,3,,10,0,0.24609375,0.5625,0.8054758185284459,0.8054758389949068
DRegular,18,3,,10,1,0.24609375,0.1875,0.8685177872345309,0.8561028260348655
DRegular,18,3,,10,2,0.28125,0.21428571428571427,0.939714039950073,0.9296848729975385
DRegular,18,3,,10,3,0.24609375,0.0,0.809621153156326,0.8096211397624635
DRegular,18,3,,10,4,0.28125,0.6428571428571429,0.8707729148663734,0.8707729116950761
DRegular,18,3,,10,5,0.24609375,0.1875,0.8316319088270242,0.8316318854442759
DRegular,18,3,,10,6,0.28125,0.6428571428571429,0.8593177505570591,0.8682687485261235
DRegular,18,3,,10,7,0.28125,0.21428571428571427,0.8764261246434738,0.900055886680729
DRegular,18,3,,10,8,0.28125,0.42857142857142855,0.8982009800183735,0.8701418606734996
DRegular,18,3,,10,9,0.28125,0.42857142857142855,0.9540667321378314,0.9432674472448689
DRegular,18,3,,10,10,0.24609375,0.375,0.8564610740401737,0.8513358582861806
DRegular,18,3,,10,11,0.28125,0.21428571428571427,0.9198418844544192,0.9198418815269368
DRegular,18,3,,10,12,0.24609375,0.1875,0.8682219929084161,0.8461903706465563
DRegular,18,3,,10,13,0.24609375,0.375,0.8309582185523134,0.7964077706419949
DRegular,18,3,,10,14,0.28125,0.42857142857142855,0.9214462166150353,0.9115651481318215
DRegular,18,3,,10,15,0.24609375,0.5625,0.8408645800696236,0.8549098431724311
DRegular,18,3,,10,16,0.24609375,0.1875,0.8003995184213497,0.8003996643777639
DRegular,18,3,,10,17,0.24609375,0.1875,0.9193564727059871,0.8863672528147757
DRegular,18,3,,10,18,0.24609375,0.375,0.8069671025681666,0.8061114937240639
DRegular,18,3,,10,19,0.28125,0.42857142857142855,0.9004017142708889,0.9004017234632882
DRegular,20,3,,1,0,0.2734375,0.25,0.5132947146758197,0.5132947146758196
DRegular,20,3,,1,1,0.2734375,0.25,0.5065712819925968,0.5065712819925958
DRegular,20,3,,1,2,0.2734375,0.25,0.5132947146758196,0.5132947146758196
DRegular,20,3,,1,3,0.2734375,-0.125,0.5203791621230673,0.5203791621230666
DRegular,20,3,,1,4,0.2734375,-0.125,0.5278480006043438,0.5278480006043472
DRegular,20,3,,1,5,0.24305555555555555,0.05555555555555555,0.46919822275941986,0.46919822275941964
DRegular,20,3,,1,6,0.24305555555555555,0.2222222222222222,0.47620060545530535,0.47620060545530435
DRegular,20,3,,1,7,0.2734375,0.25,0.5357256811372186,0.5357256811372175
DRegular,20,3,,1,8,0.2734375,0.25,0.5132947146758196,0.5132947146758196
DRegular,20,3,,1,9,0.24305555555555555,0.3888888888888889,0.46919822275941986,0.46919822275941947
DRegular,20,3,,1,10,0.2734375,-0.125,0.5357256811372186,0.5357256811372175
DRegular,20,3,,1,11,0.2734375,0.25,0.5278480006043473,0.527848000604347
DRegular,20,3,,1,12,0.24305555555555555,0.5555555555555556,0.4625592552205044,0.46255925522050373
DRegular,20,3,,1,13,0.24305555555555555,-0.1111111111111111,0.46919822275941997,0.4691982227594196
DRegular,20,3,,1,14,0.24305555555555555,0.05555555555555555,0.47620060545530535,0.47620060545530435
DRegular,20,3,,1,15,0.24305555555555555,0.5555555555555556,0.46919822275941975,0.46919822275941947
DRegular,20,3,,1,16,0.2734375,0.25,0.5278480006043473,0.5278480006043471
DRegular,20,3,,1,17,0.24305555555555555,-0.1111111111111111,0.46255925522050423,0.4625592552205036
DRegular,20,3,,1,18,0.2734375,0.625,0.5132947146758196,0.5132947146758196
DRegular,20,3,,1,19,0.2734375,0.25,0.5132947146758194,0.513294714675819
DRegular,20,3,,2,0,0.2734375,0.25,0.6302749104208077,0.6302749104208113
DRegular,20,3,,2,1,0.2734375,0.25,0.6219427254710711,0.6219427254710717
DRegular,20,3,,2,2,0.2734375,0.25,0.6319216561000415,0.6319216561000426
DRegular,20,3,,2,3,0.2734375,-0.125,0.6372934115009266,0.6372934115009234
DRegular,20,3,,2,4,0.2734375,-0.125,0.6536433583843457,0.6536433583843388
DRegular,20,3,,2,5,0.24305555555555555,0.05555555555555555,0.5844362054856439,0.5844362054856438
DRegular,20,3,,2,6,0.24305555555555555,0.2222222222222222,0.6020298220579894,0.6020298220579897
DRegular,20,3,,2,7,0.2734375,0.25,0.6632516570762577,0.663251657076258
DRegular,20,3,,2,8,0.2734375,0.25,0.6224550647081247,0.6224550647081226
DRegular,20,3,,2,9,0.24305555555555555,0.3888888888888889,0.5903808315306898,0.5903808315306931
DRegular,20,3,,2,10,0.2734375,-0.125,0.6685855669624288,0.6685855669624295
DRegular,20,3,,2,11,0.2734375,0.25,0.6501484986192244,0.6501484986192224
DRegular,20,3,,2,12,0.24305555555555555,0.5555555555555556,0.5755239856242349,0.5755239856242387
DRegular,20,3,,2,13,0.24305555555555555,-0.1111111111111111,0.5820223771369242,0.5820223771369207
DRegular,20,3,,2,14,0.24305555555555555,0.05555555555555555,0.595961291672634,0.5959612916726349
DRegular,20,3,,2,15,0.24305555555555555,0.5555555555555556,0.5849586870427967,0.5849586870427964
DRegular,20,3,,2,16,0.2734375,0.25,0.65663584901385,0.6566358490138527
DRegular,20,3,,2,17,0.24305555555555555,-0.1111111111111111,0.5727468314022126,0.5727468314022127
DRegular,20,3,,2,18,0.2734375,0.625,0.6301302374095739,0.6301302374095796
DRegular,20,3,,2,19,0.2734375,0.25,0.6220354500167972,0.6220354500167943
DRegular,20,3,,3,0,0.2734375,0.25,0.6876017603545047,0.6876017603545083
DRegular,20,3,,3,1,0.2734375,0.25,0.6795621028397993,0.6795621028398027
DRegular,20,3,,3,2,0.2734375,0.25,0.688075260044336,0.6880752600443427
DRegular,20,3,,3,3,0.2734375,-0.125,0.695324757870192,0.6953247578701985
DRegular,20,3,,3,4,0.2734375,-0.125,0.7064552020729152,0.7064552020729117
DRegular,20,3,,3,5,0.24305555555555555,0.05555555555555555,0.6291099222326135,0.6291099222326159
DRegular,20,3,,3,6,0.24305555555555555,0.2222222222222222,0.6435956894346138,0.6435956894346097
DRegular,20,3,,3,7,0.2734375,0.25,0.7159470802130661,0.7159470802130659
DRegular,20,3,,3,8,0.2734375,0.25,0.6849351886841066,0.6849351886841125
DRegular,20,3,,3,9,0.24305555555555555,0.3888888888888889,0.6333762976350817,0.6333762976350872
DRegular,20,3,,3,10,0.2734375,-0.125,0.7176541641799861,0.7176541641799938
DRegular,20,3,,3,11,0.2734375,0.25,0.7053948388271726,0.70539483882717
DRegular,20,3,,3,12,0.24305555555555555,0.5555555555555556,0.6208619266418526,0.6208619266418549
DRegular,20,3,,3,13,0.24305555555555555,-0.1111111111111111,0.6283354720343232,0.6283354720343204
DRegular,20,3,,3,14,0.24305555555555555,0.05555555555555555,0.6383191432183183,0.6383191432183256
DRegular,20,3,,3,15,0.24305555555555555,0.5555555555555556,0.6293186020395527,0.6293186020395543
DRegular,20,3,,3,16,0.2734375,0.25,0.7075612296364984,0.7075612296364996
DRegular,20,3,,3,17,0.24305555555555555,-0.1111111111111111,0.6199149139616813,0.6199149139616762
DRegular,20,3,,3,18,0.2734375,0.625,0.6876650929835724,0.6876650929835756
DRegular,20,3,,3,19,0.2734375,0.25,0.6847221986295675,0.6847221986295751
DRegular,20,3,,4,0,0.2734375,0.25,0.5991394104406508,0.599139410440648
DRegular,20,3,,4,1,0.2734375,0.25,0.7064631916605997,0.7064631916606035
DRegular,20,3,,4,2,0.2734375,0.25,0.6023630047857361,0.6023630047857296
DRegular,20,3,,4,3,0.2734375,-0.125,0.6078092561053315,0.6078092561053333
DRegular,20,3,,4,4,0.2734375,-0.125,0.6319599255006865,0.6319599255006841
DRegular,20,3,,4,5,0.24305555555555555,0.05555555555555555,0.5647545817645174,0.5647545817645293
DRegular,20,3,,4,6,0.24305555555555555,0.2222222222222222,0.7690649602674622,0.7690649602674662
DRegular,20,3,,4,7,0.2734375,0.25,0.641778097452178,0.6417780974521874
DRegular,20,3,,4,8,0.2734375,0.25,0.5979738440368028,0.5979738440368023
DRegular,20,3,,4,9,0.24305555555555555,0.3888888888888889,0.7000929283586352,0.7000929283586339
DRegular,20,3,,4,10,0.2734375,-0.125,0.7565445278136602,0.756544528143813
DRegular,20,3,,4,11,0.2734375,0.25,0.6266280960434838,0.6266280960434789
DRegular,20,3,,4,12,0.24305555555555555,0.5555555555555556,0.555061643628284,0.5550616436282885
DRegular,20,3,,4,13,0.24305555555555555,-0.1111111111111111,0.5667471070566696,0.5667471070566701
DRegular,20,3,,4,14,0.24305555555555555,0.05555555555555555,0.5792786820750666,0.5792786820750628
DRegular,20,3,,4,15,0.24305555555555555,0.5555555555555556,0.5671201225839467,0.567120122583948
DRegular,20,3,,4,16,0.2734375,0.25,0.6319568838942927,0.6319568838942873
DRegular,20,3,,4,17,0.24305555555555555,-0.1111111111111111,0.5547290729862414,0.5547290729862424
DRegular,20,3,,4,18,0.2734375,0.625,0.5997030512193713,0.5997030512193734
DRegular,20,3,,4,19,0.2734375,0.25,0.5951443701480953,0.5951443701480987
DRegular,20,3,,5,0,0.2734375,0.25,0.7383522562405399,0.7383522562405438
DRegular,20,3,,5,1,0.2734375,0.25,0.8113791507702355,0.81137915077069
DRegular,20,3,,5,2,0.2734375,0.25,0.7409865905767362,0.7409865905767379
DRegular,20,3,,5,3,0.2734375,-0.125,0.7388324493860196,0.738832449386024
DRegular,20,3,,5,4,0.2734375,-0.125,0.765211666110767,0.7652116661107514
DRegular,20,3,,5,5,0.24305555555555555,0.05555555555555555,0.6824322528151455,0.6824322528150748
DRegular,20,3,,5,6,0.24305555555555555,0.2222222222222222,0.7388951282348324,0.7388951282348882
DRegular,20,3,,5,7,0.2734375,0.25,0.7734223443115622,0.7734223443115772
DRegular,20,3,,5,8,0.2734375,0.25,0.7301984853025374,0.7301984853025183
DRegular,20,3,,5,9,0.24305555555555555,0.3888888888888889,0.6583428176984438,0.6583428176124161
DRegular,20,3,,5,10,0.2734375,-0.125,0.8661611109192187,0.8661611109479284
DRegular,20,3,,5,11,0.2734375,0.25,0.7625298565618776,0.7625298565621381
DRegular,20,3,,5,12,0.24305555555555555,0.5555555555555556,0.6746021853332542,0.6746021853332523
DRegular,20,3,,5,13,0.24305555555555555,-0.1111111111111111,0.6830667536824303,0.6830667536824411
DRegular,20,3,,5,14,0.24305555555555555,0.05555555555555555,0.6919114604934553,0.6919114604934643
DRegular,20,3,,5,15,0.24305555555555555,0.5555555555555556,0.6842958056292499,0.6842958056292343
DRegular,20,3,,5,16,0.2734375,0.25,0.756941618233237,0.7569416182332505
DRegular,20,3,,5,17,0.24305555555555555,-0.1111111111111111,0.672253174391145,0.6722531743911409
DRegular,20,3,,5,18,0.2734375,0.625,0.737527310185831,0.7375273101858237
DRegular,20,3,,5,19,0.2734375,0.25,0.7280853066712688,0.7280853066712634
DRegular,20,3,,6,0,0.2734375,0.25,0.8102548494085634,0.8102548493982362
DRegular,20,3,,6,1,0.2734375,0.25,0.8194474793276242,0.8194474717562429
DRegular,20,3,,6,2,0.2734375,0.25,0.8105341756034772,0.8105341755967757
DRegular,20,3,,6,3,0.2734375,-0.125,0.8198671870868446,0.8198671866933693
DRegular,20,3,,6,4,0.2734375,-0.125,0.8621571385911782,0.8621571348402379
DRegular,20,3,,6,5,0.24305555555555555,0.05555555555555555,0.7698815987980905,0.7698816033836887
DRegular,20,3,,6,6,0.24305555555555555,0.2222222222222222,0.7600860259618119,0.7600860258775456
DRegular,20,3,,6,7,0.2734375,0.25,0.8723866530091917,0.8723866508029958
DRegular,20,3,,6,8,0.2734375,0.25,0.8070672374562764,0.807067237940705
DRegular,20,3,,6,9,0.24305555555555555,0.3888888888888889,0.7811414072890833,0.7811414076064414
DRegular,20,3,,6,10,0.2734375,-0.125,0.824751705628967,0.8247517010881944
DRegular,20,3,,6,11,0.2734375,0.25,0.8559954743101144,0.85599547456783
DRegular,20,3,,6,12,0.24305555555555555,0.5555555555555556,0.7439494416856989,0.7439494409510939
DRegular,20,3,,6,13,0.24305555555555555,-0.1111111111111111,0.78440152351631,0.7768257256561729
DRegular,20,3,,6,14,0.24305555555555555,0.05555555555555555,0.7256398405651524,0.7256398397681533
DRegular,20,3,,6,15,0.24305555555555555,0.5555555555555556,0.7758076557837161,0.7758076549771101
DRegular,20,3,,6,16,0.2734375,0.25,0.8419779267597568,0.8419779267643345
DRegular,20,3,,6,17,0.24305555555555555,-0.1111111111111111,0.6991645358785928,0.6991645358787499
DRegular,20,3,,6,18,0.2734375,0.625,0.8094686278913262,0.8094686278724242
DRegular,20,3,,6,19,0.2734375,0.25,0.8021573945771059,0.8021573945771208
DRegular,20,3,,7,0,0.2734375,0.25,0.8285064167937838,0.8285064174014969
DRegular,20,3,,7,1,0.2734375,0.25,0.8552510689145143,0.8552510558506161
DRegular,20,3,,7,2,0.2734375,0.25,0.8183453743384348,0.8183453696217534
DRegular,20,3,,7,3,0.2734375,-0.125,0.835666235559635,0.8356662348471184
DRegular,20,3,,7,4,0.2734375,-0.125,0.8835027074322706,0.8835027059339455
DRegular,20,3,,7,5,0.24305555555555555,0.05555555555555555,0.7750770311998733,0.7750770378045918
DRegular,20,3,,7,6,0.24305555555555555,0.2222222222222222,0.797628629520745,0.7976286140640116
DRegular,20,3,,7,7,0.2734375,0.25,0.8953843224957183,0.8953843255057741
DRegular,20,3,,7,8,0.2734375,0.25,0.8204493529173782,0.8204493547742221
DRegular,20,3,,7,9,0.24305555555555555,0.3888888888888889,0.8082078288014601,0.8237907595309424
DRegular,20,3,,7,10,0.2734375,-0.125,0.871132710310623,0.8597708445612704
DRegular,20,3,,7,11,0.2734375,0.25,0.8717736584042473,0.8717736531349749
DRegular,20,3,,7,12,0.24305555555555555,0.5555555555555556,0.795837683458331,0.7969124641894096
DRegular,20,3,,7,13,0.24305555555555555,-0.1111111111111111,0.8106871124910362,0.7884520505876521
DRegular,20,3,,7,14,0.24305555555555555,0.05555555555555555,0.8144340176724632,0.8144340273367295
DRegular,20,3,,7,15,0.24305555555555555,0.5555555555555556,0.7849996913956061,0.7849996893625337
DRegular,20,3,,7,16,0.2734375,0.25,0.8614535500404832,0.8614535611807468
DRegular,20,3,,7,17,0.24305555555555555,-0.1111111111111111,0.7858312484183162,0.7858312517706383
DRegular,20,3,,7,18,0.2734375,0.625,0.8265822172625681,0.826582216868994
DRegular,20,3,,7,19,0.2734375,0.25,0.8215542342345658,0.8215542386171261
DRegular,20,3,,8,0,0.2734375,0.25,0.8596235429558801,0.8596235425862484
DRegular,20,3,,8,1,0.2734375,0.25,0.8629564728700254,0.8629564633509936
DRegular,20,3,,8,2,0.2734375,0.25,0.800326580237305,0.800326587568531
DRegular,20,3,,8,3,0.2734375,-0.125,0.8669460187410774,0.8669460156737017
DRegular,20,3,,8,4,0.2734375,-0.125,0.9013960242410206,0.8729066930280913
DRegular,20,3,,8,5,0.24305555555555555,0.05555555555555555,0.789196080802341,0.7891960792032349
DRegular,20,3,,8,6,0.24305555555555555,0.2222222222222222,0.8109303848327118,0.810930381441637
DRegular,20,3,,8,7,0.2734375,0.25,0.8907243718664317,0.8907243427802365
DRegular,20,3,,8,8,0.2734375,0.25,0.8641137222837592,0.8641136834547649
DRegular,20,3,,8,9,0.24305555555555555,0.3888888888888889,0.813848478479404,0.8149535646064796
DRegular,20,3,,8,10,0.2734375,-0.125,0.902250607357123,0.8871111600987593
DRegular,20,3,,8,11,0.2734375,0.25,0.8898821136403017,0.8816913420840011
DRegular,20,3,,8,12,0.24305555555555555,0.5555555555555556,0.8041987221191287,0.7316547972175725
DRegular,20,3,,8,13,0.24305555555555555,-0.1111111111111111,0.7910713605036942,0.8004705818633874
DRegular,20,3,,8,14,0.24305555555555555,0.05555555555555555,0.833373286275383,0.833373278003125
DRegular,20,3,,8,15,0.24305555555555555,0.5555555555555556,0.7910676091576551,0.7910676146908108
DRegular,20,3,,8,16,0.2734375,0.25,0.8934081123182338,0.8934081123610336
DRegular,20,3,,8,17,0.24305555555555555,-0.1111111111111111,0.7834785898900581,0.7834785910770257
DRegular,20,3,,8,18,0.2734375,0.625,0.8542736477700617,0.8542736274843403
DRegular,20,3,,8,19,0.2734375,0.25,0.8356641870934876,0.8556448123825358
DRegular,20,3,,9,0,0.2734375,0.25,0.8759594266859136,0.8759594298731592
DRegular,20,3,,9,1,0.2734375,0.25,0.8723874077370162,0.8792943377907347
DRegular,20,3,,9,2,0.2734375,0.25,0.890081916445558,0.8900819146384462
DRegular,20,3,,9,3,0.2734375,-0.125,0.8790888480395938,0.8751135465832514
DRegular,20,3,,9,4,0.2734375,-0.125,0.8327071754788977,0.8683355989805666
DRegular,20,3,,9,5,0.24305555555555555,0.05555555555555555,0.7845878801536984,0.800681271870261
DRegular,20,3,,9,6,0.24305555555555555,0.2222222222222222,0.821554096848057,0.8215540824528996
DRegular,20,3,,9,7,0.2734375,0.25,0.9109412697650043,0.910941275282581
DRegular,20,3,,9,8,0.2734375,0.25,0.8728972401731532,0.8728972855461996
DRegular,20,3,,9,9,0.24305555555555555,0.3888888888888889,0.7754124709297598,0.8509398302007821
DRegular,20,3,,9,10,0.2734375,-0.125,0.9010945253808351,0.8864152412627939
DRegular,20,3,,9,11,0.2734375,0.25,0.9106692891569159,0.8818195702570479
DRegular,20,3,,9,12,0.24305555555555555,0.5555555555555556,0.8466772832576233,0.8136848755973316
DRegular,20,3,,9,13,0.24305555555555555,-0.1111111111111111,0.8137552934563139,0.8354265677639634
DRegular,20,3,,9,14,0.24305555555555555,0.05555555555555555,0.8176100840629087,0.8176100789525234
DRegular,20,3,,9,15,0.24305555555555555,0.5555555555555556,0.8403730180397838,0.8403730174999186
DRegular,20,3,,9,16,0.2734375,0.25,0.9010678831088625,0.9010678810399986
DRegular,20,3,,9,17,0.24305555555555555,-0.1111111111111111,0.8025634830640755,0.8058030500954578
DRegular,20,3,,9,18,0.2734375,0.625,0.8638989636875596,0.8638989663773653
DRegular,20,3,,9,19,0.2734375,0.25,0.8708780650163841,0.8470821637521084
DRegular,20,3,,10,0,0.2734375,0.25,0.897040377624543,0.8970403721135392
DRegular,20,3,,10,1,0.2734375,0.25,0.8944045572624526,0.8970276253629894
DRegular,20,3,,10,2,0.2734375,0.25,0.8920827204005548,0.8752580280845947
DRegular,20,3,,10,3,0.2734375,-0.125,0.8997923120216957,0.8919398560398442
DRegular,20,3,,10,4,0.2734375,-0.125,0.9141765461829483,0.9166700295814738
DRegular,20,3,,10,5,0.24305555555555555,0.05555555555555555,0.824210404239873,0.7973706735972935
DRegular,20,3,,10,6,0.24305555555555555,0.2222222222222222,0.8561691108065903,0.8453908403295975
DRegular,20,3,,10,7,0.2734375,0.25,0.9521813727745618,0.9492059176425367
DRegular,20,3,,10,8,0.2734375,0.25,0.8661662461867361,0.866166219821431
DRegular,20,3,,10,9,0.24305555555555555,0.3888888888888889,0.8151135276155208,0.8627585366429025
DRegular,20,3,,10,10,0.2734375,-0.125,0.9196256685807946,0.9267601343124061
DRegular,20,3,,10,11,0.2734375,0.25,0.931580545806107,0.9299895730573584
DRegular,20,3,,10,12,0.24305555555555555,0.5555555555555556,0.8257255776068995,0.8429785869858945
DRegular,20,3,,10,13,0.24305555555555555,-0.1111111111111111,0.8119604409721575,0.8049248708040007
DRegular,20,3,,10,14,0.24305555555555555,0.05555555555555555,0.8210209373571635,0.8210209006647236
DRegular,20,3,,10,15,0.24305555555555555,0.5555555555555556,0.8332007528365316,0.8332007474515084
DRegular,20,3,,10,16,0.2734375,0.25,0.9281436634724853,0.9281436534651111
DRegular,20,3,,10,17,0.24305555555555555,-0.1111111111111111,0.8416090668756576,0.8194667380500031
DRegular,20,3,,10,18,0.2734375,0.625,0.8836813207435092,0.8836813306642846
DRegular,20,3,,10,19,0.2734375,0.25,0.8542549878219501,0.8497285947342652
complete,5,,,1,0,0.3125,-1.5,0.5801787318458183,0.5801787318458196
complete,5,,,2,0,0.3125,-1.5,0.6815264293803784,0.6815264293803782
complete,5,,,3,0,0.3125,-1.5,0.8403663603109415,0.840366360310945
complete,5,,,4,0,0.3125,-1.5,0.8873028174504687,0.8873028174504931
complete,5,,,5,0,0.3125,-1.5,0.9999999973884819,0.999999986860161
complete,5,,,6,0,0.3125,-1.5,0.9999999968164661,0.9999999981510652
complete,5,,,7,0,0.3125,-1.5,0.9999999973792462,0.9999999985559294
complete,5,,,8,0,0.3125,-1.5,0.9999999826863673,0.999999996503854
complete,5,,,9,0,0.3125,-1.5,0.9999999931830064,0.9999999903867405
complete,5,,,10,0,0.3125,-1.5,0.9999999993305555,0.9999999972936262
complete,6,,,1,0,0.09375,-1.5,0.5064361795699952,0.5064361795699917
complete,6,,,2,0,0.09375,-1.5,0.07172309422880119,0.07172309422880296
complete,6,,,3,0,0.09375,-1.5,0.8423136010058858,0.8423136010058734
complete,6,,,4,0,0.09375,-1.5,0.7483526729225582,0.7483526729225507
complete,6,,,5,0,0.09375,-1.5,0.933725979315577,0.9337259785363203
complete,6,,,6,0,0.09375,-1.5,0.9681318738859077,0.9999628948999755
complete,6,,,7,0,0.09375,-1.5,0.9999999951515908,0.999999989329905
complete,6,,,8,0,0.09375,-1.5,0.9999999875616972,0.9999999803548416
complete,6,,,9,0,0.09375,-1.5,0.999999981310614,0.999999987019919
complete,6,,,10,0,0.09375,-1.5,0.9999999187593276,0.9999999874090846
complete,7,,,1,0,-0.21875,-1.5,0.4567043183174029,0.45670431831739844
complete,7,,,2,0,-0.21875,-1.5,-1.658340025571973,-1.6583400255719671
complete,7,,,3,0,-0.21875,-1.5,-0.4754518553541578,-0.4754518553541649
complete,7,,,4,0,-0.21875,-1.5,0.6586260653282503,0.6586260653313518
complete,7,,,5,0,-0.21875,-1.5,0.6366762585283414,0.6366762526794449
complete,7,,,6,0,-0.21875,-1.5,0.9337059124167091,0.9337059010620834
complete,7,,,7,0,-0.21875,-1.5,0.9379301600456991,0.9999998015092215
complete,7,,,8,0,-0.21875,-1.5,0.9999998242368946,0.9999999952087917
complete,7,,,9,0,-0.21875,-1.5,0.9999999578291412,0.9999999252685701
complete,7,,,10,0,-0.21875,-1.5,0.999999931934501,0.9999999945533453
complete,8,,,1,0,-0.625,-1.5,0.4217547252063838,0.42175472520638735
complete,8,,,2,0,-0.625,-1.5,-0.6980026252486908,-0.6980026252486837
complete,8,,,3,0,-0.625,-1.5,0.3367661732176188,0.33676617409938103
complete,8,,,4,0,-0.625,-1.5,-0.25056793728516524,-0.25056793845613257
complete,8,,,5,0,-0.625,-1.5,0.8610371080897554,0.835751916778591
complete,8,,,6,0,-0.625,-1.5,0.44521547069193,0.6329638859608488
complete,8,,,7,0,-0.625,-1.5,0.9704383174380933,0.8774706570136157
complete,8,,,8,0,-0.625,-1.5,0.9999996953305912,0.9909787432500172
complete,8,,,9,0,-0.625,-1.5,0.9999998292225358,0.9999997090401536
complete,8,,,10,0,-0.625,-1.5,0.9999989819240058,0.9999998118718993
complete,9,,,1,0,-1.125,-1.5,0.39665346912559585,0.3966534691255994
complete,9,,,2,0,-1.125,-1.5,-1.8530530900667053,-1.853053090066715
complete,9,,,3,0,-1.125,-1.5,-5.020313698083408,-5.020313697219965
complete,9,,,4,0,-1.125,-1.5,-1.1319842605326542,-1.1319842400244449
complete,9,,,5,0,-1.125,-1.5,0.44151002331706835,0.4415100476827245
complete,9,,,6,0,-1.125,-1.5,0.7402862660957545,0.7384149316895545
complete,9,,,7,0,-1.125,-1.5,0.7866798433917808,0.3804766272799398
complete,9,,,8,0,-1.125,-1.5,0.4959585432010858,0.9759069670573197
complete,9,,,9,0,-1.125,-1.5,0.9263744221236294,0.9999996032569332
complete,9,,,10,0,-1.125,-1.5,0.9999995921694893,0.999987157538655
complete,10,,,1,0,-1.71875,-1.5,0.48547756404623854,0.48547756404632025
complete,10,,,2,0,-1.71875,-1.5,-0.16416032419403592,-0.16416032419398086
complete,10,,,3,0,-1.71875,-1.5,0.7194679257738557,0.7194679267594317
complete,10,,,4,0,-1.71875,-1.5,-0.6093100985565201,-0.6093100340884359
complete,10,,,5,0,-1.71875,-1.5,-2.2880522124917597,-2.2880521077880793
complete,10,,,6,0,-1.71875,-1.5,-0.01591802179392232,0.5792975648751479
complete,10,,,7,0,-1.71875,-1.5,0.59854400662174,0.47379800285108686
complete,10,,,8,0,-1.71875,-1.5,0.9638643320245723,0.9360094284373659
complete,10,,,9,0,-1.71875,-1.5,0.9714690094389731,0.9697400394679008
complete,10,,,10,0,-1.71875,-1.5,0.984763820341616,0.9999977532745135
complete,11,,,1,0,-2.40625,-1.5,0.48553568955648885,0.48553568955642135
complete,11,,,2,0,-2.40625,-1.5,-0.10005244892638743,-0.10005244892626663
complete,11,,,3,0,-2.40625,-1.5,0.7541682444452231,0.7541682444455091
complete,11,,,4,0,-2.40625,-1.5,0.9673147885354041,0.9673147608879624
complete,11,,,5,0,-2.40625,-1.5,0.9922270183236463,0.992225580808249
complete,11,,,6,0,-2.40625,-1.5,0.9971555494958437,0.9994449912891596
complete,11,,,7,0,-2.40625,-1.5,0.9999707835299247,0.9999812084160844
complete,11,,,8,0,-2.40625,-1.5,0.9999916056864073,0.9999922378028856
complete,11,,,9,0,-2.40625,-1.5,0.9999927181869381,0.9999530119926483
complete,11,,,10,0,-2.40625,-1.5,0.9999937507951202,0.999996207540768
complete,12,,,1,0,-3.1875,-5.0,0.4855761741348985,0.48557617413494825
complete,12,,,2,0,-3.1875,-5.0,-0.04579150018101075,-0.04579150018073008
complete,12,,,3,0,-3.1875,-5.0,0.7546956191611258,0.7546956191613887
complete,12,,,4,0,-3.1875,-5.0,0.8078458904016159,0.807845890017397
complete,12,,,5,0,-3.1875,-5.0,0.9910795095167302,0.9910794965620582
complete,12,,,6,0,-3.1875,-5.0,0.9977839240797479,0.9977836346694673
complete,12,,,7,0,-3.1875,-5.0,0.9999700669585181,0.9999005947035258
complete,12,,,8,0,-3.1875,-5.0,0.9999175700848966,0.9999934012701672
complete,12,,,9,0,-3.1875,-5.0,0.9999246919924047,0.9999868270978141
complete,12,,,10,0,-3.1875,-5.0,0.9999922685687714,0.9999934529849099
complete,13,,,1,0,-4.0625,-5.0,0.48561196670053874,0.4856119667004677
complete,13,,,2,0,-4.0625,-5.0,-0.0008985523252427186,-0.0008985523252960093
complete,13,,,3,0,-4.0625,-5.0,0.7555734461247567,0.7555734461256165
complete,13,,,4,0,-4.0625,-5.0,0.8122470951366125,0.8122470618662092
complete,13,,,5,0,-4.0625,-5.0,0.9912799119952638,0.9912799849324045
complete,13,,,6,0,-4.0625,-5.0,0.9975938200550019,0.9975961473738337
complete,13,,,7,0,-4.0625,-5.0,0.9999783406524756,0.9999323909903524
complete,13,,,8,0,-4.0625,-5.0,0.99988737418483,0.9998708663796236
complete,13,,,9,0,-4.0625,-5.0,0.9999387273112887,0.9999246557594859
complete,13,,,10,0,-4.0625,-5.0,0.9999952435860564,0.9999945425260606
complete,14,,,1,0,-5.03125,-10.0,0.485647882165253,0.48564788216462773
complete,14,,,2,0,-5.03125,-10.0,0.03553825510210373,0.03553825510207531
complete,14,,,3,0,-5.03125,-10.0,0.7566099214339204,0.7566099313160137
complete,14,,,4,0,-5.03125,-10.0,0.8163434281451458,0.8163434316090203
complete,14,,,5,0,-5.03125,-10.0,0.9915337705508129,0.9915370107845476
complete,14,,,6,0,-5.03125,-10.0,0.997422942704457,0.9961693029020893
complete,14,,,7,0,-5.03125,-10.0,0.9999617916385368,0.9999881617032003
complete,14,,,8,0,-5.03125,-10.0,0.9999544254616453,0.9999305085254448
complete,14,,,9,0,-5.03125,-10.0,0.9998858446921446,0.9999864960508162
complete,14,,,10,0,-5.03125,-10.0,0.9999738291866294,0.9999242968399606
complete,15,,,1,0,-6.09375,-10.0,0.4856853988944536,0.48568539889400597
complete,15,,,2,0,-6.09375,-10.0,0.06476066033399519,0.0647606603330182
complete,15,,,3,0,-6.09375,-10.0,0.7577084368605185,0.7577084389921254
complete,15,,,4,0,-6.09375,-10.0,0.8201563578318911,0.8201562047747188
complete,15,,,5,0,-6.09375,-10.0,0.9917919805512412,0.9917916331723191
complete,15,,,6,0,-6.09375,-10.0,0.9960795609496387,0.9956500651511391
complete,15,,,7,0,-6.09375,-10.0,0.9999881841929152,0.9995477104247357
complete,15,,,8,0,-6.09375,-10.0,0.9999870496662098,0.9997542956403223
complete,15,,,9,0,-6.09375,-10.0,0.9999805161435376,0.9999106700249243
complete,15,,,10,0,-6.09375,-10.0,0.9999727396664753,0.9998198352151917
complete,16,,,1,0,-7.25,-16.5,0.4857246515008242,0.4857246515008953
complete,16,,,2,0,-7.25,-16.5,0.08798598253474665,0.08798598253409295
complete,16,,,3,0,-7.25,-16.5,0.7588154822251738,0.7588154800567537
complete,16,,,4,0,-7.25,-16.5,0.8237195506631139,0.8237195620973381
complete,16,,,5,0,-7.25,-16.5,0.9920227679337827,0.9920227684895906
complete,16,,,6,0,-7.25,-16.5,0.9959547386693046,0.9998663395560143
complete,16,,,7,0,-7.25,-16.5,0.9992394897240331,0.9885233405253828
complete,16,,,8,0,-7.25,-16.5,0.9995682395490206,0.999569378092815
complete,16,,,9,0,-7.25,-16.5,0.9999162501457093,0.9998080302344619
complete,16,,,10,0,-7.25,-16.5,0.9999530353094173,0.9999689726176442
complete,17,,,1,0,-8.5,-16.5,0.48576527873420616,0.4857652787350162
complete,17,,,2,0,-8.5,-16.5,0.10630779322839601,0.10630779322725914
complete,17,,,3,0,-8.5,-16.5,0.7599001457661672,0.7599001455533454
complete,17,,,4,0,-8.5,-16.5,0.8270594896006855,0.8270594942388811
complete,17,,,5,0,-8.5,-16.5,0.9922225911686127,0.9540789166137316
complete,17,,,6,0,-8.5,-16.5,0.9969587417186716,0.9960196828907613
complete,17,,,7,0,-8.5,-16.5,0.9999387788675733,0.999906340197299
complete,17,,,8,0,-8.5,-16.5,0.9994286550127924,0.9996183126827702
complete,17,,,9,0,-8.5,-16.5,0.9998811091927848,0.9999287985793899
complete,17,,,10,0,-8.5,-16.5,0.999665449843306,0.9998927008157494
complete,18,,,1,0,-9.84375,-16.5,0.4858067842236409,0.4858067842226532
complete,18,,,2,0,-9.84375,-16.5,0.12066195403789948,0.12066195403919266
complete,18,,,3,0,-9.84375,-16.5,0.7609445909133257,0.7609446403229327
complete,18,,,4,0,-9.84375,-16.5,0.8301956137145083,0.8301955833614159
complete,18,,,5,0,-9.84375,-16.5,0.953438849941179,0.953441807208506
complete,18,,,6,0,-9.84375,-16.5,0.995902442182313,0.996557349414303
complete,18,,,7,0,-9.84375,-16.5,0.9998562992286608,0.9998470112443627
complete,18,,,8,0,-9.84375,-16.5,0.9999655326777912,0.9995810313620552
complete,18,,,9,0,-9.84375,-16.5,0.9999724514822503,0.9998099911047404
complete,18,,,10,0,-9.84375,-16.5,0.9997447227846834,0.999911827060231
complete,19,,,1,0,-11.28125,-24.5,0.4858486844219527,0.48584868442223694
complete,19,,,2,0,-11.28125,-24.5,0.1318286639366022,0.13182866393599113
complete,19,,,3,0,-11.28125,-24.5,0.7619392510432874,0.7619393102647862
complete,19,,,4,0,-11.28125,-24.5,0.8331430162850779,0.833142944923722
complete,19,,,5,0,-11.28125,-24.5,0.9899413634976497,0.9925316795544035
complete,19,,,6,0,-11.28125,-24.5,0.9625660657093817,0.9936829079039597
complete,19,,,7,0,-11.28125,-24.5,0.9968957414795554,0.9983227332511717
complete,19,,,8,0,-11.28125,-24.5,0.9971593607714837,0.9997956348290984
complete,19,,,9,0,-11.28125,-24.5,0.9996128465422913,0.9994477842671969
complete,19,,,10,0,-11.28125,-24.5,0.9987536307738765,0.9998175605116302
complete,20,,,1,0,-12.8125,-34.0,0.4858905623680698,0.4858905623693772
complete,20,,,2,0,-12.8125,-34.0,0.14044861734058856,0.14044861733898273
complete,20,,,3,0,-12.8125,-34.0,0.7628796556926289,0.7628796338260244
complete,20,,,4,0,-12.8125,-34.0,0.8359141662537368,0.8359142157084491
complete,20,,,5,0,-12.8125,-34.0,0.9521950190201949,0.9522226574663719
complete,20,,,6,0,-12.8125,-34.0,0.9959529012278239,0.9959333589466866
complete,20,,,7,0,-12.8125,-34.0,0.9997445963422535,0.9993732507703044
complete,20,,,8,0,-12.8125,-34.0,0.9979920555971944,0.9991100018593357
complete,20,,,9,0,-12.8125,-34.0,0.9978408907379759,0.9995718917649583
complete,20,,,10,0,-12.8125,-34.0,0.9994729379984335,0.9995623474435291
linear,5,,,1,0,0.3333333333333333,1.0,0.7609179498889121,0.4770887242410568
linear,5,,,2,0,0.3333333333333333,1.0,0.9072021145803572,0.6468575260894188
linear,5,,,3,0,0.3333333333333333,1.0,0.9780357495886963,0.5763579225478506
linear,5,,,4,0,0.3333333333333333,1.0,0.9999999998959096,0.7468692060725012
linear,5,,,5,0,0.3333333333333333,1.0,0.6666665760787426,0.8827933827294324
linear,5,,,6,0,0.3333333333333333,1.0,0.9988369064447289,0.9367784807885581
linear,5,,,7,0,0.3333333333333333,1.0,0.999999955250845,0.8920780242975422
linear,5,,,8,0,0.3333333333333333,1.0,0.999999994001833,0.9888232610961083
linear,5,,,9,0,0.3333333333333333,1.0,0.9999993778618456,0.9985060034370609
linear,5,,,10,0,0.3333333333333333,1.0,0.9999979148099136,0.9989798674283605
linear,6,,,1,0,0.5,1.0,0.6552735643338948,0.5778230669070666
linear,6,,,2,0,0.5,1.0,0.7986018717782231,0.7536307829612978
linear,6,,,3,0,0.5,1.0,0.8437711961518143,0.7502741333849344
linear,6,,,4,0,0.5,1.0,0.9999999997020863,0.9003582025503459
linear,6,,,5,0,0.5,1.0,0.9999999999621153,0.9146714740654431
linear,6,,,6,0,0.5,1.0,0.9999169853900666,0.9693772286376766
linear,6,,,7,0,0.5,1.0,0.9999999987849245,0.9702178692882887
linear,6,,,8,0,0.5,1.0,0.9999999800697844,0.9676275842463599
linear,6,,,9,0,0.5,1.0,0.99999962345674,0.9720775629062711
linear,6,,,10,0,0.5,1.0,0.999999391476995,0.9650564923789752
linear,7,,,1,0,0.375,1.0,0.521499000442524,0.5094734937667075
linear,7,,,2,0,0.375,1.0,0.7864319812849296,0.6456842273740792
linear,7,,,3,0,0.375,1.0,0.9877819282835233,0.6571151792320378
linear,7,,,4,0,0.375,1.0,0.9928968292062305,0.7565884221164804
linear,7,,,5,0,0.375,1.0,0.9999987835999404,0.7814059151890241
linear,7,,,6,0,0.375,1.0,0.9999998468287694,0.8382163559878965
linear,7,,,7,0,0.375,1.0,0.999999873399185,0.838814032571298
linear,7,,,8,0,0.375,1.0,0.9999999950616549,0.8947194486792109
linear,7,,,9,0,0.375,1.0,0.9999999881374121,0.9104496262937762
linear,7,,,10,0,0.375,1.0,0.9999994655833684,0.9338845406671574
linear,8,,,1,0,0.5,1.0,0.6524311485417995,0.5858857052750643
linear,8,,,2,0,0.5,1.0,0.8003361235341906,0.726341550679112
linear,8,,,3,0,0.5,1.0,0.7703899905831545,0.7518994411119441
linear,8,,,4,0,0.5,1.0,0.9999999997514475,0.8556916478152803
linear,8,,,5,0,0.5,1.0,0.9999999999079354,0.8816312584708154
linear,8,,,6,0,0.5,1.0,0.9999999986814685,0.8803406196745012
linear,8,,,7,0,0.5,1.0,0.9999999999182092,0.9426914834371011
linear,8,,,8,0,0.5,1.0,0.999999930497515,0.9771199398887586
linear,8,,,9,0,0.5,1.0,0.9999995209065905,0.9706600251373286
linear,8,,,10,0,0.5,1.0,0.9999999846610617,0.989614780773367
linear,9,,,1,0,0.4,1.0,0.5475783410097541,0.5299873882077235
linear,9,,,2,0,0.4,1.0,0.7885300197691671,0.5758422155850103
linear,9,,,3,0,0.4,1.0,0.7862852695622122,0.6439593538903132
linear,9,,,4,0,0.4,1.0,0.9736484555436515,0.6893935290438614
linear,9,,,5,0,0.4,1.0,0.993295869656983,0.791178978103184
linear,9,,,6,0,0.4,1.0,0.9936478424338524,0.7971956367007043
linear,9,,,7,0,0.4,1.0,0.7983493706174536,0.8187124477816067
linear,9,,,8,0,0.4,1.0,0.9990484477181252,0.8549342291455148
linear,9,,,9,0,0.4,1.0,0.9990565079795651,0.8205096456927207
linear,9,,,10,0,0.4,1.0,0.7997913797700443,0.8607379938862068
linear,10,,,1,0,0.5,1.0,0.6516310409342688,0.5913636419327771
linear,10,,,2,0,0.5,1.0,0.8021573257127207,0.6456462721749512
linear,10,,,3,0,0.5,1.0,0.808976477227026,0.7184466368073241
linear,10,,,4,0,0.5,1.0,0.9999999999961823,0.7671939598787523
linear,10,,,5,0,0.5,1.0,0.9735242342017643,0.8740200953281836
linear,10,,,6,0,0.5,1.0,0.999999797094086,0.8805465356419706
linear,10,,,7,0,0.5,1.0,0.9999999961021586,0.9226030275844934
linear,10,,,8,0,0.5,1.0,0.9999999254729708,0.9147790265184241
linear,10,,,9,0,0.5,1.0,0.9999999975934883,0.941334015361312
linear,10,,,10,0,0.5,1.0,0.9999993864046935,0.9428380249909706
linear,11,,,1,0,0.4166666666666667,1.0,0.5650796647985682,0.5440058789538816
linear,11,,,2,0,0.4166666666666667,1.0,0.7909577865495252,0.59629290808391
linear,11,,,3,0,0.4166666666666667,1.0,0.874839417260036,0.6659405284362747
linear,11,,,4,0,0.4166666666666667,1.0,0.9818170723198684,0.7709864067331411
linear,11,,,5,0,0.4166666666666667,1.0,0.9962293230505802,0.7583487496310067
linear,11,,,6,0,0.4166666666666667,1.0,0.8332035910555255,0.8096909473262514
linear,11,,,7,0,0.4166666666666667,1.0,0.9995425812941733,0.8149703134563038
linear,11,,,8,0,0.4166666666666667,1.0,0.8332811861002973,0.8607145536279424
linear,11,,,9,0,0.4166666666666667,1.0,0.9991444178603905,0.8877661698404585
linear,11,,,10,0,0.4166666666666667,1.0,0.8332193807228535,0.8920175846799129
linear,12,,,1,0,0.5,1.0,0.6514201434116033,0.5952489256849921
linear,12,,,2,0,0.5,1.0,0.8036809097266001,0.6546038619221914
linear,12,,,3,0,0.5,1.0,0.8363932517922152,0.7300691557147054
linear,12,,,4,0,0.5,1.0,0.9999999996896815,0.8369345192786853
linear,12,,,5,0,0.5,1.0,0.9965675833639763,0.8286706071240006
linear,12,,,6,0,0.5,1.0,0.9999999994804211,0.8778448277948095
linear,12,,,7,0,0.5,1.0,0.9999999076027658,0.8799217199119697
linear,12,,,8,0,0.5,1.0,0.999999673309499,0.9287189663611534
linear,12,,,9,0,0.5,1.0,0.9999999727117141,0.9659385292201849
linear,12,,,10,0,0.5,1.0,0.9999997422390857,0.9688705059681927
linear,13,,,1,0,0.42857142857142855,1.0,0.577625518672641,0.5541615602892962
linear,13,,,2,0,0.42857142857142855,1.0,0.7931840908105589,0.6111040398292577
linear,13,,,3,0,0.42857142857142855,1.0,0.7389854377506487,0.6808913878628567
linear,13,,,4,0,0.42857142857142855,1.0,0.9489143151500491,0.7740147496143213
linear,13,,,5,0,0.42857142857142855,1.0,0.9999999998739771,0.7708089001692154
linear,13,,,6,0,0.42857142857142855,1.0,0.9999999952998324,0.810907791470188
linear,13,,,7,0,0.42857142857142855,1.0,0.857142850372077,0.8196619289405345
linear,13,,,8,0,0.42857142857142855,1.0,0.9999998122081335,0.8340520118122201
linear,13,,,9,0,0.42857142857142855,1.0,0.9990523866292795,0.8667191941403127
linear,13,,,10,0,0.42857142857142855,1.0,0.857138729549245,0.8767831046453926
linear,14,,,1,0,0.5,1.0,0.6514125328014478,0.5981292696767981
linear,14,,,2,0,0.5,1.0,0.8049162452128533,0.6611440813539683
linear,14,,,3,0,0.5,1.0,0.8566844226606972,0.7361162351774616
linear,14,,,4,0,0.5,1.0,0.9999999998889396,0.8308591407165327
linear,14,,,5,0,0.5,1.0,0.9848003163122963,0.8315162995508756
linear,14,,,6,0,0.5,1.0,0.9999999259435292,0.8694178791929164
linear,14,,,7,0,0.5,1.0,0.9999999662962942,0.8804187465650263
linear,14,,,8,0,0.5,1.0,0.9999999957872385,0.911625795864224
linear,14,,,9,0,0.5,1.0,0.9999996725072327,0.9440690816984911
linear,14,,,10,0,0.5,1.0,0.9999990149463115,0.9432726813286588
linear,15,,,1,0,0.4375,1.0,0.5870562435317541,0.5618481765161796
linear,15,,,2,0,0.4375,1.0,0.7951187187261702,0.6223026219432767
linear,15,,,3,0,0.4375,1.0,0.7666596039759297,0.6924929722816766
linear,15,,,4,0,0.4375,1.0,0.9480214865356981,0.7768085425381903
linear,15,,,5,0,0.4375,1.0,0.9926041958817636,0.7808243192448896
linear,15,,,6,0,0.4375,1.0,0.9912084476539043,0.8364324957755005
linear,15,,,7,0,0.4375,1.0,0.9999999552480355,0.8371384513413209
linear,15,,,8,0,0.4375,1.0,0.9999999437768315,0.837852092576504
linear,15,,,9,0,0.4375,1.0,0.9999999986882313,0.848648599886215
linear,15,,,10,0,0.4375,1.0,0.9999999948358231,0.8516771172262632
linear,16,,,1,0,0.5,1.0,0.6514798531704129,0.6003438323954946
linear,16,,,2,0,0.5,1.0,0.8059215513248035,0.6661169383160279
linear,16,,,3,0,0.5,1.0,0.8722425380316327,0.7409376093013293
linear,16,,,4,0,0.5,1.0,0.9999999999984482,0.8266534858003743
linear,16,,,5,0,0.5,1.0,0.9999999999659841,0.8341741373626795
linear,16,,,6,0,0.5,1.0,0.9999953708973603,0.890600684832804
linear,16,,,7,0,0.5,1.0,0.9999803903055754,0.8894355858680937
linear,16,,,8,0,0.5,1.0,0.9999999742213763,0.8545567179762465
linear,16,,,9,0,0.5,1.0,0.9999999849499234,0.9225255822385585
linear,16,,,10,0,0.5,1.0,0.9999980431958992,0.925984045162977
linear,17,,,1,0,0.4444444444444444,1.0,0.5944027269892924,0.5678649306226595
linear,17,,,2,0,0.4444444444444444,1.0,0.7967784968032646,0.6310589584713314
linear,17,,,3,0,0.4444444444444444,1.0,0.789024045266246,0.7017105101871156
linear,17,,,4,0,0.4444444444444444,1.0,0.9473937447335753,0.7791332071924258
linear,17,,,5,0,0.4444444444444444,1.0,0.99999999987134,0.7889834559671173
linear,17,,,6,0,0.4444444444444444,1.0,0.887500035137019,0.8398244264852717
linear,17,,,7,0,0.4444444444444444,1.0,0.9755276776476456,0.8371766882590905
linear,17,,,8,0,0.4444444444444444,1.0,0.992051828493073,0.8300857892899725
linear,17,,,9,0,0.4444444444444444,1.0,0.9966541068725085,0.8615971243303009
linear,17,,,10,0,0.4444444444444444,1.0,0.9999251240081652,0.8758848184097641
linear,18,,,1,0,0.5,1.0,0.6515733628188524,0.6020971349463955
linear,18,,,2,0,0.5,1.0,0.8067494740479753,0.6700211627746265
linear,18,,,3,0,0.5,1.0,0.8845217987047076,0.7448399483852
linear,18,,,4,0,0.5,1.0,0.9443680408859341,0.8234808230263304
linear,18,,,5,0,0.5,1.0,0.9999999988388473,0.8365385908593185
linear,18,,,6,0,0.5,1.0,0.99999999964246,0.8880283807056522
linear,18,,,7,0,0.5,1.0,0.9999993566383281,0.8838399621593376
linear,18,,,8,0,0.5,1.0,0.9999990138989028,0.8779362248900792
linear,18,,,9,0,0.5,1.0,0.9999998751652753,0.9163068853461758
linear,18,,,10,0,0.5,1.0,0.9999999072859218,0.9288662914158551
linear,19,,,1,0,0.45,1.0,0.6002866467356336,0.5727010628540825
linear,19,,,2,0,0.45,1.0,0.7982030532523511,0.6380903068268008
linear,19,,,3,0,0.45,1.0,0.8074064740047657,0.7091946982460359
linear,19,,,4,0,0.45,1.0,0.9469474457911226,0.7810578251715052
linear,19,,,5,0,0.45,1.0,0.9999999991039491,0.7957287794819645
linear,19,,,6,0,0.45,1.0,0.9999980877092209,0.8426275285369836
linear,19,,,7,0,0.45,1.0,0.9999979396351705,0.8311291253598257
linear,19,,,8,0,0.45,1.0,0.9999988470144942,0.8319018768190384
linear,19,,,9,0,0.45,1.0,0.9999999454474494,0.8735708365729765
linear,19,,,10,0,0.45,1.0,0.9999998023845151,0.8647826094629476
linear,20,,,1,0,0.5,1.0,0.6516731134545539,0.603518611915357
linear,20,,,2,0,0.5,1.0,0.807440482742031,0.6731659258254563
linear,20,,,3,0,0.5,1.0,0.8944462207264527,0.7480519737721074
linear,20,,,4,0,0.5,1.0,0.9455700737244033,0.8209926656024129
linear,20,,,5,0,0.5,1.0,0.9999999990400357,0.8386098843743538
linear,20,,,6,0,0.5,1.0,0.9999999946035057,0.8860450345515192
linear,20,,,7,0,0.5,1.0,0.9999999983000845,0.8741754001575558
linear,20,,,8,0,0.5,1.0,0.9999994232169197,0.8771339347851927
linear,20,,,9,0,0.5,1.0,0.9999999214919763,0.9063845356185475
linear,20,,,10,0,0.5,1.0,0.9999999890234669,0.909201705461987
circular,5,,,1,0,0.390625,0.0,0.7712509435331883,0.7712509435331886
circular,5,,,2,0,0.390625,0.0,0.810572795776286,0.810572795776287
circular,5,,,3,0,0.390625,0.0,0.9658732966804067,0.9658732966804306
circular,5,,,4,0,0.390625,0.0,0.9907588999710577,0.990758899971067
circular,5,,,5,0,0.390625,0.0,0.9977862411007167,0.997786239914525
circular,5,,,6,0,0.390625,0.0,0.9994354643535304,0.999753296252014
circular,5,,,7,0,0.390625,0.0,0.999883241601571,0.9999327520485315
circular,5,,,8,0,0.390625,0.0,0.9999983940817295,0.9999999992299162
circular,5,,,9,0,0.390625,0.0,0.9999995666105093,0.9999999839222597
circular,5,,,10,0,0.390625,0.0,0.999999963752649,0.9999999984688228
circular,6,,,1,0,0.5,1.0,0.6534659776008458,0.6170007548265507
circular,6,,,2,0,0.5,1.0,0.8147711857542377,0.7021778912678851
circular,6,,,3,0,0.5,1.0,0.9866731723417251,0.8103462805597029
circular,6,,,4,0,0.5,1.0,0.973266763599685,0.9755806067160187
circular,6,,,5,0,0.5,1.0,0.9999999875790646,0.9949818558336458
circular,6,,,6,0,0.5,1.0,0.995138742281282,0.9997336606893076
circular,6,,,7,0,0.5,1.0,0.9960401777510476,0.999977138491316
circular,6,,,8,0,0.5,1.0,0.9978951157532617,0.9999999971798839
circular,6,,,9,0,0.5,1.0,0.9979041975289453,0.9999999797153459
circular,6,,,10,0,0.5,1.0,0.9991946690521424,0.9999993996423777
circular,7,,,1,0,0.3645833333333333,0.0,0.719834213964309,0.7198342139643091
circular,7,,,2,0,0.3645833333333333,0.0,0.8192075398125326,0.8192075398125325
circular,7,,,3,0,0.3645833333333333,0.0,0.9039736559925888,0.9039736559925888
circular,7,,,4,0,0.3645833333333333,0.0,0.93620529803488,0.9362052980348796
circular,7,,,5,0,0.3645833333333333,0.0,0.990456670846863,0.9904566708468637
circular,7,,,6,0,0.3645833333333333,0.0,0.997768281956502,0.9977682819564504
circular,7,,,7,0,0.3645833333333333,0.0,0.9997867164648246,0.9997867079927314
circular,7,,,8,0,0.3645833333333333,0.0,0.9947866751671421,0.9947866690923516
circular,7,,,9,0,0.3645833333333333,0.0,0.9998396138370035,0.9998381860270996
circular,7,,,10,0,0.3645833333333333,0.0,0.9999991197857355,0.9999848470057123
circular,8,,,1,0,0.5,1.0,0.6534659776008462,0.6170007548265508
circular,8,,,2,0,0.5,1.0,0.8147711857542379,0.7021778912678847
circular,8,,,3,0,0.5,1.0,0.9866571250176212,0.7803314794704949
circular,8,,,4,0,0.5,1.0,0.9731234875985267,0.8564742772518021
circular,8,,,5,0,0.5,1.0,0.9999999952487132,0.8899363130544088
circular,8,,,6,0,0.5,1.0,0.9999999960652164,0.962009325989707
circular,8,,,7,0,0.5,1.0,0.999999662598805,0.9975419922103423
circular,8,,,8,0,0.5,1.0,0.9999988737273396,0.9814584460222314
circular,8,,,9,0,0.5,1.0,0.9999997893510705,0.9999984540186927
circular,8,,,10,0,0.5,1.0,0.9999992024140258,0.999999807849425
circular,9,,,1,0,0.3515625,0.0,0.6941258491798694,0.6941258491798699
circular,9,,,2,0,0.3515625,0.0,0.7899501276763703,0.7899501276763709
circular,9,,,3,0,0.3515625,0.0,0.8778729144043064,0.8778729144043073
circular,9,,,4,0,0.3515625,0.0,0.9062870697035819,0.9062870697035786
circular,9,,,5,0,0.3515625,0.0,0.9547018242524642,0.9547018242524634
circular,9,,,6,0,0.3515625,0.0,0.9871097620032141,0.9871097620020359
circular,9,,,7,0,0.3515625,0.0,0.9966649077560445,0.9966649072940978
circular,9,,,8,0,0.3515625,0.0,0.99687270713719,0.9968727030560505
circular,9,,,9,0,0.3515625,0.0,0.9986469281150179,0.998646948558973
circular,9,,,10,0,0.3515625,0.0,0.999542933639767,0.9995429233141987
circular,10,,,1,0,0.5,1.0,0.6534659776008457,0.6170007548265504
circular,10,,,2,0,0.5,1.0,0.8147711857542369,0.7021778912678853
circular,10,,,3,0,0.5,1.0,0.9866571250176204,0.7803314794704941
circular,10,,,4,0,0.5,1.0,0.9731235374917873,0.8056139758796167
circular,10,,,5,0,0.5,1.0,0.9999999916311811,0.8677647755068983
circular,10,,,6,0,0.5,1.0,0.9996235159880481,0.9496581288638651
circular,10,,,7,0,0.5,1.0,0.9999999516638722,0.9747708059136523
circular,10,,,8,0,0.5,1.0,0.9999289701700246,0.9934230988615775
circular,10,,,9,0,0.5,1.0,0.9999982932318272,0.9980516426817531
circular,10,,,10,0,0.5,1.0,0.9999958311302027,0.999566683522836
circular,11,,,1,0,0.34375,0.0,0.6787008303092057,0.6787008303092061
circular,11,,,2,0,0.34375,0.0,0.7723956803946732,0.7723956803946732
circular,11,,,3,0,0.34375,0.0,0.8583646274175439,0.8583646274175436
circular,11,,,4,0,0.34375,0.0,0.8861753734675766,0.886175373467578
circular,11,,,5,0,0.34375,0.0,0.9481461023781195,0.948146102378115
circular,11,,,6,0,0.34375,0.0,0.9655616774622512,0.9655616774622476
circular,11,,,7,0,0.34375,0.0,0.9896919791610793,0.9896919799361775
circular,11,,,8,0,0.34375,0.0,0.9911709295110442,0.9911709311232546
circular,11,,,9,0,0.34375,0.0,0.9963615131907003,0.9963615232553984
circular,11,,,10,0,0.34375,0.0,0.9985651134116675,0.9985651158793274
circular,12,,,1,0,0.5,1.0,0.6534659776008462,0.6170007548265509
circular,12,,,2,0,0.5,1.0,0.8147711857542367,0.7021778912678854
circular,12,,,3,0,0.5,1.0,0.9866571250176187,0.7803314794704943
circular,12,,,4,0,0.5,1.0,0.9731235374917843,0.8056139758796143
circular,12,,,5,0,0.5,1.0,0.9999999853915029,0.8635180862448447
circular,12,,,6,0,0.5,1.0,0.9999280479785294,0.8786240700620888
circular,12,,,7,0,0.5,1.0,0.998961580810505,0.930614535798523
circular,12,,,8,0,0.5,1.0,0.9999997687834158,0.9811855016149363
circular,12,,,9,0,0.5,1.0,0.9954785910434549,0.987929205186465
circular,12,,,10,0,0.5,1.0,0.9999974275668156,0.9957537097234056
circular,13,,,1,0,0.3385416666666667,0.16666666666666666,0.6684174843954297,0.6684174843954303
circular,13,,,2,0,0.3385416666666667,0.16666666666666666,0.7606927155402085,0.7606927155402085
circular,13,,,3,0,0.3385416666666667,0.16666666666666666,0.8453591027597014,0.8453591027597026
circular,13,,,4,0,0.3385416666666667,0.16666666666666666,0.8727484738695831,0.8727484738695823
circular,13,,,5,0,0.3385416666666667,0.16666666666666666,0.93547792676525,0.9354779267652483
circular,13,,,6,0,0.3385416666666667,0.16666666666666666,0.951755470397524,0.9517554703975285
circular,13,,,7,0,0.3385416666666667,0.16666666666666666,0.9774969272453861,0.9774969272453862
circular,13,,,8,0,0.3385416666666667,0.16666666666666666,0.97531497198828,0.9753149761865542
circular,13,,,9,0,0.3385416666666667,0.16666666666666666,0.9953606452752157,0.9940464421553971
circular,13,,,10,0,0.3385416666666667,0.16666666666666666,0.9895477298813363,0.9933917981431847
circular,14,,,1,0,0.5,1.0,0.6534659776008453,0.6170007548265508
circular,14,,,2,0,0.5,1.0,0.8147711857542378,0.7021778912678845
circular,14,,,3,0,0.5,1.0,0.9866571250176185,0.7803314794704935
circular,14,,,4,0,0.5,1.0,0.97312353749179,0.8056139758796176
circular,14,,,5,0,0.5,1.0,0.9999999839497983,0.8635180862448447
circular,14,,,6,0,0.5,1.0,0.9999280507402029,0.8785455336326479
circular,14,,,7,0,0.5,1.0,0.9989615855982606,0.9024802129957513
circular,14,,,8,0,0.5,1.0,0.9999999881018801,0.9014467922757428
circular,14,,,9,0,0.5,1.0,0.999996980532722,0.986225911197553
circular,14,,,10,0,0.5,1.0,0.9999999544171684,0.9167900038391584
circular,15,,,1,0,0.33482142857142855,0.2857142857142857,0.6610722373141612,0.6610722373141618
circular,15,,,2,0,0.33482142857142855,0.2857142857142857,0.7523334549298765,0.7523334549298774
circular,15,,,3,0,0.33482142857142855,0.2857142857142857,0.8360694422898146,0.8360694422898145
circular,15,,,4,0,0.33482142857142855,0.2857142857142857,0.8631578312995881,0.8631578312995901
circular,15,,,5,0,0.33482142857142855,0.2857142857142857,0.9251979495480506,0.9251979495480503
circular,15,,,6,0,0.33482142857142855,0.2857142857142857,0.941298786034979,0.94129878603498
circular,15,,,7,0,0.33482142857142855,0.2857142857142857,0.9669434415495103,0.9669434415480599
circular,15,,,8,0,0.33482142857142855,0.2857142857142857,0.9654957649645926,0.9654957658294727
circular,15,,,9,0,0.33482142857142855,0.2857142857142857,0.9763589793528241,0.9763589819799076
circular,15,,,10,0,0.33482142857142855,0.2857142857142857,0.9846398375032732,0.9814136124801859
circular,16,,,1,0,0.5,1.0,0.6534659776008458,0.6170007548265508
circular,16,,,2,0,0.5,1.0,0.8147711857542359,0.7021778912678847
circular,16,,,3,0,0.5,1.0,0.986657125017617,0.7803314794704933
circular,16,,,4,0,0.5,1.0,0.9731235374917837,0.8056139758796156
circular,16,,,5,0,0.5,1.0,0.9999999854864297,0.8635180862448474
circular,16,,,6,0,0.5,1.0,0.9776204639756468,0.8785455336326468
circular,16,,,7,0,0.5,1.0,0.9986062967574015,0.9024807102200171
circular,16,,,8,0,0.5,1.0,0.9995119131019152,0.9012173968300594
circular,16,,,9,0,0.5,1.0,0.9999999924040684,0.9179538760501198
circular,16,,,10,0,0.5,1.0,0.9999997744555149,0.9135490746642663
circular,17,,,1,0,0.33203125,0.375,0.6555633020032098,0.6555633020032103
circular,17,,,2,0,0.33203125,0.375,0.7460640094721276,0.7460640094721285
circular,17,,,3,0,0.33203125,0.375,0.8291021969373996,0.8291021969373992
circular,17,,,4,0,0.33203125,0.375,0.8559648493720909,0.8559648493720919
circular,17,,,5,0,0.33203125,0.375,0.9174879666351525,0.9174879666351513
circular,17,,,6,0,0.33203125,0.375,0.9334546294846845,0.9334546294846866
circular,17,,,7,0,0.33203125,0.375,0.9588857539558396,0.958885754113682
circular,17,,,8,0,0.33203125,0.375,0.9575494661620045,0.9575494690761418
circular,17,,,9,0,0.33203125,0.375,0.9711469794414741,0.9711469812960142
circular,17,,,10,0,0.33203125,0.375,0.9837369176790282,0.97702828399056
circular,18,,,1,0,0.5,1.0,0.6534659776008449,0.6170007548265509
circular,18,,,2,0,0.5,1.0,0.8147711857542382,0.7021778912678847
circular,18,,,3,0,0.5,1.0,0.9866571250176186,0.7803314794704929
circular,18,,,4,0,0.5,1.0,0.9731235374917868,0.8056139758796178
circular,18,,,5,0,0.5,1.0,0.9999999958737011,0.8635180862448502
circular,18,,,6,0,0.5,1.0,0.9999987143889086,0.8785455336326488
circular,18,,,7,0,0.5,1.0,0.9999990416336604,0.9024807099507951
circular,18,,,8,0,0.5,1.0,0.9999886988914319,0.9012240691267929
circular,18,,,9,0,0.5,1.0,0.9999908120397522,0.9144771319323668
circular,18,,,10,0,0.5,1.0,0.9998604010810475,0.9192192934591223
circular,19,,,1,0,0.3298611111111111,0.4444444444444444,0.6512785745391364,0.6512785745391372
circular,19,,,2,0,0.3298611111111111,0.4444444444444444,0.7411877741161006,0.7411877741161005
circular,19,,,3,0,0.3298611111111111,0.4444444444444444,0.8236832283299655,0.8236832283299651
circular,19,,,4,0,0.3298611111111111,0.4444444444444444,0.850370307872927,0.8503703078729248
circular,19,,,5,0,0.3298611111111111,0.4444444444444444,0.9114913132584448,0.911491313258446
circular,19,,,6,0,0.3298611111111111,0.4444444444444444,0.9273536188344562,0.9273536188344585
circular,19,,,7,0,0.3298611111111111,0.4444444444444444,0.9526185271589939,0.9526185271700656
circular,19,,,8,0,0.3298611111111111,0.4444444444444444,0.9512920679960328,0.9512920720829291
circular,19,,,9,0,0.3298611111111111,0.4444444444444444,0.9652718023228805,0.9652718050239871
circular,19,,,10,0,0.3298611111111111,0.4444444444444444,0.9675201824064362,0.9774292179742317
circular,20,,,1,0,0.5,1.0,0.6534659776008455,0.6170007548265508
circular,20,,,2,0,0.5,1.0,0.8147711857542363,0.7021778912678857
circular,20,,,3,0,0.5,1.0,0.9866571250176186,0.7803314794704928
circular,20,,,4,0,0.5,1.0,0.9731235374917866,0.8056139758796175
circular,20,,,5,0,0.5,1.0,0.9999999958514035,0.8635180862448457
circular,20,,,6,0,0.5,1.0,0.9298052865848252,0.8785455336326521
circular,20,,,7,0,0.5,1.0,0.9999999543134848,0.9024807099009404
circular,20,,,8,0,0.5,1.0,0.9999931199738142,0.9012240613070054
circular,20,,,9,0,0.5,1.0,0.9999994462578361,0.9144680758818116
circular,20,,,10,0,0.5,1.0,0.9999973277779042,0.9191864397794429
