family,N,d,q,p,relax_core_ratio_mean,relax_core_ratio_stderr,relax_rounded_ratio_mean,relax_rounded_ratio_stderr,opt_warm_ratio_mean,opt_warm_ratio_stderr,opt_cold_ratio_mean,opt_cold_ratio_stderr
Gilbert,5,,0.1,1,0.12005208333333332,0.029237741857587443,0.9875,0.012499999999999997,0.8344578658204576,0.018470945243782257,0.6957143425122994,0.03812719199623057
Gilbert,5,,0.1,2,0.12005208333333332,0.029237741857587443,0.9875,0.012499999999999997,0.8933973455789005,0.025794910017339568,0.780539204108311,0.049100755249413215
Gilbert,5,,0.1,3,0.12005208333333332,0.029237741857587443,0.9875,0.012499999999999997,0.9098498713039047,0.02699420837299053,0.8170087023959092,0.05354518483554597
Gilbert,5,,0.1,4,0.12005208333333332,0.029237741857587443,0.9875,0.012499999999999997,0.911397249444702,0.02718623835145302,0.8235851708672799,0.054479085932836235
Gilbert,5,,0.1,5,0.12005208333333332,0.029237741857587443,0.9875,0.012499999999999997,0.9120328914840931,0.02728085741389499,0.8244337108397914,0.05461814087276889
Gilbert,5,,0.1,6,0.12005208333333332,0.029237741857587443,0.9875,0.012499999999999997,0.9124898422263359,0.0273543735953997,0.8247878806907607,0.05467663948000677
Gilbert,5,,0.1,7,0.12005208333333332,0.029237741857587443,0.9875,0.012499999999999997,0.9124956625557333,0.027355352825766788,0.8249999999288795,0.05471216547826858
Gilbert,5,,0.1,8,0.12005208333333332,0.029237741857587443,0.9875,0.012499999999999997,0.9124999991467451,0.027356082601479488,0.824999999728405,0.05471216544452007
Gilbert,5,,0.1,9,0.12005208333333332,0.029237741857587443,0.9875,0.012499999999999997,0.9124999396287741,0.027356072581983536,0.8249999997615568,0.05471216545010058
Gilbert,5,,0.1,10,0.12005208333333332,0.029237741857587443,0.9875,0.012499999999999997,0.912499995646429,0.027356082012218536,0.8249999998652496,0.05471216546755725
Gilbert,5,,0.25,1,0.18177083333333335,0.022051488853044927,0.975,0.025,0.7994678840198336,0.021672186208669533,0.5134611828811755,0.033196286411714696
Gilbert,5,,0.25,2,0.18177083333333335,0.022051488853044927,0.975,0.025,0.8973088248047849,0.01945372033450707,0.7372592850730718,0.03433401990916217
Gilbert,5,,0.25,3,0.18177083333333335,0.022051488853044927,0.975,0.025,0.9250940147839479,0.019262927553054667,0.842681546502539,0.03617835685748857
Gilbert,5,,0.25,4,0.18177083333333335,0.022051488853044927,0.975,0.025,0.9482841750161122,0.01974055429507456,0.8522401327349721,0.03539526090011031
Gilbert,5,,0.25,5,0.18177083333333335,0.022051488853044927,0.975,0.025,0.9534268676428127,0.019960479163537534,0.8871555772707355,0.0384116668167914
Gilbert,5,,0.25,6,0.18177083333333335,0.022051488853044927,0.975,0.025,0.9596082291084986,0.020304325036904637,0.8822194644692676,0.038328145534561806
Gilbert,5,,0.25,7,0.18177083333333335,0.022051488853044927,0.975,0.025,0.9618851437845019,0.020422437910803386,0.9187727794995373,0.040411486740890415
Gilbert,5,,0.25,8,0.18177083333333335,0.022051488853044927,0.975,0.025,0.9623440612681838,0.020464488726243756,0.9236989604139071,0.04083618877876537
Gilbert,5,,0.25,9,0.18177083333333335,0.022051488853044927,0.975,0.025,0.9624426389366812,0.0204739373600561,0.9204371815507374,0.04059013049929039
Gilbert,5,,0.25,10,0.18177083333333335,0.022051488853044927,0.975,0.025,0.962488194737519,0.020478314140319254,0.9242247682305479,0.04088609984508112
Gilbert,5,,0.5,1,0.25937499999999997,0.018198203653879415,0.5625,0.14150855469769869,0.54324709919431,0.0517007221361834,0.4717421646009618,0.021997118636234606
Gilbert,5,,0.5,2,0.25937499999999997,0.018198203653879415,0.5625,0.14150855469769869,0.7970058179325773,0.026310873019259346,0.6628789627081622,0.024726398445370668
Gilbert,5,,0.5,3,0.25937499999999997,0.018198203653879415,0.5625,0.14150855469769869,0.7475487356575373,0.0511207651862225,0.7093746651230814,0.04660975111630703
Gilbert,5,,0.5,4,0.25937499999999997,0.018198203653879415,0.5625,0.14150855469769869,0.8357528585482379,0.03274216350694307,0.8605880066747453,0.0241953020882047
Gilbert,5,,0.5,5,0.25937499999999997,0.018198203653879415,0.5625,0.14150855469769869,0.8841555157443903,0.03357732973240453,0.8909993551717124,0.019149580797412913
Gilbert,5,,0.5,6,0.25937499999999997,0.018198203653879415,0.5625,0.14150855469769869,0.8947300420727726,0.025654182538812204,0.8881051513397444,0.03090336497634002
Gilbert,5,,0.5,7,0.25937499999999997,0.018198203653879415,0.5625,0.14150855469769869,0.938606749331187,0.01798170324155928,0.9185401189015208,0.023364808016373688
Gilbert,5,,0.5,8,0.25937499999999997,0.018198203653879415,0.5625,0.14150855469769869,0.9292928660467454,0.02270217393578339,0.9558247068067107,0.016734524036130533
Gilbert,5,,0.5,9,0.25937499999999997,0.018198203653879415,0.5625,0.14150855469769869,0.9577828083402556,0.012745109055876344,0.952468541986299,0.017704410572968853
Gilbert,5,,0.5,10,0.25937499999999997,0.018198203653879415,0.5625,0.14150855469769869,0.9607072327305625,0.010136607716727399,0.9860362540088572,0.005366917504658218
Gilbert,6,,0.1,1,0.10812500000000003,0.017206777466727278,1.0,0.0,0.89523549738483,0.020167612641741217,0.7089374471723853,0.035862549172768085
Gilbert,6,,0.1,2,0.10812500000000003,0.017206777466727278,1.0,0.0,0.9362785316454014,0.021715065480168383,0.8216554047567604,0.04029006260506011
Gilbert,6,,0.1,3,0.10812500000000003,0.017206777466727278,1.0,0.0,0.9460997652651297,0.022562360580746874,0.8677253595252081,0.04336953803185898
Gilbert,6,,0.1,4,0.10812500000000003,0.017206777466727278,1.0,0.0,0.9485937124556534,0.02278858276448375,0.8880042738186281,0.04487528674810205
Gilbert,6,,0.1,5,0.10812500000000003,0.017206777466727278,1.0,0.0,0.9492569073973897,0.02286055825004231,0.8917301586790833,0.04508593403928687
Gilbert,6,,0.1,6,0.10812500000000003,0.017206777466727278,1.0,0.0,0.9498609681393134,0.022925924324645696,0.8965502888567123,0.04554718676044472
Gilbert,6,,0.1,7,0.10812500000000003,0.017206777466727278,1.0,0.0,0.9499320857018301,0.02293388059848177,0.898118978216979,0.0457039487754049
Gilbert,6,,0.1,8,0.10812500000000003,0.017206777466727278,1.0,0.0,0.9499640421681855,0.022937476459924118,0.8987072224183971,0.04575278102176305
Gilbert,6,,0.1,9,0.10812500000000003,0.017206777466727278,1.0,0.0,0.9499769986967831,0.022938946320947513,0.8994115732412151,0.045819377847789555
Gilbert,6,,0.1,10,0.10812500000000003,0.017206777466727278,1.0,0.0,0.949995624427047,0.022941071876099742,0.8997945083612002,0.045860029403929845
Gilbert,6,,0.25,1,0.18687499999999999,0.018798730535247374,1.0,0.0,0.7166482063930758,0.05455449766399487,0.5880870484470785,0.02830620804870416
Gilbert,6,,0.25,2,0.18687499999999999,0.018798730535247374,1.0,0.0,0.9107516634468894,0.019004716189790886,0.7501199206999266,0.03373391605789412
Gilbert,6,,0.25,3,0.18687499999999999,0.018798730535247374,1.0,0.0,0.959260632066352,0.013551060170558163,0.8423049701096316,0.03453876017111686
Gilbert,6,,0.25,4,0.18687499999999999,0.018798730535247374,1.0,0.0,0.9745601214638832,0.013174512447246416,0.8945706697438108,0.028408744283934785
Gilbert,6,,0.25,5,0.18687499999999999,0.018798730535247374,1.0,0.0,0.9746306797666927,0.01352067800519967,0.9097020766901341,0.02847354198009752
Gilbert,6,,0.25,6,0.18687499999999999,0.018798730535247374,1.0,0.0,0.9870098371400348,0.012476036794347474,0.9355478177528068,0.02539433685851041
Gilbert,6,,0.25,7,0.18687499999999999,0.018798730535247374,1.0,0.0,0.9870245274241831,0.012477020618702993,0.9555306271812805,0.02465167151110759
Gilbert,6,,0.25,8,0.18687499999999999,0.018798730535247374,1.0,0.0,0.9873434841164291,0.012491932081465136,0.9563985330450286,0.024677309144788745
Gilbert,6,,0.25,9,0.18687499999999999,0.018798730535247374,1.0,0.0,0.9874070972911324,0.012495180310379331,0.9598185929403865,0.024852946650885534
Gilbert,6,,0.25,10,0.18687499999999999,0.018798730535247374,1.0,0.0,0.9874821077439778,0.01249906074905523,0.9672217530289469,0.024770557591309594
Gilbert,6,,0.5,1,0.26510416666666664,0.018211143972925798,0.6375,0.11395261018695911,0.3928445413891216,0.03750689848338151,0.45393827332637954,0.03333864393264125
Gilbert,6,,0.5,2,0.26510416666666664,0.018211143972925798,0.6375,0.11395261018695911,0.6408339398372288,0.07594446150317004,0.5366473302554693,0.06690045989680074
Gilbert,6,,0.5,3,0.26510416666666664,0.018211143972925798,0.6375,0.11395261018695911,0.6862987694138554,0.07003214496657652,0.5927082829610709,0.06949147991884753
Gilbert,6,,0.5,4,0.26510416666666664,0.018211143972925798,0.6375,0.11395261018695911,0.7533391555918504,0.05400649225241739,0.7167897941235866,0.0470481534984918
Gilbert,6,,0.5,5,0.26510416666666664,0.018211143972925798,0.6375,0.11395261018695911,0.8861578552545397,0.03016573697925465,0.8051690925755455,0.029856141498602006
Gilbert,6,,0.5,6,0.26510416666666664,0.018211143972925798,0.6375,0.11395261018695911,0.8599230657878854,0.0510031380976592,0.8119973273672164,0.047840943181428945
Gilbert,6,,0.5,7,0.26510416666666664,0.018211143972925798,0.6375,0.11395261018695911,0.870458842952241,0.050347787352542805,0.818324786627131,0.047638022857143254
Gilbert,6,,0.5,8,0.26510416666666664,0.018211143972925798,0.6375,0.11395261018695911,0.8794837266767923,0.044884497896202594,0.8300419144773212,0.04128784207465953
Gilbert,6,,0.5,9,0.26510416666666664,0.018211143972925798,0.6375,0.11395261018695911,0.9091519787869334,0.03427819334610782,0.8766932227960428,0.034129408841021835
Gilbert,6,,0.5,10,0.26510416666666664,0.018211143972925798,0.6375,0.11395261018695911,0.904007425000035,0.03628925864149895,0.8853151732229634,0.0358558480391636
Gilbert,7,,0.1,1,0.11166666666666669,0.017050406865204298,1.0,0.0,0.890861175410443,0.019179486219439837,0.7551773509079983,0.03620687185426991
Gilbert,7,,0.1,2,0.11166666666666669,0.017050406865204298,1.0,0.0,0.9396808994258926,0.021887770841496366,0.8514036823362122,0.042313014311490565
Gilbert,7,,0.1,3,0.11166666666666669,0.017050406865204298,1.0,0.0,0.9472105693154133,0.02267362466035147,0.8803073462862064,0.04486732889258239
Gilbert,7,,0.1,4,0.11166666666666669,0.017050406865204298,1.0,0.0,0.9490326008326134,0.022836269994450986,0.8924639090687586,0.04524053767148185
Gilbert,7,,0.1,5,0.11166666666666669,0.017050406865204298,1.0,0.0,0.9494902256870628,0.022885236288993315,0.8937436130927143,0.04534095928147384
Gilbert,7,,0.1,6,0.11166666666666669,0.017050406865204298,1.0,0.0,0.9498748184069944,0.02292745436076698,0.8986876747194833,0.045745065969981714
Gilbert,7,,0.1,7,0.11166666666666669,0.017050406865204298,1.0,0.0,0.949936822164038,0.022934411432508187,0.8991444423979915,0.04579054494686426
Gilbert,7,,0.1,8,0.11166666666666669,0.017050406865204298,1.0,0.0,0.949964686872336,0.02293754944703354,0.8992211321887525,0.045800092505421705
Gilbert,7,,0.1,9,0.11166666666666669,0.017050406865204298,1.0,0.0,0.9499785197310302,0.022939119131322523,0.8994537771873897,0.04582370339307543
Gilbert,7,,0.1,10,0.11166666666666669,0.017050406865204298,1.0,0.0,0.9499963849950817,0.022941158976733655,0.8994234524823517,0.0458205919009269
Gilbert,7,,0.25,1,0.21111979166666667,0.02032375261163256,0.95625,0.030450293836625654,0.6309373522356937,0.06596084178829162,0.5488720471141731,0.04414494970945995
Gilbert,7,,0.25,2,0.21111979166666667,0.02032375261163256,0.95625,0.030450293836625654,0.8791720333120635,0.025627154655197916,0.7101564296322915,0.04356596169215591
Gilbert,7,,0.25,3,0.21111979166666667,0.02032375261163256,0.95625,0.030450293836625654,0.9465744041417927,0.020232030685772253,0.8120161580678034,0.03208468442687099
Gilbert,7,,0.25,4,0.21111979166666667,0.02032375261163256,0.95625,0.030450293836625654,0.9497437651290799,0.02969597108719493,0.869281534756339,0.027455738300572328
Gilbert,7,,0.25,5,0.21111979166666667,0.02032375261163256,0.95625,0.030450293836625654,0.9525560852838962,0.031369476150158226,0.8746657868722831,0.03173177900018087
Gilbert,7,,0.25,6,0.21111979166666667,0.02032375261163256,0.95625,0.030450293836625654,0.9671102585002839,0.02081402424527773,0.9227413994065345,0.019861295527318256
Gilbert,7,,0.25,7,0.21111979166666667,0.02032375261163256,0.95625,0.030450293836625654,0.9553878481768449,0.032612061321116784,0.928031106779877,0.020995788957614007
Gilbert,7,,0.25,8,0.21111979166666667,0.02032375261163256,0.95625,0.030450293836625654,0.9599897826513019,0.029603299915462417,0.9285798140717649,0.021010344443433342
Gilbert,7,,0.25,9,0.21111979166666667,0.02032375261163256,0.95625,0.030450293836625654,0.9857761882290397,0.009108870305291913,0.953617466969798,0.014134670138119613
Gilbert,7,,0.25,10,0.21111979166666667,0.02032375261163256,0.95625,0.030450293836625654,0.9923191738959375,0.006987995487215819,0.9552733695870836,0.01329880559911289
Gilbert,7,,0.5,1,0.22337962962962965,0.025165295029119097,0.3703703703703704,0.24180675661482584,0.34826451489147137,0.04876584780057544,0.3890992375895215,0.03630034687716805
Gilbert,7,,0.5,2,0.22337962962962965,0.025165295029119097,0.3703703703703704,0.24180675661482584,0.585500054084478,0.1211742992943284,0.37784065029603714,0.11861991259035833
Gilbert,7,,0.5,3,0.22337962962962965,0.025165295029119097,0.3703703703703704,0.24180675661482584,0.6233622470372033,0.11092806676539613,0.5746364899690001,0.08023528122369057
Gilbert,7,,0.5,4,0.22337962962962965,0.025165295029119097,0.3703703703703704,0.24180675661482584,0.7253845891763226,0.08965537758502802,0.7141345866396125,0.052893126117199214
Gilbert,7,,0.5,5,0.22337962962962965,0.025165295029119097,0.3703703703703704,0.24180675661482584,0.7471294380829941,0.08548955886761123,0.7494013018154004,0.050304468256969236
Gilbert,7,,0.5,6,0.22337962962962965,0.025165295029119097,0.3703703703703704,0.24180675661482584,0.7643386983147589,0.0738406330363215,0.8028978205760517,0.04063294106903132
Gilbert,7,,0.5,7,0.22337962962962965,0.025165295029119097,0.3703703703703704,0.24180675661482584,0.8277154480270804,0.06867018966396066,0.8328734175992615,0.04019054872125257
Gilbert,7,,0.5,8,0.22337962962962965,0.025165295029119097,0.3703703703703704,0.24180675661482584,0.7729930071125706,0.08352953587671985,0.8631847872888025,0.034590960850145604
Gilbert,7,,0.5,9,0.22337962962962965,0.025165295029119097,0.3703703703703704,0.24180675661482584,0.7847088634505783,0.08657552146270969,0.8888959461718886,0.033237439725963665
Gilbert,7,,0.5,10,0.22337962962962965,0.025165295029119097,0.3703703703703704,0.24180675661482584,0.7842576240854643,0.08736214197056967,0.7673538860351246,0.10792244567552
Gilbert,8,,0.1,1,0.13276785714285716,0.019917070251121605,0.99,0.009999999999999998,0.8183744261455758,0.04840751440087529,0.7607775910505523,0.041559650978365795
Gilbert,8,,0.1,2,0.13276785714285716,0.019917070251121605,0.99,0.009999999999999998,0.9422253561846731,0.01841555110044893,0.8911320917641886,0.02990483454433282
Gilbert,8,,0.1,3,0.13276785714285716,0.019917070251121605,0.99,0.009999999999999998,0.9782569653074805,0.013551654762013362,0.9420061121047402,0.026311924589383716
Gilbert,8,,0.1,4,0.13276785714285716,0.019917070251121605,0.99,0.009999999999999998,0.9839783541890437,0.01266049048342316,0.9605927558852315,0.025208396863114338
Gilbert,8,,0.1,5,0.13276785714285716,0.019917070251121605,0.99,0.009999999999999998,0.9842667285945292,0.012674887368800354,0.9614254111913538,0.02539071303804378
Gilbert,8,,0.1,6,0.13276785714285716,0.019917070251121605,0.99,0.009999999999999998,0.9847856059116887,0.012646241860251308,0.966966001329465,0.02503814091269004
Gilbert,8,,0.1,7,0.13276785714285716,0.019917070251121605,0.99,0.009999999999999998,0.9871694939123785,0.01248682891118283,0.9708029913057402,0.02489837813862227
Gilbert,8,,0.1,8,0.13276785714285716,0.019917070251121605,0.99,0.009999999999999998,0.9872958554300484,0.012490904284631966,0.9707775951397446,0.02493411217052935
Gilbert,8,,0.1,9,0.13276785714285716,0.019917070251121605,0.99,0.009999999999999998,0.9874287072044506,0.012496446569051719,0.9713440737445795,0.02496699547614887
Gilbert,8,,0.1,10,0.13276785714285716,0.019917070251121605,0.99,0.009999999999999998,0.9874951613129287,0.012499746099874667,0.97407761002631,0.024964789479320907
Gilbert,8,,0.25,1,0.22151413690476188,0.017061687485155484,0.9574999999999999,0.027452111413380057,0.4996647336178672,0.05337801102353934,0.44629459723759546,0.032459876519356064
Gilbert,8,,0.25,2,0.22151413690476188,0.017061687485155484,0.9574999999999999,0.027452111413380057,0.8012811290014342,0.025643906282303668,0.6466255476187481,0.03517767233476024
Gilbert,8,,0.25,3,0.22151413690476188,0.017061687485155484,0.9574999999999999,0.027452111413380057,0.8461072469104997,0.033499898194028065,0.7398851473016316,0.02764828409813622
Gilbert,8,,0.25,4,0.22151413690476188,0.017061687485155484,0.9574999999999999,0.027452111413380057,0.9162654027157829,0.023614899470344827,0.8183786138200194,0.02179877661627813
Gilbert,8,,0.25,5,0.22151413690476188,0.017061687485155484,0.9574999999999999,0.027452111413380057,0.9298186846282546,0.03402167379032162,0.8683501347385423,0.01878855251429471
Gilbert,8,,0.25,6,0.22151413690476188,0.017061687485155484,0.9574999999999999,0.027452111413380057,0.9444166244379828,0.029349880038294154,0.8883442933742807,0.019813829724562818
Gilbert,8,,0.25,7,0.22151413690476188,0.017061687485155484,0.9574999999999999,0.027452111413380057,0.9626049581888336,0.02136578482099381,0.9068475479695165,0.01888584429421366
Gilbert,8,,0.25,8,0.22151413690476188,0.017061687485155484,0.9574999999999999,0.027452111413380057,0.9684488624317213,0.014645076036712855,0.9283725798851693,0.017957357907019054
Gilbert,8,,0.25,9,0.22151413690476188,0.017061687485155484,0.9574999999999999,0.027452111413380057,0.979091580714439,0.010841846123512668,0.9422376293334181,0.017638813179861948
Gilbert,8,,0.25,10,0.22151413690476188,0.017061687485155484,0.9574999999999999,0.027452111413380057,0.9880984317524666,0.007855451952812937,0.9541742791701546,0.018254921651811883
Gilbert,9,,0.1,1,0.17,0.019229502457657748,1.0,0.0,0.8571887576392037,0.021200815417162382,0.7124197027766658,0.02926857890692225
Gilbert,9,,0.1,2,0.17,0.019229502457657748,1.0,0.0,0.9282593005271123,0.017151306666258196,0.8509121682603139,0.023017827501412038
Gilbert,9,,0.1,3,0.17,0.019229502457657748,1.0,0.0,0.977041052039627,0.006864697715289597,0.9115539149291585,0.019411762847724334
Gilbert,9,,0.1,4,0.17,0.019229502457657748,1.0,0.0,0.991063776818368,0.004852150971202231,0.935378277073627,0.014656349649133952
Gilbert,9,,0.1,5,0.17,0.019229502457657748,1.0,0.0,0.9984683433818826,0.0005154844449080279,0.9575005396325832,0.01221550199625125
Gilbert,9,,0.1,6,0.17,0.019229502457657748,1.0,0.0,0.9997804354821362,0.00015542650420032994,0.9707516970014561,0.010861896072500358
Gilbert,9,,0.1,7,0.17,0.019229502457657748,1.0,0.0,0.9998214257628856,0.00012141780489691873,0.9781561276995202,0.009084053704925007
Gilbert,9,,0.1,8,0.17,0.019229502457657748,1.0,0.0,0.9999487212188454,4.998962469060789e-05,0.9780781883325973,0.012151408032496746
Gilbert,9,,0.1,9,0.17,0.019229502457657748,1.0,0.0,0.9999674817706149,3.1840249062141354e-05,0.9909227158358469,0.0039759363647848215
Gilbert,9,,0.1,10,0.17,0.019229502457657748,1.0,0.0,0.99997924077649,2.0509122333818422e-05,0.9844933035023853,0.010648665129060162
Gilbert,9,,0.25,1,0.2296540178571429,0.016504343459493236,0.85,0.07059428186176941,0.49131981861033064,0.05061846469808298,0.4126187692673037,0.03349630831887044
Gilbert,9,,0.25,2,0.2296540178571429,0.016504343459493236,0.85,0.07059428186176941,0.7486549014567062,0.036489456799098145,0.5904727245245848,0.03434260822415514
Gilbert,9,,0.25,3,0.2296540178571429,0.016504343459493236,0.85,0.07059428186176941,0.7908820621868035,0.048795817001745304,0.655625548956254,0.038651015487213246
Gilbert,9,,0.25,4,0.2296540178571429,0.016504343459493236,0.85,0.07059428186176941,0.8692642773969739,0.03953788149458163,0.7101955122247978,0.040638044286782124
Gilbert,9,,0.25,5,0.2296540178571429,0.016504343459493236,0.85,0.07059428186176941,0.8284064855473771,0.057526837788949854,0.7819952788124442,0.02690160552918797
Gilbert,9,,0.25,6,0.2296540178571429,0.016504343459493236,0.85,0.07059428186176941,0.8943091129371545,0.03698534506022649,0.794829349690275,0.03421951835355357
Gilbert,9,,0.25,7,0.2296540178571429,0.016504343459493236,0.85,0.07059428186176941,0.9102796110732475,0.03336860216968829,0.8385150077511361,0.02552766114106409
Gilbert,9,,0.25,8,0.2296540178571429,0.016504343459493236,0.85,0.07059428186176941,0.9376629380391469,0.024007581474305296,0.8309560047988906,0.028580198432551485
Gilbert,9,,0.25,9,0.2296540178571429,0.016504343459493236,0.85,0.07059428186176941,0.9076113416339853,0.0511526810597896,0.8855977051625686,0.018229743410503752
Gilbert,9,,0.25,10,0.2296540178571429,0.016504343459493236,0.85,0.07059428186176941,0.9591967541831072,0.01363991975763711,0.8774396905949657,0.020336219102366052
Gilbert,10,,0.1,1,0.14620535714285715,0.013508767108941,0.9958333333333332,0.004166666666666668,0.8135379334086222,0.04222956778587395,0.6659591112628087,0.03831471456039638
Gilbert,10,,0.1,2,0.14620535714285715,0.013508767108941,0.9958333333333332,0.004166666666666668,0.9025544937112937,0.03088266130353654,0.8312378533976716,0.02709741301997832
Gilbert,10,,0.1,3,0.14620535714285715,0.013508767108941,0.9958333333333332,0.004166666666666668,0.9405325448420179,0.02771244051697761,0.878948583954718,0.02705949168451656
Gilbert,10,,0.1,4,0.14620535714285715,0.013508767108941,0.9958333333333332,0.004166666666666668,0.9468821364187692,0.026974209728297175,0.9350255306114235,0.015632181188494316
Gilbert,10,,0.1,5,0.14620535714285715,0.013508767108941,0.9958333333333332,0.004166666666666668,0.9703370784897801,0.016814481052042692,0.9482964208538442,0.012994049087077412
Gilbert,10,,0.1,6,0.14620535714285715,0.013508767108941,0.9958333333333332,0.004166666666666668,0.9829788967703731,0.009147379188780336,0.9620387683404594,0.009128355159610598
Gilbert,10,,0.1,7,0.14620535714285715,0.013508767108941,0.9958333333333332,0.004166666666666668,0.9830304689304343,0.010771752100115247,0.9693941451174055,0.008643978406635309
Gilbert,10,,0.1,8,0.14620535714285715,0.013508767108941,0.9958333333333332,0.004166666666666668,0.9890242801288192,0.008221788560136582,0.9813762289656977,0.0052187264999256295
Gilbert,10,,0.1,9,0.14620535714285715,0.013508767108941,0.9958333333333332,0.004166666666666668,0.9887951626253486,0.008374575365828262,0.9916636005705299,0.0032550586219088494
Gilbert,10,,0.1,10,0.14620535714285715,0.013508767108941,0.9958333333333332,0.004166666666666668,0.9913920000173224,0.005948809606867753,0.9948910490490872,0.0018249620743016888
Gilbert,10,,0.25,1,0.2360267857142857,0.018854836739600693,0.8775000000000001,0.0503246042157679,0.45667392719272526,0.049323649128936796,0.36525760224967346,0.023485777849269685
Gilbert,10,,0.25,2,0.2360267857142857,0.018854836739600693,0.8775000000000001,0.0503246042157679,0.6844805221958212,0.04391043918260818,0.5594323523242879,0.028546636544717736
Gilbert,10,,0.25,3,0.2360267857142857,0.018854836739600693,0.8775000000000001,0.0503246042157679,0.8071138490031965,0.04484228035314693,0.620052248927907,0.04592729518246832
Gilbert,10,,0.25,4,0.2360267857142857,0.018854836739600693,0.8775000000000001,0.0503246042157679,0.8978692997848938,0.027760786623699695,0.7345149902522683,0.021401566123661273
Gilbert,10,,0.25,5,0.2360267857142857,0.018854836739600693,0.8775000000000001,0.0503246042157679,0.9144728198141256,0.026098458930306684,0.7595515101410378,0.021360803330124686
Gilbert,10,,0.25,6,0.2360267857142857,0.018854836739600693,0.8775000000000001,0.0503246042157679,0.9493727732331878,0.017747974825766424,0.8104207773334284,0.02134862634996091
Gilbert,10,,0.25,7,0.2360267857142857,0.018854836739600693,0.8775000000000001,0.0503246042157679,0.9544454788353729,0.01813146747138863,0.8398679762739766,0.02052404059659245
Gilbert,10,,0.25,8,0.2360267857142857,0.018854836739600693,0.8775000000000001,0.0503246042157679,0.9569891273636106,0.017871522705041998,0.8756471734691533,0.01780198908865059
Gilbert,10,,0.25,9,0.2360267857142857,0.018854836739600693,0.8775000000000001,0.0503246042157679,0.968474252179694,0.013940998298568676,0.8870378677871527,0.015298903400830947
Gilbert,10,,0.25,10,0.2360267857142857,0.018854836739600693,0.8775000000000001,0.0503246042157679,0.973917329918111,0.01163434174649572,0.9066394980865777,0.01449922324428176
Gilbert,11,,0.1,1,0.16676091269841267,0.01872306423076165,1.0,0.0,0.8287077717532221,0.03233534371573703,0.6923332233266469,0.03093915897370581
Gilbert,11,,0.1,2,0.16676091269841267,0.01872306423076165,1.0,0.0,0.9221920627998961,0.01488722561847478,0.8387694943944389,0.018945027789167932
Gilbert,11,,0.1,3,0.16676091269841267,0.01872306423076165,1.0,0.0,0.9619917328211296,0.0075314320969972785,0.902690649931486,0.014178443183552296
Gilbert,11,,0.1,4,0.16676091269841267,0.01872306423076165,1.0,0.0,0.983104761918803,0.0057595170895014,0.930180609864248,0.013285090719885378
Gilbert,11,,0.1,5,0.16676091269841267,0.01872306423076165,1.0,0.0,0.9915629151730855,0.004606324686409277,0.9387114657995138,0.01782092942278225
Gilbert,11,,0.1,6,0.16676091269841267,0.01872306423076165,1.0,0.0,0.99483158917873,0.004183822342776871,0.961426491030468,0.009176226169285661
Gilbert,11,,0.1,7,0.16676091269841267,0.01872306423076165,1.0,0.0,0.9988556682869639,0.0007039228892809474,0.9733908574752709,0.006214004662927639
Gilbert,11,,0.1,8,0.16676091269841267,0.01872306423076165,1.0,0.0,0.9993585959283797,0.00042056193882673365,0.9792726688125579,0.005817671907064073
Gilbert,11,,0.1,9,0.16676091269841267,0.01872306423076165,1.0,0.0,0.9995228468843695,0.00036981019690759666,0.9857438099183401,0.0037786082117569003
Gilbert,11,,0.1,10,0.16676091269841267,0.01872306423076165,1.0,0.0,0.999750023757316,0.0001801110000779151,0.9901982885037711,0.0033533418404040603
Gilbert,11,,0.25,1,0.22602678571428575,0.014967565529114329,0.7504166666666666,0.07349482567218453,0.39554400657022215,0.043041837898120515,0.36269805714535625,0.02076743281165092
Gilbert,11,,0.25,2,0.22602678571428575,0.014967565529114329,0.7504166666666666,0.07349482567218453,0.6443135335461229,0.04116770343574574,0.5208019200389457,0.028424564415809365
Gilbert,11,,0.25,3,0.22602678571428575,0.014967565529114329,0.7504166666666666,0.07349482567218453,0.6738139256489503,0.057794360220260764,0.6254767823114947,0.03412193454871444
Gilbert,11,,0.25,4,0.22602678571428575,0.014967565529114329,0.7504166666666666,0.07349482567218453,0.8142033395626769,0.0392520499520417,0.6960864502466453,0.026523592011760987
Gilbert,11,,0.25,5,0.22602678571428575,0.014967565529114329,0.7504166666666666,0.07349482567218453,0.862981613661327,0.03294575076821883,0.7427118877644127,0.028594636841015073
Gilbert,11,,0.25,6,0.22602678571428575,0.014967565529114329,0.7504166666666666,0.07349482567218453,0.8671559673916758,0.031634100692381116,0.7934621057600906,0.0269230700135913
Gilbert,11,,0.25,7,0.22602678571428575,0.014967565529114329,0.7504166666666666,0.07349482567218453,0.8917859970492023,0.028012512843541934,0.802659603066829,0.022603886163801733
Gilbert,11,,0.25,8,0.22602678571428575,0.014967565529114329,0.7504166666666666,0.07349482567218453,0.8984761556520713,0.03007422143120196,0.8526772901458328,0.026629946878257336
Gilbert,11,,0.25,9,0.22602678571428575,0.014967565529114329,0.7504166666666666,0.07349482567218453,0.9160478605361329,0.0229446518736085,0.8525005522634134,0.026487448383646615
Gilbert,11,,0.25,10,0.22602678571428575,0.014967565529114329,0.7504166666666666,0.07349482567218453,0.914297311798036,0.024095171347877392,0.8772211990869812,0.022925610237589312
Gilbert,12,,0.1,1,0.18116657647907647,0.014518124650445632,0.9850694444444444,0.008494347846531938,0.7796893212357634,0.04737715977761255,0.6042587449739393,0.03923681171263398
Gilbert,12,,0.1,2,0.18116657647907647,0.014518124650445632,0.9850694444444444,0.008494347846531938,0.8878916264526586,0.032632968237661014,0.8099627483601488,0.023874243168556058
Gilbert,12,,0.1,3,0.18116657647907647,0.014518124650445632,0.9850694444444444,0.008494347846531938,0.943470209765423,0.015691952701788397,0.8736498212380684,0.02191957094300262
Gilbert,12,,0.1,4,0.18116657647907647,0.014518124650445632,0.9850694444444444,0.008494347846531938,0.9743901717069263,0.010618297521335121,0.9078348345544445,0.022685707487213918
Gilbert,12,,0.1,5,0.18116657647907647,0.014518124650445632,0.9850694444444444,0.008494347846531938,0.9886450640627116,0.004781727587825001,0.9429727917563897,0.012430112722976278
Gilbert,12,,0.1,6,0.18116657647907647,0.014518124650445632,0.9850694444444444,0.008494347846531938,0.9908032873565261,0.006817091346405797,0.9557084373333697,0.01516492818778917
Gilbert,12,,0.1,7,0.18116657647907647,0.014518124650445632,0.9850694444444444,0.008494347846531938,0.995114266837839,0.00406517918283136,0.9598845036024326,0.019947210383532987
Gilbert,12,,0.1,8,0.18116657647907647,0.014518124650445632,0.9850694444444444,0.008494347846531938,0.9968121609510533,0.0028272196730479283,0.9762410469664731,0.009341715223191114
Gilbert,12,,0.1,9,0.18116657647907647,0.014518124650445632,0.9850694444444444,0.008494347846531938,0.9990801977064521,0.0007899369143544475,0.9751672396874362,0.015882500655663656
Gilbert,12,,0.1,10,0.18116657647907647,0.014518124650445632,0.9850694444444444,0.008494347846531938,0.9996950171965828,0.0002550120054370669,0.9797940975038559,0.010679634920910256
Gilbert,12,,0.25,1,0.17301339285714284,0.014257357160467022,0.6039285714285715,0.07321232957836708,0.36040402055631715,0.038076869807562766,0.31678060221627236,0.018013732954811033
Gilbert,12,,0.25,2,0.17301339285714284,0.014257357160467022,0.6039285714285715,0.07321232957836708,0.5558768290204961,0.039129181851697774,0.4691393901374633,0.030608789005499393
Gilbert,12,,0.25,3,0.17301339285714284,0.014257357160467022,0.6039285714285715,0.07321232957836708,0.6675748464792683,0.041878590963489476,0.613174146363635,0.0310826570202781
Gilbert,12,,0.25,4,0.17301339285714284,0.014257357160467022,0.6039285714285715,0.07321232957836708,0.71071549137108,0.04630625445166357,0.6656666907360749,0.02499902031743392
Gilbert,12,,0.25,5,0.17301339285714284,0.014257357160467022,0.6039285714285715,0.07321232957836708,0.7877659282226304,0.03114853931681863,0.7136973172264921,0.027382506259018176
Gilbert,12,,0.25,6,0.17301339285714284,0.014257357160467022,0.6039285714285715,0.07321232957836708,0.8295517893920137,0.02860012854248438,0.7547601437846818,0.02251665152138199
Gilbert,12,,0.25,7,0.17301339285714284,0.014257357160467022,0.6039285714285715,0.07321232957836708,0.8340552685889533,0.02780224331276284,0.7753244263171786,0.023480203371255885
Gilbert,12,,0.25,8,0.17301339285714284,0.014257357160467022,0.6039285714285715,0.07321232957836708,0.8456675113665227,0.02453796002308563,0.7911409023763363,0.022626592611492514
Gilbert,12,,0.25,9,0.17301339285714284,0.014257357160467022,0.6039285714285715,0.07321232957836708,0.8535673037140252,0.027938119322069018,0.8305840409641846,0.01811048542389681
Gilbert,12,,0.25,10,0.17301339285714284,0.014257357160467022,0.6039285714285715,0.07321232957836708,0.8856422620515596,0.020769530450136076,0.8395827458102036,0.02030062817118725
Gilbert,13,,0.1,1,0.1901995964105339,0.015839607078090994,0.9758928571428571,0.018606233652183782,0.7029481517971397,0.05775943456827777,0.5764519257469936,0.03205900376712935
Gilbert,13,,0.1,2,0.1901995964105339,0.015839607078090994,0.9758928571428571,0.018606233652183782,0.8676128806606019,0.027948806445980766,0.7724261243301085,0.019546221603019012
Gilbert,13,,0.1,3,0.1901995964105339,0.015839607078090994,0.9758928571428571,0.018606233652183782,0.9313770280166548,0.02449686702169719,0.8397315493346582,0.01665547112363185
Gilbert,13,,0.1,4,0.1901995964105339,0.015839607078090994,0.9758928571428571,0.018606233652183782,0.9467479291542664,0.02480014835898373,0.8771218293264045,0.01773316605009887
Gilbert,13,,0.1,5,0.1901995964105339,0.015839607078090994,0.9758928571428571,0.018606233652183782,0.9599644300691018,0.024838635962749347,0.9078871181236361,0.016562185989782926
Gilbert,13,,0.1,6,0.1901995964105339,0.015839607078090994,0.9758928571428571,0.018606233652183782,0.9638304744657995,0.025787903518293742,0.9331660443865826,0.015346080985938195
Gilbert,13,,0.1,7,0.1901995964105339,0.015839607078090994,0.9758928571428571,0.018606233652183782,0.9657173024903327,0.02675429569175059,0.9458943385787812,0.013502763859590662
Gilbert,13,,0.1,8,0.1901995964105339,0.015839607078090994,0.9758928571428571,0.018606233652183782,0.9714346365989203,0.02379448529705203,0.9578477797650706,0.010196429130518858
Gilbert,13,,0.1,9,0.1901995964105339,0.015839607078090994,0.9758928571428571,0.018606233652183782,0.9678975321335745,0.026348851940478427,0.9647718141794434,0.010260317505718432
Gilbert,13,,0.1,10,0.1901995964105339,0.015839607078090994,0.9758928571428571,0.018606233652183782,0.9702950292057828,0.027020235427231788,0.9675107401039356,0.01193686139818617
Gilbert,13,,0.25,1,0.17971726190476187,0.017788470647197168,0.7321428571428571,0.07251420180996639,0.31695590912088595,0.028502022568925867,0.30937190276969934,0.02010506064133719
Gilbert,13,,0.25,2,0.17971726190476187,0.017788470647197168,0.7321428571428571,0.07251420180996639,0.5428404351443263,0.04361539032470721,0.44087369436601503,0.030407350563089235
Gilbert,13,,0.25,3,0.17971726190476187,0.017788470647197168,0.7321428571428571,0.07251420180996639,0.6968183434349785,0.040180896620913974,0.5564123296593791,0.024157343383314215
Gilbert,13,,0.25,4,0.17971726190476187,0.017788470647197168,0.7321428571428571,0.07251420180996639,0.7320340515657974,0.045742049517864515,0.6138361239444128,0.030478813411148407
Gilbert,13,,0.25,5,0.17971726190476187,0.017788470647197168,0.7321428571428571,0.07251420180996639,0.7994370910035901,0.03742854742213365,0.6921157182546784,0.023035865096254077
Gilbert,13,,0.25,6,0.17971726190476187,0.017788470647197168,0.7321428571428571,0.07251420180996639,0.8252841561457283,0.0323397279083469,0.7444191384205733,0.02001888050916236
Gilbert,13,,0.25,7,0.17971726190476187,0.017788470647197168,0.7321428571428571,0.07251420180996639,0.7927647449883212,0.041427634675062684,0.7664904054848625,0.01991547955734284
Gilbert,13,,0.25,8,0.17971726190476187,0.017788470647197168,0.7321428571428571,0.07251420180996639,0.8914036901315052,0.023617918732299018,0.802241182322935,0.02116590594586634
Gilbert,13,,0.25,9,0.17971726190476187,0.017788470647197168,0.7321428571428571,0.07251420180996639,0.8759277372426938,0.028534009670677922,0.8267484723518448,0.014657209011238535
Gilbert,13,,0.25,10,0.17971726190476187,0.017788470647197168,0.7321428571428571,0.07251420180996639,0.9261035873250243,0.016696152401127,0.8505956513197743,0.01462261479597091
Gilbert,14,,0.1,1,0.19368450126262624,0.012082148924371093,0.990625,0.006839020686280193,0.7861452374121647,0.03455330710519185,0.5705535642371566,0.028848726505476197
Gilbert,14,,0.1,2,0.19368450126262624,0.012082148924371093,0.990625,0.006839020686280193,0.8806599953631032,0.02512156588733871,0.7635764010296161,0.022159158171466378
Gilbert,14,,0.1,3,0.19368450126262624,0.012082148924371093,0.990625,0.006839020686280193,0.9273566604861886,0.02516648645843138,0.830024498996164,0.024804404093274862
Gilbert,14,,0.1,4,0.19368450126262624,0.012082148924371093,0.990625,0.006839020686280193,0.9570607550313879,0.02054998201663456,0.8945481345840568,0.017116656098630906
Gilbert,14,,0.1,5,0.19368450126262624,0.012082148924371093,0.990625,0.006839020686280193,0.9678996456919455,0.018955025569066468,0.9236038436702889,0.014824057554882602
Gilbert,14,,0.1,6,0.19368450126262624,0.012082148924371093,0.990625,0.006839020686280193,0.975210989959475,0.018620960680198712,0.936436230253433,0.014891404648351751
Gilbert,14,,0.1,7,0.19368450126262624,0.012082148924371093,0.990625,0.006839020686280193,0.9756709414725864,0.0213515659713807,0.9544172262450974,0.011406311957540525
Gilbert,14,,0.1,8,0.19368450126262624,0.012082148924371093,0.990625,0.006839020686280193,0.9783550569074455,0.020381593221450653,0.9698988670559243,0.007350397919035329
Gilbert,14,,0.1,9,0.19368450126262624,0.012082148924371093,0.990625,0.006839020686280193,0.9746904783715002,0.024348091265145932,0.97294413618334,0.007413103711436373
Gilbert,14,,0.1,10,0.19368450126262624,0.012082148924371093,0.990625,0.006839020686280193,0.9785578168601738,0.021211087330219255,0.9751143862789349,0.006841118559908549
Gilbert,14,,0.25,1,0.1364955357142857,0.017758745175504933,0.6876190476190477,0.08909890231156425,0.293600863732327,0.03484949466508815,0.2526769401165192,0.011320202968858575
Gilbert,14,,0.25,2,0.1364955357142857,0.017758745175504933,0.6876190476190477,0.08909890231156425,0.5527086135155754,0.07413710426597811,0.3889931101400429,0.049514476691566646
Gilbert,14,,0.25,3,0.1364955357142857,0.017758745175504933,0.6876190476190477,0.08909890231156425,0.6935254758411775,0.051513551952954435,0.5044700176281633,0.033526142750826764
Gilbert,14,,0.25,4,0.1364955357142857,0.017758745175504933,0.6876190476190477,0.08909890231156425,0.7865067628313638,0.041748090215685374,0.6427393408941494,0.025082838013040412
Gilbert,14,,0.25,5,0.1364955357142857,0.017758745175504933,0.6876190476190477,0.08909890231156425,0.8412872357652867,0.03677638272542613,0.668597386648327,0.030138343852167446
Gilbert,14,,0.25,6,0.1364955357142857,0.017758745175504933,0.6876190476190477,0.08909890231156425,0.8231724714018054,0.04215585340495564,0.6950351632614714,0.035121316119166836
Gilbert,14,,0.25,7,0.1364955357142857,0.017758745175504933,0.6876190476190477,0.08909890231156425,0.8552415624292993,0.03725695383955356,0.6942051289384096,0.04363307511982672
Gilbert,14,,0.25,8,0.1364955357142857,0.017758745175504933,0.6876190476190477,0.08909890231156425,0.8499930759756248,0.037423477060861465,0.7761861756040032,0.021316718546131177
Gilbert,14,,0.25,9,0.1364955357142857,0.017758745175504933,0.6876190476190477,0.08909890231156425,0.8660333924794943,0.033055899624507584,0.7971167691771106,0.024154554564520574
Gilbert,14,,0.25,10,0.1364955357142857,0.017758745175504933,0.6876190476190477,0.08909890231156425,0.8536491600687048,0.03744319230847963,0.8046651055011473,0.023521428394442215
Gilbert,15,,0.1,1,0.1939223059926185,0.015079327674866664,0.9944444444444445,0.005555555555555558,0.7789075182018373,0.035102452261277235,0.59878736889494,0.02584310646900889
Gilbert,15,,0.1,2,0.1939223059926185,0.015079327674866664,0.9944444444444445,0.005555555555555558,0.8867430822718786,0.01653667227249582,0.7619552897869601,0.019882198102838203
Gilbert,15,,0.1,3,0.1939223059926185,0.015079327674866664,0.9944444444444445,0.005555555555555558,0.9406255085493014,0.011306950382950055,0.8267793364943581,0.01762386579798111
Gilbert,15,,0.1,4,0.1939223059926185,0.015079327674866664,0.9944444444444445,0.005555555555555558,0.9710773984102417,0.009490443024827582,0.8720388405522055,0.013594970521974146
Gilbert,15,,0.1,5,0.1939223059926185,0.015079327674866664,0.9944444444444445,0.005555555555555558,0.993018818981021,0.003326518394525144,0.899662933491749,0.015183433603792526
Gilbert,15,,0.1,6,0.1939223059926185,0.015079327674866664,0.9944444444444445,0.005555555555555558,0.9961547591436408,0.002104000156198568,0.9296359839645513,0.011303066677140166
Gilbert,15,,0.1,7,0.1939223059926185,0.015079327674866664,0.9944444444444445,0.005555555555555558,0.9977534220454747,0.001195305982389487,0.9354464904673204,0.013346151676748146
Gilbert,15,,0.1,8,0.1939223059926185,0.015079327674866664,0.9944444444444445,0.005555555555555558,0.998753573912265,0.0006795253197350541,0.9552322455626558,0.007478407465435286
Gilbert,15,,0.1,9,0.1939223059926185,0.015079327674866664,0.9944444444444445,0.005555555555555558,0.9991678868199715,0.0005702608468733819,0.9600378338774345,0.008720669511422224
Gilbert,15,,0.1,10,0.1939223059926185,0.015079327674866664,0.9944444444444445,0.005555555555555558,0.9993752084673609,0.0004946371760563629,0.9695165467228046,0.005881868411551961
Gilbert,15,,0.25,1,0.1482700892857143,0.011551339285714283,0.334375,0.07304180064994167,0.2646175024380824,0.027399490119107896,0.25410643539260624,0.007435874404416927
Gilbert,15,,0.25,2,0.1482700892857143,0.011551339285714283,0.334375,0.07304180064994167,0.417814626826972,0.03344908862721113,0.3510856272964849,0.04014939885052525
Gilbert,15,,0.25,3,0.1482700892857143,0.011551339285714283,0.334375,0.07304180064994167,0.39388112400398667,0.04640859791279575,0.44012601393760153,0.029088414357343925
Gilbert,15,,0.25,4,0.1482700892857143,0.011551339285714283,0.334375,0.07304180064994167,0.5005011482750588,0.05055416285407046,0.4890420046495276,0.04678430679189521
Gilbert,15,,0.25,5,0.1482700892857143,0.011551339285714283,0.334375,0.07304180064994167,0.5635375963525567,0.05431369985640815,0.5951634763583966,0.037240479956441856
Gilbert,15,,0.25,6,0.1482700892857143,0.011551339285714283,0.334375,0.07304180064994167,0.6227617998697904,0.05571483328018642,0.6167956246150184,0.03829947280312014
Gilbert,15,,0.25,7,0.1482700892857143,0.011551339285714283,0.334375,0.07304180064994167,0.6888276388867377,0.04435225078161313,0.676140401479505,0.029329151384599177
Gilbert,15,,0.25,8,0.1482700892857143,0.011551339285714283,0.334375,0.07304180064994167,0.7420425369294616,0.02365049269972907,0.7218746590800654,0.023983992145138647
Gilbert,15,,0.25,9,0.1482700892857143,0.011551339285714283,0.334375,0.07304180064994167,0.7518908314598336,0.027399809501984406,0.7488994185129286,0.022258238651621128
Gilbert,15,,0.25,10,0.1482700892857143,0.011551339285714283,0.334375,0.07304180064994167,0.7702035288867708,0.028110573031041936,0.7711620268949413,0.01717258392656138
DRegular,5,2,,1,0.390625,0.0,0.2625,0.08206824823536231,0.7712509435331885,3.320915995620004e-17,0.7712509435331885,4.866086912763837e-17
DRegular,5,2,,2,0.390625,0.0,0.2625,0.08206824823536231,0.8105727957762865,8.618589038409839e-17,0.8105727957762869,7.181530241947872e-17
DRegular,5,2,,3,0.390625,0.0,0.2625,0.08206824823536231,0.9658732966804244,4.138000705700679e-15,0.9658732966804271,3.049153255949733e-15
DRegular,5,2,,4,0.390625,0.0,0.2625,0.08206824823536231,0.9907588999710637,1.3939705305256969e-15,0.9907588999710649,9.681380647343625e-16
DRegular,5,2,,5,0.390625,0.0,0.2625,0.08206824823536231,0.9977862409774524,8.4129110240879e-11,0.9977862407500524,1.2917225464247777e-10
DRegular,5,2,,6,0.390625,0.0,0.2625,0.08206824823536231,0.9995651583720472,3.961816407174343e-05,0.9995466911345167,3.4781142092329085e-05
DRegular,5,2,,7,0.390625,0.0,0.2625,0.08206824823536231,0.9998530716260191,3.09738029223167e-05,0.9999263876060274,2.4118888155958482e-05
DRegular,5,2,,8,0.390625,0.0,0.2625,0.08206824823536231,0.9999997109064618,1.279443479870857e-07,0.9999997057601225,7.112372727579046e-08
DRegular,5,2,,9,0.390625,0.0,0.2625,0.08206824823536231,0.999999928626036,3.492889495326709e-08,0.9999995807945254,1.4834515018226948e-07
DRegular,5,2,,10,0.390625,0.0,0.2625,0.08206824823536231,0.9999999305542531,3.2051051957365646e-08,0.9999998585548495,8.438518589172491e-08
DRegular,6,2,,1,0.490625,0.0032853592689865425,0.85,0.08773464777984027,0.6916118500621466,0.013367775537526777,0.6660861941201403,0.01720141898191688
DRegular,6,2,,2,0.490625,0.0032853592689865425,0.85,0.08773464777984027,0.8410412267762435,0.009206029095285872,0.7622259206357969,0.02104313065261289
DRegular,6,2,,3,0.490625,0.0032853592689865425,0.85,0.08773464777984027,0.9906712206363439,0.0014010693357422671,0.8672423963889285,0.019938579360947128
DRegular,6,2,,4,0.490625,0.0032853592689865425,0.85,0.08773464777984027,0.9812867344728508,0.0028105051354838386,0.9829064246542849,0.0025672473457484103
DRegular,6,2,,5,0.490625,0.0032853592689865425,0.85,0.08773464777984027,0.9999999908747077,1.71298500926162e-09,0.9964872990624141,0.0005275649989940664
DRegular,6,2,,6,0.490625,0.0032853592689865425,0.85,0.08773464777984027,0.9927138125611933,0.003164591657980131,0.999813562480208,2.8000649530235112e-05
DRegular,6,2,,7,0.490625,0.0032853592689865425,0.85,0.08773464777984027,0.9962563219783345,0.001622799339739695,0.9999840758329789,2.39162142227025e-06
DRegular,6,2,,8,0.490625,0.0032853592689865425,0.85,0.08773464777984027,0.9992617171816154,0.00024040029281308632,0.9999998008036822,9.105378605971782e-08
DRegular,6,2,,9,0.490625,0.0032853592689865425,0.85,0.08773464777984027,0.9994359300399477,0.00020504727391338417,0.999999076485584,3.714336864045092e-07
DRegular,6,2,,10,0.490625,0.0032853592689865425,0.85,0.08773464777984027,0.999741041280557,8.799101787917838e-05,0.9999994465047836,1.3619165852038023e-07
DRegular,6,3,,1,0.3453125,0.011829248777700842,0.325,0.13216317665355162,0.5964678744423156,0.005628191721780734,0.5723193258040272,0.010991979301504846
DRegular,6,3,,2,0.3453125,0.011829248777700842,0.325,0.13216317665355162,0.7339929081771623,0.005394568011946314,0.7189472054283589,0.004960594801199145
DRegular,6,3,,3,0.3453125,0.011829248777700842,0.325,0.13216317665355162,0.8104968616638709,0.019957200619221533,0.8184630255422215,0.014474510622366415
DRegular,6,3,,4,0.3453125,0.011829248777700842,0.325,0.13216317665355162,0.8513985761630835,0.011321960355111326,0.8227549045944074,0.00839196644591382
DRegular,6,3,,5,0.3453125,0.011829248777700842,0.325,0.13216317665355162,0.9216817742435911,0.007765884230107675,0.9283909099313415,0.0031483403677798304
DRegular,6,3,,6,0.3453125,0.011829248777700842,0.325,0.13216317665355162,0.8554697865038534,0.004541680949255554,0.8645839757671478,0.0017311344090256643
DRegular,6,3,,7,0.3453125,0.011829248777700842,0.325,0.13216317665355162,0.8665803958898032,0.0048631029018798705,0.8734278899083104,0.009575871495847587
DRegular,6,3,,8,0.3453125,0.011829248777700842,0.325,0.13216317665355162,0.9223244922213099,0.00539127295909781,0.9180824355521293,0.007190448060467425
DRegular,6,3,,9,0.3453125,0.011829248777700842,0.325,0.13216317665355162,0.9439735090856537,0.005956421951466327,0.9364339736998037,0.006310654823706967
DRegular,6,3,,10,0.3453125,0.011829248777700842,0.325,0.13216317665355162,0.9845148772049013,0.0028703599230105806,0.994340942237085,0.0009640116512394178
DRegular,7,2,,1,0.4395833333333333,0.01404878717372541,0.8,0.07414226880391382,0.6994522361328048,0.0038178942497918895,0.6832945111567585,0.006844513441792737
DRegular,7,2,,2,0.4395833333333333,0.01404878717372541,0.8,0.07414226880391382,0.6981439792337673,0.02267728262752648,0.7788684300421476,0.0075562075725557655
DRegular,7,2,,3,0.4395833333333333,0.01404878717372541,0.8,0.07414226880391382,0.8391246804498582,0.012147326077785976,0.9161137118308552,0.0022740408099860454
DRegular,7,2,,4,0.4395833333333333,0.01404878717372541,0.8,0.07414226880391382,0.9428712673887129,0.001248650463447903,0.9250074128397582,0.002097556078694159
DRegular,7,2,,5,0.4395833333333333,0.01404878717372541,0.8,0.07414226880391382,0.9730575480281878,0.0032591543131878756,0.9845922532647237,0.0010985060601245609
DRegular,7,2,,6,0.4395833333333333,0.01404878717372541,0.8,0.07414226880391382,0.9773906533188261,0.003817079571141449,0.9968536449124665,0.00017132721563139168
DRegular,7,2,,7,0.4395833333333333,0.01404878717372541,0.8,0.07414226880391382,0.996479773453007,0.0006194467115324441,0.9995931950792614,4.0194809412269483e-05
DRegular,7,2,,8,0.4395833333333333,0.01404878717372541,0.8,0.07414226880391382,0.9966577321191357,0.00035048181101003217,0.9923717377292733,0.0034455948144927885
DRegular,7,2,,9,0.4395833333333333,0.01404878717372541,0.8,0.07414226880391382,0.9995840705732977,4.9593409192938726e-05,0.9999369681549626,1.782083898854076e-05
DRegular,7,2,,10,0.4395833333333333,0.01404878717372541,0.8,0.07414226880391382,0.9999647730362794,7.4053123619011045e-06,0.9999873125901365,7.764330219125631e-06
DRegular,8,2,,1,0.4708333333333334,0.009118694248373591,0.875,0.04966996338993914,0.6908320773494218,0.011682172760965491,0.6671296825461298,0.015672355367096952
DRegular,8,2,,2,0.4708333333333334,0.009118694248373591,0.875,0.04966996338993914,0.8180870505039396,0.0011794477469690221,0.7654418843458439,0.016839974342618264
DRegular,8,2,,3,0.4708333333333334,0.009118694248373591,0.875,0.04966996338993914,0.9390098583906592,0.012142737060931382,0.8355956144305573,0.014968897764301546
DRegular,8,2,,4,0.4708333333333334,0.009118694248373591,0.875,0.04966996338993914,0.9632404171771825,0.0065574946507744244,0.9113322560736472,0.014026631677782815
DRegular,8,2,,5,0.4708333333333334,0.009118694248373591,0.875,0.04966996338993914,0.9847762774073029,0.008508371883872807,0.9368408399297673,0.0119059922614166
DRegular,8,2,,6,0.4708333333333334,0.009118694248373591,0.875,0.04966996338993914,0.9960718602268971,0.0016109343369856573,0.9785338788687892,0.004192400306039411
DRegular,8,2,,7,0.4708333333333334,0.009118694248373591,0.875,0.04966996338993914,0.996568580350697,0.0031257894974863966,0.9984005806273901,0.00022237618234302584
DRegular,8,2,,8,0.4708333333333334,0.009118694248373591,0.875,0.04966996338993914,0.9998585032236835,6.26708271617253e-05,0.9897755838153628,0.0021094783047951
DRegular,8,2,,9,0.4708333333333334,0.009118694248373591,0.875,0.04966996338993914,0.9999376421492674,4.282632349347794e-05,0.999990117754396,5.015705621691399e-06
DRegular,8,2,,10,0.4708333333333334,0.009118694248373591,0.875,0.04966996338993914,0.9999939929237673,1.9339851534143315e-06,0.9999414380023112,5.5395422986828615e-05
DRegular,8,3,,1,0.2989583333333334,0.007291666666666667,0.2875,0.07538279504949179,0.5401859967442655,0.00901271913433054,0.5401859967442653,0.00901271913433052
DRegular,8,3,,2,0.2989583333333334,0.007291666666666667,0.2875,0.07538279504949179,0.6588011357090787,0.013456243208723654,0.6588011357090783,0.013456243208723732
DRegular,8,3,,3,0.2989583333333334,0.007291666666666667,0.2875,0.07538279504949179,0.7317662807212969,0.006772859853417155,0.7317662807212978,0.006772859853417237
DRegular,8,3,,4,0.2989583333333334,0.007291666666666667,0.2875,0.07538279504949179,0.6750425892623781,0.024012628790356608,0.6750425892623784,0.024012628790356736
DRegular,8,3,,5,0.2989583333333334,0.007291666666666667,0.2875,0.07538279504949179,0.7868255919828533,0.01432634008996466,0.7868255919810428,0.014326340090205938
DRegular,8,3,,6,0.2989583333333334,0.007291666666666667,0.2875,0.07538279504949179,0.7403610961678444,0.04999739876242638,0.7403610961719255,0.04999739876431912
DRegular,8,3,,7,0.2989583333333334,0.007291666666666667,0.2875,0.07538279504949179,0.904574713876572,0.009894059485390364,0.9042698908080944,0.00989654212272615
DRegular,8,3,,8,0.2989583333333334,0.007291666666666667,0.2875,0.07538279504949179,0.8563442786684531,0.023119787042078524,0.8688020228708606,0.020775583310649878
DRegular,8,3,,9,0.2989583333333334,0.007291666666666667,0.2875,0.07538279504949179,0.8904640187565682,0.03073477797793706,0.9184887063508343,0.019914665333034293
DRegular,8,3,,10,0.2989583333333334,0.007291666666666667,0.2875,0.07538279504949179,0.9062934432081496,0.027661188661203515,0.9233477432916709,0.018491075777078154
DRegular,9,2,,1,0.4171875,0.015359587910796097,0.7125,0.06090058767325131,0.6857239579593151,0.0019842137426908006,0.6750164931099603,0.005369265529061911
DRegular,9,2,,2,0.4171875,0.015359587910796097,0.7125,0.06090058767325131,0.7476700592857453,0.010517799930262042,0.7608991596537206,0.010174182645533755
DRegular,9,2,,3,0.4171875,0.015359587910796097,0.7125,0.06090058767325131,0.8369854503794503,0.010029852201833757,0.8555258645982565,0.007738622286114939
DRegular,9,2,,4,0.4171875,0.015359587910796097,0.7125,0.06090058767325131,0.8740963626848197,0.013009741382333613,0.8973119172066696,0.0028490526546168507
DRegular,9,2,,5,0.4171875,0.015359587910796097,0.7125,0.06090058767325131,0.930863114442859,0.013078925936059242,0.9546890641176973,0.000424482152492911
DRegular,9,2,,6,0.4171875,0.015359587910796097,0.7125,0.06090058767325131,0.9544470681851278,0.012408656901035337,0.972060742334009,0.0035208498998012426
DRegular,9,2,,7,0.4171875,0.015359587910796097,0.7125,0.06090058767325131,0.971724161320018,0.00573681760797753,0.9956079086939124,0.0004604232016460705
DRegular,9,2,,8,0.4171875,0.015359587910796097,0.7125,0.06090058767325131,0.993902759367252,0.0026475909789647452,0.9959700270223679,0.0003592185235293951
DRegular,9,2,,9,0.4171875,0.015359587910796097,0.7125,0.06090058767325131,0.9949600075077554,0.002036954176593108,0.9992804995907354,0.00014538837879628146
DRegular,9,2,,10,0.4171875,0.015359587910796097,0.7125,0.06090058767325131,0.9881764220798329,0.002742757243914579,0.999710289919412,3.889058324240645e-05
DRegular,10,2,,1,0.465625,0.011312872558564238,0.78125,0.07360266281653273,0.679662894775322,0.007420356855413989,0.6556658144213601,0.011098508392186937
DRegular,10,2,,2,0.465625,0.011312872558564238,0.78125,0.07360266281653273,0.7899700883051105,0.012510676740685194,0.7270404545943914,0.01167076220460264
DRegular,10,2,,3,0.465625,0.011312872558564238,0.78125,0.07360266281653273,0.9360574245650319,0.015830194747195322,0.8407839065994109,0.012609412492109721
DRegular,10,2,,4,0.465625,0.011312872558564238,0.78125,0.07360266281653273,0.9610951578857382,0.0036086867137250524,0.8833108732504498,0.01631423906557818
DRegular,10,2,,5,0.465625,0.011312872558564238,0.78125,0.07360266281653273,0.9814076821273208,0.007532676893015841,0.9264297609105583,0.012301877219596247
DRegular,10,2,,6,0.465625,0.011312872558564238,0.78125,0.07360266281653273,0.992477800346577,0.0032905882421450585,0.9731619133937214,0.004905014282668904
DRegular,10,2,,7,0.465625,0.011312872558564238,0.78125,0.07360266281653273,0.9949767006747245,0.0015498333084677752,0.9846039530365276,0.002075192078234716
DRegular,10,2,,8,0.465625,0.011312872558564238,0.78125,0.07360266281653273,0.9969417288797009,0.001252574702122662,0.9953235443177582,0.000474176953906158
DRegular,10,2,,9,0.465625,0.011312872558564238,0.78125,0.07360266281653273,0.9954933353986626,0.003758324963893666,0.9945334291932278,0.003706288028691244
DRegular,10,2,,10,0.465625,0.011312872558564238,0.78125,0.07360266281653273,0.9974016095759548,0.0019381548967174302,0.9971284846647176,0.0019198174814188263
DRegular,10,3,,1,0.2734375,0.0,0.24375,0.0492334329602622,0.5117880798311425,0.004133287761652187,0.5117880798311419,0.004133287761652136
DRegular,10,3,,2,0.2734375,0.0,0.24375,0.0492334329602622,0.6288391225405545,0.008936621368073697,0.628839122540555,0.008936621368073753
DRegular,10,3,,3,0.2734375,0.0,0.24375,0.0492334329602622,0.689278363513927,0.005585918209384994,0.6890990437930984,0.005634316618503514
DRegular,10,3,,4,0.2734375,0.0,0.24375,0.0492334329602622,0.7129047315316097,0.01916278918848159,0.7086646690944882,0.01940244544540186
DRegular,10,3,,5,0.2734375,0.0,0.24375,0.0492334329602622,0.7878005706098097,0.01577796154731713,0.7884177462524417,0.01569225482665586
DRegular,10,3,,6,0.2734375,0.0,0.24375,0.0492334329602622,0.8185003254914809,0.00980259687190314,0.8146444959720727,0.011650080094827781
DRegular,10,3,,7,0.2734375,0.0,0.24375,0.0492334329602622,0.850012928267614,0.013636396528196107,0.8344774496075911,0.022270785309237706
DRegular,10,3,,8,0.2734375,0.0,0.24375,0.0492334329602622,0.8434069405704425,0.014158136017395915,0.8498465341898429,0.01161487117152786
DRegular,10,3,,9,0.2734375,0.0,0.24375,0.0492334329602622,0.8882602024530163,0.013254197487144204,0.888752118082334,0.012552628384462718
DRegular,10,3,,10,0.2734375,0.0,0.24375,0.0492334329602622,0.890221369783281,0.012455469330919506,0.8997160720446485,0.012481946786646717
DRegular,11,2,,1,0.42921875,0.015342889085076958,0.755,0.05535768857358954,0.6822541161308414,0.006144030085421197,0.6692812332723677,0.008263787493481374
DRegular,11,2,,2,0.42921875,0.015342889085076958,0.755,0.05535768857358954,0.7433438679931094,0.010339472453527891,0.7497793249158493,0.008617800847380307
DRegular,11,2,,3,0.42921875,0.015342889085076958,0.755,0.05535768857358954,0.8512165759334371,0.012397705373199602,0.854744521871495,0.013595078780610401
DRegular,11,2,,4,0.42921875,0.015342889085076958,0.755,0.05535768857358954,0.8755132026000254,0.00965224452411719,0.8892428060437018,0.009432143572214675
DRegular,11,2,,5,0.42921875,0.015342889085076958,0.755,0.05535768857358954,0.9149839803700827,0.007283352023182276,0.9228636339393912,0.010913027745504515
DRegular,11,2,,6,0.42921875,0.015342889085076958,0.755,0.05535768857358954,0.9424278474160437,0.008902725898005252,0.9630182269110026,0.004649280958308737
DRegular,11,2,,7,0.42921875,0.015342889085076958,0.755,0.05535768857358954,0.9660820281304824,0.007240521806903918,0.9771922126054013,0.005072317145975729
DRegular,11,2,,8,0.42921875,0.015342889085076958,0.755,0.05535768857358954,0.9817246067088453,0.0069304294147242524,0.9901348208015959,0.0013212207073363966
DRegular,11,2,,9,0.42921875,0.015342889085076958,0.755,0.05535768857358954,0.9934188777613169,0.0036141069325208684,0.9955633730217661,0.0006080896870623526
DRegular,11,2,,10,0.42921875,0.015342889085076958,0.755,0.05535768857358954,0.9958581318702706,0.002264549473765882,0.9986577731453139,0.00019786034730745865
DRegular,12,2,,1,0.464375,0.012108167915219785,0.8400000000000001,0.053508484324795096,0.679734288439643,0.0073626422004392095,0.6559438614321748,0.010836159630829798
DRegular,12,2,,2,0.464375,0.012108167915219785,0.8400000000000001,0.053508484324795096,0.7770338967282542,0.01725710010260592,0.7291514235400167,0.013321016859700361
DRegular,12,2,,3,0.464375,0.012108167915219785,0.8400000000000001,0.053508484324795096,0.9184662052571431,0.01964527438951977,0.826556460734238,0.010167391128678767
DRegular,12,2,,4,0.464375,0.012108167915219785,0.8400000000000001,0.053508484324795096,0.9543823712914481,0.006703144121297181,0.8790031426391314,0.013688851239345936
DRegular,12,2,,5,0.464375,0.012108167915219785,0.8400000000000001,0.053508484324795096,0.9794846185161777,0.008546972983061599,0.9158949201762487,0.01117086766844814
DRegular,12,2,,6,0.464375,0.012108167915219785,0.8400000000000001,0.053508484324795096,0.9668534239377946,0.007598391689660675,0.931991986205311,0.009527961069881073
DRegular,12,2,,7,0.464375,0.012108167915219785,0.8400000000000001,0.053508484324795096,0.9879936945584573,0.005637677201919874,0.9641361993454229,0.006320302189589235
DRegular,12,2,,8,0.464375,0.012108167915219785,0.8400000000000001,0.053508484324795096,0.9958661791211967,0.0027456835370617033,0.976831566571733,0.005197202972633922
DRegular,12,2,,9,0.464375,0.012108167915219785,0.8400000000000001,0.053508484324795096,0.9972495400077801,0.0013139882220917821,0.989952663285637,0.002194786733773172
DRegular,12,2,,10,0.464375,0.012108167915219785,0.8400000000000001,0.053508484324795096,0.990829668309452,0.0050308587539179455,0.9944722623585701,0.0011053782003012623
DRegular,12,3,,1,0.26250000000000007,1.273513149771875e-17,0.185,0.06699371533761089,0.49495522313262974,0.002718526905705444,0.49495522313262946,0.0027185269057054535
DRegular,12,3,,2,0.26250000000000007,1.273513149771875e-17,0.185,0.06699371533761089,0.6104646222419089,0.005882228871983141,0.610464622241909,0.005882228871983093
DRegular,12,3,,3,0.26250000000000007,1.273513149771875e-17,0.185,0.06699371533761089,0.6649827899063379,0.004114697175535412,0.6649827899063385,0.004114697175535331
DRegular,12,3,,4,0.26250000000000007,1.273513149771875e-17,0.185,0.06699371533761089,0.6688617790082649,0.01811942587437715,0.6688617790015119,0.01811942587303254
DRegular,12,3,,5,0.26250000000000007,1.273513149771875e-17,0.185,0.06699371533761089,0.7608347826274275,0.010543121477919297,0.7608347823783921,0.01054312142122873
DRegular,12,3,,6,0.26250000000000007,1.273513149771875e-17,0.185,0.06699371533761089,0.7964069908485459,0.00909609185617033,0.7947260527149712,0.009741252306383837
DRegular,12,3,,7,0.26250000000000007,1.273513149771875e-17,0.185,0.06699371533761089,0.8210418717222907,0.00758353115430217,0.8220896047702044,0.0070532474385741825
DRegular,12,3,,8,0.26250000000000007,1.273513149771875e-17,0.185,0.06699371533761089,0.8385733007120727,0.00943802283876864,0.8362936123703767,0.008991285399192897
DRegular,12,3,,9,0.26250000000000007,1.273513149771875e-17,0.185,0.06699371533761089,0.8547084514227683,0.00862160287344698,0.8554888966984422,0.00922086007873462
DRegular,12,3,,10,0.26250000000000007,1.273513149771875e-17,0.185,0.06699371533761089,0.8696038035365679,0.009022912633867017,0.8750073007919863,0.00879125363107064
DRegular,13,2,,1,0.425625,0.01444906074316421,0.6558333333333334,0.06539661945588096,0.6727310645134563,0.00553691105063287,0.6665072119355536,0.006400503191074701
DRegular,13,2,,2,0.425625,0.01444906074316421,0.6558333333333334,0.06539661945588096,0.7016329266779577,0.01654594653401189,0.7436588860390548,0.0077080960653571114
DRegular,13,2,,3,0.425625,0.01444906074316421,0.6558333333333334,0.06539661945588096,0.8200914224456548,0.012921244574694292,0.8357035335377099,0.007817004567337766
DRegular,13,2,,4,0.425625,0.01444906074316421,0.6558333333333334,0.06539661945588096,0.8895898118226657,0.006628771487814498,0.8784455590655387,0.0089050356861082
DRegular,13,2,,5,0.425625,0.01444906074316421,0.6558333333333334,0.06539661945588096,0.9337808338970458,0.00886331138339619,0.9120439243579874,0.010138153629620832
DRegular,13,2,,6,0.425625,0.01444906074316421,0.6558333333333334,0.06539661945588096,0.9502381866210958,0.006299634469412325,0.9376397108757919,0.009719686928650542
DRegular,13,2,,7,0.425625,0.01444906074316421,0.6558333333333334,0.06539661945588096,0.9541887326515509,0.00983304841940411,0.9592541293574725,0.009682390276256532
DRegular,13,2,,8,0.425625,0.01444906074316421,0.6558333333333334,0.06539661945588096,0.9728564424066282,0.008177369737731787,0.9678425329856987,0.0067197774361172705
DRegular,13,2,,9,0.425625,0.01444906074316421,0.6558333333333334,0.06539661945588096,0.9678182896756212,0.008566296074915514,0.9871791052133112,0.003860318143444766
DRegular,13,2,,10,0.425625,0.01444906074316421,0.6558333333333334,0.06539661945588096,0.9904305836800505,0.002196835848330328,0.9880486351046522,0.0030523823618014106
DRegular,14,2,,1,0.46875,0.012138410471389152,0.825,0.06279899243055097,0.6732639214784235,0.005581436103841659,0.6477161292913961,0.008799094398793846
DRegular,14,2,,2,0.46875,0.012138410471389152,0.825,0.06279899243055097,0.7643699834656623,0.018771857272218313,0.720218067712057,0.011972388584770812
DRegular,14,2,,3,0.46875,0.012138410471389152,0.825,0.06279899243055097,0.910062002150928,0.021425626356721652,0.8202034534348769,0.009099977721233062
DRegular,14,2,,4,0.46875,0.012138410471389152,0.825,0.06279899243055097,0.950874571746134,0.008355501706164257,0.8698081469899053,0.010311036844459873
DRegular,14,2,,5,0.46875,0.012138410471389152,0.825,0.06279899243055097,0.9804253451445627,0.007440739516016277,0.9020588310614878,0.009989306163372881
DRegular,14,2,,6,0.46875,0.012138410471389152,0.825,0.06279899243055097,0.9778117362435944,0.005792795036770746,0.92831978267299,0.008799024372740098
DRegular,14,2,,7,0.46875,0.012138410471389152,0.825,0.06279899243055097,0.9856162739901315,0.004468087586776286,0.9447561595001421,0.007528642012209439
DRegular,14,2,,8,0.46875,0.012138410471389152,0.825,0.06279899243055097,0.9966242647712704,0.0009187824090019968,0.961572158812175,0.008180538494451712
DRegular,14,2,,9,0.46875,0.012138410471389152,0.825,0.06279899243055097,0.9981658927381082,0.0008088056401289906,0.9881049420797547,0.0020526806469423372
DRegular,14,2,,10,0.46875,0.012138410471389152,0.825,0.06279899243055097,0.9986897206077195,0.0006744839376421925,0.9813477810575246,0.0064534905466768775
DRegular,14,3,,1,0.2603125,0.0035129284248929795,0.21000000000000002,0.05700107724436042,0.4893992186428548,0.005625897594963145,0.48939921864285435,0.0056258975949631095
DRegular,14,3,,2,0.2603125,0.0035129284248929795,0.21000000000000002,0.05700107724436042,0.6005063099128611,0.0072076687179847216,0.6005063099128616,0.007207668717984812
DRegular,14,3,,3,0.2603125,0.0035129284248929795,0.21000000000000002,0.05700107724436042,0.657444162974609,0.008131404763541007,0.6584641148364254,0.00781947038139524
DRegular,14,3,,4,0.2603125,0.0035129284248929795,0.21000000000000002,0.05700107724436042,0.6589015765748546,0.02001944341239227,0.6565924775447969,0.020007323700766855
DRegular,14,3,,5,0.2603125,0.0035129284248929795,0.21000000000000002,0.05700107724436042,0.7442518676124079,0.012599243884004348,0.737670828625673,0.015007226920559164
DRegular,14,3,,6,0.2603125,0.0035129284248929795,0.21000000000000002,0.05700107724436042,0.7875790756066791,0.01011370131921653,0.7886789257179346,0.009917905941329077
DRegular,14,3,,7,0.2603125,0.0035129284248929795,0.21000000000000002,0.05700107724436042,0.8001274913462122,0.013886268583134746,0.7970983802868659,0.015259732849231149
DRegular,14,3,,8,0.2603125,0.0035129284248929795,0.21000000000000002,0.05700107724436042,0.8157239971479193,0.010337893609348255,0.8131165053230258,0.0100215196072105
DRegular,14,3,,9,0.2603125,0.0035129284248929795,0.21000000000000002,0.05700107724436042,0.8302024197992841,0.008883917732147237,0.8266669136344259,0.010642995323923226
DRegular,14,3,,10,0.2603125,0.0035129284248929795,0.21000000000000002,0.05700107724436042,0.8446062508162532,0.011995212988767778,0.8485113738917367,0.009958896915525794
DRegular,15,2,,1,0.41272321428571435,0.015995621259258935,0.6958333333333333,0.059514253618916234,0.6686550795391376,0.005280938740912055,0.6613891556278432,0.0064580148174076995
DRegular,15,2,,2,0.41272321428571435,0.015995621259258935,0.6958333333333333,0.059514253618916234,0.7196713198817821,0.01626803777240636,0.748419793925835,0.006375897056755466
DRegular,15,2,,3,0.41272321428571435,0.015995621259258935,0.6958333333333333,0.059514253618916234,0.8192006290286893,0.01056973056284729,0.8311549750688085,0.00574614192045713
DRegular,15,2,,4,0.41272321428571435,0.015995621259258935,0.6958333333333333,0.059514253618916234,0.8978593601680324,0.012123706766021702,0.8644606827261155,0.00678154345399957
DRegular,15,2,,5,0.41272321428571435,0.015995621259258935,0.6958333333333333,0.059514253618916234,0.9371432485494969,0.007045650436686868,0.9101210156541211,0.008706621174709802
DRegular,15,2,,6,0.41272321428571435,0.015995621259258935,0.6958333333333333,0.059514253618916234,0.9531176779811028,0.00477916875313208,0.9235423455803474,0.0073504462301845095
DRegular,15,2,,7,0.41272321428571435,0.015995621259258935,0.6958333333333333,0.059514253618916234,0.9714309178146772,0.002866964136460816,0.9522180485405418,0.00631442578093828
DRegular,15,2,,8,0.41272321428571435,0.015995621259258935,0.6958333333333333,0.059514253618916234,0.9744711417250983,0.003560844423840714,0.9569839386839206,0.004750272241967355
DRegular,15,2,,9,0.41272321428571435,0.015995621259258935,0.6958333333333333,0.059514253618916234,0.981670033105347,0.0032457320461407677,0.972072793841563,0.003996766463755002
DRegular,15,2,,10,0.41272321428571435,0.015995621259258935,0.6958333333333333,0.059514253618916234,0.9882829585310281,0.002027540519351264,0.9815916444392148,0.00296036754037061
DRegular,16,3,,1,0.26250000000000007,0.004380479025315392,0.15535714285714286,0.07320511587541526,0.4968714474831832,0.006229879131913854,0.4968714474831831,0.00622987913191378
DRegular,16,3,,2,0.26250000000000007,0.004380479025315392,0.15535714285714286,0.07320511587541526,0.6128474682694109,0.006583663398282158,0.6128474682694108,0.006583663398282127
DRegular,16,3,,3,0.26250000000000007,0.004380479025315392,0.15535714285714286,0.07320511587541526,0.6620128904203112,0.008539408474557532,0.6620128904203114,0.008539408474557381
DRegular,16,3,,4,0.26250000000000007,0.004380479025315392,0.15535714285714286,0.07320511587541526,0.6534039510816285,0.020362489761031017,0.6534039510825049,0.020362489761342768
DRegular,16,3,,5,0.26250000000000007,0.004380479025315392,0.15535714285714286,0.07320511587541526,0.7434249080396594,0.011926851403892184,0.7434249080600902,0.01192685140658219
DRegular,16,3,,6,0.26250000000000007,0.004380479025315392,0.15535714285714286,0.07320511587541526,0.8026245124258677,0.010411200511774972,0.8018119416701628,0.01046597945517215
DRegular,16,3,,7,0.26250000000000007,0.004380479025315392,0.15535714285714286,0.07320511587541526,0.8129143899773595,0.009995042291797087,0.8133347764591697,0.009891937184753917
DRegular,16,3,,8,0.26250000000000007,0.004380479025315392,0.15535714285714286,0.07320511587541526,0.8372558545629871,0.009202612928927037,0.838525135708266,0.00819191327984241
DRegular,16,3,,9,0.26250000000000007,0.004380479025315392,0.15535714285714286,0.07320511587541526,0.8567922139771266,0.01004694255992237,0.8543582568034868,0.009241734659022827
DRegular,16,3,,10,0.26250000000000007,0.004380479025315392,0.15535714285714286,0.07320511587541526,0.8690512869663672,0.008958202500270842,0.8696480985167415,0.009742231390837543
DRegular,18,3,,1,0.2619140625,0.0040124842923481285,0.3415178571428571,0.03962851866787203,0.5011706158158644,0.006670095737967086,0.5011706158158628,0.006670095737967173
DRegular,18,3,,2,0.2619140625,0.0040124842923481285,0.3415178571428571,0.03962851866787203,0.6176312725802974,0.007201784539032004,0.6176312725802973,0.007201784539031863
DRegular,18,3,,3,0.2619140625,0.0040124842923481285,0.3415178571428571,0.03962851866787203,0.671250694397095,0.008693970055500329,0.671250694397093,0.008693970055500256
DRegular,18,3,,4,0.2619140625,0.0040124842923481285,0.3415178571428571,0.03962851866787203,0.6232871660777964,0.013434417096584649,0.6232871660566213,0.013434417092107728
DRegular,18,3,,5,0.2619140625,0.0040124842923481285,0.3415178571428571,0.03962851866787203,0.7416048826284888,0.010207473899902697,0.7416048825567462,0.010207473882004244
DRegular,18,3,,6,0.2619140625,0.0040124842923481285,0.3415178571428571,0.03962851866787203,0.802118368283538,0.011576094683463578,0.8039465972561232,0.011342494928789084
DRegular,18,3,,7,0.2619140625,0.0040124842923481285,0.3415178571428571,0.03962851866787203,0.816691543717269,0.010009612934760471,0.816427733653809,0.01076598166658325
DRegular,18,3,,8,0.2619140625,0.0040124842923481285,0.3415178571428571,0.03962851866787203,0.8414582243506992,0.010445147664371103,0.8386074982014584,0.010642336240612513
DRegular,18,3,,9,0.2619140625,0.0040124842923481285,0.3415178571428571,0.03962851866787203,0.8504137931309108,0.011254208658994673,0.8486333725072448,0.01125495088616575
DRegular,18,3,,10,0.2619140625,0.0040124842923481285,0.3415178571428571,0.03962851866787203,0.8689331992262941,0.01051406388336527,0.8629277212420081,0.01015666766914704
DRegular,20,3,,1,0.2612847222222222,0.0034146357713915926,0.19305555555555556,0.052336373621971896,0.5001365996985768,0.006059461288733813,0.5001365996985764,0.006059461288733859
DRegular,20,3,,2,0.2612847222222222,0.0034146357713915926,0.19305555555555556,0.052336373621971896,0.6188189208818288,0.006915604374723673,0.6188189208818289,0.00691560437472358
DRegular,20,3,,3,0.2612847222222222,0.0034146357713915926,0.19305555555555556,0.052336373621971896,0.6701865421766876,0.007867870383890092,0.67018654217669,0.00786787038389029
DRegular,20,3,,4,0.2612847222222222,0.0034146357713915926,0.19305555555555556,0.052336373621971896,0.6227156378910856,0.014201717977289679,0.622715637907594,0.014201717985476961
DRegular,20,3,,5,0.2612847222222222,0.0034146357713915926,0.19305555555555556,0.052336373621971896,0.7317713861773892,0.011466246173100117,0.731771386174558,0.011466246175446592
DRegular,20,3,,6,0.2612847222222222,0.0034146357713915926,0.19305555555555556,0.052336373621971896,0.7988068939564441,0.010031766702062878,0.798428103299871,0.010067482366301936
DRegular,20,3,,7,0.2612847222222222,0.0034146357713915926,0.19305555555555556,0.052336373621971896,0.8281152545831028,0.007741289439384328,0.8272682936472273,0.00773462807144549
DRegular,20,3,,8,0.2612847222222222,0.0034146357713915926,0.19305555555555556,0.052336373621971896,0.8419364956717542,0.009307335879460664,0.8372425635478257,0.009939757602638115
DRegular,20,3,,9,0.2612847222222222,0.0034146357713915926,0.19305555555555556,0.052336373621971896,0.8542102810243957,0.00927742054233403,0.8569489992908694,0.007326007307585594
DRegular,20,3,,10,0.2612847222222222,0.0034146357713915926,0.19305555555555556,0.052336373621971896,0.8731070068594364,0.009799047302531857,0.871936161470288,0.010048051820346317
complete,5,,,1,0.3125,nan,-1.5,nan,0.5801787318458183,nan,0.5801787318458196,nan
complete,5,,,2,0.3125,nan,-1.5,nan,0.6815264293803784,nan,0.6815264293803782,nan
complete,5,,,3,0.3125,nan,-1.5,nan,0.8403663603109415,nan,0.840366360310945,nan
complete,5,,,4,0.3125,nan,-1.5,nan,0.8873028174504687,nan,0.8873028174504931,nan
complete,5,,,5,0.3125,nan,-1.5,nan,0.9999999973884819,nan,0.999999986860161,nan
complete,5,,,6,0.3125,nan,-1.5,nan,0.9999999968164661,nan,0.9999999981510652,nan
complete,5,,,7,0.3125,nan,-1.5,nan,0.9999999973792462,nan,0.9999999985559294,nan
complete,5,,,8,0.3125,nan,-1.5,nan,0.9999999826863673,nan,0.999999996503854,nan
complete,5,,,9,0.3125,nan,-1.5,nan,0.9999999931830064,nan,0.9999999903867405,nan
complete,5,,,10,0.3125,nan,-1.5,nan,0.9999999993305555,nan,0.9999999972936262,nan
complete,6,,,1,0.09375,nan,-1.5,nan,0.5064361795699952,nan,0.5064361795699917,nan
complete,6,,,2,0.09375,nan,-1.5,nan,0.07172309422880119,nan,0.07172309422880296,nan
complete,6,,,3,0.09375,nan,-1.5,nan,0.8423136010058858,nan,0.8423136010058734,nan
complete,6,,,4,0.09375,nan,-1.5,nan,0.7483526729225582,nan,0.7483526729225507,nan
complete,6,,,5,0.09375,nan,-1.5,nan,0.933725979315577,nan,0.9337259785363203,nan
complete,6,,,6,0.09375,nan,-1.5,nan,0.9681318738859077,nan,0.9999628948999755,nan
complete,6,,,7,0.09375,nan,-1.5,nan,0.9999999951515908,nan,0.999999989329905,nan
complete,6,,,8,0.09375,nan,-1.5,nan,0.9999999875616972,nan,0.9999999803548416,nan
complete,6,,,9,0.09375,nan,-1.5,nan,0.999999981310614,nan,0.999999987019919,nan
complete,6,,,10,0.09375,nan,-1.5,nan,0.9999999187593276,nan,0.9999999874090846,nan
complete,7,,,1,-0.21875,nan,-1.5,nan,0.4567043183174029,nan,0.45670431831739844,nan
complete,7,,,2,-0.21875,nan,-1.5,nan,-1.658340025571973,nan,-1.6583400255719671,nan
complete,7,,,3,-0.21875,nan,-1.5,nan,-0.4754518553541578,nan,-0.4754518553541649,nan
complete,7,,,4,-0.21875,nan,-1.5,nan,0.6586260653282503,nan,0.6586260653313518,nan
complete,7,,,5,-0.21875,nan,-1.5,nan,0.6366762585283414,nan,0.6366762526794449,nan
complete,7,,,6,-0.21875,nan,-1.5,nan,0.9337059124167091,nan,0.9337059010620834,nan
complete,7,,,7,-0.21875,nan,-1.5,nan,0.9379301600456991,nan,0.9999998015092215,nan
complete,7,,,8,-0.21875,nan,-1.5,nan,0.9999998242368946,nan,0.9999999952087917,nan
complete,7,,,9,-0.21875,nan,-1.5,nan,0.9999999578291412,nan,0.9999999252685701,nan
complete,7,,,10,-0.21875,nan,-1.5,nan,0.999999931934501,nan,0.9999999945533453,nan
complete,8,,,1,-0.625,nan,-1.5,nan,0.4217547252063838,nan,0.42175472520638735,nan
complete,8,,,2,-0.625,nan,-1.5,nan,-0.6980026252486908,nan,-0.6980026252486837,nan
complete,8,,,3,-0.625,nan,-1.5,nan,0.3367661732176188,nan,0.33676617409938103,nan
complete,8,,,4,-0.625,nan,-1.5,nan,-0.25056793728516524,nan,-0.25056793845613257,nan
complete,8,,,5,-0.625,nan,-1.5,nan,0.8610371080897554,nan,0.835751916778591,nan
complete,8,,,6,-0.625,nan,-1.5,nan,0.44521547069193,nan,0.6329638859608488,nan
complete,8,,,7,-0.625,nan,-1.5,nan,0.9704383174380933,nan,0.8774706570136157,nan
complete,8,,,8,-0.625,nan,-1.5,nan,0.9999996953305912,nan,0.9909787432500172,nan
complete,8,,,9,-0.625,nan,-1.5,nan,0.9999998292225358,nan,0.9999997090401536,nan
complete,8,,,10,-0.625,nan,-1.5,nan,0.9999989819240058,nan,0.9999998118718993,nan
complete,9,,,1,-1.125,nan,-1.5,nan,0.39665346912559585,nan,0.3966534691255994,nan
complete,9,,,2,-1.125,nan,-1.5,nan,-1.8530530900667053,nan,-1.853053090066715,nan
complete,9,,,3,-1.125,nan,-1.5,nan,-5.020313698083408,nan,-5.020313697219965,nan
complete,9,,,4,-1.125,nan,-1.5,nan,-1.1319842605326542,nan,-1.1319842400244449,nan
complete,9,,,5,-1.125,nan,-1.5,nan,0.44151002331706835,nan,0.4415100476827245,nan
complete,9,,,6,-1.125,nan,-1.5,nan,0.7402862660957545,nan,0.7384149316895545,nan
complete,9,,,7,-1.125,nan,-1.5,nan,0.7866798433917808,nan,0.3804766272799398,nan
complete,9,,,8,-1.125,nan,-1.5,nan,0.4959585432010858,nan,0.9759069670573197,nan
complete,9,,,9,-1.125,nan,-1.5,nan,0.9263744221236294,nan,0.9999996032569332,nan
complete,9,,,10,-1.125,nan,-1.5,nan,0.9999995921694893,nan,0.999987157538655,nan
complete,10,,,1,-1.71875,nan,-1.5,nan,0.48547756404623854,nan,0.48547756404632025,nan
complete,10,,,2,-1.71875,nan,-1.5,nan,-0.16416032419403592,nan,-0.16416032419398086,nan
complete,10,,,3,-1.71875,nan,-1.5,nan,0.7194679257738557,nan,0.7194679267594317,nan
complete,10,,,4,-1.71875,nan,-1.5,nan,-0.6093100985565201,nan,-0.6093100340884359,nan
complete,10,,,5,-1.71875,nan,-1.5,nan,-2.2880522124917597,nan,-2.2880521077880793,nan
complete,10,,,6,-1.71875,nan,-1.5,nan,-0.01591802179392232,nan,0.5792975648751479,nan
complete,10,,,7,-1.71875,nan,-1.5,nan,0.59854400662174,nan,0.47379800285108686,nan
complete,10,,,8,-1.71875,nan,-1.5,nan,0.9638643320245723,nan,0.9360094284373659,nan
complete,10,,,9,-1.71875,nan,-1.5,nan,0.9714690094389731,nan,0.9697400394679008,nan
complete,10,,,10,-1.71875,nan,-1.5,nan,0.984763820341616,nan,0.9999977532745135,nan
complete,11,,,1,-2.40625,nan,-1.5,nan,0.48553568955648885,nan,0.48553568955642135,nan
complete,11,,,2,-2.40625,nan,-1.5,nan,-0.10005244892638743,nan,-0.10005244892626663,nan
complete,11,,,3,-2.40625,nan,-1.5,nan,0.7541682444452231,nan,0.7541682444455091,nan
complete,11,,,4,-2.40625,nan,-1.5,nan,0.9673147885354041,nan,0.9673147608879624,nan
complete,11,,,5,-2.40625,nan,-1.5,nan,0.9922270183236463,nan,0.992225580808249,nan
complete,11,,,6,-2.40625,nan,-1.5,nan,0.9971555494958437,nan,0.9994449912891596,nan
complete,11,,,7,-2.40625,nan,-1.5,nan,0.9999707835299247,nan,0.9999812084160844,nan
complete,11,,,8,-2.40625,nan,-1.5,nan,0.9999916056864073,nan,0.9999922378028856,nan
complete,11,,,9,-2.40625,nan,-1.5,nan,0.9999927181869381,nan,0.9999530119926483,nan
complete,11,,,10,-2.40625,nan,-1.5,nan,0.9999937507951202,nan,0.999996207540768,nan
complete,12,,,1,-3.1875,nan,-5.0,nan,0.4855761741348985,nan,0.48557617413494825,nan
complete,12,,,2,-3.1875,nan,-5.0,nan,-0.04579150018101075,nan,-0.04579150018073008,nan
complete,12,,,3,-3.1875,nan,-5.0,nan,0.7546956191611258,nan,0.7546956191613887,nan
complete,12,,,4,-3.1875,nan,-5.0,nan,0.8078458904016159,nan,0.807845890017397,nan
complete,12,,,5,-3.1875,nan,-5.0,nan,0.9910795095167302,nan,0.9910794965620582,nan
complete,12,,,6,-3.1875,nan,-5.0,nan,0.9977839240797479,nan,0.9977836346694673,nan
complete,12,,,7,-3.1875,nan,-5.0,nan,0.9999700669585181,nan,0.9999005947035258,nan
complete,12,,,8,-3.1875,nan,-5.0,nan,0.9999175700848966,nan,0.9999934012701672,nan
complete,12,,,9,-3.1875,nan,-5.0,nan,0.9999246919924047,nan,0.9999868270978141,nan
complete,12,,,10,-3.1875,nan,-5.0,nan,0.9999922685687714,nan,0.9999934529849099,nan
complete,13,,,1,-4.0625,nan,-5.0,nan,0.48561196670053874,nan,0.4856119667004677,nan
complete,13,,,2,-4.0625,nan,-5.0,nan,-0.0008985523252427186,nan,-0.0008985523252960093,nan
complete,13,,,3,-4.0625,nan,-5.0,nan,0.7555734461247567,nan,0.7555734461256165,nan
complete,13,,,4,-4.0625,nan,-5.0,nan,0.8122470951366125,nan,0.8122470618662092,nan
complete,13,,,5,-4.0625,nan,-5.0,nan,0.9912799119952638,nan,0.9912799849324045,nan
complete,13,,,6,-4.0625,nan,-5.0,nan,0.9975938200550019,nan,0.9975961473738337,nan
complete,13,,,7,-4.0625,nan,-5.0,nan,0.9999783406524756,nan,0.9999323909903524,nan
complete,13,,,8,-4.0625,nan,-5.0,nan,0.99988737418483,nan,0.9998708663796236,nan
complete,13,,,9,-4.0625,nan,-5.0,nan,0.9999387273112887,nan,0.9999246557594859,nan
complete,13,,,10,-4.0625,nan,-5.0,nan,0.9999952435860564,nan,0.9999945425260606,nan
complete,14,,,1,-5.03125,nan,-10.0,nan,0.485647882165253,nan,0.48564788216462773,nan
complete,14,,,2,-5.03125,nan,-10.0,nan,0.03553825510210373,nan,0.03553825510207531,nan
complete,14,,,3,-5.03125,nan,-10.0,nan,0.7566099214339204,nan,0.7566099313160137,nan
complete,14,,,4,-5.03125,nan,-10.0,nan,0.8163434281451458,nan,0.8163434316090203,nan
complete,14,,,5,-5.03125,nan,-10.0,nan,0.9915337705508129,nan,0.9915370107845476,nan
complete,14,,,6,-5.03125,nan,-10.0,nan,0.997422942704457,nan,0.9961693029020893,nan
complete,14,,,7,-5.03125,nan,-10.0,nan,0.9999617916385368,nan,0.9999881617032003,nan
complete,14,,,8,-5.03125,nan,-10.0,nan,0.9999544254616453,nan,0.9999305085254448,nan
complete,14,,,9,-5.03125,nan,-10.0,nan,0.9998858446921446,nan,0.9999864960508162,nan
complete,14,,,10,-5.03125,nan,-10.0,nan,0.9999738291866294,nan,0.9999242968399606,nan
complete,15,,,1,-6.09375,nan,-10.0,nan,0.4856853988944536,nan,0.48568539889400597,nan
complete,15,,,2,-6.09375,nan,-10.0,nan,0.06476066033399519,nan,0.0647606603330182,nan
complete,15,,,3,-6.09375,nan,-10.0,nan,0.7577084368605185,nan,0.7577084389921254,nan
complete,15,,,4,-6.09375,nan,-10.0,nan,0.8201563578318911,nan,0.8201562047747188,nan
complete,15,,,5,-6.09375,nan,-10.0,nan,0.9917919805512412,nan,0.9917916331723191,nan
complete,15,,,6,-6.09375,nan,-10.0,nan,0.9960795609496387,nan,0.9956500651511391,nan
complete,15,,,7,-6.09375,nan,-10.0,nan,0.9999881841929152,nan,0.9995477104247357,nan
complete,15,,,8,-6.09375,nan,-10.0,nan,0.9999870496662098,nan,0.9997542956403223,nan
complete,15,,,9,-6.09375,nan,-10.0,nan,0.9999805161435376,nan,0.9999106700249243,nan
complete,15,,,10,-6.09375,nan,-10.0,nan,0.9999727396664753,nan,0.9998198352151917,nan
complete,16,,,1,-7.25,nan,-16.5,nan,0.4857246515008242,nan,0.4857246515008953,nan
complete,16,,,2,-7.25,nan,-16.5,nan,0.08798598253474665,nan,0.08798598253409295,nan
complete,16,,,3,-7.25,nan,-16.5,nan,0.7588154822251738,nan,0.7588154800567537,nan
complete,16,,,4,-7.25,nan,-16.5,nan,0.8237195506631139,nan,0.8237195620973381,nan
complete,16,,,5,-7.25,nan,-16.5,nan,0.9920227679337827,nan,0.9920227684895906,nan
complete,16,,,6,-7.25,nan,-16.5,nan,0.9959547386693046,nan,0.9998663395560143,nan
complete,16,,,7,-7.25,nan,-16.5,nan,0.9992394897240331,nan,0.9885233405253828,nan
complete,16,,,8,-7.25,nan,-16.5,nan,0.9995682395490206,nan,0.999569378092815,nan
complete,16,,,9,-7.25,nan,-16.5,nan,0.9999162501457093,nan,0.9998080302344619,nan
complete,16,,,10,-7.25,nan,-16.5,nan,0.9999530353094173,nan,0.9999689726176442,nan
complete,17,,,1,-8.5,nan,-16.5,nan,0.48576527873420616,nan,0.4857652787350162,nan
complete,17,,,2,-8.5,nan,-16.5,nan,0.10630779322839601,nan,0.10630779322725914,nan
complete,17,,,3,-8.5,nan,-16.5,nan,0.7599001457661672,nan,0.7599001455533454,nan
complete,17,,,4,-8.5,nan,-16.5,nan,0.8270594896006855,nan,0.8270594942388811,nan
complete,17,,,5,-8.5,nan,-16.5,nan,0.9922225911686127,nan,0.9540789166137316,nan
complete,17,,,6,-8.5,nan,-16.5,nan,0.9969587417186716,nan,0.9960196828907613,nan
complete,17,,,7,-8.5,nan,-16.5,nan,0.9999387788675733,nan,0.999906340197299,nan
complete,17,,,8,-8.5,nan,-16.5,nan,0.9994286550127924,nan,0.9996183126827702,nan
complete,17,,,9,-8.5,nan,-16.5,nan,0.9998811091927848,nan,0.9999287985793899,nan
complete,17,,,10,-8.5,nan,-16.5,nan,0.999665449843306,nan,0.9998927008157494,nan
complete,18,,,1,-9.84375,nan,-16.5,nan,0.4858067842236409,nan,0.4858067842226532,nan
complete,18,,,2,-9.84375,nan,-16.5,nan,0.12066195403789948,nan,0.12066195403919266,nan
complete,18,,,3,-9.84375,nan,-16.5,nan,0.7609445909133257,nan,0.7609446403229327,nan
complete,18,,,4,-9.84375,nan,-16.5,nan,0.8301956137145083,nan,0.8301955833614159,nan
complete,18,,,5,-9.84375,nan,-16.5,nan,0.953438849941179,nan,0.953441807208506,nan
complete,18,,,6,-9.84375,nan,-16.5,nan,0.995902442182313,nan,0.996557349414303,nan
complete,18,,,7,-9.84375,nan,-16.5,nan,0.9998562992286608,nan,0.9998470112443627,nan
complete,18,,,8,-9.84375,nan,-16.5,nan,0.9999655326777912,nan,0.9995810313620552,nan
complete,18,,,9,-9.84375,nan,-16.5,nan,0.9999724514822503,nan,0.9998099911047404,nan
complete,18,,,10,-9.84375,nan,-16.5,nan,0.9997447227846834,nan,0.999911827060231,nan
complete,19,,,1,-11.28125,nan,-24.5,nan,0.4858486844219527,nan,0.48584868442223694,nan
complete,19,,,2,-11.28125,nan,-24.5,nan,0.1318286639366022,nan,0.13182866393599113,nan
complete,19,,,3,-11.28125,nan,-24.5,nan,0.7619392510432874,nan,0.7619393102647862,nan
complete,19,,,4,-11.28125,nan,-24.5,nan,0.8331430162850779,nan,0.833142944923722,nan
complete,19,,,5,-11.28125,nan,-24.5,nan,0.9899413634976497,nan,0.9925316795544035,nan
complete,19,,,6,-11.28125,nan,-24.5,nan,0.9625660657093817,nan,0.9936829079039597,nan
complete,19,,,7,-11.28125,nan,-24.5,nan,0.9968957414795554,nan,0.9983227332511717,nan
complete,19,,,8,-11.28125,nan,-24.5,nan,0.9971593607714837,nan,0.9997956348290984,nan
complete,19,,,9,-11.28125,nan,-24.5,nan,0.9996128465422913,nan,0.9994477842671969,nan
complete,19,,,10,-11.28125,nan,-24.5,nan,0.9987536307738765,nan,0.9998175605116302,nan
complete,20,,,1,-12.8125,nan,-34.0,nan,0.4858905623680698,nan,0.4858905623693772,nan
complete,20,,,2,-12.8125,nan,-34.0,nan,0.14044861734058856,nan,0.14044861733898273,nan
complete,20,,,3,-12.8125,nan,-34.0,nan,0.7628796556926289,nan,0.7628796338260244,nan
complete,20,,,4,-12.8125,nan,-34.0,nan,0.8359141662537368,nan,0.8359142157084491,nan
complete,20,,,5,-12.8125,nan,-34.0,nan,0.9521950190201949,nan,0.9522226574663719,nan
complete,20,,,6,-12.8125,nan,-34.0,nan,0.9959529012278239,nan,0.9959333589466866,nan
complete,20,,,7,-12.8125,nan,-34.0,nan,0.9997445963422535,nan,0.9993732507703044,nan
complete,20,,,8,-12.8125,nan,-34.0,nan,0.9979920555971944,nan,0.9991100018593357,nan
complete,20,,,9,-12.8125,nan,-34.0,nan,0.9978408907379759,nan,0.9995718917649583,nan
complete,20,,,10,-12.8125,nan,-34.0,nan,0.9994729379984335,nan,0.9995623474435291,nan
linear,5,,,1,0.3333333333333333,nan,1.0,nan,0.7609179498889121,nan,0.4770887242410568,nan
linear,5,,,2,0.3333333333333333,nan,1.0,nan,0.9072021145803572,nan,0.6468575260894188,nan
linear,5,,,3,0.3333333333333333,nan,1.0,nan,0.9780357495886963,nan,0.5763579225478506,nan
linear,5,,,4,0.3333333333333333,nan,1.0,nan,0.9999999998959096,nan,0.7468692060725012,nan
linear,5,,,5,0.3333333333333333,nan,1.0,nan,0.6666665760787426,nan,0.8827933827294324,nan
linear,5,,,6,0.3333333333333333,nan,1.0,nan,0.9988369064447289,nan,0.9367784807885581,nan
linear,5,,,7,0.3333333333333333,nan,1.0,nan,0.999999955250845,nan,0.8920780242975422,nan
linear,5,,,8,0.3333333333333333,nan,1.0,nan,0.999999994001833,nan,0.9888232610961083,nan
linear,5,,,9,0.3333333333333333,nan,1.0,nan,0.9999993778618456,nan,0.9985060034370609,nan
linear,5,,,10,0.3333333333333333,nan,1.0,nan,0.9999979148099136,nan,0.9989798674283605,nan
linear,6,,,1,0.5,nan,1.0,nan,0.6552735643338948,nan,0.5778230669070666,nan
linear,6,,,2,0.5,nan,1.0,nan,0.7986018717782231,nan,0.7536307829612978,nan
linear,6,,,3,0.5,nan,1.0,nan,0.8437711961518143,nan,0.7502741333849344,nan
linear,6,,,4,0.5,nan,1.0,nan,0.9999999997020863,nan,0.9003582025503459,nan
linear,6,,,5,0.5,nan,1.0,nan,0.9999999999621153,nan,0.9146714740654431,nan
linear,6,,,6,0.5,nan,1.0,nan,0.9999169853900666,nan,0.9693772286376766,nan
linear,6,,,7,0.5,nan,1.0,nan,0.9999999987849245,nan,0.9702178692882887,nan
linear,6,,,8,0.5,nan,1.0,nan,0.9999999800697844,nan,0.9676275842463599,nan
linear,6,,,9,0.5,nan,1.0,nan,0.99999962345674,nan,0.9720775629062711,nan
linear,6,,,10,0.5,nan,1.0,nan,0.999999391476995,nan,0.9650564923789752,nan
linear,7,,,1,0.375,nan,1.0,nan,0.521499000442524,nan,0.5094734937667075,nan
linear,7,,,2,0.375,nan,1.0,nan,0.7864319812849296,nan,0.6456842273740792,nan
linear,7,,,3,0.375,nan,1.0,nan,0.9877819282835233,nan,0.6571151792320378,nan
linear,7,,,4,0.375,nan,1.0,nan,0.9928968292062305,nan,0.7565884221164804,nan
linear,7,,,5,0.375,nan,1.0,nan,0.9999987835999404,nan,0.7814059151890241,nan
linear,7,,,6,0.375,nan,1.0,nan,0.9999998468287694,nan,0.8382163559878965,nan
linear,7,,,7,0.375,nan,1.0,nan,0.999999873399185,nan,0.838814032571298,nan
linear,7,,,8,0.375,nan,1.0,nan,0.9999999950616549,nan,0.8947194486792109,nan
linear,7,,,9,0.375,nan,1.0,nan,0.9999999881374121,nan,0.9104496262937762,nan
linear,7,,,10,0.375,nan,1.0,nan,0.9999994655833684,nan,0.9338845406671574,nan
linear,8,,,1,0.5,nan,1.0,nan,0.6524311485417995,nan,0.5858857052750643,nan
linear,8,,,2,0.5,nan,1.0,nan,0.8003361235341906,nan,0.726341550679112,nan
linear,8,,,3,0.5,nan,1.0,nan,0.7703899905831545,nan,0.7518994411119441,nan
linear,8,,,4,0.5,nan,1.0,nan,0.9999999997514475,nan,0.8556916478152803,nan
linear,8,,,5,0.5,nan,1.0,nan,0.9999999999079354,nan,0.8816312584708154,nan
linear,8,,,6,0.5,nan,1.0,nan,0.9999999986814685,nan,0.8803406196745012,nan
linear,8,,,7,0.5,nan,1.0,nan,0.9999999999182092,nan,0.9426914834371011,nan
linear,8,,,8,0.5,nan,1.0,nan,0.999999930497515,nan,0.9771199398887586,nan
linear,8,,,9,0.5,nan,1.0,nan,0.9999995209065905,nan,0.9706600251373286,nan
linear,8,,,10,0.5,nan,1.0,nan,0.9999999846610617,nan,0.989614780773367,nan
linear,9,,,1,0.4,nan,1.0,nan,0.5475783410097541,nan,0.5299873882077235,nan
linear,9,,,2,0.4,nan,1.0,nan,0.7885300197691671,nan,0.5758422155850103,nan
linear,9,,,3,0.4,nan,1.0,nan,0.7862852695622122,nan,0.6439593538903132,nan
linear,9,,,4,0.4,nan,1.0,nan,0.9736484555436515,nan,0.6893935290438614,nan
linear,9,,,5,0.4,nan,1.0,nan,0.993295869656983,nan,0.791178978103184,nan
linear,9,,,6,0.4,nan,1.0,nan,0.9936478424338524,nan,0.7971956367007043,nan
linear,9,,,7,0.4,nan,1.0,nan,0.7983493706174536,nan,0.8187124477816067,nan
linear,9,,,8,0.4,nan,1.0,nan,0.9990484477181252,nan,0.8549342291455148,nan
linear,9,,,9,0.4,nan,1.0,nan,0.9990565079795651,nan,0.8205096456927207,nan
linear,9,,,10,0.4,nan,1.0,nan,0.7997913797700443,nan,0.8607379938862068,nan
linear,10,,,1,0.5,nan,1.0,nan,0.6516310409342688,nan,0.5913636419327771,nan
linear,10,,,2,0.5,nan,1.0,nan,0.8021573257127207,nan,0.6456462721749512,nan
linear,10,,,3,0.5,nan,1.0,nan,0.808976477227026,nan,0.7184466368073241,nan
linear,10,,,4,0.5,nan,1.0,nan,0.9999999999961823,nan,0.7671939598787523,nan
linear,10,,,5,0.5,nan,1.0,nan,0.9735242342017643,nan,0.8740200953281836,nan
linear,10,,,6,0.5,nan,1.0,nan,0.999999797094086,nan,0.8805465356419706,nan
linear,10,,,7,0.5,nan,1.0,nan,0.9999999961021586,nan,0.9226030275844934,nan
linear,10,,,8,0.5,nan,1.0,nan,0.9999999254729708,nan,0.9147790265184241,nan
linear,10,,,9,0.5,nan,1.0,nan,0.9999999975934883,nan,0.941334015361312,nan
linear,10,,,10,0.5,nan,1.0,nan,0.9999993864046935,nan,0.9428380249909706,nan
linear,11,,,1,0.4166666666666667,nan,1.0,nan,0.5650796647985682,nan,0.5440058789538816,nan
linear,11,,,2,0.4166666666666667,nan,1.0,nan,0.7909577865495252,nan,0.59629290808391,nan
linear,11,,,3,0.4166666666666667,nan,1.0,nan,0.874839417260036,nan,0.6659405284362747,nan
linear,11,,,4,0.4166666666666667,nan,1.0,nan,0.9818170723198684,nan,0.7709864067331411,nan
linear,11,,,5,0.4166666666666667,nan,1.0,nan,0.9962293230505802,nan,0.7583487496310067,nan
linear,11,,,6,0.4166666666666667,nan,1.0,nan,0.8332035910555255,nan,0.8096909473262514,nan
linear,11,,,7,0.4166666666666667,nan,1.0,nan,0.9995425812941733,nan,0.8149703134563038,nan
linear,11,,,8,0.4166666666666667,nan,1.0,nan,0.8332811861002973,nan,0.8607145536279424,nan
linear,11,,,9,0.4166666666666667,nan,1.0,nan,0.9991444178603905,nan,0.8877661698404585,nan
linear,11,,,10,0.4166666666666667,nan,1.0,nan,0.8332193807228535,nan,0.8920175846799129,nan
linear,12,,,1,0.5,nan,1.0,nan,0.6514201434116033,nan,0.5952489256849921,nan
linear,12,,,2,0.5,nan,1.0,nan,0.8036809097266001,nan,0.6546038619221914,nan
linear,12,,,3,0.5,nan,1.0,nan,0.8363932517922152,nan,0.7300691557147054,nan
linear,12,,,4,0.5,nan,1.0,nan,0.9999999996896815,nan,0.8369345192786853,nan
linear,12,,,5,0.5,nan,1.0,nan,0.9965675833639763,nan,0.8286706071240006,nan
linear,12,,,6,0.5,nan,1.0,nan,0.9999999994804211,nan,0.8778448277948095,nan
linear,12,,,7,0.5,nan,1.0,nan,0.9999999076027658,nan,0.8799217199119697,nan
linear,12,,,8,0.5,nan,1.0,nan,0.999999673309499,nan,0.9287189663611534,nan
linear,12,,,9,0.5,nan,1.0,nan,0.9999999727117141,nan,0.9659385292201849,nan
linear,12,,,10,0.5,nan,1.0,nan,0.9999997422390857,nan,0.9688705059681927,nan
linear,13,,,1,0.42857142857142855,nan,1.0,nan,0.577625518672641,nan,0.5541615602892962,nan
linear,13,,,2,0.42857142857142855,nan,1.0,nan,0.7931840908105589,nan,0.6111040398292577,nan
linear,13,,,3,0.42857142857142855,nan,1.0,nan,0.7389854377506487,nan,0.6808913878628567,nan
linear,13,,,4,0.42857142857142855,nan,1.0,nan,0.9489143151500491,nan,0.7740147496143213,nan
linear,13,,,5,0.42857142857142855,nan,1.0,nan,0.9999999998739771,nan,0.7708089001692154,nan
linear,13,,,6,0.42857142857142855,nan,1.0,nan,0.9999999952998324,nan,0.810907791470188,nan
linear,13,,,7,0.42857142857142855,nan,1.0,nan,0.857142850372077,nan,0.8196619289405345,nan
linear,13,,,8,0.42857142857142855,nan,1.0,nan,0.9999998122081335,nan,0.8340520118122201,nan
linear,13,,,9,0.42857142857142855,nan,1.0,nan,0.9990523866292795,nan,0.8667191941403127,nan
linear,13,,,10,0.42857142857142855,nan,1.0,nan,0.857138729549245,nan,0.8767831046453926,nan
linear,14,,,1,0.5,nan,1.0,nan,0.6514125328014478,nan,0.5981292696767981,nan
linear,14,,,2,0.5,nan,1.0,nan,0.8049162452128533,nan,0.6611440813539683,nan
linear,14,,,3,0.5,nan,1.0,nan,0.8566844226606972,nan,0.7361162351774616,nan
linear,14,,,4,0.5,nan,1.0,nan,0.9999999998889396,nan,0.8308591407165327,nan
linear,14,,,5,0.5,nan,1.0,nan,0.9848003163122963,nan,0.8315162995508756,nan
linear,14,,,6,0.5,nan,1.0,nan,0.9999999259435292,nan,0.8694178791929164,nan
linear,14,,,7,0.5,nan,1.0,nan,0.9999999662962942,nan,0.8804187465650263,nan
linear,14,,,8,0.5,nan,1.0,nan,0.9999999957872385,nan,0.911625795864224,nan
linear,14,,,9,0.5,nan,1.0,nan,0.9999996725072327,nan,0.9440690816984911,nan
linear,14,,,10,0.5,nan,1.0,nan,0.9999990149463115,nan,0.9432726813286588,nan
linear,15,,,1,0.4375,nan,1.0,nan,0.5870562435317541,nan,0.5618481765161796,nan
linear,15,,,2,0.4375,nan,1.0,nan,0.7951187187261702,nan,0.6223026219432767,nan
linear,15,,,3,0.4375,nan,1.0,nan,0.7666596039759297,nan,0.6924929722816766,nan
linear,15,,,4,0.4375,nan,1.0,nan,0.9480214865356981,nan,0.7768085425381903,nan
linear,15,,,5,0.4375,nan,1.0,nan,0.9926041958817636,nan,0.7808243192448896,nan
linear,15,,,6,0.4375,nan,1.0,nan,0.9912084476539043,nan,0.8364324957755005,nan
linear,15,,,7,0.4375,nan,1.0,nan,0.9999999552480355,nan,0.8371384513413209,nan
linear,15,,,8,0.4375,nan,1.0,nan,0.9999999437768315,nan,0.837852092576504,nan
linear,15,,,9,0.4375,nan,1.0,nan,0.9999999986882313,nan,0.848648599886215,nan
linear,15,,,10,0.4375,nan,1.0,nan,0.9999999948358231,nan,0.8516771172262632,nan
linear,16,,,1,0.5,nan,1.0,nan,0.6514798531704129,nan,0.6003438323954946,nan
linear,16,,,2,0.5,nan,1.0,nan,0.8059215513248035,nan,0.6661169383160279,nan
linear,16,,,3,0.5,nan,1.0,nan,0.8722425380316327,nan,0.7409376093013293,nan
linear,16,,,4,0.5,nan,1.0,nan,0.9999999999984482,nan,0.8266534858003743,nan
linear,16,,,5,0.5,nan,1.0,nan,0.9999999999659841,nan,0.8341741373626795,nan
linear,16,,,6,0.5,nan,1.0,nan,0.9999953708973603,nan,0.890600684832804,nan
linear,16,,,7,0.5,nan,1.0,nan,0.9999803903055754,nan,0.8894355858680937,nan
linear,16,,,8,0.5,nan,1.0,nan,0.9999999742213763,nan,0.8545567179762465,nan
linear,16,,,9,0.5,nan,1.0,nan,0.9999999849499234,nan,0.9225255822385585,nan
linear,16,,,10,0.5,nan,1.0,nan,0.9999980431958992,nan,0.925984045162977,nan
linear,17,,,1,0.4444444444444444,nan,1.0,nan,0.5944027269892924,nan,0.5678649306226595,nan
linear,17,,,2,0.4444444444444444,nan,1.0,nan,0.7967784968032646,nan,0.6310589584713314,nan
linear,17,,,3,0.4444444444444444,nan,1.0,nan,0.789024045266246,nan,0.7017105101871156,nan
linear,17,,,4,0.4444444444444444,nan,1.0,nan,0.9473937447335753,nan,0.7791332071924258,nan
linear,17,,,5,0.4444444444444444,nan,1.0,nan,0.99999999987134,nan,0.7889834559671173,nan
linear,17,,,6,0.4444444444444444,nan,1.0,nan,0.887500035137019,nan,0.8398244264852717,nan
linear,17,,,7,0.4444444444444444,nan,1.0,nan,0.9755276776476456,nan,0.8371766882590905,nan
linear,17,,,8,0.4444444444444444,nan,1.0,nan,0.992051828493073,nan,0.8300857892899725,nan
linear,17,,,9,0.4444444444444444,nan,1.0,nan,0.9966541068725085,nan,0.8615971243303009,nan
linear,17,,,10,0.4444444444444444,nan,1.0,nan,0.9999251240081652,nan,0.8758848184097641,nan
linear,18,,,1,0.5,nan,1.0,nan,0.6515733628188524,nan,0.6020971349463955,nan
linear,18,,,2,0.5,nan,1.0,nan,0.8067494740479753,nan,0.6700211627746265,nan
linear,18,,,3,0.5,nan,1.0,nan,0.8845217987047076,nan,0.7448399483852,nan
linear,18,,,4,0.5,nan,1.0,nan,0.9443680408859341,nan,0.8234808230263304,nan
linear,18,,,5,0.5,nan,1.0,nan,0.9999999988388473,nan,0.8365385908593185,nan
linear,18,,,6,0.5,nan,1.0,nan,0.99999999964246,nan,0.8880283807056522,nan
linear,18,,,7,0.5,nan,1.0,nan,0.9999993566383281,nan,0.8838399621593376,nan
linear,18,,,8,0.5,nan,1.0,nan,0.9999990138989028,nan,0.8779362248900792,nan
linear,18,,,9,0.5,nan,1.0,nan,0.9999998751652753,nan,0.9163068853461758,nan
linear,18,,,10,0.5,nan,1.0,nan,0.9999999072859218,nan,0.9288662914158551,nan
linear,19,,,1,0.45,nan,1.0,nan,0.6002866467356336,nan,0.5727010628540825,nan
linear,19,,,2,0.45,nan,1.0,nan,0.7982030532523511,nan,0.6380903068268008,nan
linear,19,,,3,0.45,nan,1.0,nan,0.8074064740047657,nan,0.7091946982460359,nan
linear,19,,,4,0.45,nan,1.0,nan,0.9469474457911226,nan,0.7810578251715052,nan
linear,19,,,5,0.45,nan,1.0,nan,0.9999999991039491,nan,0.7957287794819645,nan
linear,19,,,6,0.45,nan,1.0,nan,0.9999980877092209,nan,0.8426275285369836,nan
linear,19,,,7,0.45,nan,1.0,nan,0.9999979396351705,nan,0.8311291253598257,nan
linear,19,,,8,0.45,nan,1.0,nan,0.9999988470144942,nan,0.8319018768190384,nan
linear,19,,,9,0.45,nan,1.0,nan,0.9999999454474494,nan,0.8735708365729765,nan
linear,19,,,10,0.45,nan,1.0,nan,0.9999998023845151,nan,0.8647826094629476,nan
linear,20,,,1,0.5,nan,1.0,nan,0.6516731134545539,nan,0.603518611915357,nan
linear,20,,,2,0.5,nan,1.0,nan,0.807440482742031,nan,0.6731659258254563,nan
linear,20,,,3,0.5,nan,1.0,nan,0.8944462207264527,nan,0.7480519737721074,nan
linear,20,,,4,0.5,nan,1.0,nan,0.9455700737244033,nan,0.8209926656024129,nan
linear,20,,,5,0.5,nan,1.0,nan,0.9999999990400357,nan,0.8386098843743538,nan
linear,20,,,6,0.5,nan,1.0,nan,0.9999999946035057,nan,0.8860450345515192,nan
linear,20,,,7,0.5,nan,1.0,nan,0.9999999983000845,nan,0.8741754001575558,nan
linear,20,,,8,0.5,nan,1.0,nan,0.9999994232169197,nan,0.8771339347851927,nan
linear,20,,,9,0.5,nan,1.0,nan,0.9999999214919763,nan,0.9063845356185475,nan
linear,20,,,10,0.5,nan,1.0,nan,0.9999999890234669,nan,0.909201705461987,nan
circular,5,,,1,0.390625,nan,0.0,nan,0.7712509435331883,nan,0.7712509435331886,nan
circular,5,,,2,0.390625,nan,0.0,nan,0.810572795776286,nan,0.810572795776287,nan
circular,5,,,3,0.390625,nan,0.0,nan,0.9658732966804067,nan,0.9658732966804306,nan
circular,5,,,4,0.390625,nan,0.0,nan,0.9907588999710577,nan,0.990758899971067,nan
circular,5,,,5,0.390625,nan,0.0,nan,0.9977862411007167,nan,0.997786239914525,nan
circular,5,,,6,0.390625,nan,0.0,nan,0.9994354643535304,nan,0.999753296252014,nan
circular,5,,,7,0.390625,nan,0.0,nan,0.999883241601571,nan,0.9999327520485315,nan
circular,5,,,8,0.390625,nan,0.0,nan,0.9999983940817295,nan,0.9999999992299162,nan
circular,5,,,9,0.390625,nan,0.0,nan,0.9999995666105093,nan,0.9999999839222597,nan
circular,5,,,10,0.390625,nan,0.0,nan,0.999999963752649,nan,0.9999999984688228,nan
circular,6,,,1,0.5,nan,1.0,nan,0.6534659776008458,nan,0.6170007548265507,nan
circular,6,,,2,0.5,nan,1.0,nan,0.8147711857542377,nan,0.7021778912678851,nan
circular,6,,,3,0.5,nan,1.0,nan,0.9866731723417251,nan,0.8103462805597029,nan
circular,6,,,4,0.5,nan,1.0,nan,0.973266763599685,nan,0.9755806067160187,nan
circular,6,,,5,0.5,nan,1.0,nan,0.9999999875790646,nan,0.9949818558336458,nan
circular,6,,,6,0.5,nan,1.0,nan,0.995138742281282,nan,0.9997336606893076,nan
circular,6,,,7,0.5,nan,1.0,nan,0.9960401777510476,nan,0.999977138491316,nan
circular,6,,,8,0.5,nan,1.0,nan,0.9978951157532617,nan,0.9999999971798839,nan
circular,6,,,9,0.5,nan,1.0,nan,0.9979041975289453,nan,0.9999999797153459,nan
circular,6,,,10,0.5,nan,1.0,nan,0.9991946690521424,nan,0.9999993996423777,nan
circular,7,,,1,0.3645833333333333,nan,0.0,nan,0.719834213964309,nan,0.7198342139643091,nan
circular,7,,,2,0.3645833333333333,nan,0.0,nan,0.8192075398125326,nan,0.8192075398125325,nan
circular,7,,,3,0.3645833333333333,nan,0.0,nan,0.9039736559925888,nan,0.9039736559925888,nan
circular,7,,,4,0.3645833333333333,nan,0.0,nan,0.93620529803488,nan,0.9362052980348796,nan
circular,7,,,5,0.3645833333333333,nan,0.0,nan,0.990456670846863,nan,0.9904566708468637,nan
circular,7,,,6,0.3645833333333333,nan,0.0,nan,0.997768281956502,nan,0.9977682819564504,nan
circular,7,,,7,0.3645833333333333,nan,0.0,nan,0.9997867164648246,nan,0.9997867079927314,nan
circular,7,,,8,0.3645833333333333,nan,0.0,nan,0.9947866751671421,nan,0.9947866690923516,nan
circular,7,,,9,0.3645833333333333,nan,0.0,nan,0.9998396138370035,nan,0.9998381860270996,nan
circular,7,,,10,0.3645833333333333,nan,0.0,nan,0.9999991197857355,nan,0.9999848470057123,nan
circular,8,,,1,0.5,nan,1.0,nan,0.6534659776008462,nan,0.6170007548265508,nan
circular,8,,,2,0.5,nan,1.0,nan,0.8147711857542379,nan,0.7021778912678847,nan
circular,8,,,3,0.5,nan,1.0,nan,0.9866571250176212,nan,0.7803314794704949,nan
circular,8,,,4,0.5,nan,1.0,nan,0.9731234875985267,nan,0.8564742772518021,nan
circular,8,,,5,0.5,nan,1.0,nan,0.9999999952487132,nan,0.8899363130544088,nan
circular,8,,,6,0.5,nan,1.0,nan,0.9999999960652164,nan,0.962009325989707,nan
circular,8,,,7,0.5,nan,1.0,nan,0.999999662598805,nan,0.9975419922103423,nan
circular,8,,,8,0.5,nan,1.0,nan,0.9999988737273396,nan,0.9814584460222314,nan
circular,8,,,9,0.5,nan,1.0,nan,0.9999997893510705,nan,0.9999984540186927,nan
circular,8,,,10,0.5,nan,1.0,nan,0.9999992024140258,nan,0.999999807849425,nan
circular,9,,,1,0.3515625,nan,0.0,nan,0.6941258491798694,nan,0.6941258491798699,nan
circular,9,,,2,0.3515625,nan,0.0,nan,0.7899501276763703,nan,0.7899501276763709,nan
circular,9,,,3,0.3515625,nan,0.0,nan,0.8778729144043064,nan,0.8778729144043073,nan
circular,9,,,4,0.3515625,nan,0.0,nan,0.9062870697035819,nan,0.9062870697035786,nan
circular,9,,,5,0.3515625,nan,0.0,nan,0.9547018242524642,nan,0.9547018242524634,nan
circular,9,,,6,0.3515625,nan,0.0,nan,0.9871097620032141,nan,0.9871097620020359,nan
circular,9,,,7,0.3515625,nan,0.0,nan,0.9966649077560445,nan,0.9966649072940978,nan
circular,9,,,8,0.3515625,nan,0.0,nan,0.99687270713719,nan,0.9968727030560505,nan
circular,9,,,9,0.3515625,nan,0.0,nan,0.9986469281150179,nan,0.998646948558973,nan
circular,9,,,10,0.3515625,nan,0.0,nan,0.999542933639767,nan,0.9995429233141987,nan
circular,10,,,1,0.5,nan,1.0,nan,0.6534659776008457,nan,0.6170007548265504,nan
circular,10,,,2,0.5,nan,1.0,nan,0.8147711857542369,nan,0.7021778912678853,nan
circular,10,,,3,0.5,nan,1.0,nan,0.9866571250176204,nan,0.7803314794704941,nan
circular,10,,,4,0.5,nan,1.0,nan,0.9731235374917873,nan,0.8056139758796167,nan
circular,10,,,5,0.5,nan,1.0,nan,0.9999999916311811,nan,0.8677647755068983,nan
circular,10,,,6,0.5,nan,1.0,nan,0.9996235159880481,nan,0.9496581288638651,nan
circular,10,,,7,0.5,nan,1.0,nan,0.9999999516638722,nan,0.9747708059136523,nan
circular,10,,,8,0.5,nan,1.0,nan,0.9999289701700246,nan,0.9934230988615775,nan
circular,10,,,9,0.5,nan,1.0,nan,0.9999982932318272,nan,0.9980516426817531,nan
circular,10,,,10,0.5,nan,1.0,nan,0.9999958311302027,nan,0.999566683522836,nan
circular,11,,,1,0.34375,nan,0.0,nan,0.6787008303092057,nan,0.6787008303092061,nan
circular,11,,,2,0.34375,nan,0.0,nan,0.7723956803946732,nan,0.7723956803946732,nan
circular,11,,,3,0.34375,nan,0.0,nan,0.8583646274175439,nan,0.8583646274175436,nan
circular,11,,,4,0.34375,nan,0.0,nan,0.8861753734675766,nan,0.886175373467578,nan
circular,11,,,5,0.34375,nan,0.0,nan,0.9481461023781195,nan,0.948146102378115,nan
circular,11,,,6,0.34375,nan,0.0,nan,0.9655616774622512,nan,0.9655616774622476,nan
circular,11,,,7,0.34375,nan,0.0,nan,0.9896919791610793,nan,0.9896919799361775,nan
circular,11,,,8,0.34375,nan,0.0,nan,0.9911709295110442,nan,0.9911709311232546,nan
circular,11,,,9,0.34375,nan,0.0,nan,0.9963615131907003,nan,0.9963615232553984,nan
circular,11,,,10,0.34375,nan,0.0,nan,0.9985651134116675,nan,0.9985651158793274,nan
circular,12,,,1,0.5,nan,1.0,nan,0.6534659776008462,nan,0.6170007548265509,nan
circular,12,,,2,0.5,nan,1.0,nan,0.8147711857542367,nan,0.7021778912678854,nan
circular,12,,,3,0.5,nan,1.0,nan,0.9866571250176187,nan,0.7803314794704943,nan
circular,12,,,4,0.5,nan,1.0,nan,0.9731235374917843,nan,0.8056139758796143,nan
circular,12,,,5,0.5,nan,1.0,nan,0.9999999853915029,nan,0.8635180862448447,nan
circular,12,,,6,0.5,nan,1.0,nan,0.9999280479785294,nan,0.8786240700620888,nan
circular,12,,,7,0.5,nan,1.0,nan,0.998961580810505,nan,0.930614535798523,nan
circular,12,,,8,0.5,nan,1.0,nan,0.9999997687834158,nan,0.9811855016149363,nan
circular,12,,,9,0.5,nan,1.0,nan,0.9954785910434549,nan,0.987929205186465,nan
circular,12,,,10,0.5,nan,1.0,nan,0.9999974275668156,nan,0.9957537097234056,nan
circular,13,,,1,0.3385416666666667,nan,0.16666666666666666,nan,0.6684174843954297,nan,0.6684174843954303,nan
circular,13,,,2,0.3385416666666667,nan,0.16666666666666666,nan,0.7606927155402085,nan,0.7606927155402085,nan
circular,13,,,3,0.3385416666666667,nan,0.16666666666666666,nan,0.8453591027597014,nan,0.8453591027597026,nan
circular,13,,,4,0.3385416666666667,nan,0.16666666666666666,nan,0.8727484738695831,nan,0.8727484738695823,nan
circular,13,,,5,0.3385416666666667,nan,0.16666666666666666,nan,0.93547792676525,nan,0.9354779267652483,nan
circular,13,,,6,0.3385416666666667,nan,0.16666666666666666,nan,0.951755470397524,nan,0.9517554703975285,nan
circular,13,,,7,0.3385416666666667,nan,0.16666666666666666,nan,0.9774969272453861,nan,0.9774969272453862,nan
circular,13,,,8,0.3385416666666667,nan,0.16666666666666666,nan,0.97531497198828,nan,0.9753149761865542,nan
circular,13,,,9,0.3385416666666667,nan,0.16666666666666666,nan,0.9953606452752157,nan,0.9940464421553971,nan
circular,13,,,10,0.3385416666666667,nan,0.16666666666666666,nan,0.9895477298813363,nan,0.9933917981431847,nan
circular,14,,,1,0.5,nan,1.0,nan,0.6534659776008453,nan,0.6170007548265508,nan
circular,14,,,2,0.5,nan,1.0,nan,0.8147711857542378,nan,0.7021778912678845,nan
circular,14,,,3,0.5,nan,1.0,nan,0.9866571250176185,nan,0.7803314794704935,nan
circular,14,,,4,0.5,nan,1.0,nan,0.97312353749179,nan,0.8056139758796176,nan
circular,14,,,5,0.5,nan,1.0,nan,0.9999999839497983,nan,0.8635180862448447,nan
circular,14,,,6,0.5,nan,1.0,nan,0.9999280507402029,nan,0.8785455336326479,nan
circular,14,,,7,0.5,nan,1.0,nan,0.9989615855982606,nan,0.9024802129957513,nan
circular,14,,,8,0.5,nan,1.0,nan,0.9999999881018801,nan,0.9014467922757428,nan
circular,14,,,9,0.5,nan,1.0,nan,0.999996980532722,nan,0.986225911197553,nan
circular,14,,,10,0.5,nan,1.0,nan,0.9999999544171684,nan,0.9167900038391584,nan
circular,15,,,1,0.33482142857142855,nan,0.2857142857142857,nan,0.6610722373141612,nan,0.6610722373141618,nan
circular,15,,,2,0.33482142857142855,nan,0.2857142857142857,nan,0.7523334549298765,nan,0.7523334549298774,nan
circular,15,,,3,0.33482142857142855,nan,0.2857142857142857,nan,0.8360694422898146,nan,0.8360694422898145,nan
circular,15,,,4,0.33482142857142855,nan,0.2857142857142857,nan,0.8631578312995881,nan,0.8631578312995901,nan
circular,15,,,5,0.33482142857142855,nan,0.2857142857142857,nan,0.9251979495480506,nan,0.9251979495480503,nan
circular,15,,,6,0.33482142857142855,nan,0.2857142857142857,nan,0.941298786034979,nan,0.94129878603498,nan
circular,15,,,7,0.33482142857142855,nan,0.2857142857142857,nan,0.9669434415495103,nan,0.9669434415480599,nan
circular,15,,,8,0.33482142857142855,nan,0.2857142857142857,nan,0.9654957649645926,nan,0.9654957658294727,nan
circular,15,,,9,0.33482142857142855,nan,0.2857142857142857,nan,0.9763589793528241,nan,0.9763589819799076,nan
circular,15,,,10,0.33482142857142855,nan,0.2857142857142857,nan,0.9846398375032732,nan,0.9814136124801859,nan
circular,16,,,1,0.5,nan,1.0,nan,0.6534659776008458,nan,0.6170007548265508,nan
circular,16,,,2,0.5,nan,1.0,nan,0.8147711857542359,nan,0.7021778912678847,nan
circular,16,,,3,0.5,nan,1.0,nan,0.986657125017617,nan,0.7803314794704933,nan
circular,16,,,4,0.5,nan,1.0,nan,0.9731235374917837,nan,0.8056139758796156,nan
circular,16,,,5,0.5,nan,1.0,nan,0.9999999854864297,nan,0.8635180862448474,nan
circular,16,,,6,0.5,nan,1.0,nan,0.9776204639756468,nan,0.8785455336326468,nan
circular,16,,,7,0.5,nan,1.0,nan,0.9986062967574015,nan,0.9024807102200171,nan
circular,16,,,8,0.5,nan,1.0,nan,0.9995119131019152,nan,0.9012173968300594,nan
circular,16,,,9,0.5,nan,1.0,nan,0.9999999924040684,nan,0.9179538760501198,nan
circular,16,,,10,0.5,nan,1.0,nan,0.9999997744555149,nan,0.9135490746642663,nan
circular,17,,,1,0.33203125,nan,0.375,nan,0.6555633020032098,nan,0.6555633020032103,nan
circular,17,,,2,0.33203125,nan,0.375,nan,0.7460640094721276,nan,0.7460640094721285,nan
circular,17,,,3,0.33203125,nan,0.375,nan,0.8291021969373996,nan,0.8291021969373992,nan
circular,17,,,4,0.33203125,nan,0.375,nan,0.8559648493720909,nan,0.8559648493720919,nan
circular,17,,,5,0.33203125,nan,0.375,nan,0.9174879666351525,nan,0.9174879666351513,nan
circular,17,,,6,0.33203125,nan,0.375,nan,0.9334546294846845,nan,0.9334546294846866,nan
circular,17,,,7,0.33203125,nan,0.375,nan,0.9588857539558396,nan,0.958885754113682,nan
circular,17,,,8,0.33203125,nan,0.375,nan,0.9575494661620045,nan,0.9575494690761418,nan
circular,17,,,9,0.33203125,nan,0.375,nan,0.9711469794414741,nan,0.9711469812960142,nan
circular,17,,,10,0.33203125,nan,0.375,nan,0.9837369176790282,nan,0.97702828399056,nan
circular,18,,,1,0.5,nan,1.0,nan,0.6534659776008449,nan,0.6170007548265509,nan
circular,18,,,2,0.5,nan,1.0,nan,0.8147711857542382,nan,0.7021778912678847,nan
circular,18,,,3,0.5,nan,1.0,nan,0.9866571250176186,nan,0.7803314794704929,nan
circular,18,,,4,0.5,nan,1.0,nan,0.9731235374917868,nan,0.8056139758796178,nan
circular,18,,,5,0.5,nan,1.0,nan,0.9999999958737011,nan,0.8635180862448502,nan
circular,18,,,6,0.5,nan,1.0,nan,0.9999987143889086,nan,0.8785455336326488,nan
circular,18,,,7,0.5,nan,1.0,nan,0.9999990416336604,nan,0.9024807099507951,nan
circular,18,,,8,0.5,nan,1.0,nan,0.9999886988914319,nan,0.9012240691267929,nan
circular,18,,,9,0.5,nan,1.0,nan,0.9999908120397522,nan,0.9144771319323668,nan
circular,18,,,10,0.5,nan,1.0,nan,0.9998604010810475,nan,0.9192192934591223,nan
circular,19,,,1,0.3298611111111111,nan,0.4444444444444444,nan,0.6512785745391364,nan,0.6512785745391372,nan
circular,19,,,2,0.3298611111111111,nan,0.4444444444444444,nan,0.7411877741161006,nan,0.7411877741161005,nan
circular,19,,,3,0.3298611111111111,nan,0.4444444444444444,nan,0.8236832283299655,nan,0.8236832283299651,nan
circular,19,,,4,0.3298611111111111,nan,0.4444444444444444,nan,0.850370307872927,nan,0.8503703078729248,nan
circular,19,,,5,0.3298611111111111,nan,0.4444444444444444,nan,0.9114913132584448,nan,0.911491313258446,nan
circular,19,,,6,0.3298611111111111,nan,0.4444444444444444,nan,0.9273536188344562,nan,0.9273536188344585,nan
circular,19,,,7,0.3298611111111111,nan,0.4444444444444444,nan,0.9526185271589939,nan,0.9526185271700656,nan
circular,19,,,8,0.3298611111111111,nan,0.4444444444444444,nan,0.9512920679960328,nan,0.9512920720829291,nan
circular,19,,,9,0.3298611111111111,nan,0.4444444444444444,nan,0.9652718023228805,nan,0.9652718050239871,nan
circular,19,,,10,0.3298611111111111,nan,0.4444444444444444,nan,0.9675201824064362,nan,0.9774292179742317,nan
circular,20,,,1,0.5,nan,1.0,nan,0.6534659776008455,nan,0.6170007548265508,nan
circular,20,,,2,0.5,nan,1.0,nan,0.8147711857542363,nan,0.7021778912678857,nan
circular,20,,,3,0.5,nan,1.0,nan,0.9866571250176186,nan,0.7803314794704928,nan
circular,20,,,4,0.5,nan,1.0,nan,0.9731235374917866,nan,0.8056139758796175,nan
circular,20,,,5,0.5,nan,1.0,nan,0.9999999958514035,nan,0.8635180862448457,nan
circular,20,,,6,0.5,nan,1.0,nan,0.9298052865848252,nan,0.8785455336326521,nan
circular,20,,,7,0.5,nan,1.0,nan,0.9999999543134848,nan,0.9024807099009404,nan
circular,20,,,8,0.5,nan,1.0,nan,0.9999931199738142,nan,0.9012240613070054,nan
circular,20,,,9,0.5,nan,1.0,nan,0.9999994462578361,nan,0.9144680758818116,nan
circular,20,,,10,0.5,nan,1.0,nan,0.9999973277779042,nan,0.9191864397794429,nan
