family,N,d,q,p,sample_idx,times_cold,times_warm,evals_cold,evals_warm,aratio_cold,aratio_warm
Gilbert,5,,0.1,1,0,3.0004049791023135,1.378721809014678,24,30,0.6510327624412556,0.8589115545978769
Gilbert,5,,0.1,1,1,0.9714928369503468,1.024403511080891,14,18,0.5000000000000002,0.75
Gilbert,5,,0.1,1,2,0.9461440839804709,1.021835554158315,14,18,0.5000000000000002,0.75
Gilbert,5,,0.1,1,3,1.1941941410768777,1.4459977259393781,24,36,0.8816805272182264,0.921653147773611
Gilbert,5,,0.1,1,4,0.9499258249998093,1.020227509085089,14,18,0.5000000000000002,0.75
Gilbert,5,,0.1,1,5,1.16124350996688,1.2381737590767443,18,20,0.6390555412095852,0.7024571608636677
Gilbert,5,,0.1,1,6,0.9761080739554018,1.0253866789862514,14,18,0.5000000000000002,0.75
Gilbert,5,,0.1,1,7,1.19167590001598,1.4601266039535403,24,36,0.8816805272182262,0.9216531477736112
Gilbert,5,,0.1,1,8,1.1841510517988354,1.4304309510625899,24,36,0.8816805272182263,0.9216531477736112
Gilbert,5,,0.1,1,9,1.2032126730773598,1.426424539880827,24,36,0.8816805272182263,0.9216531477736112
Gilbert,5,,0.1,1,10,1.138218941166997,1.2233905310276896,20,24,0.7098607832040397,0.8228259320804204
Gilbert,5,,0.1,1,11,1.1944046299904585,1.443965784041211,24,36,0.8816805272182263,0.9216531477736112
Gilbert,5,,0.1,1,12,1.1869319691322744,1.4365142649039626,24,36,0.8816805272182262,0.921653147773611
Gilbert,5,,0.1,1,13,0.9618503239471465,1.0148153831250966,14,18,0.5000000000000002,0.75
Gilbert,5,,0.1,1,14,1.1362821571528912,1.2228319779969752,20,24,0.7098607832040397,0.8228259320804204
Gilbert,5,,0.1,1,15,1.2083009982015938,1.4331397879868746,24,36,0.8816805272182262,0.9216531477736112
Gilbert,5,,0.1,1,16,0.948346896097064,1.0193222297821194,14,18,0.5000000000000002,0.75
Gilbert,5,,0.1,1,17,0.9392021191306412,1.0213385981041938,14,18,0.5000000000000002,0.75
Gilbert,5,,0.1,1,18,1.2216632009949535,1.3813644819892943,24,30,0.6510327624412557,0.8589115545978774
Gilbert,5,,0.1,1,19,1.2092916150577366,1.4452074109576643,24,36,0.8816805272182264,0.921653147773611
Gilbert,5,,0.1,2,0,2.4131717989221215,2.9863677870016545,56,72,0.8177933775187544,0.9384124847234274
Gilbert,5,,0.1,2,1,1.0068412059918046,1.093197189969942,16,20,0.49999999999999967,0.75
Gilbert,5,,0.1,2,2,1.0192612379323691,1.0902632439974695,16,20,0.49999999999999967,0.75
Gilbert,5,,0.1,2,3,2.4955764459446073,2.8112122220918536,62,76,0.973322696278797,0.9929963775681678
Gilbert,5,,0.1,2,4,1.0143703890498728,1.0884880269877613,16,20,0.49999999999999967,0.75
Gilbert,5,,0.1,2,5,3.0506559929344803,4.06569257308729,62,84,0.7671450131376554,0.8142550158300079
Gilbert,5,,0.1,2,6,1.015736224129796,1.0907115519512445,16,20,0.49999999999999967,0.75
Gilbert,5,,0.1,2,7,2.494366282830015,2.8034542449750006,62,76,0.9733226962787969,0.9929963775681674
Gilbert,5,,0.1,2,8,2.481720617040992,2.7834870719816536,62,76,0.9733226962787966,0.9929963775681676
Gilbert,5,,0.1,2,9,2.5851079910062253,2.7737556418869644,62,76,0.9733226962787966,0.9929963775681676
Gilbert,5,,0.1,2,10,2.439640864962712,2.5485272619407624,54,60,0.9607353718803421,0.9914479528779016
Gilbert,5,,0.1,2,11,2.579558983212337,2.9277225979603827,62,76,0.973322696278797,0.9929963775681675
Gilbert,5,,0.1,2,12,2.4858076539821923,2.780075395014137,62,76,0.9733226962787964,0.9929963775681679
Gilbert,5,,0.1,2,13,1.0108973749447614,1.085214836988598,16,20,0.49999999999999967,0.75
Gilbert,5,,0.1,2,14,2.397533386014402,2.5501651288941503,54,60,0.9607353718803423,0.9914479528779009
Gilbert,5,,0.1,2,15,2.4972004040610045,2.7825819819699973,62,76,0.9733226962787969,0.9929963775681674
Gilbert,5,,0.1,2,16,1.0090813860297203,1.0811564391478896,16,20,0.49999999999999967,0.75
Gilbert,5,,0.1,2,17,1.0035027039702982,1.09655925584957,16,20,0.49999999999999967,0.75
Gilbert,5,,0.1,2,18,2.407360176090151,2.9287920999340713,56,72,0.8177933775187542,0.938412484723428
Gilbert,5,,0.1,2,19,2.588833126006648,2.8093997209798545,62,76,0.9733226962787965,0.9929963775681674
Gilbert,5,,0.1,3,0,4.579222901025787,5.793982258066535,98,130,0.935965865268602,0.9952788929419472
Gilbert,5,,0.1,3,1,1.0992369500454515,1.1820633499883115,18,22,0.5000000000000004,0.75
Gilbert,5,,0.1,3,2,1.1058793710544705,1.1842096159234643,18,22,0.5000000000000004,0.75
Gilbert,5,,0.1,3,3,5.129101861035451,6.164955904008821,116,148,0.9999999999992131,0.9999999999977557
Gilbert,5,,0.1,3,4,1.1096662720665336,1.179716866929084,18,22,0.5000000000000004,0.75
Gilbert,5,,0.1,3,5,10.524346531135961,6.284940249985084,186,124,0.968242317423305,0.9564396403271557
Gilbert,5,,0.1,3,6,1.207980186212808,1.184888789895922,18,22,0.5000000000000004,0.75
Gilbert,5,,0.1,3,7,5.115486225113273,6.238983209943399,116,148,0.9999999999992133,0.9999999999977568
Gilbert,5,,0.1,3,8,4.984662772156298,6.091354744043201,116,148,0.999999999999213,0.9999999999977558
Gilbert,5,,0.1,3,9,5.001991099910811,6.188019470078871,116,148,0.999999999999213,0.9999999999977558
Gilbert,5,,0.1,3,10,6.452699922025204,5.043829869944602,132,108,0.9999999999819812,0.999999999942499
Gilbert,5,,0.1,3,11,4.9905407298356295,6.099039280088618,116,148,0.9999999999992133,0.999999999997756
Gilbert,5,,0.1,3,12,5.093407701002434,6.107579171890393,116,148,0.9999999999992137,0.999999999997756
Gilbert,5,,0.1,3,13,1.1065524709410965,1.1757435861509293,18,22,0.5000000000000004,0.75
Gilbert,5,,0.1,3,14,6.4261547098867595,4.961210247129202,132,108,0.9999999999819815,0.9999999999424986
Gilbert,5,,0.1,3,15,4.981050158850849,6.162857247050852,116,148,0.9999999999992133,0.9999999999977568
Gilbert,5,,0.1,3,16,1.10070569999516,1.1699528680182993,18,22,0.5000000000000004,0.75
Gilbert,5,,0.1,3,17,1.101348548894748,1.177642185939476,18,22,0.5000000000000004,0.75
Gilbert,5,,0.1,3,18,4.635816446039826,5.816326881060377,98,130,0.9359658652686027,0.9952788929419475
Gilbert,5,,0.1,3,19,4.979230986209586,6.138969738967717,116,148,0.9999999999992133,0.9999999999977554
Gilbert,5,,0.1,4,0,7.017927321139723,10.708907263120636,136,206,0.9915548427426202,0.998444854775918
Gilbert,5,,0.1,4,1,1.2130196138750762,1.297520691063255,20,24,0.4999999999999994,0.75
Gilbert,5,,0.1,4,2,1.2243347968906164,1.3795399800874293,20,24,0.4999999999999994,0.75
Gilbert,5,,0.1,4,3,7.752843389986083,8.50943886092864,160,186,0.9999999999836462,0.9999999996435316
Gilbert,5,,0.1,4,4,1.220711330184713,1.295400775037706,20,24,0.4999999999999994,0.75
Gilbert,5,,0.1,4,5,18.99494743696414,13.378792742965743,298,216,0.9885937321737363,0.9810552821948434
Gilbert,5,,0.1,4,6,1.2205397970974445,1.2933922968804836,20,24,0.4999999999999994,0.75
Gilbert,5,,0.1,4,7,7.777307786047459,8.4979462120682,160,186,0.9999999999836475,0.9999999996435311
Gilbert,5,,0.1,4,8,7.716171293985099,8.425179979996756,160,186,0.9999999999836469,0.9999999996435308
Gilbert,5,,0.1,4,9,7.691315270960331,8.330862389877439,160,186,0.9999999999836469,0.9999999996435308
Gilbert,5,,0.1,4,10,8.740478005027398,7.078808814985678,168,140,0.9999999999087236,0.9999999999995556
Gilbert,5,,0.1,4,11,7.674695006106049,8.475910727865994,160,186,0.9999999999836464,0.9999999996435318
Gilbert,5,,0.1,4,12,7.690032782964408,8.41471601719968,160,186,0.9999999999836469,0.9999999996435309
Gilbert,5,,0.1,4,13,1.2173739839345217,1.2837727509904653,20,24,0.4999999999999994,0.75
Gilbert,5,,0.1,4,14,8.755571098998189,7.095663049025461,168,140,0.9999999999087242,0.9999999999995567
Gilbert,5,,0.1,4,15,7.723125641932711,8.527732132002711,160,186,0.9999999999836475,0.9999999996435311
Gilbert,5,,0.1,4,16,1.2147430521436036,1.280445803888142,20,24,0.4999999999999994,0.75
Gilbert,5,,0.1,4,17,1.2289379101712257,1.2965702910441905,20,24,0.4999999999999994,0.75
Gilbert,5,,0.1,4,18,7.075837953016162,10.87561505381018,136,206,0.9915548427426196,0.9984448547759168
Gilbert,5,,0.1,4,19,7.711936404928565,8.540954977972433,160,186,0.9999999999836473,0.9999999996435311
Gilbert,5,,0.1,5,0,15.093238012865186,37.41235969308764,240,546,0.9943371164226334,0.9999014211006054
Gilbert,5,,0.1,5,1,1.3504396229982376,1.4293721169233322,22,26,0.5000000000000007,0.75
Gilbert,5,,0.1,5,2,1.356744522927329,1.4341012299992144,22,26,0.5000000000000007,0.75
Gilbert,5,,0.1,5,3,10.27199454093352,10.787423842819408,194,216,0.9999999999073255,0.9999999997879825
Gilbert,5,,0.1,5,4,1.3600532298441976,1.426116470945999,22,26,0.5000000000000007,0.75
Gilbert,5,,0.1,5,5,45.374797269003466,28.124857389135286,584,376,0.9999999846935486,0.9912140251552097
Gilbert,5,,0.1,5,6,1.3678618450649083,1.4301028521731496,22,26,0.5000000000000007,0.75
Gilbert,5,,0.1,5,7,10.19396862690337,10.616654036100954,194,216,0.9999999999073258,0.9999999997879823
Gilbert,5,,0.1,5,8,10.221057035960257,10.640408148989081,194,216,0.9999999999073259,0.9999999997879825
Gilbert,5,,0.1,5,9,10.114980459911749,10.664364447118714,194,216,0.9999999999073259,0.9999999997879825
Gilbert,5,,0.1,5,10,11.767529051983729,9.392931299982592,206,170,0.9999999999992023,0.9999999999999094
Gilbert,5,,0.1,5,11,10.108930858084932,10.551671779947355,194,216,0.9999999999073254,0.9999999997879825
Gilbert,5,,0.1,5,12,10.150727455038577,10.674010662129149,194,216,0.9999999999073257,0.9999999997879818
Gilbert,5,,0.1,5,13,1.349279629997909,1.527380869956687,22,26,0.5000000000000007,0.75
Gilbert,5,,0.1,5,14,11.781527510844171,9.51560096279718,206,170,0.9999999999992024,0.9999999999999084
Gilbert,5,,0.1,5,15,10.20735379611142,10.800396257080138,194,216,0.9999999999073258,0.9999999997879823
Gilbert,5,,0.1,5,16,1.3482786039821804,1.420224377186969,22,26,0.5000000000000007,0.75
Gilbert,5,,0.1,5,17,1.3468669462017715,1.4210914860013872,22,26,0.5000000000000007,0.75
Gilbert,5,,0.1,5,18,15.209650289965793,26.053980119992048,240,400,0.9943371164226341,0.9995423851223724
Gilbert,5,,0.1,5,19,10.121013688854873,10.78181939991191,194,216,0.9999999999073254,0.999999999787982
Gilbert,5,,0.1,6,0,34.32191593805328,63.81249580718577,446,838,0.9978788103649908,0.9998832819299323
Gilbert,5,,0.1,6,1,1.5217109818477184,1.5924367478583008,24,28,0.4999999999999991,0.75
Gilbert,5,,0.1,6,2,1.521958061028272,1.5937809871975332,24,28,0.4999999999999991,0.75
Gilbert,5,,0.1,6,3,13.152338654967025,13.429597477894276,228,248,0.9999999999667929,0.9999999997902597
Gilbert,5,,0.1,6,4,1.5223224419169128,1.588117446983233,24,28,0.4999999999999991,0.75
Gilbert,5,,0.1,6,5,57.111863638972864,46.30199273186736,692,546,0.9999999933429826,0.9999999996330546
Gilbert,5,,0.1,6,6,1.5166306819301099,1.6818878040648997,24,28,0.4999999999999991,0.75
Gilbert,5,,0.1,6,7,13.252991820918396,13.495746375992894,228,248,0.9999999999667919,0.9999999997902601
Gilbert,5,,0.1,6,8,13.061179609969258,13.32216800795868,228,248,0.9999999999667923,0.9999999997902598
Gilbert,5,,0.1,6,9,13.16751648299396,13.347652637166902,228,248,0.9999999999667923,0.9999999997902598
Gilbert,5,,0.1,6,10,15.30958379083313,12.121131918858737,244,198,0.9999999999900405,0.9999999999985626
Gilbert,5,,0.1,6,11,13.201136328047141,13.425377859035507,228,248,0.9999999999667919,0.999999999790259
Gilbert,5,,0.1,6,12,13.061348150018603,13.432315869024023,228,248,0.9999999999667919,0.99999999979026
Gilbert,5,,0.1,6,13,1.5112615618854761,1.5819305770564824,24,28,0.4999999999999991,0.75
Gilbert,5,,0.1,6,14,15.351693538948894,11.966018802020699,244,198,0.9999999999900394,0.9999999999985607
Gilbert,5,,0.1,6,15,13.092350641964003,13.313995047006756,228,248,0.9999999999667919,0.9999999997902601
Gilbert,5,,0.1,6,16,1.5084025070536882,1.572293212171644,24,28,0.4999999999999991,0.75
Gilbert,5,,0.1,6,17,1.5050389009993523,1.7044291668571532,24,28,0.4999999999999991,0.75
Gilbert,5,,0.1,6,18,36.45163132692687,98.03217936307192,446,1168,0.9978788103928287,0.9999135646445245
Gilbert,5,,0.1,6,19,13.095574110979214,13.500414222013205,228,248,0.9999999999667931,0.9999999997902607
Gilbert,5,,0.1,7,0,80.40022860490717,110.06438650609925,882,1274,0.9999999991653316,0.9999220353548954
Gilbert,5,,0.1,7,1,1.7092015279922634,1.7721759059932083,26,30,0.500000000000001,0.75
Gilbert,5,,0.1,7,2,1.706927680876106,1.7684765809681267,26,30,0.500000000000001,0.75
Gilbert,5,,0.1,7,3,15.76872463291511,16.034498198889196,254,274,0.9999999999949029,0.9999999999946056
Gilbert,5,,0.1,7,4,1.789810761809349,1.8520344190765172,26,30,0.500000000000001,0.75
Gilbert,5,,0.1,7,5,65.85506406892091,57.84357688087039,762,638,0.9999999996561397,0.9999999992296313
Gilbert,5,,0.1,7,6,1.700626535108313,1.768219263991341,26,30,0.500000000000001,0.75
Gilbert,5,,0.1,7,7,15.748298021964729,15.986666284967214,254,274,0.9999999999949024,0.9999999999946054
Gilbert,5,,0.1,7,8,15.691744749201462,15.985271805897355,254,274,0.9999999999949021,0.9999999999946054
Gilbert,5,,0.1,7,9,15.676463391864672,16.020828853128478,254,274,0.9999999999949021,0.9999999999946054
Gilbert,5,,0.1,7,10,19.390518435975537,14.38086841488257,282,220,0.9999999999997916,0.9999999999753179
Gilbert,5,,0.1,7,11,15.83536688820459,15.956901244819164,254,274,0.9999999999949034,0.9999999999946054
Gilbert,5,,0.1,7,12,15.691287894034758,16.077958359848708,254,274,0.9999999999949025,0.9999999999946051
Gilbert,5,,0.1,7,13,1.692724748980254,1.7568684490397573,26,30,0.500000000000001,0.75
Gilbert,5,,0.1,7,14,19.39430972188711,14.435248099965975,282,220,0.999999999999792,0.999999999975319
Gilbert,5,,0.1,7,15,15.662367416080087,16.07971016294323,254,274,0.9999999999949024,0.9999999999946054
Gilbert,5,,0.1,7,16,1.8302336300257593,1.8618075428530574,26,30,0.500000000000001,0.75
Gilbert,5,,0.1,7,17,1.6906205359846354,1.75870699621737,26,30,0.500000000000001,0.75
Gilbert,5,,0.1,7,18,96.55567838996649,120.3755311050918,1020,1374,0.999999999797307,0.9999912166226556
Gilbert,5,,0.1,7,19,15.693651923211291,16.089018251979724,254,274,0.9999999999949016,0.9999999999946054
Gilbert,5,,0.1,8,0,123.93778978195041,150.71218658797443,1238,1618,0.9999999993041365,0.9999999848598649
Gilbert,5,,0.1,8,1,2.006959611084312,2.0655564558692276,28,32,0.49999999999999883,0.75
Gilbert,5,,0.1,8,2,1.9995106521528214,1.9754264778457582,28,32,0.49999999999999883,0.75
Gilbert,5,,0.1,8,3,19.012740443926305,19.06141657102853,282,300,0.9999999995619662,0.9999999999996996
Gilbert,5,,0.1,8,4,1.9059850010089576,1.9728143969550729,28,32,0.49999999999999883,0.75
Gilbert,5,,0.1,8,5,75.38197965407744,68.202200391097,828,704,0.9999999993119523,0.9999999996232154
Gilbert,5,,0.1,8,6,1.9103362399619073,1.9712513079866767,28,32,0.49999999999999883,0.75
Gilbert,5,,0.1,8,7,19.030501264845952,18.899953784886748,282,300,0.9999999995619666,0.9999999999996992
Gilbert,5,,0.1,8,8,18.89855301612988,18.803199439076707,282,300,0.9999999995619657,0.9999999999996976
Gilbert,5,,0.1,8,9,18.87184290518053,18.953438610071316,282,300,0.9999999995619657,0.9999999999996976
Gilbert,5,,0.1,8,10,24.120006631826982,17.268364562187344,320,244,0.9999999999998339,0.9999999999996105
Gilbert,5,,0.1,8,11,18.94915272598155,18.917916594073176,282,300,0.9999999995619666,0.9999999999996978
Gilbert,5,,0.1,8,12,18.790771783096716,19.02306936401874,282,300,0.9999999995619674,0.9999999999996984
Gilbert,5,,0.1,8,13,1.8912360740359873,1.9628292268607765,28,32,0.49999999999999883,0.75
Gilbert,5,,0.1,8,14,24.05089491698891,17.672085480066016,320,244,0.9999999999998331,0.9999999999996104
Gilbert,5,,0.1,8,15,18.84142437693663,18.961394410114735,282,300,0.9999999995619666,0.9999999999996992
Gilbert,5,,0.1,8,16,1.892121568089351,1.9515280099585652,28,32,0.49999999999999883,0.75
Gilbert,5,,0.1,8,17,1.935152204008773,1.956251892959699,28,32,0.49999999999999883,0.75
Gilbert,5,,0.1,8,18,108.75409159902483,171.15702423104085,1124,1800,0.9999999994566242,0.9999999984550136
Gilbert,5,,0.1,8,19,18.855757004814222,19.072519240900874,282,300,0.9999999995619657,0.9999999999996982
Gilbert,5,,0.1,9,0,132.84756062505767,188.79779608990066,1310,1896,0.9999999993968326,0.9999999964395438
Gilbert,5,,0.1,9,1,2.142410613130778,2.2027141549624503,30,34,0.5000000000000013,0.75
Gilbert,5,,0.1,9,2,2.1366655922029167,2.2914417849387974,30,34,0.5000000000000013,0.75
Gilbert,5,,0.1,9,3,22.855467488989234,22.202188707888126,312,326,0.9999999999994926,0.9999999999997802
Gilbert,5,,0.1,9,4,2.1419468119274825,2.285991784883663,30,34,0.5000000000000013,0.75
Gilbert,5,,0.1,9,5,87.12624741299078,79.51676690694876,902,782,0.9999999980481983,0.9999999999625713
Gilbert,5,,0.1,9,6,2.240551143884659,2.2007606939878315,30,34,0.5000000000000013,0.75
Gilbert,5,,0.1,9,7,22.68906277185306,22.134212639881298,312,326,0.9999999999994929,0.9999999999997798
Gilbert,5,,0.1,9,8,22.633829028112814,21.97847377578728,312,326,0.9999999999994935,0.9999999999997802
Gilbert,5,,0.1,9,9,22.60218953783624,22.213168960995972,312,326,0.9999999999994935,0.9999999999997802
Gilbert,5,,0.1,9,10,28.929901954950765,20.256179627031088,356,266,0.9999999999737067,0.9999999999964001
Gilbert,5,,0.1,9,11,22.874624781077728,21.954310084925964,312,326,0.9999999999994924,0.99999999999978
Gilbert,5,,0.1,9,12,22.646250369027257,22.259559677913785,312,326,0.9999999999994935,0.9999999999997811
Gilbert,5,,0.1,9,13,2.2598012038506567,2.187768741045147,30,34,0.5000000000000013,0.75
Gilbert,5,,0.1,9,14,28.8515109019354,20.49849200504832,356,266,0.9999999999737068,0.9999999999964014
Gilbert,5,,0.1,9,15,22.60669737914577,22.268190728034824,312,326,0.9999999999994929,0.9999999999997798
Gilbert,5,,0.1,9,16,2.1225290880538523,2.1853206041269004,30,34,0.5000000000000013,0.75
Gilbert,5,,0.1,9,17,2.2589072762057185,2.1804746510460973,30,34,0.5000000000000013,0.75
Gilbert,5,,0.1,9,18,136.1729204559233,261.603679579217,1328,2476,0.9999999978427385,0.9999987961823233
Gilbert,5,,0.1,9,19,22.522978754946962,22.173841018928215,312,326,0.9999999999994932,0.9999999999997802
Gilbert,5,,0.1,10,0,145.1909933469724,217.90986189991236,1386,2094,0.9999999993375005,0.9999999815372432
Gilbert,5,,0.1,10,1,2.4884339969139546,2.5457349431235343,32,36,0.4999999999999985,0.75
Gilbert,5,,0.1,10,2,2.416463221888989,2.4734051590785384,32,36,0.4999999999999985,0.75
Gilbert,5,,0.1,10,3,27.040237725013867,25.290323870955035,342,348,0.9999999999928522,0.9999999999996159
Gilbert,5,,0.1,10,4,2.501571180066094,2.4510259970556945,32,36,0.4999999999999985,0.75
Gilbert,5,,0.1,10,5,97.64818172296509,90.68657988193445,962,846,0.9999999998139989,0.9999999999733019
Gilbert,5,,0.1,10,6,2.3797779048327357,2.5387128959409893,32,36,0.4999999999999985,0.75
Gilbert,5,,0.1,10,7,27.06647222698666,25.259969394886866,342,348,0.9999999999928525,0.9999999999996162
Gilbert,5,,0.1,10,8,26.766121616819873,25.058658176101744,342,348,0.9999999999928528,0.9999999999996156
Gilbert,5,,0.1,10,9,26.741300733061507,25.240642667980865,342,348,0.9999999999928528,0.9999999999996156
Gilbert,5,,0.1,10,10,34.360774961998686,23.902139892801642,392,290,0.9999999999970087,0.9999999999922246
Gilbert,5,,0.1,10,11,26.91025426099077,25.070074524031952,342,348,0.9999999999928527,0.9999999999996161
Gilbert,5,,0.1,10,12,26.700038466835395,25.37983488594182,342,348,0.9999999999928509,0.9999999999996166
Gilbert,5,,0.1,10,13,2.3846672258805484,2.5299724221695215,32,36,0.4999999999999985,0.75
Gilbert,5,,0.1,10,14,34.50050590909086,24.072540946071967,392,290,0.9999999999970091,0.9999999999922234
Gilbert,5,,0.1,10,15,26.765293044038117,25.232773679075763,342,348,0.9999999999928525,0.9999999999996162
Gilbert,5,,0.1,10,16,2.4860683688893914,2.5645516929216683,32,36,0.4999999999999985,0.75
Gilbert,5,,0.1,10,17,2.3916864881757647,2.544585251947865,32,36,0.4999999999999985,0.75
Gilbert,5,,0.1,10,18,153.52308307401836,317.3112494989764,1436,2842,0.9999999982166677,0.9999999314366582
Gilbert,5,,0.1,10,19,26.706080108880997,25.52446112711914,342,348,0.9999999999928525,0.9999999999996165
Gilbert,5,,0.25,1,0,0.6834802888333797,0.34017699188552797,32,44,0.39802367869239436,0.8435492846645739
Gilbert,5,,0.25,1,1,0.2504951641894877,0.2700032591819763,26,34,0.48607891094024724,0.8111970029275081
Gilbert,5,,0.25,1,2,0.2292112100403756,0.25594513793475926,24,36,0.8816805272182263,0.9216531477736112
Gilbert,5,,0.25,1,3,0.21099840896204114,0.2737382410559803,24,36,0.8816805272182263,0.9216531477736112
Gilbert,5,,0.25,1,4,0.16811105702072382,0.18197971093468368,14,18,0.5000000000000002,0.75
Gilbert,5,,0.25,1,5,0.23254553996957839,0.2866898470092565,26,34,0.48607891094024724,0.8111970029275083
Gilbert,5,,0.25,1,6,0.25133978202939034,0.5347582590766251,28,86,0.42792305966929406,0.8429650338722449
Gilbert,5,,0.25,1,7,0.21891383081674576,0.2180969901382923,20,24,0.7098607832040397,0.8228259320804204
Gilbert,5,,0.25,1,8,0.2501897090114653,0.5311497328802943,28,86,0.42792305966929406,0.8429650338722449
Gilbert,5,,0.25,1,9,0.25011596782132983,0.3274699829053134,26,48,0.5984406188950052,0.8646893704290834
Gilbert,5,,0.25,1,10,0.34723766101524234,0.3421641020104289,32,44,0.39802367869239436,0.8435492846645737
Gilbert,5,,0.25,1,11,0.2526408729609102,0.2699229351710528,26,34,0.48607891094024724,0.811197002927508
Gilbert,5,,0.25,1,12,0.18653653794899583,0.1817285381257534,14,18,0.5000000000000002,0.75
Gilbert,5,,0.25,1,13,0.17050559888593853,0.18252009409479797,14,18,0.5000000000000002,0.75
Gilbert,5,,0.25,1,14,0.26845145085826516,0.3238501700107008,32,44,0.39802367869239436,0.843549284664574
Gilbert,5,,0.25,1,15,0.23545769811607897,0.28409224399365485,26,34,0.4860789109402473,0.8111970029275083
Gilbert,5,,0.25,1,16,0.26889919489622116,0.32517900108359754,32,44,0.39802367869239436,0.843549284664574
Gilbert,5,,0.25,1,17,0.2669951019342989,0.3420613252092153,30,42,0.3463913464438522,0.6075715976024811
Gilbert,5,,0.25,1,18,0.24994363286532462,0.3112302399240434,26,44,0.48607891094024724,0.792384223513977
Gilbert,5,,0.25,1,19,0.29239723994396627,0.2582809799350798,40,28,0.47283446583475874,0.5036650431106694
Gilbert,5,,0.25,2,0,0.5135791830252856,0.49129868298768997,68,68,0.7086555675210491,0.9292994466798926
Gilbert,5,,0.25,2,1,0.7289119630586356,0.4520486171822995,92,62,0.8417319942414752,0.9459356698839209
Gilbert,5,,0.25,2,2,0.43298050318844616,0.4837080370634794,62,76,0.973322696278797,0.9929963775681675
Gilbert,5,,0.25,2,3,0.4280881439335644,0.48254843801259995,62,76,0.9733226962787966,0.9929963775681676
Gilbert,5,,0.25,2,4,0.17940152809023857,0.1916349499952048,16,20,0.49999999999999967,0.75
Gilbert,5,,0.25,2,5,0.6735791279934347,0.5242285709828138,92,62,0.8417319942414755,0.9459356698839207
Gilbert,5,,0.25,2,6,0.4929041489958763,0.667413986986503,62,108,0.6636953026612443,0.9294579910434942
Gilbert,5,,0.25,2,7,0.41297302884049714,0.43851677188649774,54,60,0.9607353718803423,0.991447952877901
Gilbert,5,,0.25,2,8,0.48886382789351046,0.6705844290554523,62,108,0.6636953026612443,0.9294579910434941
Gilbert,5,,0.25,2,9,0.4296718700788915,0.7378586549311876,56,112,0.70759824722439,0.8742619963707232
Gilbert,5,,0.25,2,10,0.5215259168762714,0.5659750429913402,68,68,0.7086555675210491,0.9292994466798931
Gilbert,5,,0.25,2,11,0.6714683761820197,0.4503016450908035,92,62,0.8417319942414753,0.9459356698839209
Gilbert,5,,0.25,2,12,0.18059130804613233,0.19367230799980462,16,20,0.49999999999999967,0.75
Gilbert,5,,0.25,2,13,0.1801644079387188,0.19297914393246174,16,20,0.49999999999999967,0.75
Gilbert,5,,0.25,2,14,0.5220866829622537,0.4903911279980093,68,68,0.7086555675210491,0.9292994466798928
Gilbert,5,,0.25,2,15,0.7634373970795423,0.44960710196755826,92,62,0.8417319942414748,0.9459356698839203
Gilbert,5,,0.25,2,16,0.522402822971344,0.48926326213404536,68,68,0.7086555675210487,0.9292994466798928
Gilbert,5,,0.25,2,17,0.476475128903985,0.5430678159464151,58,72,0.5179045103468054,0.7170314718126622
Gilbert,5,,0.25,2,18,0.6725438490975648,0.5199612190481275,92,76,0.8417319942414753,0.9192924590850073
Gilbert,5,,0.25,2,19,0.5294325919821858,0.46086822100915015,76,62,0.741629332838243,0.8482934124708259
Gilbert,5,,0.25,3,0,1.4361305171623826,0.767382260877639,158,98,0.8634360061415892,0.9679022526226823
Gilbert,5,,0.25,3,1,1.1377371959388256,0.8339963729958981,138,98,0.9361544540962803,0.9612375696426856
Gilbert,5,,0.25,3,2,0.9066956990864128,1.0980738489888608,116,148,0.9999999999992133,0.999999999997756
Gilbert,5,,0.25,3,3,0.8467716800514609,1.0948112360201776,116,148,0.999999999999213,0.9999999999977558
Gilbert,5,,0.25,3,4,0.19489683397114277,0.20725752599537373,18,22,0.5000000000000004,0.75
Gilbert,5,,0.25,3,5,1.1386519391089678,0.7739854860119522,138,98,0.9361544540962798,0.9612375696426848
Gilbert,5,,0.25,3,6,1.2360611921176314,0.9970286281313747,134,136,0.92108924124005,0.9676961374146732
Gilbert,5,,0.25,3,7,1.1233787201344967,0.8334263041615486,132,108,0.9999999999819812,0.9999999999424986
Gilbert,5,,0.25,3,8,1.2405617069453,1.0044485409744084,134,136,0.9210892412400499,0.9676961374146732
Gilbert,5,,0.25,3,9,1.1057916849385947,1.3771719879005104,124,176,0.7346918252412937,0.9218388620558415
Gilbert,5,,0.25,3,10,1.4556738501414657,0.7751169831026345,158,98,0.863436006141589,0.9679022526226828
Gilbert,5,,0.25,3,11,1.0815419519785792,0.8524136880878359,138,98,0.9361544540962798,0.9612375696426853
Gilbert,5,,0.25,3,12,0.19412977807223797,0.2085001680534333,18,22,0.5000000000000004,0.75
Gilbert,5,,0.25,3,13,0.1947061070241034,0.2081061729695648,18,22,0.5000000000000004,0.75
Gilbert,5,,0.25,3,14,1.44647715985775,0.7726033499930054,158,98,0.8634360061415887,0.9679022526226809
Gilbert,5,,0.25,3,15,1.0784144750796258,0.7700126890558749,138,98,0.9361544540962798,0.9612375696426853
Gilbert,5,,0.25,3,16,1.479131611995399,0.8743638519663364,158,98,0.8634360061415892,0.9679022526226818
Gilbert,5,,0.25,3,17,1.2984653220046312,1.0410426689777523,130,112,0.8375062685184532,0.8056319854451695
Gilbert,5,,0.25,3,18,1.1829130710102618,1.065772061003372,138,126,0.9361544540962798,0.9634433425961623
Gilbert,5,,0.25,3,19,1.4102199140470475,1.1079884620849043,178,124,0.804738058782766,0.9090145417529597
Gilbert,5,,0.25,4,0,2.238708049058914,1.2886140798218548,226,134,0.8883849077103676,0.9867833283208185
Gilbert,5,,0.25,4,1,1.882048973115161,1.5117494291625917,202,160,0.9004885712942269,0.9933241996662986
Gilbert,5,,0.25,4,2,1.329301801044494,1.456665044883266,160,186,0.9999999999836464,0.9999999996435318
Gilbert,5,,0.25,4,3,1.3243399430066347,1.4589243268128484,160,186,0.9999999999836469,0.9999999996435308
Gilbert,5,,0.25,4,4,0.21344908187165856,0.2263129639904946,20,24,0.4999999999999994,0.75
Gilbert,5,,0.25,4,5,1.903346138074994,1.5855446259956807,202,160,0.9004885712942273,0.9933241996662997
Gilbert,5,,0.25,4,6,3.1494623529724777,1.360552511876449,278,166,0.9329095594956831,0.986700489817852
Gilbert,5,,0.25,4,7,1.4902618860360235,1.2276000150013715,168,140,0.9999999999087238,0.9999999999995555
Gilbert,5,,0.25,4,8,3.079043425852433,1.3570244540460408,278,166,0.9329095594846399,0.986700489817851
Gilbert,5,,0.25,4,9,1.990751788020134,2.3465971341356635,198,258,0.8222008323467812,0.9345902511188642
Gilbert,5,,0.25,4,10,2.3325213061179966,1.2828052418772131,226,134,0.8883849077103675,0.986783328320819
Gilbert,5,,0.25,4,11,1.9388344348408282,1.537789428140968,202,160,0.9004885712942268,0.9933241996662998
Gilbert,5,,0.25,4,12,0.21264603803865612,0.2269707468803972,20,24,0.4999999999999994,0.75
Gilbert,5,,0.25,4,13,0.2139915379229933,0.2277564520481974,20,24,0.4999999999999994,0.75
Gilbert,5,,0.25,4,14,2.4211919580120593,1.284298747079447,226,134,0.8883849077103682,0.9867833283208177
Gilbert,5,,0.25,4,15,1.9545228770002723,1.630758467828855,202,160,0.9004885712942269,0.9933241996662995
Gilbert,5,,0.25,4,16,2.342871400061995,1.1882856620941311,226,134,0.8883849077103673,0.9867833283208184
Gilbert,5,,0.25,4,17,2.177781840087846,1.470812357030809,194,146,0.862102181372785,0.9087177289107163
Gilbert,5,,0.25,4,18,1.9767201538197696,1.6894710331689566,202,182,0.9004885712942264,0.9898784764040583
Gilbert,5,,0.25,4,19,2.697268769843504,1.7464235599618405,276,182,0.9386980348109318,0.9886659530178107
Gilbert,5,,0.25,5,0,3.4967311520595104,1.9119578159879893,310,178,0.8934292517685029,0.9895627368385694
Gilbert,5,,0.25,5,1,3.5709316548891366,4.741742603015155,320,378,0.99125968927552,0.9970986435107219
Gilbert,5,,0.25,5,2,1.7703154031187296,1.8683252548798919,194,216,0.9999999999073254,0.9999999997879825
Gilbert,5,,0.25,5,3,1.7750737408641726,1.8482812440488487,194,216,0.9999999999073259,0.9999999997879825
Gilbert,5,,0.25,5,4,0.23414867208339274,0.24739464512094855,22,26,0.5000000000000007,0.75
Gilbert,5,,0.25,5,5,3.64985692105256,4.751938501838595,320,378,0.99125968927552,0.9970986435078592
Gilbert,5,,0.25,5,6,5.740320974960923,2.0332517430651933,448,210,0.9382090356314782,0.9906675589598098
Gilbert,5,,0.25,5,7,2.0514331699814647,1.6813909912016243,206,170,0.999999999999202,0.9999999999999091
Gilbert,5,,0.25,5,8,5.798443760955706,2.0653860850725323,450,210,0.9382090358686996,0.9906675589598085
Gilbert,5,,0.25,5,9,3.646829952020198,4.856353919953108,312,426,0.9521920233497685,0.9681792548913513
Gilbert,5,,0.25,5,10,3.6837434521876276,1.976397582096979,310,178,0.8934292517685046,0.9895627368385691
Gilbert,5,,0.25,5,11,4.552106326911598,4.810392280109227,320,378,0.9912596892755184,0.9970986435094994
Gilbert,5,,0.25,5,12,0.234144157031551,0.24761064816266298,22,26,0.5000000000000007,0.75
Gilbert,5,,0.25,5,13,0.2346678781323135,0.24889380182139575,22,26,0.5000000000000007,0.75
Gilbert,5,,0.25,5,14,3.691401115152985,1.9831656320020556,310,178,0.8934292517685036,0.9895627368385694
Gilbert,5,,0.25,5,15,3.709231632994488,4.806256535928696,320,378,0.99125968927552,0.9970986435090262
Gilbert,5,,0.25,5,16,3.7275642498862,1.995641577988863,310,178,0.8934292517685026,0.9895627368385697
Gilbert,5,,0.25,5,17,3.465137743158266,2.379601340042427,266,200,0.9038649014632153,0.9250486238365218
Gilbert,5,,0.25,5,18,3.645123975118622,5.632396079134196,320,446,0.9912596892755193,0.9973288371646335
Gilbert,5,,0.25,5,19,5.292056465987116,4.56853859894909,442,368,0.9806210958360806,0.9999999980768691
Gilbert,5,,0.25,6,0,5.094169293064624,3.9628562228754163,400,292,0.8683482232743178,0.9978129371920422
Gilbert,5,,0.25,6,1,6.2184630951378495,7.795713939936832,474,556,0.9555158339735742,0.999784477533888
Gilbert,5,,0.25,6,2,2.2275067719165236,2.271445117890835,228,248,0.9999999999667919,0.999999999790259
Gilbert,5,,0.25,6,3,2.275444566970691,2.2753607269842178,228,248,0.9999999999667923,0.9999999997902598
Gilbert,5,,0.25,6,4,0.2600667781662196,0.3327163700014353,24,28,0.4999999999999991,0.75
Gilbert,5,,0.25,6,5,6.371681101853028,7.9381729969754815,474,558,0.955515833973502,0.9997844788580738
Gilbert,5,,0.25,6,6,10.568159631919116,3.804543939884752,706,306,0.9920524229358222,0.997462248390414
Gilbert,5,,0.25,6,7,2.5772422219160944,2.0686378460377455,244,198,0.9999999999900404,0.9999999999985616
Gilbert,5,,0.25,6,8,10.233645053114742,3.820755103835836,690,306,0.990845406041839,0.9974622483904145
Gilbert,5,,0.25,6,9,6.706743931863457,10.779077685903758,486,768,0.9974793609993624,0.9999975448726953
Gilbert,5,,0.25,6,10,5.302373504964635,4.137591334991157,400,292,0.8683482232743175,0.9978129371920424
Gilbert,5,,0.25,6,11,6.4005436261650175,8.103872528998181,474,564,0.9555158339735463,0.9997844746261365
Gilbert,5,,0.25,6,12,0.3430304469075054,0.27451704698614776,24,28,0.4999999999999991,0.75
Gilbert,5,,0.25,6,13,0.2611627969890833,0.2757120600435883,24,28,0.4999999999999991,0.75
Gilbert,5,,0.25,6,14,5.393992317141965,4.102786277187988,400,292,0.868348223274317,0.9978129371920418
Gilbert,5,,0.25,6,15,6.412019015988335,8.040709618013352,474,560,0.9555158339734949,0.9997844789342659
Gilbert,5,,0.25,6,16,5.397770598996431,4.111090882914141,400,292,0.8683482232743174,0.9978129371920423
Gilbert,5,,0.25,6,17,5.439005940919742,3.70487713906914,362,262,0.9209845146701171,0.9580788505131296
Gilbert,5,,0.25,6,18,6.510210213949904,11.864269417943433,474,794,0.9555158339735236,0.9988852828481628
Gilbert,5,,0.25,6,19,8.898276910884306,9.272626827005297,652,628,0.9920555218496784,0.9998887488555447
Gilbert,5,,0.25,7,0,7.470130677102134,7.099900674074888,516,440,0.9771245348106649,0.9990790986490742
Gilbert,5,,0.25,7,1,10.34699653298594,13.368710862006992,678,838,0.9996706757159856,0.9999999324205993
Gilbert,5,,0.25,7,2,2.7393186269328,2.727784494869411,254,274,0.9999999999949034,0.9999999999946054
Gilbert,5,,0.25,7,3,2.727862386032939,2.781883839983493,254,274,0.9999999999949021,0.9999999999946054
Gilbert,5,,0.25,7,4,0.3505069180391729,0.30133391893468797,26,30,0.500000000000001,0.75
Gilbert,5,,0.25,7,5,10.286519470857456,13.370143360923976,668,826,0.9996706744069819,0.9999999131690789
Gilbert,5,,0.25,7,6,14.032291329931468,7.80045170802623,864,494,0.9931762546326243,0.9987412979422127
Gilbert,5,,0.25,7,7,3.4083505528979003,2.515228454954922,282,220,0.9999999999997918,0.9999999999753176
Gilbert,5,,0.25,7,8,14.049179455963895,7.896235921885818,860,494,0.9976515528033056,0.9987412979424347
Gilbert,5,,0.25,7,9,10.608059654012322,22.52443545893766,676,1346,0.9972060348365046,0.9999995439966444
Gilbert,5,,0.25,7,10,7.931774033932015,7.3579831009265035,516,440,0.9771245348108515,0.9990790986490726
Gilbert,5,,0.25,7,11,10.535014995140955,14.044333376921713,672,852,0.9996706803221445,0.9999999630392296
Gilbert,5,,0.25,7,12,0.2901462570298463,0.3039262560196221,26,30,0.500000000000001,0.75
Gilbert,5,,0.25,7,13,0.3745700300205499,0.30397748993709683,26,30,0.500000000000001,0.75
Gilbert,5,,0.25,7,14,7.958649919833988,7.394289566902444,516,440,0.9771245348108536,0.9990790986490753
Gilbert,5,,0.25,7,15,10.575742381857708,14.433747282018885,672,868,0.9996706775981822,0.9999998857344083
Gilbert,5,,0.25,7,16,8.015935870120302,7.341435327893123,516,440,0.9771245348107588,0.9990790986490742
Gilbert,5,,0.25,7,17,8.575101013993844,5.531658133957535,490,338,0.9805785911292536,0.9939046680787755
Gilbert,5,,0.25,7,18,10.864021097077057,19.919510181061924,680,1178,0.9996706793484877,0.9999999994028558
Gilbert,5,,0.25,7,19,13.937446933006868,13.808732341043651,880,838,0.9999916299645465,0.9999999794029728
Gilbert,5,,0.25,8,0,11.754735476104543,10.59060127986595,698,588,0.9946526693552148,0.9994961827451615
Gilbert,5,,0.25,8,1,19.64363443106413,19.146008339943364,1092,1094,0.9999835931572555,0.9999999888516413
Gilbert,5,,0.25,8,2,3.1942791240289807,3.523643858032301,282,300,0.9999999995619666,0.9999999999996978
Gilbert,5,,0.25,8,3,3.185591129818931,3.2916813851334155,282,300,0.9999999995619657,0.9999999999996976
Gilbert,5,,0.25,8,4,0.3197518279775977,0.33433541213162243,28,32,0.49999999999999883,0.75
Gilbert,5,,0.25,8,5,18.42184465099126,17.369307707995176,1020,1002,0.9999836760652049,0.9999999858779551
Gilbert,5,,0.25,8,6,23.207963338121772,11.062884964980185,1242,626,0.9974782353950061,0.9994556743461399
Gilbert,5,,0.25,8,7,4.14986327313818,2.9855986058246344,320,244,0.9999999999998345,0.9999999999996102
Gilbert,5,,0.25,8,8,20.19774858816527,11.119728300021961,1116,624,0.9988844831316643,0.9994556731856741
Gilbert,5,,0.25,8,9,24.409806008916348,29.37019182392396,1280,1648,0.9999999043643771,0.9999975670198813
Gilbert,5,,0.25,8,10,12.301146300975233,11.00049256393686,694,588,0.99465267103746,0.9994961827511025
Gilbert,5,,0.25,8,11,18.32107112184167,16.574849182972685,1008,962,0.999983269451934,0.9999992014052544
Gilbert,5,,0.25,8,12,0.3218585660215467,0.3347671169321984,28,32,0.49999999999999883,0.75
Gilbert,5,,0.25,8,13,0.32259126915596426,0.4166253658477217,28,32,0.49999999999999883,0.75
Gilbert,5,,0.25,8,14,12.298977832077071,11.369036715012044,694,588,0.9946526711023744,0.9994961827425564
Gilbert,5,,0.25,8,15,20.080140525009483,16.392288603121415,1084,954,0.9999835014905779,0.9999994734585086
Gilbert,5,,0.25,8,16,12.507603057194501,11.164502216968685,696,588,0.9946526706186298,0.9994961827420962
Gilbert,5,,0.25,8,17,12.798472041031346,8.47180089703761,646,446,0.9990881941198163,0.9999919022473768
Gilbert,5,,0.25,8,18,20.41214776900597,24.2721226089634,1092,1362,0.999983672241547,0.9999998082815718
Gilbert,5,,0.25,8,19,17.742493994068354,16.540683007100597,1044,962,0.9999999976233177,0.9999972197097472
Gilbert,5,,0.25,9,0,21.061088548973203,14.659156094072387,1044,738,0.9971629551769675,0.9998989190890102
Gilbert,5,,0.25,9,1,26.903603988001123,27.140434698900208,1370,1402,0.9999997539617592,0.9999995868187206
Gilbert,5,,0.25,9,2,3.877490287879482,3.89004571409896,312,326,0.9999999999994924,0.99999999999978
Gilbert,5,,0.25,9,3,3.890930278925225,3.8478314871899784,312,326,0.9999999999994935,0.9999999999997802
Gilbert,5,,0.25,9,4,0.35789616499096155,0.37013073707930744,30,34,0.5000000000000013,0.75
Gilbert,5,,0.25,9,5,26.369790874188766,28.330182668054476,1334,1432,0.9999990722439676,0.9999996041499437
Gilbert,5,,0.25,9,6,50.68939798884094,16.87609544210136,2250,840,0.9997605167068722,0.999633483239053
Gilbert,5,,0.25,9,7,4.984330149134621,3.5250825700350106,356,266,0.9999999999737067,0.9999999999964017
Gilbert,5,,0.25,9,8,25.069011854939163,16.10895001888275,1296,806,0.9871367060626431,0.999633502393258
Gilbert,5,,0.25,9,9,31.361734410049394,34.81144971889444,1540,1848,0.9999999258208323,0.9999998921182227
Gilbert,5,,0.25,9,10,19.62919160607271,15.01607774803415,956,732,0.9647327693460642,0.999898922230187
Gilbert,5,,0.25,9,11,25.42296402901411,27.01990408007987,1274,1366,0.9999999893904112,0.9999993442789407
Gilbert,5,,0.25,9,12,0.35921307606622577,0.45031984499655664,30,34,0.5000000000000013,0.75
Gilbert,5,,0.25,9,13,0.3585340678691864,0.37043511704541743,30,34,0.5000000000000013,0.75
Gilbert,5,,0.25,9,14,19.37754283216782,15.254409339977428,942,738,0.9647327682910563,0.999898920742794
Gilbert,5,,0.25,9,15,29.90003871684894,24.559396679978818,1446,1252,0.9999999415652151,0.9999998191004464
Gilbert,5,,0.25,9,16,22.81858327705413,15.321870786137879,1056,732,0.9960944009266642,0.9998989191407234
Gilbert,5,,0.25,9,17,20.54238841193728,14.495687609072775,914,652,0.9991248482220666,0.9999919078824185
Gilbert,5,,0.25,9,18,32.66619174508378,27.666462418157607,1542,1486,0.9999999839325909,0.9999999578113506
Gilbert,5,,0.25,9,19,21.219121435889974,22.566272167954594,1174,1184,0.9999999993949426,0.9999999997425947
Gilbert,5,,0.25,10,0,34.35002875793725,19.761947449995205,1488,910,0.9974391510655408,0.9999978795877923
Gilbert,5,,0.25,10,1,38.28287607594393,31.60555331897922,1782,1568,0.9999999915175813,0.9999997068553125
Gilbert,5,,0.25,10,2,4.5983099630102515,4.297535243909806,342,348,0.9999999999928527,0.9999999999996161
Gilbert,5,,0.25,10,3,4.615598049014807,4.37365725915879,342,348,0.9999999999928528,0.9999999999996156
Gilbert,5,,0.25,10,4,0.4603705070912838,0.47190681798383594,32,36,0.4999999999999985,0.75
Gilbert,5,,0.25,10,5,34.91659346502274,32.551206992939115,1620,1582,0.9999972180784598,0.9999997038978264
Gilbert,5,,0.25,10,6,86.08106774510816,25.479525971924886,3384,1120,0.9998874240119692,0.9998914086309809
Gilbert,5,,0.25,10,7,5.98838248802349,4.150257023051381,392,290,0.9999999999970098,0.9999999999922243
Gilbert,5,,0.25,10,8,51.89223246811889,21.766612038947642,2166,992,0.9998854106264498,0.9998912878297924
Gilbert,5,,0.25,10,9,37.80477138492279,44.18378815217875,1772,2180,0.999999998121453,0.9999998387996429
Gilbert,5,,0.25,10,10,40.36620026291348,21.011323102051392,1630,926,0.998645968220925,0.9999978741716978
Gilbert,5,,0.25,10,11,34.77571165491827,31.380944650853053,1602,1514,0.999998882586798,0.9999992070249046
Gilbert,5,,0.25,10,12,0.48090271512046456,0.4116712249815464,32,36,0.4999999999999985,0.75
Gilbert,5,,0.25,10,13,0.48108791396953166,0.40829206607304513,32,36,0.4999999999999985,0.75
Gilbert,5,,0.25,10,14,39.30190708790906,21.340196552919224,1576,926,0.9948646616381994,0.9999978972276019
Gilbert,5,,0.25,10,15,37.13264464796521,30.06213692179881,1692,1450,0.9999997801882987,0.9999993862019346
Gilbert,5,,0.25,10,16,28.40084292506799,21.512974948855117,1226,934,0.9937768868168915,0.999997909674805
Gilbert,5,,0.25,10,17,26.410146886948496,25.675474226940423,1086,980,0.9999999973085983,0.999992078977706
Gilbert,5,,0.25,10,18,41.078210739186034,35.36208836408332,1828,1744,0.9999999955354756,0.9999997203762714
Gilbert,5,,0.25,10,19,24.275538343004882,25.53270435403101,1274,1280,0.999999998911604,0.9999999955026561
Gilbert,5,,0.5,1,0,2.9433036169502884,1.3715341270435601,16,22,0.3170558824719624,0.19974399669465295
Gilbert,5,,0.5,1,1,1.2184208929538727,1.2165127098560333,16,16,0.4445484592358754,0.44454845923587505
Gilbert,5,,0.5,1,2,1.443108409177512,1.1525134358089417,26,16,0.6076592199777029,0.5733073858652444
Gilbert,5,,0.5,1,3,1.4533605510368943,3.004650764167309,28,86,0.42792305966929406,0.8429650338722449
Gilbert,5,,0.5,1,4,1.711583327036351,1.4012272800318897,40,28,0.47283446583475874,0.5036650431106694
Gilbert,5,,0.5,1,5,1.3564673520158976,1.5463243979029357,26,34,0.48607891094024724,0.8111970029275081
Gilbert,5,,0.5,1,6,1.443272011820227,1.1591093819588423,26,16,0.6076592199777028,0.5733073858652444
Gilbert,5,,0.5,1,7,1.3934846289921552,1.3807850279845297,20,20,0.40460101394526893,0.40460101394526893
Gilbert,5,,0.5,1,8,1.1879117749631405,1.1828225699719042,16,16,0.5037951440610766,0.4116015889013679
Gilbert,5,,0.5,1,9,1.2898656202014536,1.2793616189155728,18,18,0.40450897605614955,0.31049317219786915
Gilbert,5,,0.5,1,10,1.3779217950068414,1.2137556979432702,16,16,0.49789042368856795,0.4978904236885684
Gilbert,5,,0.5,1,11,1.1841188580729067,1.371024840977043,16,22,0.3170558824719625,0.19974399669465312
Gilbert,5,,0.5,1,12,1.256291912170127,1.3928635360207409,24,30,0.6510327624412556,0.8589115545978774
Gilbert,5,,0.5,1,13,1.4509050161577761,1.3123641521669924,26,16,0.6076592199777029,0.5733073858652444
Gilbert,5,,0.5,1,14,1.6139428939204663,3.005496038822457,28,86,0.42792305966929406,0.8429650338722449
Gilbert,5,,0.5,1,15,1.354873021831736,1.88284972589463,26,48,0.5984406188950052,0.8646893704290831
Gilbert,5,,0.5,1,16,1.2498396500013769,1.2441772520542145,18,18,0.4433120175579832,0.4529755650464322
Gilbert,5,,0.5,1,17,1.6081698059570044,1.3810149440541863,32,24,0.3722928172191566,0.21093082717570497
Gilbert,5,,0.5,1,18,1.5699772329535335,1.8790184371173382,32,44,0.39802367869239436,0.843549284664574
Gilbert,5,,0.5,1,19,1.2191636059433222,1.2202906049787998,16,16,0.44454845923587527,0.4445484592358744
Gilbert,5,,0.5,2,0,4.907272910932079,2.6226881549227983,92,48,0.4602074091992496,0.8644951771031956
Gilbert,5,,0.5,2,1,3.459265461890027,3.438696540892124,60,60,0.7140430896414381,0.7140430896414383
Gilbert,5,,0.5,2,2,3.7923289639875293,3.766662583919242,76,72,0.6931169999013121,0.6962456803649477
Gilbert,5,,0.5,2,3,2.871665998129174,3.9275958000216633,62,108,0.6636953026612443,0.9294579910434942
Gilbert,5,,0.5,2,4,3.222309112083167,2.740305646089837,76,62,0.741629332838243,0.848293412470826
Gilbert,5,,0.5,2,5,3.9747846440877765,2.7495915780309588,92,62,0.8417319942414753,0.9459356698839211
Gilbert,5,,0.5,2,6,3.831759742926806,3.657354847062379,76,72,0.6931169999013121,0.6962456803649479
Gilbert,5,,0.5,2,7,3.3346441239118576,3.3203042061068118,56,56,0.5470910211384161,0.547091021138415
Gilbert,5,,0.5,2,8,5.11573637300171,3.1432252030353993,98,54,0.504608765616714,0.741025889214018
Gilbert,5,,0.5,2,9,4.903368127997965,3.8285421810578555,86,68,0.6477679571303566,0.7223505500404032
Gilbert,5,,0.5,2,10,2.6265869638882577,2.633000903064385,44,44,0.6237140444872802,0.6237140444872802
Gilbert,5,,0.5,2,11,4.826677856966853,2.610315031837672,92,48,0.46020740919924924,0.8644951771031955
Gilbert,5,,0.5,2,12,2.421033989172429,2.9153317611198872,56,72,0.8177933775187542,0.9384124847234279
Gilbert,5,,0.5,2,13,3.8944805790670216,3.6811260459944606,76,72,0.6931169999013121,0.6962456803649476
Gilbert,5,,0.5,2,14,2.8771710412111133,3.9129876010119915,62,108,0.6636953026612448,0.9294579910434938
Gilbert,5,,0.5,2,15,2.5414228921290487,4.386010009096935,56,112,0.7075982472243896,0.8742619963707234
Gilbert,5,,0.5,2,16,2.5800783350132406,2.5663546870928258,46,46,0.8132527006176288,0.7961114487244716
Gilbert,5,,0.5,2,17,3.0456848619505763,2.732837022980675,64,50,0.5484936431211332,0.868890838247066
Gilbert,5,,0.5,2,18,3.27354425820522,2.891669545089826,68,68,0.708655567521049,0.9292994466798925
Gilbert,5,,0.5,2,19,3.4628620559815317,3.46143044391647,60,60,0.7140430896414385,0.7140430896414384
Gilbert,5,,0.5,3,0,10.759486438939348,6.54038325487636,180,106,0.7421962657629201,0.6152123692561192
Gilbert,5,,0.5,3,1,9.439225420122966,10.068900249199942,142,142,0.2641189297696135,0.2641189297696129
Gilbert,5,,0.5,3,2,7.192816863069311,6.621225279057398,130,120,0.7983591317555407,0.8883106505135464
Gilbert,5,,0.5,3,3,7.1925384239293635,5.667834814172238,134,136,0.92108924124005,0.9676961374146732
Gilbert,5,,0.5,3,4,8.814171467907727,6.20589678408578,178,124,0.8047380587827654,0.9090145417529597
Gilbert,5,,0.5,3,5,6.599048156989738,4.577687129145488,138,98,0.9361544540962795,0.9612375696426853
Gilbert,5,,0.5,3,6,7.192073120968416,6.783491043141112,130,120,0.7983591317555407,0.8883106505135469
Gilbert,5,,0.5,3,7,6.573215487180278,6.515127837890759,98,98,0.49011513778561533,0.4901151377856151
Gilbert,5,,0.5,3,8,8.161953721893951,7.38561927806586,140,118,0.5561476396899985,0.6919879848683368
Gilbert,5,,0.5,3,9,7.72929672896862,7.444373669102788,126,118,0.4352917240135481,0.5612163873709818
Gilbert,5,,0.5,3,10,6.720798271941021,6.661589233903214,100,100,0.6584480859316315,0.6584480859316315
Gilbert,5,,0.5,3,11,10.971615503076464,6.729614706011489,180,106,0.7421962657629203,0.6152123692561197
Gilbert,5,,0.5,3,12,4.7106237730477005,6.0113172070123255,98,130,0.935965865268602,0.995278892941948
Gilbert,5,,0.5,3,13,7.082523382967338,6.677733021788299,130,120,0.7983591317555409,0.888310650513546
Gilbert,5,,0.5,3,14,7.104227573145181,5.54795858100988,134,136,0.9210892412400501,0.9676961374146732
Gilbert,5,,0.5,3,15,6.443248587893322,8.043185462011024,124,176,0.7346918252412935,0.9218388620558424
Gilbert,5,,0.5,3,16,5.091100925812498,6.308576857903972,84,100,0.655073039003418,0.6526800187006215
Gilbert,5,,0.5,3,17,12.70111874397844,6.112330615054816,214,108,0.8675451976950996,0.7822681550559908
Gilbert,5,,0.5,3,18,8.56980296317488,4.799940889002755,158,98,0.8634360061415892,0.9679022526226824
Gilbert,5,,0.5,3,19,9.406018840149045,9.54609187389724,142,142,0.2641189297696134,0.26411892976961254
Gilbert,5,,0.5,4,0,17.128684321185574,11.759250187082216,254,166,0.8166499574532979,0.6300232531530315
Gilbert,5,,0.5,4,1,18.666799762984738,18.570174779044464,244,244,0.7830524326350881,0.7830524326350896
Gilbert,5,,0.5,4,2,17.39673615503125,10.930510992882773,256,172,0.92014799787888,0.8322854466231399
Gilbert,5,,0.5,4,3,18.143864599056542,7.894533538026735,278,166,0.9329095594956831,0.986700489817852
Gilbert,5,,0.5,4,4,15.89610497187823,10.320270741125569,276,182,0.938698034810931,0.98866595301781
Gilbert,5,,0.5,4,5,11.152305114082992,8.975014802999794,202,160,0.9004885712942278,0.9933241996662994
Gilbert,5,,0.5,4,6,17.45060015306808,10.962990346131846,256,172,0.9201479978788792,0.8322854466231402
Gilbert,5,,0.5,4,7,10.968644347041845,11.095673590898514,144,144,0.5442272296463447,0.5442272296463447
Gilbert,5,,0.5,4,8,15.206550291972235,13.314313038019463,224,186,0.9426886306505659,0.8576615488947568
Gilbert,5,,0.5,4,9,12.85420124209486,12.19233062886633,180,170,0.7586044780254737,0.6208922838511087
Gilbert,5,,0.5,4,10,19.531633518170565,19.144702857127413,236,236,0.7071296322810833,0.7071296322764876
Gilbert,5,,0.5,4,11,17.275586812058464,11.572697155876085,254,166,0.8166499574532988,0.6300232531530313
Gilbert,5,,0.5,4,12,7.03090177080594,10.856126826023683,136,206,0.9915548427426196,0.9984448547759179
Gilbert,5,,0.5,4,13,17.53755488106981,11.043653436936438,256,172,0.9201479978788795,0.8322854466231407
Gilbert,5,,0.5,4,14,18.265204168157652,7.943066260078922,278,166,0.9329095595149944,0.9867004898178507
Gilbert,5,,0.5,4,15,11.510751303983852,13.82020847313106,198,258,0.8222008323467813,0.934590251118864
Gilbert,5,,0.5,4,16,11.495342831825837,12.124798062024638,156,168,0.984739205524348,0.8246462366775077
Gilbert,5,,0.5,4,17,18.11033309902996,13.858522677095607,282,202,0.9073758756380744,0.9622829616374812
Gilbert,5,,0.5,4,18,13.633250295883045,7.525441733887419,226,134,0.8883849077103673,0.9867833283208188
Gilbert,5,,0.5,4,19,18.921650071861222,18.695013514952734,244,244,0.783052432635088,0.7830524326350868
Gilbert,5,,0.5,5,0,30.479960744967684,19.332020552130416,384,240,0.8486604852478309,0.4877515404444391
Gilbert,5,,0.5,5,1,34.73126220214181,34.686692383140326,388,388,0.9356159075670574,0.9356159075670571
Gilbert,5,,0.5,5,2,30.806995135964826,26.964707578066736,392,336,0.8647708046762316,0.9214854112350791
Gilbert,5,,0.5,5,3,33.56853009713814,11.937625248916447,448,210,0.9382090356314782,0.9906675589598098
Gilbert,5,,0.5,5,4,30.019713196903467,26.189670127118006,442,368,0.9806210958374709,0.999999998030456
Gilbert,5,,0.5,5,5,21.561082483036444,27.659919562051073,320,378,0.9912596892755202,0.997098643508227
Gilbert,5,,0.5,5,6,30.77088537812233,27.226340502034873,392,336,0.8647708046826981,0.9214854112324443
Gilbert,5,,0.5,5,7,18.934811253100634,18.755713818827644,210,210,0.8077890603835698,0.8077890603835736
Gilbert,5,,0.5,5,8,23.705804001074284,21.99188614101149,304,270,0.9720898348116022,0.8045414682980969
Gilbert,5,,0.5,5,9,20.003503642976284,24.856476668966934,244,284,0.7279295946483221,0.8740655812194059
Gilbert,5,,0.5,5,10,28.418914820998907,28.474879623157904,318,320,0.8636283628673542,0.8636283621752718
Gilbert,5,,0.5,5,11,30.893139014951885,19.637530755950138,384,240,0.8486604852478449,0.4877515404444403
Gilbert,5,,0.5,5,12,15.449042501859367,26.407734100939706,240,402,0.9943371164226337,0.9995424181350516
Gilbert,5,,0.5,5,13,31.13958037388511,27.19017002079636,392,336,0.8647708046756428,0.9214854112345153
Gilbert,5,,0.5,5,14,33.23056073416956,12.036755353910848,440,210,0.9382090351380882,0.9906675589598087
Gilbert,5,,0.5,5,15,21.387632627040148,27.952461766079068,312,424,0.9521920233497516,0.9681792540495036
Gilbert,5,,0.5,5,16,35.489077844889835,22.60990444291383,384,268,0.666665388965315,0.817347157974555
Gilbert,5,,0.5,5,17,27.302080953028053,29.57595381885767,374,360,0.9307624146702779,0.9688293866304667
Gilbert,5,,0.5,5,18,21.55633530509658,11.425464144907892,310,178,0.8934292517685029,0.9895627368385695
Gilbert,5,,0.5,5,19,35.18484054901637,35.00607413193211,388,388,0.9356159075670554,0.9356159075670333
Gilbert,5,,0.5,6,0,42.348375987960026,32.74679316487163,480,346,0.7241058711418283,0.7965193791040174
Gilbert,5,,0.5,6,1,51.86682078195736,52.2172323721461,518,524,0.671263401588546,0.671263401989091
Gilbert,5,,0.5,6,2,76.62101155798882,38.05648365593515,784,432,0.9666803551172888,0.9305689966162423
Gilbert,5,,0.5,6,3,63.092774375109,22.340674797073007,706,306,0.9920524229358222,0.997462248390414
Gilbert,5,,0.5,6,4,51.82219973183237,66.11627425299957,656,766,0.9920555223125237,0.9999999911883615
Gilbert,5,,0.5,6,5,36.87442160001956,45.92999169998802,474,558,0.9555158339735375,0.9997844789315274
Gilbert,5,,0.5,6,6,71.06029509590007,38.132594370050356,734,432,0.9866641976859174,0.930568996545737
Gilbert,5,,0.5,6,7,25.96062317211181,25.676428436068818,260,260,0.9498605247176057,0.9498605247176104
Gilbert,5,,0.5,6,8,37.346000517951325,42.23488519596867,414,434,0.9833842450940649,0.8484914469468184
Gilbert,5,,0.5,6,9,37.96950399293564,32.314592206152156,380,340,0.5834045957756642,0.7315829100236035
Gilbert,5,,0.5,6,10,43.291185941081494,42.85771640203893,432,428,0.7896095934091835,0.789609594682916
Gilbert,5,,0.5,6,11,42.84661679784767,32.592106168856844,480,346,0.7241058710906811,0.7965193791040486
Gilbert,5,,0.5,6,12,34.65048819500953,58.42570997797884,446,748,0.9978788103791851,0.9999017364290179
Gilbert,5,,0.5,6,13,60.94321071100421,38.45536309108138,648,432,0.9666488607082645,0.930568996602233
Gilbert,5,,0.5,6,14,59.271273099118844,22.2751707888674,680,306,0.990845408296499,0.9974622483904123
Gilbert,5,,0.5,6,15,38.731989996973425,71.99737343704328,480,854,0.9974793600925596,0.9999954453728304
Gilbert,5,,0.5,6,16,48.119188733166084,38.43669966701418,484,394,0.9999988656212149,0.8726229197674314
Gilbert,5,,0.5,6,17,47.20757900411263,42.52862601308152,544,470,0.9509376615178651,0.9827418079635203
Gilbert,5,,0.5,6,18,31.54960570205003,23.981410790933296,400,292,0.8683482232743165,0.9978129371920416
Gilbert,5,,0.5,6,19,53.192430458031595,51.91272799693979,524,516,0.67126340206232,0.6712634014975797
Gilbert,5,,0.5,7,0,78.1595549331978,73.38332219212316,736,640,0.8473461307558571,0.8972562591542136
Gilbert,5,,0.5,7,1,90.48504478903487,86.854298341088,776,752,0.7967618765842117,0.8334150436231332
Gilbert,5,,0.5,7,2,112.81996433716267,56.58069600095041,1056,572,0.9793069943561151,0.9682626709214636
Gilbert,5,,0.5,7,3,81.20001103100367,45.59297875594348,864,494,0.9931762546326243,0.9987412979422127
Gilbert,5,,0.5,7,4,76.69742633099668,99.85477195191197,868,1056,0.9999916277154273,0.9998686864150214
Gilbert,5,,0.5,7,5,61.054373909020796,71.59833627194166,678,782,0.9996706799401839,0.9999999798387544
Gilbert,5,,0.5,7,6,108.99754922208376,57.900632245931774,1018,578,0.9482004484088227,0.9682626714096098
Gilbert,5,,0.5,7,7,38.705084420973435,38.932181778829545,340,340,0.9611197070709634,0.9611197070709643
Gilbert,5,,0.5,7,8,67.11097868811339,65.84646449005231,622,598,0.9926383339341961,0.947723767423741
Gilbert,5,,0.5,7,9,75.86944985715672,46.42017814400606,630,434,0.9086036268129759,0.8510081966414599
Gilbert,5,,0.5,7,10,57.431560029042885,55.18492901488207,522,510,0.7218725879806001,0.721872588554432
Gilbert,5,,0.5,7,11,90.60659658606164,74.42658899002708,810,638,0.8473461269587097,0.8972562634320899
Gilbert,5,,0.5,7,12,86.0483737909235,144.09427299303934,916,1536,0.9999999979796336,0.9999999787291219
Gilbert,5,,0.5,7,13,75.0887631769292,57.831033777911216,752,576,0.9999999981012508,0.9682626713317275
Gilbert,5,,0.5,7,14,79.54812756017782,46.032761208945885,838,494,0.9976515596123181,0.9987412979418137
Gilbert,5,,0.5,7,15,59.80260831001215,115.22527484106831,658,1224,0.9972060330683483,0.9999989153381192
Gilbert,5,,0.5,7,16,66.06504200212657,64.07335038902238,608,574,0.6666666050715632,0.9645047172240906
Gilbert,5,,0.5,7,17,83.35416439012624,108.5261216131039,810,956,0.9556756678694297,0.9999992949746401
Gilbert,5,,0.5,7,18,46.14172940514982,42.8110098419711,516,440,0.9771245348108848,0.999079098649073
Gilbert,5,,0.5,7,19,83.1373195189517,100.76121624186635,716,834,0.780443586366301,0.7967618800080591
Gilbert,5,,0.5,8,0,158.03840617695823,102.90529570286162,1238,822,0.9260761419354561,0.7917579762733453
Gilbert,5,,0.5,8,1,132.94753105193377,129.74341217288747,1022,1006,0.8424871291923646,0.807594889975658
Gilbert,5,,0.5,8,2,176.1465145770926,78.62217529118061,1478,718,0.9849983309614518,0.9882009283008546
Gilbert,5,,0.5,8,3,135.60434146109037,64.44229119014926,1242,626,0.9974782353950061,0.9994556743461399
Gilbert,5,,0.5,8,4,96.89300767006353,125.49912073207088,1022,1252,0.9999999992711167,0.9999999982119925
Gilbert,5,,0.5,8,5,102.43002192792483,105.94015560508706,988,1038,0.999983092297959,0.999999948405789
Gilbert,5,,0.5,8,6,218.3666778758634,79.83869788004085,1732,724,0.9974898623342991,0.988200927727581
Gilbert,5,,0.5,8,7,64.58963411208242,63.82352254795842,478,478,0.9792314266532856,0.979231426653288
Gilbert,5,,0.5,8,8,116.79722853493877,88.46721960301511,932,740,0.9952915760567693,0.8697202991055334
Gilbert,5,,0.5,8,9,107.69677528110333,88.03323951899074,814,676,0.9286211627746459,0.9239457544282229
Gilbert,5,,0.5,8,10,112.12413666700013,112.17571737989783,840,840,0.7536574634811491,0.7536575386177169
Gilbert,5,,0.5,8,11,203.30478304508142,116.59135127812624,1482,896,0.9251825009224687,0.674501097842036
Gilbert,5,,0.5,8,12,95.87746163085103,198.97731462912634,996,1988,0.9999999991826276,0.9999999910127008
Gilbert,5,,0.5,8,13,90.71104899910279,79.61388259218074,854,720,0.9999999992539357,0.9882009286456012
Gilbert,5,,0.5,8,14,114.39537148782983,65.8118888780009,1082,632,0.9988847702188882,0.9994556764976217
Gilbert,5,,0.5,8,15,126.7082245668862,159.28491879394278,1158,1552,0.9999995708282021,0.9999982400327657
Gilbert,5,,0.5,8,16,83.62656010896899,96.24629551009275,716,772,0.999999960589176,0.979952996746216
Gilbert,5,,0.5,8,17,148.56957490020432,191.71917450195178,1232,1502,0.9999997061349232,0.9999997228256006
Gilbert,5,,0.5,8,18,70.51854789606296,63.96883688401431,684,588,0.9946526709867678,0.9994961827527762
Gilbert,5,,0.5,8,19,118.58792178006843,146.54082986083813,920,1100,0.7924605376637259,0.8424871225334734
Gilbert,5,,0.5,9,0,233.6584707009606,153.7915348149836,1668,1112,0.9360793434237656,0.8612120776505101
Gilbert,5,,0.5,9,1,184.27415497298352,199.30602437397465,1290,1370,0.910428497517781,0.9010426799685448
Gilbert,5,,0.5,9,2,206.20284855598584,116.51848588697612,1652,942,0.9468970991736292,0.9761296668985905
Gilbert,5,,0.5,9,3,294.66219399217516,97.967280279845,2250,840,0.9997605167068722,0.999633483239053
Gilbert,5,,0.5,9,4,116.5377544881776,156.53247672785074,1156,1462,0.9999999967680798,0.9999997792669788
Gilbert,5,,0.5,9,5,140.2577850939706,150.94912920612842,1244,1348,0.9999993692150629,0.9999944440807346
Gilbert,5,,0.5,9,6,323.44120379094966,120.01053213397972,2346,960,0.9919714005562399,0.9761296558021637
Gilbert,5,,0.5,9,7,127.57683108281344,123.21902887406759,772,770,0.9895733998511695,0.9895733706424117
Gilbert,5,,0.5,9,8,187.37622418790124,129.7206940909382,1312,966,0.9953279783681823,0.967394703815428
Gilbert,5,,0.5,9,9,147.69849537615664,142.449176635826,1022,958,0.9776580583895556,0.8962931377904705
Gilbert,5,,0.5,9,10,182.38662448595278,194.23431783914566,1198,1264,0.8864638846957881,0.8864638922793209
Gilbert,5,,0.5,9,11,308.761513259029,174.81484410190023,2072,1216,0.9557337156681865,0.8092560139559696
Gilbert,5,,0.5,9,12,113.67114882101305,228.299253604142,1122,2198,0.9999999991858539,0.9999998247171784
Gilbert,5,,0.5,9,13,178.04266834887676,121.76950772106647,1364,968,0.9862358394261425,0.97612967028409
Gilbert,5,,0.5,9,14,138.61837494187057,95.61186025803909,1230,820,0.9871367042959277,0.9996335049650903
Gilbert,5,,0.5,9,15,168.1013750510756,233.31142840604298,1434,2054,0.9999999756961814,0.9999996984463893
Gilbert,5,,0.5,9,16,97.67422773805447,147.59590004198253,794,1050,0.6666638077287618,0.9896780287548129
Gilbert,5,,0.5,9,17,189.58772412803955,254.5441317120567,1474,1868,0.9999999957985369,0.9999995377042964
Gilbert,5,,0.5,9,18,116.1485080618877,87.43116125511006,968,730,0.964732760505567,0.9998989218020714
Gilbert,5,,0.5,9,19,168.69168937206268,216.01232275087386,1176,1456,0.8547084967546995,0.9271940747410057
Gilbert,5,,0.5,10,0,314.9483284219168,187.90283652208745,2070,1282,0.9528854105742193,0.8368511745069473
Gilbert,5,,0.5,10,1,272.19494543992914,288.94126329780556,1706,1798,0.9795865929352257,0.9640247124477934
Gilbert,5,,0.5,10,2,263.6056322690565,152.65022927895188,1958,1140,0.9999999992196271,0.9423031714988246
Gilbert,5,,0.5,10,3,493.0785251799971,146.27451176103204,3384,1120,0.9998874240119692,0.9998914086309809
Gilbert,5,,0.5,10,4,131.87069702986628,201.691147047095,1248,1742,0.9999999991583378,0.999999285849044
Gilbert,5,,0.5,10,5,197.47931822086684,181.67101278086193,1592,1530,0.999999693725762,0.9999993761791539
Gilbert,5,,0.5,10,6,426.9771157389041,155.3268123799935,2886,1152,0.9979558132458223,0.9423031647090965
Gilbert,5,,0.5,10,7,187.29928303114139,183.94973263307475,1044,1040,0.9913844937381473,0.9913844948917465
Gilbert,5,,0.5,10,8,244.7069273069501,179.25055750506,1594,1214,0.9984388772293578,0.9285330371895928
Gilbert,5,,0.5,10,9,207.61816910794005,193.03468542499468,1304,1196,0.9593491749582854,0.9133247446409806
Gilbert,5,,0.5,10,10,222.1210630380083,232.11569024203345,1382,1442,0.922923479661441,0.9229234789223906
Gilbert,5,,0.5,10,11,408.04146513016894,245.0260471161455,2560,1564,0.9885061006467889,0.921355012092565
Gilbert,5,,0.5,10,12,141.86593694495969,252.66452610096894,1308,2358,0.9999999992719942,0.9999999499573462
Gilbert,5,,0.5,10,13,371.9733771129977,157.64223490608856,2346,1160,0.9976352535109169,0.94230317015082
Gilbert,5,,0.5,10,14,254.55566752399318,129.91831343108788,1888,1016,0.9998222366754296,0.9998912837930855
Gilbert,5,,0.5,10,15,204.66622341098264,259.1040687910281,1652,2208,0.9999999976242053,0.9999971618117731
Gilbert,5,,0.5,10,16,126.01942423498258,204.83429924305528,934,1334,0.9999992708971434,0.9939242068300579
Gilbert,5,,0.5,10,17,219.33638480701484,554.0634951461107,1632,3452,0.9999999119984814,0.9998022820137601
Gilbert,5,,0.5,10,18,239.80250172689557,118.76100834994577,1658,912,0.998645965509796,0.9999978869957212
Gilbert,5,,0.5,10,19,258.65008146408945,262.3346988509875,1592,1676,0.9337053855841938,0.9153356514995676
Gilbert,6,,0.1,1,0,1.4057730389758945,1.6493814121931791,28,40,0.904904223681837,0.9844107975252696
Gilbert,6,,0.1,1,1,1.3449869370087981,1.931584443897009,20,44,0.5000604043361898,0.9393611648831681
Gilbert,6,,0.1,1,2,1.550701965810731,1.32595250220038,28,24,0.7039703380825909,0.9352592840386353
Gilbert,6,,0.1,1,3,1.4426826711278409,1.422384053003043,26,26,0.5571959164785169,0.8015084806304966
Gilbert,6,,0.1,1,4,1.375917908968404,1.3262856570072472,26,24,0.7760712361630191,0.8566792438640052
Gilbert,6,,0.1,1,5,1.0155560451094061,1.0821711409371346,14,18,0.5000000000000001,0.75
Gilbert,6,,0.1,1,6,0.9908253049943596,1.075549712171778,14,18,0.5000000000000001,0.75
Gilbert,6,,0.1,1,7,1.4159650490619242,1.3298507020808756,28,24,0.7039703380825909,0.935259284038635
Gilbert,6,,0.1,1,8,1.0200667351018637,1.0771307258401066,14,18,0.5000000000000001,0.75
Gilbert,6,,0.1,1,9,1.3613399351015687,1.6699556570965797,28,40,0.904904223681837,0.9844107975252694
Gilbert,6,,0.1,1,10,1.3639874279033393,1.6678049080073833,28,40,0.904904223681837,0.9844107975252696
Gilbert,6,,0.1,1,11,1.3609136631712317,1.6659753799904138,28,40,0.9049042236818376,0.9844107975252694
Gilbert,6,,0.1,1,12,1.3638539200183004,1.6676917211152613,28,40,0.9049042236818371,0.984410797525269
Gilbert,6,,0.1,1,13,1.6354192369617522,1.8240594279486686,32,38,0.62007311780298,0.8677206091101297
Gilbert,6,,0.1,1,14,1.0122833540663123,1.0787271589506418,14,18,0.5000000000000001,0.75
Gilbert,6,,0.1,1,15,1.4168853862211108,1.3312693228945136,28,24,0.703970338082591,0.9352592840386352
Gilbert,6,,0.1,1,16,1.3858268801122904,1.6692165629938245,28,40,0.9049042236818373,0.9844107975252696
Gilbert,6,,0.1,1,17,1.4110817380715162,1.326555300038308,28,24,0.7039703380825908,0.9352592840386352
Gilbert,6,,0.1,1,18,1.4358860137872398,1.3265982649754733,28,24,0.7039703380825909,0.9352592840386353
Gilbert,6,,0.1,1,19,1.381811966188252,1.3220389059279114,26,24,0.7760712361630192,0.8566792438640052
Gilbert,6,,0.1,2,0,2.7887150610331446,4.4673775071278214,64,112,0.9777191373710228,0.99362597674565
Gilbert,6,,0.1,2,1,2.868700549006462,3.1759836580604315,56,72,0.8732351299428327,0.9806797640063685
Gilbert,6,,0.1,2,2,3.1073830840177834,2.312519662780687,68,48,0.8512367978070341,0.9864138682799446
Gilbert,6,,0.1,2,3,2.7733902409672737,3.1915882320608944,56,64,0.7859343821994513,0.9241325011823961
Gilbert,6,,0.1,2,4,2.789867084939033,2.7318252900149673,60,58,0.9623023177322176,0.9904758670121792
Gilbert,6,,0.1,2,5,1.0684579259250313,1.1554194721393287,16,20,0.4999999999999996,0.75
Gilbert,6,,0.1,2,6,1.0662006051279604,1.155172476079315,16,20,0.4999999999999996,0.75
Gilbert,6,,0.1,2,7,3.1220726158935577,2.312244391068816,68,48,0.8512367978070341,0.9864138682799449
Gilbert,6,,0.1,2,8,1.071141486056149,1.1541201469954103,16,20,0.4999999999999996,0.75
Gilbert,6,,0.1,2,9,2.7840136338490993,4.465044744079933,64,112,0.9777191373710231,0.99362597674565
Gilbert,6,,0.1,2,10,2.9090901790186763,4.602824424160644,64,112,0.9777191373710228,0.99362597674565
Gilbert,6,,0.1,2,11,2.922917485004291,4.604002002160996,64,112,0.9777191373710231,0.99362597674565
Gilbert,6,,0.1,2,12,2.785522658843547,4.4792237158399075,64,112,0.9777191373710231,0.9936259767456498
Gilbert,6,,0.1,2,13,3.224385733017698,2.8665796839632094,62,60,0.7268351342671802,0.9459814318212822
Gilbert,6,,0.1,2,14,1.0706043620593846,1.154208661057055,16,20,0.4999999999999996,0.75
Gilbert,6,,0.1,2,15,3.117382304975763,2.3057423550635576,68,48,0.8512367978070341,0.9864138682799453
Gilbert,6,,0.1,2,16,2.7833431649487466,4.589938123943284,64,112,0.9777191373710235,0.99362597674565
Gilbert,6,,0.1,2,17,3.2573403250426054,2.3160531311295927,68,48,0.8512367978070337,0.9864138682799446
Gilbert,6,,0.1,2,18,3.1111567988991737,2.312079935101792,68,48,0.8512367978070341,0.9864138682799443
Gilbert,6,,0.1,2,19,2.9342746189795434,2.7455390931572765,60,58,0.9623023177322173,0.9904758670121794
Gilbert,6,,0.1,3,0,6.221148601034656,9.088005880825222,124,196,0.9999999999773795,0.9999999999814129
Gilbert,6,,0.1,3,1,7.685658244881779,5.606782340910286,132,110,0.8656202793604024,0.9895588674830139
Gilbert,6,,0.1,3,2,5.412930927006528,4.6200428830925375,106,86,0.9486945058593654,0.9970202377788044
Gilbert,6,,0.1,3,3,6.332399279810488,6.250293419929221,112,114,0.8956626798895241,0.9717506450407701
Gilbert,6,,0.1,3,4,5.4450046750716865,6.316465603886172,106,118,0.9999999999259926,0.9999999999988214
Gilbert,6,,0.1,3,5,1.1793513807933778,1.2669758980628103,18,22,0.5000000000000004,0.7500000000000001
Gilbert,6,,0.1,3,6,1.1798012901563197,1.2586617460474372,18,22,0.5000000000000004,0.7500000000000001
Gilbert,6,,0.1,3,7,5.448823764920235,4.620987287024036,106,86,0.9486945058593659,0.9970202377788032
Gilbert,6,,0.1,3,8,1.1767059022095054,1.2609445608686656,18,22,0.5000000000000004,0.7500000000000001
Gilbert,6,,0.1,3,9,6.18095049704425,9.120040584122762,124,196,0.9999999999773784,0.999999999981414
Gilbert,6,,0.1,3,10,6.180755337001756,9.179257129086182,124,196,0.9999999999773795,0.9999999999814129
Gilbert,6,,0.1,3,11,6.065194349968806,9.115955536952242,124,196,0.9999999999773788,0.9999999999814136
Gilbert,6,,0.1,3,12,6.173468626104295,9.111248275032267,124,196,0.9999999999773788,0.9999999999814131
Gilbert,6,,0.1,3,13,6.643068840028718,5.108356456970796,116,94,0.849751702241146,0.9755846039986673
Gilbert,6,,0.1,3,14,1.1773999938741326,1.2569484680425376,18,22,0.5000000000000004,0.7500000000000001
Gilbert,6,,0.1,3,15,5.46030036220327,4.507719886954874,106,86,0.9486945058593653,0.9970202377788031
Gilbert,6,,0.1,3,16,6.144334390992299,9.150467713130638,124,196,0.999999999977379,0.9999999999814129
Gilbert,6,,0.1,3,17,5.3285558361094445,4.645610772073269,106,86,0.9486945058593654,0.9970202377788044
Gilbert,6,,0.1,3,18,5.459611130878329,4.511340386932716,106,86,0.9486945058593657,0.9970202377788043
Gilbert,6,,0.1,3,19,5.478576553054154,6.1782479719258845,106,118,0.9999999999259926,0.9999999999988213
Gilbert,6,,0.1,4,0,9.2138334561605,13.05799892009236,168,252,0.9999999999393655,0.999999999962603
Gilbert,6,,0.1,4,1,16.224220082862303,9.902870824793354,236,164,0.9668488950314594,0.9943130824837889
Gilbert,6,,0.1,4,2,8.426009204005823,8.026132743805647,146,132,0.9928957040738446,0.9989924888500556
Gilbert,6,,0.1,4,3,14.195145086152479,11.84881133493036,210,184,0.9210242959528369,0.9928357543378012
Gilbert,6,,0.1,4,4,8.426864623092115,8.792630058014765,144,150,0.9999999999709566,0.9999999999998701
Gilbert,6,,0.1,4,5,1.3107614601030946,1.3935781319160014,20,24,0.49999999999999933,0.7500000000000001
Gilbert,6,,0.1,4,6,1.3122031989041716,1.4026187469717115,20,24,0.49999999999999933,0.7500000000000001
Gilbert,6,,0.1,4,7,8.43064429005608,8.015623657032847,146,132,0.9928957040738442,0.9989924888500559
Gilbert,6,,0.1,4,8,1.311417083023116,1.3914385980460793,20,24,0.49999999999999933,0.7500000000000001
Gilbert,6,,0.1,4,9,9.298081004992127,13.048467217944562,168,252,0.9999999999393658,0.9999999999626027
Gilbert,6,,0.1,4,10,9.224857497029006,13.069158236961812,168,252,0.9999999999393655,0.999999999962603
Gilbert,6,,0.1,4,11,9.336663845926523,13.066839147824794,168,252,0.9999999999393658,0.9999999999626039
Gilbert,6,,0.1,4,12,9.229200510075316,13.086673493031412,168,252,0.9999999999393655,0.9999999999626026
Gilbert,6,,0.1,4,13,11.461455503012985,8.727530227974057,170,134,0.9077337654409399,0.9897629682658382
Gilbert,6,,0.1,4,14,1.4291200069710612,1.3970606469083577,20,24,0.49999999999999933,0.7500000000000001
Gilbert,6,,0.1,4,15,8.430490385973826,8.136334017850459,146,132,0.9928957040738432,0.9989924888500561
Gilbert,6,,0.1,4,16,9.188323623035103,13.1951522489544,168,252,0.9999999999393658,0.9999999999626024
Gilbert,6,,0.1,4,17,8.442148085916415,8.066448297118768,146,132,0.9928957040738444,0.9989924888500559
Gilbert,6,,0.1,4,18,8.452479801839218,8.020829078974202,146,132,0.9928957040738442,0.9989924888500553
Gilbert,6,,0.1,4,19,8.425338972127065,8.80050494801253,144,150,0.9999999999709571,0.9999999999998714
Gilbert,6,,0.1,5,0,12.54453650303185,16.14750176598318,206,288,0.9999999998744592,0.9999999999795202
Gilbert,6,,0.1,5,1,34.74971474800259,16.132077848073095,426,228,0.9623180687509624,0.9991392329528532
Gilbert,6,,0.1,5,2,18.96975395595655,15.995108539005741,260,220,0.9951190784906224,0.9998167938489363
Gilbert,6,,0.1,5,3,27.511039067059755,18.105025955941528,348,250,0.9457594621888654,0.9940309735136961
Gilbert,6,,0.1,5,4,11.46283398498781,11.303748874925077,178,178,0.999999999876243,0.9999999999981695
Gilbert,6,,0.1,5,5,1.4794620401225984,1.5661308590788394,22,26,0.5000000000000008,0.7500000000000003
Gilbert,6,,0.1,5,6,1.4690270610153675,1.6522203560452908,22,26,0.5000000000000008,0.7500000000000003
Gilbert,6,,0.1,5,7,19.15429464285262,16.245177275966853,260,220,0.9951190784901047,0.9998167938489374
Gilbert,6,,0.1,5,8,1.4737311210483313,1.5532455970533192,22,26,0.5000000000000008,0.7500000000000003
Gilbert,6,,0.1,5,9,12.528582885162905,16.264772373018786,206,288,0.9999999998744583,0.9999999999795202
Gilbert,6,,0.1,5,10,12.533751676091924,16.18025659979321,206,288,0.9999999998744592,0.9999999999795202
Gilbert,6,,0.1,5,11,12.65808074385859,16.165477986913174,206,288,0.9999999998744595,0.9999999999795216
Gilbert,6,,0.1,5,12,12.623636435018852,16.219901028089225,206,288,0.9999999998744595,0.99999999997952
Gilbert,6,,0.1,5,13,23.81834420002997,13.676922137849033,288,182,0.9509302511863625,0.9928839723631
Gilbert,6,,0.1,5,14,1.4740959859918803,1.5490268571302295,22,26,0.5000000000000008,0.7500000000000003
Gilbert,6,,0.1,5,15,18.78663958585821,16.159649668028578,260,220,0.9951190784916086,0.9998167938489366
Gilbert,6,,0.1,5,16,12.595486395992339,16.095186786958948,206,288,0.9999999998744592,0.9999999999795207
Gilbert,6,,0.1,5,17,19.065742472885177,16.160308744059876,260,220,0.9951190784924069,0.9998167938489356
Gilbert,6,,0.1,5,18,19.053033642005175,16.28721883497201,260,220,0.9951190784914872,0.9998167938489366
Gilbert,6,,0.1,5,19,11.655767031013966,11.383178998949006,178,178,0.9999999998762437,0.9999999999981698
Gilbert,6,,0.1,6,0,16.78983593918383,20.319424004061148,248,330,0.9999999999929416,0.9999999999941516
Gilbert,6,,0.1,6,1,99.6982841019053,28.597302187001333,986,334,0.9999921805420364,0.9998552783239003
Gilbert,6,,0.1,6,2,40.87692864704877,29.524018754949793,462,342,0.9982145693243669,0.9999999918985549
Gilbert,6,,0.1,6,3,48.820028936024755,86.07869096496142,530,840,0.9864768232539173,0.9997303442170281
Gilbert,6,,0.1,6,4,15.017807099036872,13.453640542924404,210,198,0.9999999989582581,0.9999999999512166
Gilbert,6,,0.1,6,5,1.6627952710259706,1.7436181190423667,24,28,0.49999999999999906,0.7500000000000003
Gilbert,6,,0.1,6,6,1.7739295789506286,1.7453575709369034,24,28,0.49999999999999906,0.7500000000000003
Gilbert,6,,0.1,6,7,39.9781151288189,29.37838134705089,450,342,0.9982145505304635,0.9999999918985537
Gilbert,6,,0.1,6,8,1.6605675099417567,1.7407298961188644,24,28,0.49999999999999906,0.7500000000000003
Gilbert,6,,0.1,6,9,16.770082595059648,20.323912938823923,248,330,0.9999999999929419,0.9999999999941522
Gilbert,6,,0.1,6,10,16.875837933970615,20.420813624979928,248,330,0.9999999999929416,0.9999999999941516
Gilbert,6,,0.1,6,11,16.820890427101403,20.35350925498642,248,330,0.9999999999929413,0.999999999994151
Gilbert,6,,0.1,6,12,16.8203065788839,20.52688951510936,248,330,0.9999999999929419,0.9999999999941511
Gilbert,6,,0.1,6,13,42.62455139798112,25.79942924482748,442,280,0.9534639524132165,0.9976337808852233
Gilbert,6,,0.1,6,14,1.8013495500199497,1.8513866511639208,24,28,0.49999999999999906,0.7500000000000003
Gilbert,6,,0.1,6,15,39.498410186963156,29.180547133088112,450,342,0.9982145695758315,0.9999999918985552
Gilbert,6,,0.1,6,16,16.829912775894627,20.482321738032624,248,330,0.9999999999929414,0.9999999999941508
Gilbert,6,,0.1,6,17,38.58467894606292,29.45141921006143,436,342,0.9982145638927424,0.9999999918985546
Gilbert,6,,0.1,6,18,41.4171860399656,29.448545712977648,464,342,0.9982145697275076,0.9999999918985564
Gilbert,6,,0.1,6,19,15.162724882131442,13.600624131970108,210,198,0.9999999989582593,0.9999999999512171
Gilbert,6,,0.1,7,0,20.11267921794206,24.520232267910615,276,366,0.999999999999989,0.9999999999999819
Gilbert,6,,0.1,7,1,148.702537731966,45.79864342301153,1346,464,0.999992844333057,0.9999904830149182
Gilbert,6,,0.1,7,2,104.98153953114524,46.83190836105496,970,484,0.9999999995255008,0.9999999996642235
Gilbert,6,,0.1,7,3,68.13077502604574,148.3977985919919,654,1314,0.9992325879742017,0.999998409877534
Gilbert,6,,0.1,7,4,19.001659773057327,16.74540515989065,240,224,0.9999999999990115,0.9999999999981614
Gilbert,6,,0.1,7,5,1.9866264988668263,2.060172034194693,26,30,0.5000000000000011,0.7500000000000003
Gilbert,6,,0.1,7,6,1.876393381971866,1.9716889830306172,26,30,0.5000000000000011,0.7500000000000003
Gilbert,6,,0.1,7,7,108.64228637306951,47.06671909894794,996,484,0.9999999996921533,0.9999999996641747
Gilbert,6,,0.1,7,8,1.8826218948233873,1.9559943708591163,26,30,0.5000000000000011,0.7500000000000003
Gilbert,6,,0.1,7,9,20.122234768001363,24.571116517065093,276,366,0.9999999999999897,0.9999999999999819
Gilbert,6,,0.1,7,10,20.03337175794877,24.647635970963165,276,366,0.999999999999989,0.9999999999999819
Gilbert,6,,0.1,7,11,20.122407128103077,24.719618892064318,276,366,0.999999999999989,0.9999999999999816
Gilbert,6,,0.1,7,12,20.0844993700739,24.5817973210942,276,366,0.999999999999989,0.9999999999999826
Gilbert,6,,0.1,7,13,61.832781231962144,52.02631297381595,576,464,0.9631541344073757,0.9986528228268011
Gilbert,6,,0.1,7,14,1.876557650975883,1.9476846889592707,26,30,0.5000000000000011,0.7500000000000003
Gilbert,6,,0.1,7,15,109.52244459907524,46.864930836018175,1000,484,0.9999999990304342,0.9999999996642288
Gilbert,6,,0.1,7,16,20.26443098601885,24.621785488910973,276,366,0.9999999999999891,0.9999999999999826
Gilbert,6,,0.1,7,17,104.24670176999643,47.44544148398563,958,484,0.9999999997196836,0.9999999996642168
Gilbert,6,,0.1,7,18,108.26746253389865,47.324663502164185,992,484,0.9999999996592068,0.9999999996642879
Gilbert,6,,0.1,7,19,18.956548563903198,16.70397421508096,240,224,0.9999999999990126,0.9999999999981621
Gilbert,6,,0.1,8,0,23.773158498108387,28.61321356194094,304,396,0.9999999999989864,0.9999999999574587
Gilbert,6,,0.1,8,1,246.72710432996973,56.424039592035115,1996,536,0.9999694548615354,0.9999990417926303
Gilbert,6,,0.1,8,2,115.65098097501323,58.08200872084126,1048,562,0.9999999994978375,0.9999999634656696
Gilbert,6,,0.1,8,3,104.47644769586623,186.32263084501028,912,1568,0.9999622515083327,0.9999999921898152
Gilbert,6,,0.1,8,4,22.84875694103539,19.888272249139845,268,246,0.9999999999997303,0.9999999999338077
Gilbert,6,,0.1,8,5,2.120571003993973,2.1922267710324377,28,32,0.4999999999999987,0.7500000000000003
Gilbert,6,,0.1,8,6,2.1251830901019275,2.2017494288738817,28,32,0.4999999999999987,0.7500000000000003
Gilbert,6,,0.1,8,7,119.07477584294975,57.983435068978,1070,562,0.9999999986356902,0.999999963466092
Gilbert,6,,0.1,8,8,2.229397885967046,2.303003372158855,28,32,0.4999999999999987,0.7500000000000003
Gilbert,6,,0.1,8,9,23.942913823062554,28.49004125315696,304,396,0.9999999999989854,0.9999999999574587
Gilbert,6,,0.1,8,10,23.965716511011124,28.5729897338897,304,396,0.9999999999989864,0.9999999999574587
Gilbert,6,,0.1,8,11,23.863924134988338,28.461378637934104,304,396,0.9999999999989871,0.9999999999574578
Gilbert,6,,0.1,8,12,23.857420410960913,28.682155665010214,304,396,0.9999999999989868,0.999999999957458
Gilbert,6,,0.1,8,13,100.0068533741869,77.61672574700788,814,624,0.974212745171019,0.999281992440122
Gilbert,6,,0.1,8,14,2.1243439309764653,2.189840246923268,28,32,0.4999999999999987,0.7500000000000003
Gilbert,6,,0.1,8,15,121.85228035901673,57.88934432994574,1088,562,0.9999999996700588,0.9999999634657406
Gilbert,6,,0.1,8,16,23.84846657887101,28.723142949165776,304,396,0.9999999999989857,0.9999999999574591
Gilbert,6,,0.1,8,17,116.47778309509158,58.28270802204497,1042,562,0.9999999995868247,0.9999999634657366
Gilbert,6,,0.1,8,18,121.8863457639236,58.440120516810566,1086,562,0.9999999994432709,0.9999999634655345
Gilbert,6,,0.1,8,19,23.06802180618979,19.92281136289239,268,246,0.9999999999997298,0.9999999999338083
Gilbert,6,,0.1,9,0,28.57436383701861,33.40242036012933,336,430,0.9999999999827116,0.9999999991989158
Gilbert,6,,0.1,9,1,293.24162178393453,85.95041853399016,2268,710,0.9999991750930419,0.9999998442811977
Gilbert,6,,0.1,9,2,134.26706515392289,66.00459420192055,1168,614,0.9999999977313934,0.999999995784771
Gilbert,6,,0.1,9,3,128.06713359593414,203.09227832197212,1054,1672,0.9999999979593269,0.9999998809260217
Gilbert,6,,0.1,9,4,27.148187699960545,23.686708291992545,294,270,0.9999999999964106,0.9999999999893442
Gilbert,6,,0.1,9,5,2.4037654250860214,2.4785899301059544,30,34,0.5000000000000013,0.7500000000000003
Gilbert,6,,0.1,9,6,2.507183998124674,2.5996769729536027,30,34,0.5000000000000013,0.7500000000000003
Gilbert,6,,0.1,9,7,140.30662235314958,66.26347261690535,1204,614,0.9999999997877745,0.9999999957847996
Gilbert,6,,0.1,9,8,2.395384619012475,2.4654985489323735,30,34,0.5000000000000013,0.7500000000000003
Gilbert,6,,0.1,9,9,28.539505758089945,33.57162866811268,336,430,0.9999999999827113,0.9999999991989149
Gilbert,6,,0.1,9,10,28.544343901099637,33.547126622870564,336,430,0.9999999999827116,0.9999999991989158
Gilbert,6,,0.1,9,11,28.64377626380883,33.493865575874224,336,430,0.9999999999827114,0.9999999991989144
Gilbert,6,,0.1,9,12,28.669624551199377,33.507171927951276,336,430,0.9999999999827104,0.9999999991989151
Gilbert,6,,0.1,9,13,170.0973886079155,108.90044088405557,1202,794,0.9882322996423866,0.9995402746323774
Gilbert,6,,0.1,9,14,2.3899724120274186,2.5624903400894254,30,34,0.5000000000000013,0.7500000000000003
Gilbert,6,,0.1,9,15,142.6430059329141,66.05895594204776,1216,614,0.9999999955806068,0.9999999957847752
Gilbert,6,,0.1,9,16,28.773225333774462,33.63481195108034,336,430,0.9999999999827113,0.9999999991989135
Gilbert,6,,0.1,9,17,134.78114450303838,66.68596763699315,1156,614,0.9999999999239215,0.999999995784775
Gilbert,6,,0.1,9,18,142.6779909748584,66.6875099169556,1218,614,0.9999999992167574,0.9999999957847621
Gilbert,6,,0.1,9,19,27.19430737197399,23.743924473877996,294,270,0.9999999999964109,0.9999999999893437
Gilbert,6,,0.1,10,0,33.60506318882108,38.566261543892324,366,462,0.999999999998732,0.9999999999341386
Gilbert,6,,0.1,10,1,337.0313334399834,100.21586667792872,2496,788,0.9999993273365297,0.9999998456997126
Gilbert,6,,0.1,10,2,169.47346702008508,77.12902906094678,1362,676,0.9999999997544654,0.9999999904469972
Gilbert,6,,0.1,10,3,165.3453530271072,239.44375471398234,1252,1864,0.9999998504543374,0.9999991862576214
Gilbert,6,,0.1,10,4,32.311387239955366,27.460405457066372,324,292,0.9999999999999305,0.9999999999009905
Gilbert,6,,0.1,10,5,2.797468632925302,2.8808090849779546,32,36,0.4999999999999985,0.7500000000000003
Gilbert,6,,0.1,10,6,2.70705668698065,2.8584694489836693,32,36,0.4999999999999985,0.7500000000000003
Gilbert,6,,0.1,10,7,167.8580093078781,77.11286753718741,1362,676,0.99999999942629,0.9999999904470481
Gilbert,6,,0.1,10,8,2.796955655096099,2.86630467697978,32,36,0.4999999999999985,0.7500000000000003
Gilbert,6,,0.1,10,9,33.50426288903691,38.742971076164395,366,462,0.9999999999987305,0.9999999999341377
Gilbert,6,,0.1,10,10,33.544105351902544,38.7863484818954,366,462,0.999999999998732,0.9999999999341386
Gilbert,6,,0.1,10,11,33.48234679293819,38.88494272297248,366,462,0.9999999999987323,0.9999999999341377
Gilbert,6,,0.1,10,12,33.61206896812655,38.724638171028346,366,462,0.9999999999987315,0.9999999999341398
Gilbert,6,,0.1,10,13,310.53923143912107,147.623232671991,1914,990,0.9958909947519924,0.9999135049417419
Gilbert,6,,0.1,10,14,2.8173114079982042,2.7524268210399896,32,36,0.4999999999999985,0.7500000000000003
Gilbert,6,,0.1,10,15,184.51060375687666,76.94939754600637,1454,676,0.9999999976681231,0.9999999904470098
Gilbert,6,,0.1,10,16,33.62861988390796,38.88847815012559,366,462,0.999999999998731,0.9999999999341391
Gilbert,6,,0.1,10,17,163.1345011931844,77.65479332418181,1316,676,0.9999999982841139,0.999999990447006
Gilbert,6,,0.1,10,18,169.99318288406357,77.34737846814096,1372,676,0.9999999995559101,0.9999999904469918
Gilbert,6,,0.1,10,19,32.54595003789291,27.692937010899186,324,292,0.9999999999999301,0.9999999999009902
Gilbert,6,,0.25,1,0,0.29975686222314835,0.2267965900246054,28,24,0.703970338082591,0.9352592840386353
Gilbert,6,,0.25,1,1,0.28028951887972653,0.23839940503239632,30,22,0.39699365342482745,0.36918061640691663
Gilbert,6,,0.25,1,2,0.24566144193522632,0.24415779183618724,28,24,0.7039703380825909,0.9352592840386353
Gilbert,6,,0.25,1,3,0.20282049290835857,0.24761407915502787,14,18,0.4175731323663466,0.2427692849081912
Gilbert,6,,0.25,1,4,0.28104715910740197,0.33044017595238984,32,38,0.62007311780298,0.8677206091101292
Gilbert,6,,0.25,1,5,0.25782871013507247,0.22793454583734274,26,24,0.7760712361630191,0.8566792438640052
Gilbert,6,,0.25,1,6,0.21760221500881016,0.3487673520576209,20,44,0.5000604043361898,0.9393611648831686
Gilbert,6,,0.25,1,7,0.19330288609489799,0.18754321103915572,14,18,0.5000000000000001,0.75
Gilbert,6,,0.25,1,8,0.3797051159199327,0.23884420888498425,36,18,0.5152630172078773,0.26090709356849906
Gilbert,6,,0.25,1,9,0.23730476992204785,0.2250171119812876,26,24,0.7760712361630191,0.8566792438640053
Gilbert,6,,0.25,1,10,0.23699817014858127,0.2270305291749537,26,24,0.7760712361630191,0.8566792438640052
Gilbert,6,,0.25,1,11,0.2803725050762296,0.25520881498232484,30,22,0.39699365342482756,0.36918061640691646
Gilbert,6,,0.25,1,12,0.3045403528958559,0.3108759871684015,32,38,0.62007311780298,0.8677206091101292
Gilbert,6,,0.25,1,13,0.2500341199338436,0.2309143638703972,28,24,0.7039703380825907,0.9352592840386356
Gilbert,6,,0.25,1,14,0.24420373304747045,0.3790980859193951,24,48,0.5521108346998344,0.7285780375305141
Gilbert,6,,0.25,1,15,0.4636920851189643,0.30469566001556814,60,34,0.5979101335698006,0.3963345694068673
Gilbert,6,,0.25,1,16,0.3010662319138646,0.5220611488912255,30,52,0.5428217672322282,0.7866456032525394
Gilbert,6,,0.25,1,17,0.41019355598837137,0.31292865914292634,32,38,0.6200731178029799,0.8677206091101294
Gilbert,6,,0.25,1,18,0.4348858811426908,0.24468094599433243,56,22,0.42159717873088914,0.6433091213494629
Gilbert,6,,0.25,1,19,0.28374322690069675,0.33137450995855033,32,38,0.6200731178029799,0.867720609110129
Gilbert,6,,0.25,2,0,0.535302042029798,0.44489919510670006,68,48,0.8512367978070341,0.9864138682799446
Gilbert,6,,0.25,2,1,0.8028917771298438,0.5140217619482428,94,56,0.5901226625168962,0.7839418497941075
Gilbert,6,,0.25,2,2,0.5218813221435994,0.4520670829806477,68,48,0.8512367978070341,0.9864138682799451
Gilbert,6,,0.25,2,3,0.7907184450887144,0.5024942639283836,72,48,0.4193461399263294,0.8778074943039605
Gilbert,6,,0.25,2,4,0.5134277229662985,0.48283532401546836,62,60,0.7268351342671803,0.9459814318212816
Gilbert,6,,0.25,2,5,0.4737022810149938,0.4659989809151739,60,58,0.9623023177322181,0.9904758670121787
Gilbert,6,,0.25,2,6,0.48264638800174,0.5395470899529755,56,72,0.8732351299428327,0.9806797640063677
Gilbert,6,,0.25,2,7,0.18713913089595735,0.2018123520538211,16,20,0.4999999999999996,0.75
Gilbert,6,,0.25,2,8,0.7110420381650329,0.4943643908482045,84,52,0.7678475868519392,0.9244640164361293
Gilbert,6,,0.25,2,9,0.5447850478813052,0.45789447892457247,60,58,0.9623023177322179,0.9904758670121792
Gilbert,6,,0.25,2,10,0.5521232329774648,0.463524502934888,60,58,0.9623023177322176,0.990475867012179
Gilbert,6,,0.25,2,11,0.8853789980057627,0.5923762558959424,94,56,0.5901226625168965,0.7839418497941081
Gilbert,6,,0.25,2,12,0.5932903001084924,0.4837211270350963,62,60,0.7268351342671802,0.945981431821282
Gilbert,6,,0.25,2,13,0.5283453061711043,0.39636791683733463,68,48,0.8512367978070341,0.9864138682799446
Gilbert,6,,0.25,2,14,0.5097032929770648,0.5644431721884757,58,74,0.8406490637148453,0.935350921918344
Gilbert,6,,0.25,2,15,0.5924263510387391,0.5695669779088348,78,66,0.7473235525880356,0.7737593025045904
Gilbert,6,,0.25,2,16,0.7971525411121547,0.7309967109467834,80,92,0.6277942600942943,0.8009650613063863
Gilbert,6,,0.25,2,17,0.5162557300645858,0.48665960412472486,62,60,0.7268351342671802,0.945981431821281
Gilbert,6,,0.25,2,18,0.8346276909578592,0.7024671719409525,102,62,0.6979994721599888,0.8895280757123002
Gilbert,6,,0.25,2,19,0.5180162240285426,0.48443490196950734,62,60,0.7268351342671803,0.9459814318212808
Gilbert,6,,0.25,3,0,0.9190909939352423,0.7384389869403094,106,86,0.9486945058593654,0.9970202377788032
Gilbert,6,,0.25,3,1,1.6091135570313781,1.395021835109219,158,126,0.7421074210774208,0.9626026312237277
Gilbert,6,,0.25,3,2,0.9363927780650556,0.745675157988444,106,86,0.9486945058593665,0.9970202377788032
Gilbert,6,,0.25,3,3,1.2198560140095651,1.7366148820146918,102,138,0.4343785939532024,0.9401494077148959
Gilbert,6,,0.25,3,4,1.2050138309132308,0.9053933301474899,116,94,0.8497517022411463,0.9755846039986674
Gilbert,6,,0.25,3,5,0.9727386650629342,1.090392778860405,106,118,0.9999999999259916,0.999999999998822
Gilbert,6,,0.25,3,6,1.3054289119318128,0.9187550840433687,132,110,0.8656202793604025,0.9895588674830146
Gilbert,6,,0.25,3,7,0.20345341321080923,0.2849923789035529,18,22,0.5000000000000004,0.7500000000000001
Gilbert,6,,0.25,3,8,1.5679106479510665,1.2956656960304826,148,112,0.8808879956694371,0.9912131904111391
Gilbert,6,,0.25,3,9,0.9021715910639614,1.0940697500482202,106,118,0.9999999999259919,0.9999999999988224
Gilbert,6,,0.25,3,10,0.9021055609919131,1.096998775843531,106,118,0.9999999999259921,0.9999999999988209
Gilbert,6,,0.25,3,11,1.6632035509683192,1.3718417999334633,158,126,0.7421074210774208,0.9626026312237268
Gilbert,6,,0.25,3,12,1.088995638070628,0.927645280957222,116,94,0.8497517022411462,0.9755846039986673
Gilbert,6,,0.25,3,13,0.883679912192747,0.7525997750926763,106,86,0.9486945058593659,0.9970202377788044
Gilbert,6,,0.25,3,14,1.46599609288387,1.0968511560931802,140,116,0.8824489672611557,0.9307467370262578
Gilbert,6,,0.25,3,15,0.90806071809493,1.4136228470597416,98,134,0.8201059497047601,0.9806290077884615
Gilbert,6,,0.25,3,16,1.7467104748357087,1.6652790510561317,158,168,0.7333524545616987,0.8530074154177766
Gilbert,6,,0.25,3,17,1.0828009489923716,0.9420829680748284,116,94,0.8497517022411458,0.975584603998668
Gilbert,6,,0.25,3,18,2.018643141957,5.71539635094814,186,186,0.9999999932064753,0.9313036237104951
Gilbert,6,,0.25,3,19,1.4953988089691848,0.9449981199577451,116,94,0.8497517022411464,0.9755846039986666
Gilbert,6,,0.25,4,0,1.3917755831498653,1.3808938739821315,146,132,0.9928957040738442,0.9989924888500552
Gilbert,6,,0.25,4,1,3.3021934619173408,2.8349142528604716,268,222,0.7969098213434046,0.9733484308848377
Gilbert,6,,0.25,4,2,1.411189828068018,1.399515515891835,146,132,0.9928957040738435,0.9989924888500564
Gilbert,6,,0.25,4,3,4.263496525818482,4.029644469032064,282,270,0.6666666666654504,0.9999999895362467
Gilbert,6,,0.25,4,4,1.9226459921337664,1.4352844031527638,170,134,0.9077337654409398,0.9897629682658384
Gilbert,6,,0.25,4,5,1.4172774131875485,1.4655397008173168,144,150,0.9999999999709567,0.9999999999998703
Gilbert,6,,0.25,4,6,2.7724836638662964,1.7338861918542534,238,164,0.9668488950346932,0.9943130824837909
Gilbert,6,,0.25,4,7,0.22412286698818207,0.24016456794925034,20,24,0.49999999999999933,0.7500000000000001
Gilbert,6,,0.25,4,8,3.0293497119564563,1.9389369590207934,244,158,0.9287932884449019,0.999999999748499
Gilbert,6,,0.25,4,9,1.493137980112806,1.4647590608801693,144,150,0.9999999999709567,0.9999999999998688
Gilbert,6,,0.25,4,10,1.5029345620423555,1.4774403420742601,144,150,0.9999999999709571,0.999999999999871
Gilbert,6,,0.25,4,11,3.287196314893663,2.922997761052102,268,222,0.7969098213434038,0.9733484308848389
Gilbert,6,,0.25,4,12,1.9578099402133375,1.472731890855357,170,134,0.9077337654409394,0.9897629682658381
Gilbert,6,,0.25,4,13,1.5158907340373844,1.3757887850515544,146,132,0.9928957040738435,0.9989924888500555
Gilbert,6,,0.25,4,14,2.6398957439232618,1.8109456340316683,216,170,0.9440828402279013,0.9760550948679333
Gilbert,6,,0.25,4,15,1.3354933699592948,2.453613613033667,128,202,0.8594260760390122,0.9854646113881829
Gilbert,6,,0.25,4,16,4.118352527031675,2.9751964770257473,312,250,0.8549045823307267,0.8827836929571753
Gilbert,6,,0.25,4,17,2.009291435126215,1.4749837189447135,170,134,0.9077337654409403,0.9897629682658373
Gilbert,6,,0.25,4,18,3.261771904071793,3.8036840008571744,262,278,0.9672492295485613,0.9998597569130286
Gilbert,6,,0.25,4,19,2.0175075558945537,1.4774687408935279,170,134,0.9077337654409404,0.989762968265839
Gilbert,6,,0.25,5,0,3.1459920308552682,2.6955258059315383,260,220,0.9951190784918571,0.9998167938489363
Gilbert,6,,0.25,5,1,4.8426147538702935,5.700459063984454,352,374,0.8252266588583947,0.9645117877217596
Gilbert,6,,0.25,5,2,3.1909370170906186,2.6888457969762385,260,220,0.9951190784924148,0.9998167938489356
Gilbert,6,,0.25,5,3,5.999958036933094,5.468203664058819,364,338,0.6666666666630486,0.8708818227453065
Gilbert,6,,0.25,5,4,4.031320899957791,2.329250629991293,288,182,0.9509302511863632,0.9928839723630967
Gilbert,6,,0.25,5,5,1.970264611998573,1.928224737988785,178,178,0.9999999998762439,0.9999999999981695
Gilbert,6,,0.25,5,6,5.5980124899651855,2.783573130844161,410,228,0.9623180687602492,0.9991392329528528
Gilbert,6,,0.25,5,7,0.2500715448986739,0.266528177075088,22,26,0.5000000000000008,0.7500000000000003
Gilbert,6,,0.25,5,8,5.127455251058564,3.042551808990538,352,216,0.9005311515615316,0.9999999977167747
Gilbert,6,,0.25,5,9,1.9877815349027514,1.9457256658934057,178,178,0.9999999998762439,0.9999999999981685
Gilbert,6,,0.25,5,10,1.9021056268829852,1.9342770110815763,178,178,0.999999999876243,0.9999999999981689
Gilbert,6,,0.25,5,11,4.974739213008434,5.826516528846696,352,374,0.8252266588583952,0.9645117877226572
Gilbert,6,,0.25,5,12,4.125702723162249,2.391619870206341,288,182,0.9509302511863624,0.9928839723630997
Gilbert,6,,0.25,5,13,3.3119576380122453,2.848963628988713,260,220,0.9951190784917128,0.9998167938489356
Gilbert,6,,0.25,5,14,3.955790034029633,5.6583035190124065,288,376,0.9508012506057915,0.9922263669054795
Gilbert,6,,0.25,5,15,2.0311183121521026,7.425356887979433,164,452,0.8904255989973261,0.9999999999482093
Gilbert,6,,0.25,5,16,6.310432021040469,8.653671029955149,422,538,0.8837672400226536,0.9999832033775229
Gilbert,6,,0.25,5,17,4.176398423034698,2.352478968212381,288,182,0.9509302511863624,0.9928839723630973
Gilbert,6,,0.25,5,18,5.625538426917046,5.962550272932276,372,378,0.9999999996251291,0.9803731252495851
Gilbert,6,,0.25,5,19,4.137971841963008,2.471380279865116,288,182,0.9509302511863614,0.9928839723630982
Gilbert,6,,0.25,6,0,6.590454503893852,4.8925043749623,444,342,0.9982145627879954,0.9999999918985534
Gilbert,6,,0.25,6,1,8.229724664939567,8.399050069972873,504,498,0.8551801663045697,0.9999999991379417
Gilbert,6,,0.25,6,2,6.5589706429746,4.996000851970166,438,342,0.9982145695885659,0.9999999918985581
Gilbert,6,,0.25,6,3,10.23197148507461,9.76270204805769,532,510,0.8830100735893774,0.9999999990922787
Gilbert,6,,0.25,6,4,7.374790217960253,4.402346211019903,444,280,0.9534639540628053,0.9976337808852261
Gilbert,6,,0.25,6,5,2.614584377966821,2.32721979287453,210,198,0.9999999989582581,0.9999999999512164
Gilbert,6,,0.25,6,6,16.306139135034755,4.832678969949484,938,334,0.9999921818180931,0.9998552783239008
Gilbert,6,,0.25,6,7,0.34799687401391566,0.2959105269983411,24,28,0.49999999999999906,0.7500000000000003
Gilbert,6,,0.25,6,8,9.930738425813615,4.6149048251099885,564,282,0.9811186685886737,0.9999999492198014
Gilbert,6,,0.25,6,9,2.593822604045272,2.345252566970885,210,198,0.9999999989582578,0.9999999999512177
Gilbert,6,,0.25,6,10,2.662078988039866,2.3532147130463272,210,198,0.9999999989582591,0.9999999999512166
Gilbert,6,,0.25,6,11,8.445426600985229,8.521105299005285,504,494,0.8551801663045725,0.9999999998843213
Gilbert,6,,0.25,6,12,7.42838175711222,4.509167093085125,442,280,0.9534639534908644,0.9976337808852258
Gilbert,6,,0.25,6,13,6.915938351070508,5.0940379470121115,446,342,0.9982145680170238,0.9999999918985518
Gilbert,6,,0.25,6,14,6.698084261035547,15.208887879969552,422,816,0.9903197137316946,0.999806448219116
Gilbert,6,,0.25,6,15,2.929421714041382,11.092955927131698,200,610,0.9288519415002711,0.9999999966308817
Gilbert,6,,0.25,6,16,12.509231741074473,18.279628430958837,684,952,0.9088039533340385,0.999999993951046
Gilbert,6,,0.25,6,17,7.720102288061753,4.675456528086215,446,280,0.9534639540425657,0.9976337808852258
Gilbert,6,,0.25,6,18,9.237399731064215,13.08983508986421,516,652,0.9999999769185149,0.9999999792511906
Gilbert,6,,0.25,6,19,7.667393711861223,4.524029918015003,446,280,0.9534639541017342,0.9976337808852243
Gilbert,6,,0.25,7,0,18.592383861076087,7.859784287167713,1018,484,0.9999999982419897,0.9999999996641483
Gilbert,6,,0.25,7,1,13.443718143040314,14.912127561867237,706,690,0.9436550492915543,0.9999999995480267
Gilbert,6,,0.25,7,2,17.43288860213943,8.00479456782341,958,484,0.9999999987277629,0.999999999664313
Gilbert,6,,0.25,7,3,19.927682514069602,14.154128876049072,870,668,0.9126094599688628,0.9999999989513824
Gilbert,6,,0.25,7,4,10.760760121047497,8.929386088158935,584,464,0.9631541337920213,0.9986528221648927
Gilbert,6,,0.25,7,5,3.237046412890777,2.8008889919146895,240,224,0.9999999999990119,0.9999999999981608
Gilbert,6,,0.25,7,6,25.342481448082253,7.935999795095995,1336,464,0.9999964685310805,0.9999904830149613
Gilbert,6,,0.25,7,7,0.31439168006181717,0.32987337093800306,26,30,0.5000000000000011,0.7500000000000003
Gilbert,6,,0.25,7,8,19.211506333202124,6.880380972987041,922,370,0.9960735793377499,0.9999995529183202
Gilbert,6,,0.25,7,9,3.220433358103037,2.873794003855437,240,224,0.9999999999990128,0.9999999999981615
Gilbert,6,,0.25,7,10,3.281508651096374,2.821349299978465,240,224,0.9999999999990126,0.9999999999981616
Gilbert,6,,0.25,7,11,13.721536057069898,13.037426959024742,704,666,0.9436550497782019,0.9999999994127904
Gilbert,6,,0.25,7,12,10.834538750117645,9.06306086294353,578,464,0.96315413498003,0.9986528221836733
Gilbert,6,,0.25,7,13,18.600433703046292,8.292708528926596,976,484,0.9999999990038567,0.9999999996640966
Gilbert,6,,0.25,7,14,11.772169362055138,21.084382832981646,616,1054,0.9937332741618157,0.9958896877291071
Gilbert,6,,0.25,7,15,3.924192022997886,15.486647712998092,236,772,0.9682731300710837,0.9999999983967096
Gilbert,6,,0.25,7,16,15.98825656506233,23.399434653110802,812,1136,0.9999999992612045,0.9999999816951004
Gilbert,6,,0.25,7,17,11.282201924128458,9.190000271890312,590,464,0.9631541346978392,0.9986528221004676
Gilbert,6,,0.25,7,18,16.938302567927167,15.77026981394738,766,740,0.9999999994996652,0.9999995585511011
Gilbert,6,,0.25,7,19,11.39681156584993,9.890344819054008,584,466,0.9631541342838542,0.9986528228300904
Gilbert,6,,0.25,8,0,20.715335082029924,9.83018049504608,1108,562,0.9999999988257567,0.9999999634661794
Gilbert,6,,0.25,8,1,23.091755765024573,18.180194851011038,1040,858,0.9209873559671127,0.9999999979794235
Gilbert,6,,0.25,8,2,19.32156470604241,9.902887057047337,1032,562,0.9999999961824908,0.9999999634653683
Gilbert,6,,0.25,8,3,35.1077651148662,19.313453953014687,1324,824,0.9510639413483225,0.9999999981797627
Gilbert,6,,0.25,8,4,16.867039695149288,13.37468202598393,804,626,0.9742127506141769,0.999282000428587
Gilbert,6,,0.25,8,5,3.8963035859633237,3.3866854610387236,268,246,0.9999999999997303,0.9999999999338085
Gilbert,6,,0.25,8,6,38.63838940905407,9.800306333927438,1836,536,0.9994229689809428,0.9999990417927133
Gilbert,6,,0.25,8,7,0.352799606975168,0.4330700640566647,28,32,0.4999999999999987,0.7500000000000003
Gilbert,6,,0.25,8,8,28.966693728929386,9.808649267069995,1244,470,0.995074489633777,0.9999997698630617
Gilbert,6,,0.25,8,9,4.035144760040566,3.436624474823475,268,246,0.9999999999997299,0.9999999999338086
Gilbert,6,,0.25,8,10,4.014356601983309,3.441713233012706,268,246,0.9999999999997307,0.9999999999338076
Gilbert,6,,0.25,8,11,22.769675108138472,35.09906514897011,1002,1398,0.9209873565047437,0.9999998601502141
Gilbert,6,,0.25,8,12,17.246791729936376,13.156592539977282,804,606,0.9742127483304684,0.9992819824243582
Gilbert,6,,0.25,8,13,20.564294517971575,10.152650195872411,1058,562,0.9999999987258711,0.9999999634662652
Gilbert,6,,0.25,8,14,22.15532833407633,42.72174779395573,974,1802,0.9997221218065562,0.9997445209133464
Gilbert,6,,0.25,8,15,5.330577835906297,20.607532110065222,282,940,0.9839536104482884,0.999999432732653
Gilbert,6,,0.25,8,16,30.49324060208164,27.691541720880195,1276,1274,0.959907844657204,0.9999999989106151
Gilbert,6,,0.25,8,17,17.554780523991212,13.648290970129892,800,608,0.9742127460233616,0.9992820011286156
Gilbert,6,,0.25,8,18,21.72005751589313,22.275666726054624,926,928,0.9999999841030739,0.9999991906204762
Gilbert,6,,0.25,8,19,18.233220021938905,13.690462288912386,816,612,0.9742127487492329,0.9992819970055191
Gilbert,6,,0.25,9,0,23.76749602612108,11.125892356969416,1220,614,0.9999999990830976,0.9999999957848049
Gilbert,6,,0.25,9,1,31.157002065097913,29.425914796069264,1296,1200,0.9195954844060483,0.9999990448723135
Gilbert,6,,0.25,9,2,22.709348883945495,11.231528501957655,1158,614,0.9999999993926764,0.9999999957847521
Gilbert,6,,0.25,9,3,45.98532723914832,26.856629852904007,1614,1022,0.9551447616914026,0.9999998949459693
Gilbert,6,,0.25,9,4,28.81578977801837,18.71705679409206,1182,792,0.9882323050821349,0.9995402759160984
Gilbert,6,,0.25,9,5,4.6298868919257075,4.12195095885545,294,270,0.9999999999964098,0.9999999999893447
Gilbert,6,,0.25,9,6,50.46753427502699,14.523102852050215,2244,692,0.9999987400573881,0.9999997691430923
Gilbert,6,,0.25,9,7,0.46583066578023136,0.40869666589424014,30,34,0.5000000000000013,0.7500000000000003
Gilbert,6,,0.25,9,8,33.42177889915183,12.725508702918887,1382,558,0.9618876834124004,0.9999998840872043
Gilbert,6,,0.25,9,9,4.703233151929453,4.04329828498885,294,270,0.9999999999964106,0.9999999999893443
Gilbert,6,,0.25,9,10,4.638617518823594,4.04563167411834,294,270,0.99999999999641,0.9999999999893442
Gilbert,6,,0.25,9,11,31.844403883907944,47.949514670995995,1268,1772,0.9195954840614805,0.9999997397931387
Gilbert,6,,0.25,9,12,30.846042551100254,17.99803320504725,1224,758,0.9882323005283545,0.9995402233597981
Gilbert,6,,0.25,9,13,24.035776298958808,11.692751442780718,1174,614,0.9999999976940848,0.9999999957848097
Gilbert,6,,0.25,9,14,32.307679726043716,75.97712646308355,1290,2814,0.9996304418837593,0.9999835376487844
Gilbert,6,,0.25,9,15,7.271103685023263,27.659181483089924,336,1144,0.9937128073392648,0.9999992745949615
Gilbert,6,,0.25,9,16,44.80678356811404,33.334941260982305,1690,1438,0.9909211240407505,0.9999999862420026
Gilbert,6,,0.25,9,17,28.56202706298791,19.217101890826598,1134,776,0.9897104164790672,0.9995402677165535
Gilbert,6,,0.25,9,18,29.0089034861885,30.102104307850823,1120,1150,0.9999998979474555,0.9999998223901182
Gilbert,6,,0.25,9,19,30.24340710300021,18.803677909076214,1168,760,0.9897104157191352,0.9995402377902138
Gilbert,6,,0.25,10,0,28.901198849081993,13.119736128021032,1394,676,0.9999999991146623,0.9999999904470555
Gilbert,6,,0.25,10,1,57.27500144508667,51.68799934303388,2010,1812,0.9572190191121868,0.9999999067514043
Gilbert,6,,0.25,10,2,27.339670080924407,13.180725252022967,1310,676,0.9999999935726661,0.9999999904469729
Gilbert,6,,0.25,10,3,61.67967811902054,33.3141117549967,2010,1186,0.9778885902139772,0.9999976499959157
Gilbert,6,,0.25,10,4,45.16834227903746,25.78687249100767,1650,1002,0.9958909719418536,0.9999135247936404
Gilbert,6,,0.25,10,5,5.583277916070074,4.7520046720746905,324,292,0.9999999999999297,0.9999999999009909
Gilbert,6,,0.25,10,6,58.376782695995644,16.880395642947406,2466,768,0.9999983076859157,0.9999997870366353
Gilbert,6,,0.25,10,7,0.4432342709042132,0.4537372381892055,32,36,0.4999999999999985,0.7500000000000003
Gilbert,6,,0.25,10,8,67.85659201699309,14.697622419102117,2286,608,0.9994769458106662,0.9999995260884126
Gilbert,6,,0.25,10,9,5.612032916164026,4.7818854751531035,324,292,0.9999999999999297,0.9999999999009898
Gilbert,6,,0.25,10,10,5.700399480061606,4.845287621952593,324,292,0.9999999999999295,0.9999999999009894
Gilbert,6,,0.25,10,11,56.64822777896188,60.89368759212084,1920,2140,0.957218999063925,0.999999989748199
Gilbert,6,,0.25,10,12,47.211241618031636,25.64256918709725,1686,972,0.9959675712264242,0.9999135145001691
Gilbert,6,,0.25,10,13,28.15029992116615,13.64953436003998,1310,676,0.9999999998979205,0.9999999904470613
Gilbert,6,,0.25,10,14,51.845541960094124,99.01945050503127,1814,3456,0.9999994188269198,0.9999924360828172
Gilbert,6,,0.25,10,15,10.343839915003628,32.78138616797514,414,1278,0.9964922671515296,0.9999998385730176
Gilbert,6,,0.25,10,16,73.16274640802294,36.35701407492161,2378,1516,0.992459873596811,0.9999992381422057
Gilbert,6,,0.25,10,17,39.4406447771471,26.09560662903823,1410,976,0.9859118543571234,0.9999135143591278
Gilbert,6,,0.25,10,18,34.847030603094026,34.25378429796547,1260,1234,0.9999993943853417,0.9999997492242385
Gilbert,6,,0.25,10,19,40.941588948015124,27.016507038846612,1462,976,0.9859118546212272,0.9999135085397143
Gilbert,6,,0.5,1,0,1.4060775390826166,1.9053024190943688,16,32,0.3681866542982322,0.8023323662434446
Gilbert,6,,0.5,1,1,1.7218364630825818,1.5093276649713516,30,24,0.3850199369284781,0.36407198113500433
Gilbert,6,,0.5,1,2,1.455735068069771,1.4493165619205683,20,20,0.29861274745470984,0.27850027368327207
Gilbert,6,,0.5,1,3,2.2690010550431907,1.3665604370180517,44,20,0.6264668490995798,0.2515667957175819
Gilbert,6,,0.5,1,4,1.1990456560160965,1.3353365850634873,14,18,0.41757313236634674,0.24276928490819114
Gilbert,6,,0.5,1,5,1.4359935249667615,1.4276591390371323,18,18,0.26367727022967063,0.26367727022966986
Gilbert,6,,0.5,1,6,1.4270843400154263,1.4065628699027002,18,18,0.30741561374870047,0.30741561374870036
Gilbert,6,,0.5,1,7,1.3784763598814607,1.2927492950111628,24,22,0.9074840012916755,0.8273514773958336
Gilbert,6,,0.5,1,8,1.5578468109015375,1.555343353189528,20,20,0.38072263531891515,0.38072263531891637
Gilbert,6,,0.5,1,9,1.5986335088964552,1.5299185060430318,28,26,0.4827185953896391,0.47589340066424696
Gilbert,6,,0.5,1,10,2.625526768155396,1.7543461748864502,60,34,0.5979101335698007,0.3963345694068674
Gilbert,6,,0.5,1,11,1.721568179083988,1.3782615310046822,26,20,0.5594522209331559,0.4310402945086081
Gilbert,6,,0.5,1,12,1.4101520730182528,1.412760527106002,18,18,0.5218716618537104,0.5218716618537111
Gilbert,6,,0.5,1,13,1.8480450429487973,1.2732376719359308,36,18,0.5152630172078775,0.26090709356849906
Gilbert,6,,0.5,1,14,1.52622832194902,1.5221803130116314,20,20,0.4309995526220666,0.43099955262206724
Gilbert,6,,0.5,1,15,1.3072765390388668,1.5141767880413681,16,22,0.34846116829579654,0.23664017926859174
Gilbert,6,,0.5,1,16,1.5096628731116652,1.5093939448706806,20,20,0.43099955262206724,0.43099955262206713
Gilbert,6,,0.5,1,17,1.353928775060922,1.4031397399958223,18,20,0.5396963456893845,0.3968276686377467
Gilbert,6,,0.5,1,18,1.4074687000829726,1.4037334038875997,18,18,0.30741561374870047,0.3074156137487007
Gilbert,6,,0.5,1,19,1.266507046064362,1.5595864050555974,16,24,0.3888187638590832,0.2495535425007116
Gilbert,6,,0.5,2,0,5.677454193122685,3.0480032740160823,94,54,0.620532179545339,0.9033388184974829
Gilbert,6,,0.5,2,1,3.638985570985824,3.1921335509978235,66,56,0.745543644594743,0.7806361849342347
Gilbert,6,,0.5,2,2,5.567830821033567,3.552093375939876,88,56,0.5619104133947822,0.5809146095473073
Gilbert,6,,0.5,2,3,3.5577409609686583,2.953102472005412,70,50,0.7708535393537788,0.8873016971410831
Gilbert,6,,0.5,2,4,4.601046317955479,2.9910481099504977,72,48,0.4193461399263296,0.8778074943039607
Gilbert,6,,0.5,2,5,4.384383699158207,4.3767967720050365,62,62,0.6062627239193651,0.6062627239193645
Gilbert,6,,0.5,2,6,3.8883754077833146,3.752592578995973,56,56,0.46233830099049184,0.46233830099049217
Gilbert,6,,0.5,2,7,3.521499478025362,3.255386349046603,72,66,0.9999999999986472,0.9939348810911338
Gilbert,6,,0.5,2,8,4.529406049055979,4.390157880960032,62,62,0.2266995778822638,0.22669957788226258
Gilbert,6,,0.5,2,9,3.6417507941368967,4.058190529933199,66,74,0.7345197585373929,0.6991212118369091
Gilbert,6,,0.5,2,10,3.521469800034538,3.5099193670321256,78,66,0.7473235525880351,0.7737593025045904
Gilbert,6,,0.5,2,11,4.585996510228142,2.9651893661357462,82,50,0.6672820684497726,0.8238794001862063
Gilbert,6,,0.5,2,12,3.4008765791077167,3.4933984111994505,50,50,0.5946934442387206,0.5946934442387206
Gilbert,6,,0.5,2,13,4.2840370091143996,3.135347304865718,84,52,0.7678475868519391,0.9244640164361284
Gilbert,6,,0.5,2,14,4.403827959904447,4.377840087050572,62,62,-0.17809009249997704,-0.1780900924999772
Gilbert,6,,0.5,2,15,3.4260500569362193,3.3944656199309975,52,54,0.3738680635000085,0.8595282385385263
Gilbert,6,,0.5,2,16,4.426920930156484,4.410049377009273,62,62,-0.1780900924999771,-0.1780900924999772
Gilbert,6,,0.5,2,17,3.1236297162249684,3.312703702133149,46,50,0.7538183063372769,0.8342350818779721
Gilbert,6,,0.5,2,18,3.748108573956415,3.7363027688115835,56,56,0.462338300990492,0.46233830099049217
Gilbert,6,,0.5,2,19,4.504464013967663,3.069343516137451,70,48,0.5739491890099598,0.8816056968276627
Gilbert,6,,0.5,3,0,11.040797626134008,5.310828401939943,158,82,0.8483995779336454,0.9523859767908407
Gilbert,6,,0.5,3,1,9.640226176008582,6.235997203039005,146,96,0.8165715721674923,0.7587927676649492
Gilbert,6,,0.5,3,2,10.182364618871361,8.43460789998062,144,114,0.4285197298036761,0.47537192039604453
Gilbert,6,,0.5,3,3,5.722102474188432,12.96633029379882,98,184,0.8584384810220834,0.9525484331724723
Gilbert,6,,0.5,3,4,6.915020172018558,10.25317039899528,102,138,0.4343785939532027,0.9401494077148933
Gilbert,6,,0.5,3,5,7.77779391920194,7.857857067137957,100,100,0.001660290119733528,0.0016602901197337132
Gilbert,6,,0.5,3,6,11.723940416937694,11.628396463114768,146,146,0.6397778914714101,0.6397778914714113
Gilbert,6,,0.5,3,7,6.234386981930584,5.738716846099123,114,104,0.999999999993356,0.9999999999999392
Gilbert,6,,0.5,3,8,10.639115052996203,10.668988063000143,126,126,0.5804165077461996,0.5804165077461936
Gilbert,6,,0.5,3,9,12.602712326915935,7.137518227100372,192,118,0.8431973159154406,0.8169253339145145
Gilbert,6,,0.5,3,10,4.948010494932532,8.276681944029406,98,134,0.8201059497047593,0.9806290077884613
Gilbert,6,,0.5,3,11,10.04041230212897,8.8416830629576,154,128,0.7006537436279802,0.8585505701044202
Gilbert,6,,0.5,3,12,15.075898529030383,14.96543403994292,182,182,0.9779024032359811,0.9779024032359833
Gilbert,6,,0.5,3,13,8.923470910871401,7.315414774930105,148,112,0.8808879956694374,0.99121319041114
Gilbert,6,,0.5,3,14,7.644048321992159,7.599443492013961,98,98,0.10792421161321031,0.10792421161321086
Gilbert,6,,0.5,3,15,12.576163531048223,14.326019362080842,160,182,0.10261971683758131,0.5398228366429386
Gilbert,6,,0.5,3,16,7.660665114177391,7.637275446904823,98,98,0.10792421161321103,0.10792421161321103
Gilbert,6,,0.5,3,17,6.727336628129706,6.69196979701519,92,94,0.5000134791949522,0.595337133875274
Gilbert,6,,0.5,3,18,11.849097223952413,11.787780832964927,146,146,0.6397778914714102,0.6397778914714105
Gilbert,6,,0.5,3,19,8.286398449912667,7.5701352341566235,118,106,0.564996096126655,0.8088654025300634
Gilbert,6,,0.5,4,0,20.26299835392274,8.325904597062618,252,112,0.8534431405810067,0.9756455317997245
Gilbert,6,,0.5,4,1,20.880260705016553,20.309433890972286,262,244,0.8730886768870494,0.9999999996804326
Gilbert,6,,0.5,4,2,15.572219067020342,23.835688097169623,194,260,0.6283304526254582,0.6453511389725083
Gilbert,6,,0.5,4,3,9.014144030865282,30.559268700890243,132,368,0.9061616684663361,0.9006700874641513
Gilbert,6,,0.5,4,4,24.929858257994056,22.477644874015823,280,260,0.6666666666627791,0.9999999999797847
Gilbert,6,,0.5,4,5,20.040705462219194,19.926759464899078,204,204,0.7268780518327421,0.726878051832735
Gilbert,6,,0.5,4,6,25.687947536818683,24.92043117596768,270,262,0.6666666662713933,0.666666666656191
Gilbert,6,,0.5,4,7,9.270192845026031,8.418968548998237,152,138,0.9999999999994502,0.9999999999991713
Gilbert,6,,0.5,4,8,17.80910746799782,17.725501917069778,184,184,0.6247982677673019,0.6247982677673021
Gilbert,6,,0.5,4,9,17.517676455900073,14.700302287004888,246,202,0.9110896906477414,0.8747290229352855
Gilbert,6,,0.5,4,10,7.832252173917368,14.484105420997366,128,202,0.8594260760390131,0.9854646113881809
Gilbert,6,,0.5,4,11,22.60797898680903,14.706681398907676,282,188,0.787026117564181,0.5520164887920566
Gilbert,6,,0.5,4,12,24.815674271900207,24.70375898410566,268,268,0.999999999710746,0.9999999997107953
Gilbert,6,,0.5,4,13,17.72893400886096,11.39545764005743,244,158,0.9287932884449015,0.9999999997484988
Gilbert,6,,0.5,4,14,25.65598074090667,25.704451790079474,250,250,0.35080994797302856,0.350809947973028
Gilbert,6,,0.5,4,15,27.65389795205556,24.241316956933588,300,276,0.28926373433867286,0.322004644852482
Gilbert,6,,0.5,4,16,25.86734359804541,25.860341667896137,250,250,0.350809947973028,0.35080994797303
Gilbert,6,,0.5,4,17,13.654488448984921,11.782098740106449,160,144,0.6510459939039156,0.5298580159825516
Gilbert,6,,0.5,4,18,25.732905328040943,25.00650142505765,262,262,0.6666666666482537,0.6666666666598419
Gilbert,6,,0.5,4,19,16.134985391050577,20.778723760973662,196,236,0.5948308281347315,0.894414021669257
Gilbert,6,,0.5,5,0,32.19100396684371,12.928566033951938,346,150,0.7657896356408482,0.9830110262996291
Gilbert,6,,0.5,5,1,41.27578864619136,43.330491377972066,436,440,0.9117431576824727,0.9789563616756792
Gilbert,6,,0.5,5,2,32.18365334183909,38.46083615208045,322,374,0.6665067456853496,0.712193736609529
Gilbert,6,,0.5,5,3,13.909306765999645,49.26496435794979,174,528,0.9267586666350605,0.999999999989194
Gilbert,6,,0.5,5,4,35.13079733098857,29.28383399778977,362,316,0.6666666663803635,0.8708818226375475
Gilbert,6,,0.5,5,5,41.56588184600696,40.4898126500193,354,348,0.9905446760851526,0.9905446758283917
Gilbert,6,,0.5,5,6,45.53392486087978,46.32916597602889,416,422,0.6693990073521854,0.6693990069279442
Gilbert,6,,0.5,5,7,12.643054747022688,11.57774602691643,186,170,0.9999999999994079,0.9999999999919007
Gilbert,6,,0.5,5,8,55.91628316882998,55.0395341780968,438,434,0.6309776334889448,0.6309776287266788
Gilbert,6,,0.5,5,9,28.79724016599357,23.69447845313698,346,282,0.9371476568034304,0.8802425521559244
Gilbert,6,,0.5,5,10,11.754693566123024,41.77519684401341,164,448,0.890425598997326,0.9999999999799222
Gilbert,6,,0.5,5,11,36.48408827604726,32.24196334509179,400,336,0.8937642199547988,0.9999999985515576
Gilbert,6,,0.5,5,12,52.04103098809719,50.68497092695907,466,458,0.9999999999431868,0.9999999997605156
Gilbert,6,,0.5,5,13,29.90067356918007,18.05583765800111,352,216,0.9005311515610704,0.9999999977167732
Gilbert,6,,0.5,5,14,40.49644188093953,40.403221054933965,352,352,0.7536755769445298,0.753675576948539
Gilbert,6,,0.5,5,15,44.81974213919602,61.93024243880063,430,562,0.7251256722631804,0.9741675293099935
Gilbert,6,,0.5,5,16,40.945451779989526,40.7822039949242,352,352,0.7536755769465606,0.7536755769430208
Gilbert,6,,0.5,5,17,35.318112164968625,27.877654645126313,332,272,0.7397730014279423,0.9678261877064648
Gilbert,6,,0.5,5,18,47.39153223391622,48.73973699309863,422,434,0.6693990060677294,0.669399007915903
Gilbert,6,,0.5,5,19,27.668457495048642,42.00293277599849,286,406,0.611478201651371,0.8882064194156877
Gilbert,6,,0.5,6,0,52.91689579980448,21.99959259806201,490,212,0.8545913983702887,0.9848279350459522
Gilbert,6,,0.5,6,1,73.40915152197704,85.75936169596389,668,750,0.9863803249975821,0.9999999805286145
Gilbert,6,,0.5,6,2,52.52457682811655,50.26551469205879,456,450,0.8266961377457899,0.8197667813843671
Gilbert,6,,0.5,6,3,21.37533042486757,67.95182111510076,228,664,0.9578552972651714,0.9999999959965065
Gilbert,6,,0.5,6,4,70.14502926194109,53.98339165514335,602,486,0.8928966735595226,0.9999999991719751
Gilbert,6,,0.5,6,5,70.63526003202423,82.39614469395019,526,596,0.42634685450771376,0.4738845243746126
Gilbert,6,,0.5,6,6,76.08875518501736,71.70351044111885,606,576,0.6709429119030909,0.6709429099018621
Gilbert,6,,0.5,6,7,17.558561898069456,15.501432155957446,228,204,0.9999999999904414,0.9999999999989934
Gilbert,6,,0.5,6,8,74.89088305598125,72.84469168796204,546,536,0.17701398404865532,0.17701398299099858
Gilbert,6,,0.5,6,9,44.806984103051946,49.53257361194119,468,480,0.9162797354143678,0.980384338414781
Gilbert,6,,0.5,6,10,16.598966896999627,63.83985496382229,200,616,0.9288519415002711,0.9999999918936039
Gilbert,6,,0.5,6,11,50.539868876105174,46.08628305001184,500,436,0.8851300781065481,0.9999989496058093
Gilbert,6,,0.5,6,12,85.1851007710211,83.25263947295025,668,658,0.9999999997570572,0.9999999999653804
Gilbert,6,,0.5,6,13,58.251400489825755,26.638618353987113,566,282,0.9811186688992352,0.9999999492198018
Gilbert,6,,0.5,6,14,72.31458076206036,69.68692283588462,540,526,0.9221919924027675,0.9221920036242295
Gilbert,6,,0.5,6,15,68.19895269302651,93.17463702405803,582,760,0.7464835022351738,0.982206963773057
Gilbert,6,,0.5,6,16,70.60180730605498,75.2227932550013,524,554,0.9221919821185034,0.922191995223187
Gilbert,6,,0.5,6,17,68.35891917604022,45.61823390098289,550,392,0.8931457986064282,0.9999999999820233
Gilbert,6,,0.5,6,18,75.27438031812198,75.30134249804541,590,598,0.6709428972880467,0.6709429092841446
Gilbert,6,,0.5,6,19,35.02114880201407,52.93606458301656,336,480,0.5808863686276734,0.5941081053778116
Gilbert,6,,0.5,7,0,76.50301058683544,46.53374964091927,632,358,0.8784910317308473,0.9959392216917496
Gilbert,6,,0.5,7,1,130.79647190589458,105.50285237608477,1024,878,0.9664972728343497,0.9999997480517316
Gilbert,6,,0.5,7,2,84.20168107002974,68.46898557199165,634,554,0.8142128296192825,0.880082571345226
Gilbert,6,,0.5,7,3,28.49478369113058,82.9813621439971,272,762,0.9787555854967827,0.9967575409457271
Gilbert,6,,0.5,7,4,92.39228017698042,71.06052673095837,734,588,0.9372707445658764,0.9999999953097974
Gilbert,6,,0.5,7,5,104.8931504341308,107.18652632599697,702,724,0.3251025097051743,0.2886272021903659
Gilbert,6,,0.5,7,6,129.8034907260444,132.4104711120017,894,898,0.6818326083468124,0.6818326075293165
Gilbert,6,,0.5,7,7,23.295139393769205,20.09497221489437,270,238,0.9999999999998254,0.9999999999998733
Gilbert,6,,0.5,7,8,98.33909572591074,98.7801192139741,660,662,0.2749201489485107,0.27492014919052254
Gilbert,6,,0.5,7,9,86.39068606914952,102.95695513300598,742,832,0.9884547925687158,0.9962989856659803
Gilbert,6,,0.5,7,10,22.06539389397949,86.15977407502942,236,764,0.9682731300710795,0.9999999978734793
Gilbert,6,,0.5,7,11,85.4229981971439,66.70790859498084,720,564,0.9085845403567538,0.9999997003877718
Gilbert,6,,0.5,7,12,120.04884776496328,116.63248039991595,856,834,0.988581467990548,0.9999999999106046
Gilbert,6,,0.5,7,13,108.90716531407088,40.044224477838725,898,370,0.9960735629827772,0.9999995529183189
Gilbert,6,,0.5,7,14,111.38437394495122,110.3293090320658,734,734,0.9018613885481859,0.9018613884377367
Gilbert,6,,0.5,7,15,112.66944295889698,149.92413006094284,822,1070,0.7791532190655815,0.9923476151821706
Gilbert,6,,0.5,7,16,106.66583217890002,113.98578053107485,702,748,0.8810807176633286,0.88108072303468
Gilbert,6,,0.5,7,17,121.87110872892663,64.25382165703923,860,500,0.8322688443879098,0.9999999994026836
Gilbert,6,,0.5,7,18,134.3919560010545,130.8600542829372,894,880,0.6818326041309687,0.6818326084325591
Gilbert,6,,0.5,7,19,52.12572856689803,68.88971762289293,436,574,0.583248733529309,0.8375972515445248
Gilbert,6,,0.5,8,0,133.2449832658749,78.52236544992775,930,530,0.9107156688954667,0.9977493433000935
Gilbert,6,,0.5,8,1,212.6680360340979,140.65072749205865,1484,1070,0.9674522383028555,0.9999996841132561
Gilbert,6,,0.5,8,2,109.73192557599396,91.546878650086,762,672,0.8662763791058329,0.8565663020633342
Gilbert,6,,0.5,8,3,44.26179488794878,114.55965753109194,360,936,0.9858406347379249,0.9999999976145623
Gilbert,6,,0.5,8,4,115.34102915390395,97.1984133280348,854,726,0.9181094596426104,0.999999997996258
Gilbert,6,,0.5,8,5,147.67619951907545,140.79692099406384,894,876,0.44538439847885886,0.34974725345873864
Gilbert,6,,0.5,8,6,223.98920696787536,224.1772536628414,1272,1340,0.6801670133252199,0.6802617166858548
Gilbert,6,,0.5,8,7,29.335796408820897,24.631297320127487,310,268,0.9999999999989031,0.9999999999999986
Gilbert,6,,0.5,8,8,154.10540508688428,154.15053770900704,902,904,0.5866756825651833,0.5866756856760604
Gilbert,6,,0.5,8,9,157.95436445483938,152.35778383910656,1156,1124,0.9934166701555993,0.9818953335353658
Gilbert,6,,0.5,8,10,29.851570883067325,115.53280911920592,282,934,0.9839536104482857,0.9999990399196259
Gilbert,6,,0.5,8,11,131.17920330213383,92.93974303803407,970,712,0.9183789200630215,0.9999999940615486
Gilbert,6,,0.5,8,12,183.02588384388946,141.8522334008012,1150,954,0.8672758999017538,0.9999999981867378
Gilbert,6,,0.5,8,13,168.31130586890504,57.23920590500347,1244,470,0.9950744893001572,0.9999997698631051
Gilbert,6,,0.5,8,14,177.4255232969299,171.99040305311792,1030,1010,0.5167633007049125,0.5167633012474226
Gilbert,6,,0.5,8,15,148.58705293713138,236.29375811410137,996,1492,0.8088367064953131,0.9999996275115501
Gilbert,6,,0.5,8,16,171.52618425805122,349.7982145510614,990,1790,0.9976719478396463,0.9987667584134081
Gilbert,6,,0.5,8,17,209.51967055699788,110.80204877210781,1308,738,0.9369035086826099,0.9999999777772274
Gilbert,6,,0.5,8,18,221.90156242111698,251.43057226901874,1298,1440,0.6802878123304404,0.6802617445684893
Gilbert,6,,0.5,8,19,67.89978733798489,106.29819608107209,518,766,0.5416539485718314,0.9409890075432084
Gilbert,6,,0.5,9,0,232.6063808989711,104.43717205687426,1402,652,0.969729153699316,0.9987374526564464
Gilbert,6,,0.5,9,1,307.0378508118447,194.03090531611815,1960,1338,0.9687401051128434,0.9999998916654673
Gilbert,6,,0.5,9,2,174.9980449480936,142.1516371620819,1058,898,0.8859363660843932,0.9390636017718842
Gilbert,6,,0.5,9,3,65.26485710800625,148.54872968699783,464,1106,0.9896045739585903,0.9999999988707514
Gilbert,6,,0.5,9,4,251.01390920602717,133.7557581209112,1486,898,0.9655356170581602,0.9999999101131478
Gilbert,6,,0.5,9,5,192.42637251899578,251.1427557100542,1076,1326,0.5225456741375681,0.7132205581694863
Gilbert,6,,0.5,9,6,294.910733275814,329.3200710231904,1634,1782,0.6967910703494198,0.6630713333198291
Gilbert,6,,0.5,9,7,35.91373422509059,29.91441630688496,348,298,0.999999999999977,0.9999999999991455
Gilbert,6,,0.5,9,8,241.8338141948916,238.9498727491591,1242,1232,0.8773550433693662,0.8689940469354442
Gilbert,6,,0.5,9,9,294.54035926796496,308.5029685108457,1864,1942,0.9975525491419726,0.9984823513635481
Gilbert,6,,0.5,9,10,40.39987646811642,172.5915961859282,336,1232,0.9937128073392643,0.9999998433860242
Gilbert,6,,0.5,9,11,181.5644062059,125.62571302708238,1218,872,0.9393318655989923,0.9999994483260108
Gilbert,6,,0.5,9,12,227.44224703405052,167.37634095503017,1336,1066,0.999999996766588,0.9999999532703086
Gilbert,6,,0.5,9,13,195.73589304019697,74.12751234299503,1382,558,0.9618876841539953,0.9999998840879155
Gilbert,6,,0.5,9,14,243.25745538296178,232.7178056279663,1292,1250,0.5156058254615774,0.5552855121816114
Gilbert,6,,0.5,9,15,218.94318453012966,318.8750910360832,1300,1852,0.8767892243437401,0.9943332220297928
Gilbert,6,,0.5,9,16,233.96383732790127,532.6400801020209,1236,2502,0.9466571246166393,0.9987616978440343
Gilbert,6,,0.5,9,17,256.0610173798632,159.02548138494603,1520,958,0.9367926918516232,0.999999982119037
Gilbert,6,,0.5,9,18,271.34842380997725,403.87609574990347,1502,2068,0.7038141086902097,0.8807574693478766
Gilbert,6,,0.5,9,19,115.99769752589054,130.4991431669332,736,880,0.7854829741866202,0.5723334182809037
Gilbert,6,,0.5,10,0,302.2985859948676,144.324854839826,1698,826,0.9907479344114871,0.9991749393699956
Gilbert,6,,0.5,10,1,528.1371734219138,232.02467393805273,2948,1514,0.9999999148526655,0.9999996935953084
Gilbert,6,,0.5,10,2,221.77237637504004,183.51015794603154,1244,1066,0.8876635367066602,0.9022118139119248
Gilbert,6,,0.5,10,3,117.87888648710214,213.76950964611024,700,1404,0.9933079860893065,0.9999999816861079
Gilbert,6,,0.5,10,4,362.15202991105616,205.1596951840911,1956,1200,0.9708010113429572,0.9999999707422371
Gilbert,6,,0.5,10,5,246.17194799799472,355.1571354281623,1270,1706,0.45087785606788194,0.6341412163883183
Gilbert,6,,0.5,10,6,389.2038988179993,363.3292628340423,1992,1916,0.7008982348117835,0.5299175086310579
Gilbert,6,,0.5,10,7,42.07197865797207,36.11759627307765,380,332,0.9999999999869083,0.9999999999998638
Gilbert,6,,0.5,10,8,364.2138658789918,441.6862322820816,1666,1942,0.9291529286859814,0.856468603639414
Gilbert,6,,0.5,10,9,424.839191269828,582.0211570269894,2476,3218,0.9966229352514816,0.9995459282795904
Gilbert,6,,0.5,10,10,57.18959222105332,216.31417628587224,414,1438,0.9964922671515286,0.9999999889579764
Gilbert,6,,0.5,10,11,254.75656408513896,168.03640868607908,1536,1060,0.9449586625975311,0.9999996650467002
Gilbert,6,,0.5,10,12,319.54977804305963,193.42903393995948,1688,1164,0.6532468397147935,0.9999999944657829
Gilbert,6,,0.5,10,13,377.8650072379969,84.54687307495624,2230,608,0.9994769741523278,0.9999995260931523
Gilbert,6,,0.5,10,14,515.5545791820623,389.65760853420943,2272,1822,0.9999833530953006,0.656499773556763
Gilbert,6,,0.5,10,15,315.68618316203356,459.0873716440983,1680,2400,0.802086414927936,0.9999989022850911
Gilbert,6,,0.5,10,16,400.80061285593547,602.1037370520644,1820,2700,0.9999996387761168,0.5810613036536785
Gilbert,6,,0.5,10,17,331.78302932693623,211.55993531504646,1834,1174,0.9889564363942238,0.9999997625985272
Gilbert,6,,0.5,10,18,420.4730102769099,533.1016079718247,2050,2554,0.698055589458615,0.9211299343255757
Gilbert,6,,0.5,10,19,174.0603851468768,226.6060321710538,978,1276,0.702974949983779,0.999999992773633
Gilbert,7,,0.1,1,0,1.5895045830402523,1.5081096980720758,26,28,0.8148891003849694,0.8806496695846965
Gilbert,7,,0.1,1,1,1.0563840030226856,1.1268161670304835,14,18,0.5000000000000001,0.75
Gilbert,7,,0.1,1,2,1.436702716164291,1.4649493990000337,28,28,0.9205403772939817,0.9865840787940461
Gilbert,7,,0.1,1,3,1.4652073478791863,1.4418667880818248,28,28,0.9205403772939816,0.9865840787940465
Gilbert,7,,0.1,1,4,1.3045666120015085,2.0060319188050926,20,42,0.5445433638661248,0.9227200171877247
Gilbert,7,,0.1,1,5,1.4532063568476588,1.511213133111596,26,28,0.8148891003849694,0.8806496695846967
Gilbert,7,,0.1,1,6,1.4597411749418825,1.4605132238939404,28,28,0.9205403772939816,0.9865840787940465
Gilbert,7,,0.1,1,7,1.04901361791417,1.1337128360755742,14,18,0.5000000000000001,0.75
Gilbert,7,,0.1,1,8,1.5550483611878008,1.4660382519941777,28,28,0.9205403772939816,0.986584078794046
Gilbert,7,,0.1,1,9,1.4614195730537176,1.5102476419415325,26,28,0.8148891003849694,0.8806496695846965
Gilbert,7,,0.1,1,10,1.563471124973148,1.6829182950314134,26,34,0.7452619668214983,0.9445247481563147
Gilbert,7,,0.1,1,11,1.701077301055193,1.7540590520948172,32,34,0.7306291016583459,0.8610150577778402
Gilbert,7,,0.1,1,12,1.4654824889730662,1.5156802670098841,26,28,0.8148891003849696,0.8806496695846959
Gilbert,7,,0.1,1,13,1.0588634251616895,1.1382611591834575,14,18,0.5000000000000001,0.75
Gilbert,7,,0.1,1,14,1.4385685441084206,1.5033296148758382,26,28,0.8148891003849694,0.8806496695846965
Gilbert,7,,0.1,1,15,1.4528010210487992,1.542149191023782,26,28,0.8148891003849694,0.8806496695846964
Gilbert,7,,0.1,1,16,1.0560655819717795,1.1365869170986116,14,18,0.5000000000000001,0.75
Gilbert,7,,0.1,1,17,1.4477329009678215,1.464885203866288,28,28,0.9205403772939816,0.9865840787940465
Gilbert,7,,0.1,1,18,1.6956335220020264,1.8933187879156321,30,36,0.6705357197402908,0.885561194814526
Gilbert,7,,0.1,1,19,1.6038429019972682,1.4626764028798789,28,28,0.9205403772939817,0.9865840787940462
Gilbert,7,,0.1,2,0,2.8588015348650515,3.359890117077157,56,66,0.9643140071465904,0.9909196403645277
Gilbert,7,,0.1,2,1,1.1245334099512547,1.2128228780347854,16,20,0.49999999999999967,0.75
Gilbert,7,,0.1,2,2,3.137768209911883,4.119694063207135,66,88,0.9809744243503449,0.9946704884519271
Gilbert,7,,0.1,2,3,3.157276038080454,4.116677840007469,66,88,0.980974424350345,0.9946704884519266
Gilbert,7,,0.1,2,4,2.737763012992218,3.280392080778256,46,68,0.8090332921833525,0.9702073347208993
Gilbert,7,,0.1,2,5,2.9441852988675237,3.286744449986145,56,66,0.9643140071465905,0.9909196403645268
Gilbert,7,,0.1,2,6,3.2300272420980036,4.25271724909544,66,88,0.9809744243503444,0.9946704884519276
Gilbert,7,,0.1,2,7,1.1205170250032097,1.220274182036519,16,20,0.49999999999999967,0.75
Gilbert,7,,0.1,2,8,3.156016714172438,4.2531444288324565,66,88,0.9809744243503449,0.994670488451927
Gilbert,7,,0.1,2,9,2.8637188009452075,3.2940237098373473,56,66,0.9643140071465908,0.9909196403645272
Gilbert,7,,0.1,2,10,3.7307361401617527,2.890589923132211,74,60,0.8822382872239899,0.9884867113303466
Gilbert,7,,0.1,2,11,3.49149507493712,3.2389488238841295,68,64,0.8860545368984006,0.9651966439627355
Gilbert,7,,0.1,2,12,2.885912732919678,3.4081101918127388,56,66,0.9643140071465908,0.9909196403645275
Gilbert,7,,0.1,2,13,1.1297460719943047,1.2270990409888327,16,20,0.49999999999999967,0.75
Gilbert,7,,0.1,2,14,2.8854583371430635,3.2781988750211895,56,66,0.9643140071465905,0.990919640364527
Gilbert,7,,0.1,2,15,2.8686286269221455,3.3130398869980127,56,66,0.9643140071465908,0.990919640364527
Gilbert,7,,0.1,2,16,1.1285282191820443,1.224773489171639,16,20,0.49999999999999967,0.75
Gilbert,7,,0.1,2,17,3.1652520820498466,4.239348504925147,66,88,0.9809744243503449,0.9946704884519271
Gilbert,7,,0.1,2,18,3.3068136209622025,3.164600647985935,58,58,0.7790169414368899,0.956186525605144
Gilbert,7,,0.1,2,19,3.1682189519051462,4.114662097999826,66,88,0.9809744243503445,0.9946704884519276
Gilbert,7,,0.1,3,0,6.1673639649525285,7.091866832925007,104,124,0.9999999999882622,0.9999999999873787
Gilbert,7,,0.1,3,1,1.2477932751644403,1.336919060908258,18,22,0.5000000000000004,0.75
Gilbert,7,,0.1,3,2,6.515792042948306,9.37425425904803,120,172,0.9999999999861342,0.99999999991361
Gilbert,7,,0.1,3,3,6.55512575013563,9.468604244990274,120,172,0.9999999999861341,0.9999999999136097
Gilbert,7,,0.1,3,4,7.629370101960376,5.71517469198443,116,102,0.8194199501605597,0.9915354375766132
Gilbert,7,,0.1,3,5,5.997373356949538,7.166294128168374,104,124,0.9999999999882612,0.9999999999873787
Gilbert,7,,0.1,3,6,6.469658350106329,9.323174672899768,120,172,0.9999999999861333,0.9999999999136101
Gilbert,7,,0.1,3,7,1.2789598070085049,1.3405217379331589,18,22,0.5000000000000004,0.75
Gilbert,7,,0.1,3,8,6.628463883185759,9.350337326992303,120,172,0.9999999999861336,0.9999999999136097
Gilbert,7,,0.1,3,9,6.107487193774432,7.228171946015209,104,124,0.9999999999882616,0.9999999999873781
Gilbert,7,,0.1,3,10,6.18632108788006,5.718945808010176,110,102,0.9572102416246032,0.9973175435324952
Gilbert,7,,0.1,3,11,6.656017087167129,5.956222392851487,112,102,0.9502800083716647,0.9749739788481747
Gilbert,7,,0.1,3,12,6.157162274001166,7.100886173779145,104,124,0.9999999999882621,0.9999999999873795
Gilbert,7,,0.1,3,13,1.2500149470288306,1.346093128202483,18,22,0.5000000000000004,0.75
Gilbert,7,,0.1,3,14,6.161826376104727,7.154650105861947,104,124,0.9999999999882622,0.9999999999873787
Gilbert,7,,0.1,3,15,6.109465067042038,7.263481327099726,104,124,0.9999999999882612,0.999999999987379
Gilbert,7,,0.1,3,16,1.2537713937927037,1.3486780161038041,18,22,0.5000000000000004,0.75
Gilbert,7,,0.1,3,17,6.634861938888207,9.42090617888607,120,172,0.9999999999861339,0.9999999999136092
Gilbert,7,,0.1,3,18,6.4328481869306415,5.536763681098819,102,90,0.8792367257209239,0.980384426945052
Gilbert,7,,0.1,3,19,6.655599748017266,9.445572306169197,120,172,0.9999999999861338,0.9999999999136095
Gilbert,7,,0.1,4,0,9.548672665841877,9.950405477080494,144,156,0.9999999999961471,0.999999999967612
Gilbert,7,,0.1,4,1,1.393824545899406,1.4880488740745932,20,24,0.49999999999999944,0.75
Gilbert,7,,0.1,4,2,9.921181757003069,13.748062641127035,162,228,0.9999999999708216,0.999999999961643
Gilbert,7,,0.1,4,3,9.96804914996028,13.8294805099722,162,228,0.9999999999708221,0.9999999999616431
Gilbert,7,,0.1,4,4,22.613981234142557,10.576894765952602,282,156,0.9446448158672475,0.9954580486708633
Gilbert,7,,0.1,4,5,9.651959042996168,9.883136807009578,144,156,0.9999999999961477,0.999999999967612
Gilbert,7,,0.1,4,6,9.955363254994154,13.814928492065519,162,228,0.9999999999708216,0.9999999999616446
Gilbert,7,,0.1,4,7,1.4076928708236665,1.5905503248795867,20,24,0.49999999999999944,0.75
Gilbert,7,,0.1,4,8,10.05105148605071,13.923153834883124,162,228,0.9999999999708232,0.9999999999616443
Gilbert,7,,0.1,4,9,9.477754986146465,9.890961444936693,144,156,0.9999999999961482,0.9999999999676131
Gilbert,7,,0.1,4,10,9.538407543906942,9.562755923951045,150,148,0.9939182280781708,0.9990863062949679
Gilbert,7,,0.1,4,11,11.729750367812812,12.219130910933018,168,172,0.9865145416834128,0.9944211701272607
Gilbert,7,,0.1,4,12,9.673254342982545,10.002844005823135,144,156,0.9999999999961474,0.999999999967612
Gilbert,7,,0.1,4,13,1.4090662468224764,1.501536632888019,20,24,0.49999999999999944,0.75
Gilbert,7,,0.1,4,14,9.566714848857373,9.81494808406569,144,156,0.9999999999961477,0.9999999999676124
Gilbert,7,,0.1,4,15,9.57545791612938,9.943864077096805,144,156,0.9999999999961485,0.999999999967612
Gilbert,7,,0.1,4,16,1.4079013830050826,1.4976156139746308,20,24,0.49999999999999944,0.75
Gilbert,7,,0.1,4,17,10.103260067058727,13.95207039010711,162,228,0.999999999970823,0.999999999961645
Gilbert,7,,0.1,4,18,12.455102357082069,8.7367643059697,162,124,0.924200595944523,0.9916864919836403
Gilbert,7,,0.1,4,19,10.009532912867144,13.953258655965328,162,228,0.9999999999708225,0.9999999999616439
Gilbert,7,,0.1,5,0,13.185059249866754,12.833225610898808,180,184,0.9999999999998351,0.9999999999974308
Gilbert,7,,0.1,5,1,1.5870264759287238,1.6745133239310235,22,26,0.5000000000000007,0.75
Gilbert,7,,0.1,5,2,13.228102821856737,18.430235769134015,196,276,0.9999999996457124,0.9999999997496687
Gilbert,7,,0.1,5,3,13.258226736914366,18.649597896030173,196,276,0.9999999996457131,0.9999999997496688
Gilbert,7,,0.1,5,4,31.082530833082274,18.456446235999465,356,228,0.9272242316570584,0.9986948318001183
Gilbert,7,,0.1,5,5,13.391391855897382,12.790817358065397,180,184,0.9999999999998355,0.99999999999743
Gilbert,7,,0.1,5,6,13.258892790880054,18.456072569824755,196,276,0.9999999996457133,0.9999999997496699
Gilbert,7,,0.1,5,7,1.7199345019180328,1.6855353591963649,22,26,0.5000000000000007,0.75
Gilbert,7,,0.1,5,8,13.303566557820886,18.464570980053395,196,276,0.9999999996457124,0.9999999997496692
Gilbert,7,,0.1,5,9,13.30890880106017,12.747123237000778,180,184,0.9999999999998354,0.9999999999974303
Gilbert,7,,0.1,5,10,22.796836184104905,18.771498991874978,276,236,0.9957641534352725,0.9998448668233193
Gilbert,7,,0.1,5,11,20.263328704051673,25.0243064800743,244,288,0.9923970817532677,0.9970111721657642
Gilbert,7,,0.1,5,12,13.459084616042674,12.960777348140255,180,184,0.9999999999998357,0.999999999997429
Gilbert,7,,0.1,5,13,1.593382430030033,1.6880410020239651,22,26,0.5000000000000007,0.75
Gilbert,7,,0.1,5,14,13.452761974884197,12.832914526807144,180,184,0.9999999999998364,0.9999999999974298
Gilbert,7,,0.1,5,15,13.252097100950778,12.99299867101945,180,184,0.9999999999998366,0.9999999999974294
Gilbert,7,,0.1,5,16,1.7294226419180632,1.6812100370880216,22,26,0.5000000000000007,0.75
Gilbert,7,,0.1,5,17,13.393471494084224,18.721556986914948,196,276,0.9999999996457127,0.9999999997496677
Gilbert,7,,0.1,5,18,28.331471242010593,13.731929016066715,296,166,0.9594867971353931,0.9942536444694609
Gilbert,7,,0.1,5,19,13.385194955859333,18.747693037148565,196,276,0.9999999996457128,0.9999999997496688
Gilbert,7,,0.1,6,0,16.540034834994003,15.508381102001294,206,206,0.9999999999615781,0.9999999994640352
Gilbert,7,,0.1,6,1,1.7972721501719207,1.9658419261686504,24,28,0.4999999999999991,0.75
Gilbert,7,,0.1,6,2,17.632856281939894,23.95503881201148,234,324,0.99999999996407,0.9999999999897179
Gilbert,7,,0.1,6,3,17.72837352193892,24.10188405495137,234,324,0.9999999999640709,0.9999999999897167
Gilbert,7,,0.1,6,4,46.104339712066576,32.4442093919497,472,336,0.9982569568234483,0.9995981382839497
Gilbert,7,,0.1,6,5,16.662134067853913,15.45779858296737,206,206,0.9999999999615795,0.9999999994640338
Gilbert,7,,0.1,6,6,17.753786680055782,23.97252764715813,234,324,0.9999999999640709,0.9999999999897176
Gilbert,7,,0.1,6,7,1.8122270279563963,1.902870608959347,24,28,0.4999999999999991,0.75
Gilbert,7,,0.1,6,8,17.92675577197224,24.005009644897655,234,324,0.9999999999640696,0.9999999999897176
Gilbert,7,,0.1,6,9,16.62310157297179,15.48685728595592,206,206,0.9999999999615798,0.9999999994640358
Gilbert,7,,0.1,6,10,50.5562217279803,34.24533846299164,500,362,0.9984720027696566,0.9999999933826559
Gilbert,7,,0.1,6,11,40.014633471146226,78.60740869119763,396,700,0.9986768909954341,0.9999999577421061
Gilbert,7,,0.1,6,12,16.718661373015493,15.618114514974877,206,206,0.9999999999615794,0.9999999994640352
Gilbert,7,,0.1,6,13,1.9298846221063286,1.9069282249547541,24,28,0.4999999999999991,0.75
Gilbert,7,,0.1,6,14,16.617221136111766,15.446660024113953,206,206,0.9999999999615786,0.9999999994640341
Gilbert,7,,0.1,6,15,16.546428126981482,15.652004573028535,206,206,0.9999999999615795,0.9999999994640343
Gilbert,7,,0.1,6,16,1.8139896900393069,1.903163311071694,24,28,0.4999999999999991,0.75
Gilbert,7,,0.1,6,17,17.935896596871316,24.283763237064704,234,324,0.9999999999640696,0.9999999999897181
Gilbert,7,,0.1,6,18,45.54152354411781,29.135295641841367,418,276,0.9783476442472316,0.997898282008663
Gilbert,7,,0.1,6,19,17.90302609000355,24.354618672979996,234,324,0.99999999996407,0.9999999999897168
Gilbert,7,,0.1,7,0,20.435862123034894,18.97230521007441,234,230,0.9999999999971034,0.9999999999093813
Gilbert,7,,0.1,7,1,2.1558578410185874,2.133896764134988,26,30,0.500000000000001,0.75
Gilbert,7,,0.1,7,2,21.816392702050507,29.201001551933587,266,364,0.999999999375443,0.9999999999635062
Gilbert,7,,0.1,7,3,21.966739187948406,29.515340819954872,266,364,0.9999999993754419,0.9999999999635071
Gilbert,7,,0.1,7,4,81.27816600911319,52.66373919695616,706,470,0.9985619804296478,0.999994233565171
Gilbert,7,,0.1,7,5,20.691479329019785,18.874523983104154,234,230,0.9999999999971034,0.9999999999093809
Gilbert,7,,0.1,7,6,22.154090725118294,29.21330589009449,266,364,0.9999999993754426,0.999999999963506
Gilbert,7,,0.1,7,7,2.0672941911034286,2.1545329389628023,26,30,0.500000000000001,0.75
Gilbert,7,,0.1,7,8,22.14570269291289,29.297925921157002,266,364,0.9999999993754423,0.999999999963508
Gilbert,7,,0.1,7,9,20.556958192028105,18.93417059397325,234,230,0.9999999999971024,0.9999999999093815
Gilbert,7,,0.1,7,10,140.68802251992747,52.249166250927374,1132,490,0.999999996914202,0.9999999982499959
Gilbert,7,,0.1,7,11,80.38975245901383,105.37548930197954,662,880,0.9987247302155255,0.9999999938330527
Gilbert,7,,0.1,7,12,20.69898586696945,19.100103745935485,234,230,0.9999999999971024,0.9999999999093813
Gilbert,7,,0.1,7,13,2.065993234049529,2.261975210160017,26,30,0.500000000000001,0.75
Gilbert,7,,0.1,7,14,20.788290733937174,18.93164560990408,234,230,0.9999999999971028,0.999999999909382
Gilbert,7,,0.1,7,15,20.58917797007598,19.14263639296405,234,230,0.9999999999971033,0.999999999909382
Gilbert,7,,0.1,7,16,2.0661091359797865,2.149053786881268,26,30,0.500000000000001,0.75
Gilbert,7,,0.1,7,17,22.172812575940043,29.640299900900573,266,364,0.9999999993754424,0.9999999999635069
Gilbert,7,,0.1,7,18,71.01074784900993,61.523065101122484,576,478,0.9856021441651759,0.9987422183952074
Gilbert,7,,0.1,7,19,22.25757356802933,29.723654307890683,266,364,0.9999999993754426,0.9999999999635062
Gilbert,7,,0.1,8,0,24.921426623128355,23.10932985600084,262,256,0.9999999999883373,0.999999999999889
Gilbert,7,,0.1,8,1,2.330397858051583,2.4930019739549607,28,32,0.4999999999999988,0.75
Gilbert,7,,0.1,8,2,26.7101975500118,33.81587801803835,298,394,0.9999999999996355,0.9999999999851807
Gilbert,7,,0.1,8,3,32.58727364405058,34.0175706660375,298,394,0.9999999999996362,0.9999999999851822
Gilbert,7,,0.1,8,4,135.94197844690643,71.94998013507575,1026,584,0.9999860669946535,0.9999994267055724
Gilbert,7,,0.1,8,5,25.18660527188331,23.150702488142997,262,256,0.9999999999883389,0.9999999999998905
Gilbert,7,,0.1,8,6,27.131433447124436,33.72848381404765,298,394,0.9999999999996346,0.9999999999851804
Gilbert,7,,0.1,8,7,2.451108726905659,2.5321921021677554,28,32,0.4999999999999988,0.75
Gilbert,7,,0.1,8,8,27.00919954292476,33.91732427896932,298,394,0.9999999999996364,0.9999999999851809
Gilbert,7,,0.1,8,9,25.283625037176535,23.035427138907835,262,256,0.9999999999883386,0.9999999999998902
Gilbert,7,,0.1,8,10,156.99713718495332,66.83402694785036,1236,580,0.9999999995141616,0.999999961918815
Gilbert,7,,0.1,8,11,206.3110492490232,147.71425306797028,1396,1118,0.9997320634097331,0.9999997258350671
Gilbert,7,,0.1,8,12,25.412693578982726,23.42091476195492,262,256,0.9999999999883393,0.9999999999998899
Gilbert,7,,0.1,8,13,2.3533970480784774,2.4385223439894617,28,32,0.4999999999999988,0.75
Gilbert,7,,0.1,8,14,25.20177205093205,23.121687312843278,262,256,0.99999999998834,0.9999999999998892
Gilbert,7,,0.1,8,15,25.146370297996327,23.446260620839894,262,256,0.9999999999883391,0.9999999999998902
Gilbert,7,,0.1,8,16,2.464434015098959,2.558305858867243,28,32,0.4999999999999988,0.75
Gilbert,7,,0.1,8,17,27.25286892009899,34.28554557613097,298,394,0.9999999999996353,0.9999999999851831
Gilbert,7,,0.1,8,18,127.58098435611464,89.48202696093358,882,630,0.9847045139286619,0.9992946230768375
Gilbert,7,,0.1,8,19,27.247950557153672,34.29825816792436,298,394,0.9999999999996346,0.9999999999851816
Gilbert,7,,0.1,9,0,29.94346283003688,28.076395889976993,290,284,0.9999999999840693,0.9999999999970818
Gilbert,7,,0.1,9,1,2.7310742859262973,2.7242470670025796,30,34,0.5000000000000013,0.75
Gilbert,7,,0.1,9,2,31.777564503950998,39.73753340309486,328,430,0.9999999999918469,0.9999999999904828
Gilbert,7,,0.1,9,3,32.396068742033094,40.08528598002158,328,430,0.9999999999918487,0.9999999999904818
Gilbert,7,,0.1,9,4,173.45820688293315,103.08261218410917,1222,750,0.9999999900049765,0.9999996500338835
Gilbert,7,,0.1,9,5,30.251749145099893,27.906223949976265,290,284,0.9999999999840699,0.9999999999970821
Gilbert,7,,0.1,9,6,32.092481133993715,39.92823304398917,328,430,0.999999999991848,0.9999999999904802
Gilbert,7,,0.1,9,7,2.666474357014522,2.856750884791836,30,34,0.5000000000000013,0.75
Gilbert,7,,0.1,9,8,32.276138819986954,39.97459713509306,328,430,0.9999999999918486,0.9999999999904804
Gilbert,7,,0.1,9,9,30.33109538280405,28.157950412016362,290,284,0.99999999998407,0.9999999999970821
Gilbert,7,,0.1,9,10,180.99649584316649,75.41179060097784,1368,628,0.9999999990309819,0.9999999983245972
Gilbert,7,,0.1,9,11,328.54755492298864,215.90867063309997,2032,1476,0.9999998235790171,0.9999957472223567
Gilbert,7,,0.1,9,12,30.4393482808955,28.414293471025303,290,284,0.9999999999840685,0.9999999999970826
Gilbert,7,,0.1,9,13,2.785003772005439,2.8592837539035827,30,34,0.5000000000000013,0.75
Gilbert,7,,0.1,9,14,30.296694662887603,28.136020716046914,290,284,0.9999999999840693,0.9999999999970818
Gilbert,7,,0.1,9,15,30.095746712060645,28.326896799961105,290,284,0.9999999999840693,0.9999999999970821
Gilbert,7,,0.1,9,16,2.666968568926677,2.7430988408159465,30,34,0.5000000000000013,0.75
Gilbert,7,,0.1,9,17,32.22877125698142,40.384754142025486,328,430,0.9999999999918501,0.9999999999904814
Gilbert,7,,0.1,9,18,220.31135823810473,122.07872775197029,1334,790,0.9890757312773035,0.9995749991143867
Gilbert,7,,0.1,9,19,32.428002191009,40.51606922899373,328,430,0.99999999999185,0.999999999990481
Gilbert,7,,0.1,10,0,35.46977195702493,32.64959100494161,318,306,0.9999999999999701,0.9999999999633424
Gilbert,7,,0.1,10,1,3.08081238088198,3.1988575849682093,32,36,0.4999999999999985,0.75
Gilbert,7,,0.1,10,2,37.8996466640383,45.44439716497436,358,460,0.9999999999911818,0.9999999937592534
Gilbert,7,,0.1,10,3,37.84511743998155,45.76755062211305,358,460,0.9999999999911795,0.9999999937592543
Gilbert,7,,0.1,10,4,212.05929282610305,116.5302230459638,1408,812,0.9999999932673431,0.9999997365633003
Gilbert,7,,0.1,10,5,36.00007174606435,32.42882628785446,318,306,0.9999999999999684,0.9999999999633431
Gilbert,7,,0.1,10,6,37.89144070702605,45.426176968961954,358,460,0.9999999999911807,0.999999993759253
Gilbert,7,,0.1,10,7,3.1281432809773833,3.094055256107822,32,36,0.4999999999999985,0.75
Gilbert,7,,0.1,10,8,37.91471000108868,45.681984197115526,358,460,0.9999999999911807,0.9999999937592534
Gilbert,7,,0.1,10,9,35.98788919090293,32.44188307481818,318,306,0.9999999999999701,0.999999999963342
Gilbert,7,,0.1,10,10,212.55105109489523,87.71263684798032,1526,690,0.999999998705059,0.999999990187625
Gilbert,7,,0.1,10,11,490.907558943145,317.5907900761813,2798,1948,0.9999999826203203,0.9999975784785258
Gilbert,7,,0.1,10,12,36.25746350293048,32.851973426993936,318,306,0.9999999999999701,0.9999999999633428
Gilbert,7,,0.1,10,13,3.1479448759928346,3.2269164309836924,32,36,0.4999999999999985,0.75
Gilbert,7,,0.1,10,14,35.77732899598777,32.5093835350126,318,306,0.9999999999999709,0.9999999999633438
Gilbert,7,,0.1,10,15,35.8611585421022,32.8283335310407,318,306,0.9999999999999674,0.9999999999633431
Gilbert,7,,0.1,10,16,3.1276611099019647,3.2105681211687624,32,36,0.4999999999999985,0.75
Gilbert,7,,0.1,10,17,38.08533890894614,46.06672819098458,358,460,0.9999999999911814,0.9999999937592525
Gilbert,7,,0.1,10,18,332.58616672293283,165.75112921278924,1826,982,0.9884690751074139,0.9999304323366054
Gilbert,7,,0.1,10,19,38.25266467104666,46.1492591870483,358,460,0.999999999991182,0.9999999937592542
Gilbert,7,,0.25,1,0,0.3133527380414307,0.2579206528607756,16,18,0.3045372742618575,0.2517207428187678
Gilbert,7,,0.25,1,1,0.34469752199947834,0.39044159604236484,34,32,0.3752858259094819,0.8337662611222575
Gilbert,7,,0.25,1,2,0.2870429551694542,0.3527017920278013,16,36,0.38979111335825467,0.31762262854709716
Gilbert,7,,0.25,1,3,0.28878744901157916,0.3122763689607382,26,20,0.4385640324019544,0.5142502525952863
Gilbert,7,,0.25,1,4,0.3234986600000411,0.29894004901871085,36,32,0.607855726597094,0.7972414296187313
Gilbert,7,,0.25,1,5,0.31282409909181297,0.3217939119786024,32,34,0.730629101658346,0.8610150577778402
Gilbert,7,,0.25,1,6,0.3744537190068513,0.26627542614005506,26,24,0.43462157467424817,0.3150462611099267
Gilbert,7,,0.25,1,7,0.3695723668206483,0.25313423690386117,38,22,0.3185291418858551,0.3091805889290836
Gilbert,7,,0.25,1,8,0.360195015091449,0.2474543577991426,38,20,0.3601244858923234,0.30370088386150734
Gilbert,7,,0.25,1,9,0.24561288091354072,0.30661366786807775,18,24,0.28973119652059204,0.18025305457007584
Gilbert,7,,0.25,1,10,0.27046606689691544,0.2513314578682184,28,28,0.9205403772939817,0.9865840787940462
Gilbert,7,,0.25,1,11,0.2678253569174558,0.30735327606089413,26,34,0.7452619668214983,0.9445247481563142
Gilbert,7,,0.25,1,12,0.34802115987986326,0.33099426492117345,36,36,0.6538020592554106,0.9053669872566241
Gilbert,7,,0.25,1,13,0.26840709801763296,0.30710759898647666,26,34,0.7452619668214985,0.9445247481563146
Gilbert,7,,0.25,1,14,0.43535784306004643,0.3034118900541216,36,30,0.6078557265970941,0.7757138507583341
Gilbert,7,,0.25,1,15,0.3095227589365095,0.3403992969542742,30,36,0.6705357197402908,0.8855611948145261
Gilbert,7,,0.25,1,16,0.25020285905338824,0.2588037750683725,26,28,0.8148891003849696,0.8806496695846961
Gilbert,7,,0.25,1,17,0.2875241821166128,0.28864819603040814,32,28,0.7306291016583462,0.8518805344905378
Gilbert,7,,0.25,1,18,0.24822300602681935,0.4269741780590266,16,44,0.30552275997459255,0.236580984402872
Gilbert,7,,0.25,1,19,0.2490375880151987,0.24361257092095912,16,16,0.5334726905757744,0.5235630873490366
Gilbert,7,,0.25,2,0,1.162344738142565,1.0131298648193479,102,88,0.5758658074098526,0.5716865909373433
Gilbert,7,,0.25,2,1,0.7474613902159035,0.5214600788895041,72,54,0.5731604757263603,0.9200868544049619
Gilbert,7,,0.25,2,2,0.6173217138275504,0.7872990688774735,56,74,0.46249855337188417,0.8259528657374136
Gilbert,7,,0.25,2,3,0.6858064269181341,0.5640657159965485,60,52,0.4915315767942095,0.767420841121022
Gilbert,7,,0.25,2,4,0.563625113107264,0.5883966858964413,64,58,0.8507339344064452,0.9528175255803575
Gilbert,7,,0.25,2,5,0.5874895812012255,0.6107548680156469,68,64,0.8860545368984003,0.9651966439627364
Gilbert,7,,0.25,2,6,1.0019280498381704,0.4931730800308287,102,48,0.5740964544873224,0.8344743210581745
Gilbert,7,,0.25,2,7,0.861645715078339,0.6111022990662605,84,60,0.6058996969553858,0.7761233849592591
Gilbert,7,,0.25,2,8,0.8941363689955324,0.48490183986723423,84,44,0.6131355207497169,0.7989332580092274
Gilbert,7,,0.25,2,9,0.7161383309867233,0.6041980900336057,62,54,0.2961510130605995,0.853489905287406
Gilbert,7,,0.25,2,10,0.5280964670237154,0.6842696501407772,66,88,0.9809744243503449,0.9946704884519271
Gilbert,7,,0.25,2,11,0.6215586080215871,0.8894065991044044,74,60,0.8822382872239897,0.9884867113303469
Gilbert,7,,0.25,2,12,0.7278909471351653,0.5434891399927437,80,60,0.8003533688615793,0.968980532420304
Gilbert,7,,0.25,2,13,0.6191627439111471,0.48782555595971644,74,60,0.8822382872239903,0.9884867113303466
Gilbert,7,,0.25,2,14,0.5590675100684166,0.5625009729992598,64,62,0.8507339344064455,0.9231026993865558
Gilbert,7,,0.25,2,15,0.5290872631594539,0.5073760792147368,58,58,0.7790169414368903,0.9561865256051447
Gilbert,7,,0.25,2,16,0.48336813296191394,0.6580055439844728,56,66,0.9643140071465908,0.9909196403645268
Gilbert,7,,0.25,2,17,0.577589396154508,0.58801076002419,68,68,0.8860545368984006,0.9430301129500954
Gilbert,7,,0.25,2,18,0.9912263930309564,1.0346177201718092,80,94,0.484697405851573,0.8732150237984722
Gilbert,7,,0.25,2,19,0.5333636160939932,0.7884112780448049,46,60,0.7633798293858488,0.6901800295456467
Gilbert,7,,0.25,3,0,1.8901008418761194,1.7427453629206866,152,138,0.6475755670630984,0.603067821405787
Gilbert,7,,0.25,3,1,1.6036549529526383,0.9868826358579099,136,86,0.8075098986841913,0.9575140173390012
Gilbert,7,,0.25,3,2,1.6684526649769396,1.6009976919740438,126,132,0.6338791544052733,0.9280279116105488
Gilbert,7,,0.25,3,3,1.9171907140407711,1.6470056409016252,148,124,0.6369809729884549,0.9685725591061642
Gilbert,7,,0.25,3,4,1.3977371251676232,0.9401411379221827,126,94,0.9250938110027856,0.9634221413093897
Gilbert,7,,0.25,3,5,1.1361606339924037,1.0348294370342046,112,102,0.950280008371665,0.9749739788481737
Gilbert,7,,0.25,3,6,2.469514998840168,1.573115082923323,200,122,0.6996832977785596,0.9999999999995882
Gilbert,7,,0.25,3,7,2.185992904007435,1.4340552429202944,178,112,0.7187049969685304,0.9754258177091677
Gilbert,7,,0.25,3,8,1.553891603834927,1.4883664089720696,128,108,0.7137310807756337,0.9999999999999831
Gilbert,7,,0.25,3,9,1.9352736629080027,2.1808427271898836,130,146,0.5951154662372056,0.9400060494489362
Gilbert,7,,0.25,3,10,1.1345161069184542,1.589036202058196,120,172,0.9999999999861332,0.999999999913611
Gilbert,7,,0.25,3,11,1.0872208361979574,0.9242136201355606,110,102,0.957210241624603,0.9973175435324947
Gilbert,7,,0.25,3,12,1.6552973079960793,1.04721415694803,142,94,0.888757959470679,0.981124251196145
Gilbert,7,,0.25,3,13,1.0861470100935549,0.9171835370361805,110,102,0.9572102416246023,0.9973175435324951
Gilbert,7,,0.25,3,14,1.3801417739596218,1.1870102919638157,126,108,0.925093811002786,0.9589282963786453
Gilbert,7,,0.25,3,15,1.1414827750995755,0.9798571160063148,102,90,0.8792367257209245,0.9803844269450522
Gilbert,7,,0.25,3,16,1.0844812102150172,1.1638966659083962,104,124,0.9999999999882616,0.9999999999873783
Gilbert,7,,0.25,3,17,1.1767938039265573,1.1810755720362067,112,112,0.9502800083716647,0.9768044732688246
Gilbert,7,,0.25,3,18,2.5362729530315846,2.9255618480965495,182,222,0.687044078358078,0.8880589155434778
Gilbert,7,,0.25,3,19,1.8234512619674206,1.8201774470508099,122,134,0.6669358409329346,0.8405423357609947
Gilbert,7,,0.25,4,0,4.913358297897503,3.009552051080391,304,202,0.7469413577853131,0.6707772559720511
Gilbert,7,,0.25,4,1,3.2352330128196627,1.666821442078799,226,122,0.8377435175417404,0.9768809088230833
Gilbert,7,,0.25,4,2,3.307763112941757,3.012834111927077,212,206,0.7160533722756721,0.9999999999338502
Gilbert,7,,0.25,4,3,3.8905553182121366,3.3998556598089635,250,216,0.6972681755690204,0.9999999999771206
Gilbert,7,,0.25,4,4,3.414184514898807,2.1338311340659857,250,162,0.9524137957974635,0.9939506649462975
Gilbert,7,,0.25,4,5,2.0479310429655015,2.0619775920640677,168,172,0.9865145416834128,0.9944211701272604
Gilbert,7,,0.25,4,6,3.5794761599972844,2.620943126035854,260,178,0.7088878149438128,0.9999999999432498
Gilbert,7,,0.25,4,7,4.779425469925627,2.838728567119688,322,190,0.7499289487522167,0.9839481611377074
Gilbert,7,,0.25,4,8,3.3595862020738423,2.874412616947666,222,182,0.7499999994629339,0.9999999999970104
Gilbert,7,,0.25,4,9,3.4865972090046853,5.14771468588151,202,288,0.7009090849612136,0.9996577348831369
Gilbert,7,,0.25,4,10,1.6711887989658862,2.3542046528309584,162,228,0.999999999970823,0.9999999999616436
Gilbert,7,,0.25,4,11,1.6924724748823792,1.7096567288972437,150,148,0.993918228078171,0.9990863062949682
Gilbert,7,,0.25,4,12,3.426955242874101,1.9415415730327368,246,146,0.9029050264464984,0.9865509854119774
Gilbert,7,,0.25,4,13,1.6164551510009915,1.7148115339223295,150,148,0.9939182280781722,0.999086306294966
Gilbert,7,,0.25,4,14,3.45634730393067,2.0536489950027317,250,160,0.9524137957974628,0.9910805066343681
Gilbert,7,,0.25,4,15,2.132832258939743,1.4883520358707756,162,124,0.9242005959445224,0.9916864919836401
Gilbert,7,,0.25,4,16,1.6206063670106232,1.7775437331292778,144,156,0.9999999999961474,0.9999999999676122
Gilbert,7,,0.25,4,17,1.9429617212153971,2.115810535149649,168,172,0.9865145416834128,0.9930677760953579
Gilbert,7,,0.25,4,18,6.131594092119485,4.4851710381917655,350,292,0.7850996703832538,0.47854909970620946
Gilbert,7,,0.25,4,19,5.035108478972688,5.070573420962319,280,288,0.999999999975516,0.9361319344900839
Gilbert,7,,0.25,5,0,7.552584057906643,7.271080448990688,416,350,0.7975522500588981,0.7834552367235432
Gilbert,7,,0.25,5,1,5.087850123876706,2.84429944306612,312,176,0.6351794763463552,0.9829905624345863
Gilbert,7,,0.25,5,2,8.202199256047606,6.423510420136154,422,354,0.6510087201511564,0.9999999995656909
Gilbert,7,,0.25,5,3,6.515247019939125,6.567662354093045,362,354,0.6937516080276533,0.9999999991470048
Gilbert,7,,0.25,5,4,6.457712913164869,8.778831888921559,404,496,0.9797126502116685,0.9987432756481261
Gilbert,7,,0.25,5,5,3.4398893939796835,4.384994457941502,244,288,0.9923970817532677,0.9970111721658885
Gilbert,7,,0.25,5,6,5.302694989135489,4.360155656002462,336,258,0.8328614396348981,0.9999999998683625
Gilbert,7,,0.25,5,7,6.228216442046687,6.670583829982206,390,362,0.8230816631051969,0.9999999995935255
Gilbert,7,,0.25,5,8,5.471853092778474,5.042329065967351,310,270,0.615362620911024,0.999999998160256
Gilbert,7,,0.25,5,9,8.220505845034495,8.747003611875698,384,420,0.7168493088063032,0.9999900797707797
Gilbert,7,,0.25,5,10,2.2495076931081712,3.1523930511903018,196,276,0.9999999996457124,0.9999999997496687
Gilbert,7,,0.25,5,11,3.857692780904472,3.2550851739943027,276,236,0.9957641534358416,0.9998448668233187
Gilbert,7,,0.25,5,12,5.228155254153535,4.0943167000077665,328,244,0.9662659315574768,0.9953780762447094
Gilbert,7,,0.25,5,13,3.969467577058822,3.2818128319922835,276,236,0.9957641534351286,0.9998448668233214
Gilbert,7,,0.25,5,14,6.6653649129439145,6.421935269143432,404,370,0.9797126502116666,0.9947128399883736
Gilbert,7,,0.25,5,15,4.8928477799054235,2.4265777091495693,296,166,0.9594867971353931,0.9942536444694596
Gilbert,7,,0.25,5,16,2.290917648933828,2.2210763380862772,180,184,0.9999999999998354,0.9999999999974312
Gilbert,7,,0.25,5,17,3.654270414961502,5.1502085251268,244,328,0.992397081753267,0.9931827781940383
Gilbert,7,,0.25,5,18,9.12743135401979,6.552690007025376,468,374,0.8736267505558892,0.3962744988119222
Gilbert,7,,0.25,5,19,11.44172335183248,7.791367856087163,522,388,0.9925414007090284,0.9154398114979142
Gilbert,7,,0.25,6,0,11.081969992956147,11.693107971921563,540,502,0.8445055114069019,0.815746546798553
Gilbert,7,,0.25,6,1,12.040402840822935,4.599300834815949,578,244,0.9372421921962972,0.9854878687546554
Gilbert,7,,0.25,6,2,11.770390210906044,10.664046150166541,556,508,0.8455463227080873,0.9637695698518516
Gilbert,7,,0.25,6,3,9.712878587888554,9.565066150156781,478,458,0.7678161477216139,0.9999999998973339
Gilbert,7,,0.25,6,4,10.708270571893081,11.830020094988868,584,628,0.9718773212423366,0.9997280140664891
Gilbert,7,,0.25,6,5,6.832110533956438,13.697077522054315,396,712,0.9986768909954368,0.9999999615478062
Gilbert,7,,0.25,6,6,9.204512608936056,6.930671691894531,484,354,0.8994751645372256,0.9999999996867571
Gilbert,7,,0.25,6,7,9.642233504913747,11.254341775085777,514,532,0.8399432631568604,0.9999999976697447
Gilbert,7,,0.25,6,8,9.867911495035514,8.09204235393554,462,378,0.7470169055632985,0.9999999967091688
Gilbert,7,,0.25,6,9,14.564254484139383,13.969798223813996,586,590,0.7709792080622966,0.9999994337202758
Gilbert,7,,0.25,6,10,3.074121580924839,4.160152596188709,234,324,0.99999999996407,0.9999999999897189
Gilbert,7,,0.25,6,11,8.804958299966529,6.005890090018511,496,362,0.9984720043933423,0.9999999933833715
Gilbert,7,,0.25,6,12,9.943886006018147,6.686439955839887,506,344,0.9793679120080054,0.9986393674546314
Gilbert,7,,0.25,6,13,8.578033989993855,5.995605659903958,486,362,0.9984720036291609,0.9999999933867247
Gilbert,7,,0.25,6,14,11.098979879170656,12.021886541042477,586,592,0.9718773187961897,0.9966938939764322
Gilbert,7,,0.25,6,15,8.011338620912284,5.091428220970556,418,276,0.9783476442477783,0.9978982820086632
Gilbert,7,,0.25,6,16,2.8823503719177097,2.617673825006932,206,206,0.9999999999615788,0.9999999994640347
Gilbert,7,,0.25,6,17,7.042765060905367,9.489261394832283,396,514,0.9986768909954321,0.9993079902166322
Gilbert,7,,0.25,6,18,14.010358093073592,9.352015727199614,628,464,0.9065352866295031,0.6127040150755138
Gilbert,7,,0.25,6,19,15.23608836485073,13.363532196963206,644,568,0.9999999999152777,0.9722302463473156
Gilbert,7,,0.25,7,0,15.08384562493302,16.328578335000202,650,668,0.8597764956452365,0.7624798853377123
Gilbert,7,,0.25,7,1,18.09278948814608,9.642360754078254,782,410,0.7458727088861146,0.9975423563239981
Gilbert,7,,0.25,7,2,14.97627023793757,16.442720628809184,656,682,0.8272172059609855,0.9999999981710772
Gilbert,7,,0.25,7,3,15.757456433027983,15.615345994010568,664,638,0.7584052674659675,0.9999999526508955
Gilbert,7,,0.25,7,4,16.514952577883378,27.600883153965697,794,1200,0.9873951023297798,0.9999089643031736
Gilbert,7,,0.25,7,5,13.835426300065592,20.42332445201464,648,968,0.99872474516468,0.9999999958181902
Gilbert,7,,0.25,7,6,14.230265364982188,13.354032260132954,648,548,0.9604417522580504,0.999999992283279
Gilbert,7,,0.25,7,7,12.418253156123683,16.30149548011832,606,684,0.9574484468221076,0.9999999987441441
Gilbert,7,,0.25,7,8,17.202735537895933,13.752531546866521,684,554,0.7543356032493352,0.9999999557579801
Gilbert,7,,0.25,7,9,24.69016488804482,18.11285336408764,864,700,0.8331073963897399,0.9999954491898384
Gilbert,7,,0.25,7,10,3.8299291299190372,5.113552672788501,266,364,0.9999999993754426,0.9999999999635075
Gilbert,7,,0.25,7,11,22.21385659184307,9.427277088863775,1046,500,0.9999999987640793,0.9999999915588655
Gilbert,7,,0.25,7,12,13.482277635019273,10.543044707039371,632,466,0.9857108916043952,0.9993461981830528
Gilbert,7,,0.25,7,13,22.95019364496693,8.603007607161999,1050,460,0.9999999992298193,0.9999998424470068
Gilbert,7,,0.25,7,14,18.274966690922156,21.168445711955428,830,912,0.9873950967602716,0.9991703300046951
Gilbert,7,,0.25,7,15,12.709607782075182,11.08044754108414,578,480,0.9856021438682447,0.9987422174821544
Gilbert,7,,0.25,7,16,3.6716417011339217,3.33307770290412,234,230,0.9999999999971025,0.9999999999093825
Gilbert,7,,0.25,7,17,14.502870620926842,16.202309248037636,666,752,0.9987247308286455,0.9993835600975626
Gilbert,7,,0.25,7,18,17.733819561079144,13.224865481024608,730,578,0.9204645534878865,0.3780632062235502
Gilbert,7,,0.25,7,19,20.511803305940703,20.860189280007035,792,776,0.9999999975096566,0.9731250690868295
Gilbert,7,,0.25,8,0,21.22223907499574,26.988998926943168,826,952,0.8740531999660269,0.7923183460756729
Gilbert,7,,0.25,8,1,32.46430201898329,19.386511065997183,1190,684,0.9839705549115403,0.9985446730376141
Gilbert,7,,0.25,8,2,24.346429619006813,24.129845128860325,900,900,0.8003561145188884,0.9999996422376543
Gilbert,7,,0.25,8,3,22.234079458052292,19.464938370045274,828,752,0.7342301365884606,0.9999999984193093
Gilbert,7,,0.25,8,4,26.962963005062193,47.22389405895956,1124,1824,0.9945931712400011,0.9999788130111915
Gilbert,7,,0.25,8,5,47.13695739605464,24.605363346869126,1788,1106,0.9997736065586796,0.9999966636953894
Gilbert,7,,0.25,8,6,20.807006667833775,17.67314217193052,832,682,0.8985109674116272,0.9999999990223377
Gilbert,7,,0.25,8,7,16.053287284914404,22.369310904992744,710,862,0.7402706599330473,0.9999998890441336
Gilbert,7,,0.25,8,8,30.020909208105877,21.857530509820208,1014,766,0.8114144844595985,0.999998856918686
Gilbert,7,,0.25,8,9,34.03188461717218,26.514478011988103,1088,902,0.866557532728508,0.9999995890758713
Gilbert,7,,0.25,8,10,4.61360007408075,5.854842382017523,298,394,0.9999999999996355,0.9999999999851807
Gilbert,7,,0.25,8,11,25.27381365909241,11.795694255037233,1132,584,0.9999999992694505,0.9999999583244435
Gilbert,7,,0.25,8,12,23.79922702582553,16.56583602214232,914,644,0.9924901209027399,0.9997090058714815
Gilbert,7,,0.25,8,13,25.710425012977794,11.769763875985518,1140,572,0.9999999987650415,0.9999999784941117
Gilbert,7,,0.25,8,14,28.732671117875725,44.00966212479398,1142,1596,0.9965459340648675,0.9996409681957491
Gilbert,7,,0.25,8,15,24.30258398409933,16.632546412060037,924,640,0.9874680375914909,0.9992946248626448
Gilbert,7,,0.25,8,16,4.461324079893529,4.163819610141218,262,256,0.9999999999883389,0.9999999999998899
Gilbert,7,,0.25,8,17,49.41362923500128,37.60735619603656,1772,1446,0.9998316778529484,0.9998045261901665
Gilbert,7,,0.25,8,18,35.422088735038415,21.81804778194055,1146,782,0.8915300899203179,0.43308995162288383
Gilbert,7,,0.25,8,19,26.615246089873835,38.06641436810605,934,1188,0.9999999947640873,0.9774201689416248
Gilbert,7,,0.25,9,0,34.9627975160256,39.226357085164636,1158,1244,0.8988617788071042,0.8557733344721578
Gilbert,7,,0.25,9,1,49.365012143040076,25.779842579038814,1634,862,0.9850081296938655,0.999106706575875
Gilbert,7,,0.25,9,2,32.98513160808943,29.82888850499876,1128,1042,0.8406225551927388,0.9999999729276379
Gilbert,7,,0.25,9,3,38.41683242889121,24.004592732992023,1234,856,0.8484074463366182,0.9999984930981514
Gilbert,7,,0.25,9,4,35.37397453887388,57.70784059702419,1340,2116,0.9959892498817805,0.9999849174659151
Gilbert,7,,0.25,9,5,61.58476677793078,40.72740801400505,2206,1592,0.9999993445797646,0.9999980149895201
Gilbert,7,,0.25,9,6,31.77284653391689,22.879196278052405,1112,810,0.9839811242736307,0.9999999570907783
Gilbert,7,,0.25,9,7,25.41253981180489,29.369422978023067,944,1040,0.8887779121016965,0.9999988168098088
Gilbert,7,,0.25,9,8,42.6003904689569,28.571414747973904,1318,920,0.8242714920661701,0.9999998233997516
Gilbert,7,,0.25,9,9,61.74431746406481,36.45404599187896,1670,1110,0.8862014553493192,0.999998560046214
Gilbert,7,,0.25,9,10,5.5874440090265125,6.983650899026543,328,430,0.9999999999918487,0.999999999990482
Gilbert,7,,0.25,9,11,29.55308924498968,13.491246277000755,1262,634,0.9999999998638133,0.9999999977939916
Gilbert,7,,0.25,9,12,35.393871515989304,22.105875564040616,1216,788,0.9928387391228696,0.9998732308625374
Gilbert,7,,0.25,9,13,29.62515841401182,13.34487429400906,1268,622,0.9999999998993289,0.9999999953991633
Gilbert,7,,0.25,9,14,32.957956908037886,67.49637742899358,1256,2212,0.9976980552819944,0.9998905355392259
Gilbert,7,,0.25,9,15,37.30128171318211,22.790128683904186,1284,810,0.9884270746085987,0.9995750134241866
Gilbert,7,,0.25,9,16,5.690356865990907,5.021451472071931,290,284,0.9999999999840685,0.9999999999970832
Gilbert,7,,0.25,9,17,72.87606404395774,73.35898491414264,2464,2454,0.9999781038082762,0.9999534297585985
Gilbert,7,,0.25,9,18,48.442494093906134,41.487333717988804,1432,1196,0.9412869274721798,0.8798709049521891
Gilbert,7,,0.25,9,19,38.00573365599848,79.64175096806139,1176,2068,0.9999999510802912,0.9815020599875321
Gilbert,7,,0.25,10,0,46.508187853964046,54.68809799780138,1404,1570,0.944537039283071,0.8601106781959827
Gilbert,7,,0.25,10,1,62.47526073385961,34.188119342783466,1950,1054,0.9363771755676854,0.9993857925334303
Gilbert,7,,0.25,10,2,48.95336825400591,40.8075166658964,1470,1276,0.8872130607816902,0.9999977991448672
Gilbert,7,,0.25,10,3,53.03136369492859,32.696707089897245,1558,1056,0.8315378547801707,0.9999989610382075
Gilbert,7,,0.25,10,4,57.99739177618176,74.96920079388656,1936,2556,0.9970649698534055,0.9999963817548994
Gilbert,7,,0.25,10,5,107.45763443992473,52.44840637687594,3450,1910,0.9999999478250995,0.9999997568900405
Gilbert,7,,0.25,10,6,43.9137041780632,31.515127416001633,1386,1010,0.9849212620608544,0.9999999513303018
Gilbert,7,,0.25,10,7,41.23638622416183,38.08654609019868,1290,1230,0.8701965253600502,0.9999998626140221
Gilbert,7,,0.25,10,8,55.281667846953496,37.99733539810404,1602,1128,0.8314238671047227,0.999999511998999
Gilbert,7,,0.25,10,9,72.97836590604857,44.67499058507383,1884,1270,0.8975121567846366,0.9999989478490308
Gilbert,7,,0.25,10,10,6.669329617870972,7.997912287944928,358,460,0.99999999999118,0.9999999937592529
Gilbert,7,,0.25,10,11,40.5709025550168,15.787911782041192,1562,692,0.9999999969689788,0.9999999902615923
Gilbert,7,,0.25,10,12,54.06704936409369,29.42622386291623,1652,964,0.9891060144478174,0.999941346302725
Gilbert,7,,0.25,10,13,36.68572522699833,15.783940281020477,1454,678,0.9999999987420004,0.9999999903163422
Gilbert,7,,0.25,10,14,47.531672128941864,89.94024100690149,1596,2718,0.9992229775826289,0.9999996866440682
Gilbert,7,,0.25,10,15,63.36645182198845,30.674988113110885,1894,996,0.9886702030090264,0.9999304284216507
Gilbert,7,,0.25,10,16,6.378065653843805,5.844745584996417,318,306,0.99999999999997,0.9999999999633413
Gilbert,7,,0.25,10,17,90.02605218300596,96.32651851885021,2884,3036,0.9999999655264272,0.9999354919923465
Gilbert,7,,0.25,10,18,59.1149806890171,66.47790575306863,1642,1660,0.9476843930829291,0.9999993862833463
Gilbert,7,,0.25,10,19,49.150713253067806,122.9555505530443,1394,2894,0.9999999829893277,0.9870895206243012
Gilbert,7,,0.5,1,0,1.9299789320211858,1.7903533179778606,22,22,0.2669429366559739,0.26694293665597374
Gilbert,7,,0.5,1,1,1.3765304638072848,1.5446891840547323,16,20,0.3918791374036746,0.48960478949085773
Gilbert,7,,0.5,1,2,1.5180439569521695,2.098665254889056,22,38,0.4232813628010374,0.6214146212344109
Gilbert,7,,0.5,1,3,1.6619925671257079,1.6662156640086323,20,20,0.2915223039664175,0.29152230396641793
Gilbert,7,,0.5,1,4,1.5627787809353322,1.5587562050204724,18,18,0.3036733470953574,0.30367334709535737
Gilbert,7,,0.5,1,5,1.4139708860311657,2.5550827221013606,16,16,0.4736366692511426,0.4736366692511429
Gilbert,7,,0.5,1,6,1.624857504852116,1.6209730601403862,20,20,0.3034392340076399,0.19965456047237998
Gilbert,7,,0.5,1,7,1.7207814131397754,1.5501074648927897,26,22,0.4489005781716364,0.2952242924338569
Gilbert,7,,0.5,1,8,2.636356812203303,1.5499051809310913,50,22,0.5986175689528138,0.19270711342284538
Gilbert,7,,0.5,2,0,6.990070412168279,6.89266432216391,86,86,0.4183910798008119,0.418391079800811
Gilbert,7,,0.5,2,1,4.692016917979345,4.09990060585551,64,58,0.3882690639473553,0.7856263399199372
Gilbert,7,,0.5,2,2,3.3911007919814438,4.402816316811368,54,76,0.7303308676572691,0.8697048958077379
Gilbert,7,,0.5,2,3,9.314730633050203,9.259512959048152,118,118,0.5013381174466226,0.5013381174466208
Gilbert,7,,0.5,2,4,4.006023827008903,4.062475818907842,50,50,-0.28229922607120517,-0.2822992260712049
Gilbert,7,,0.5,2,5,3.2397621599957347,3.3003664060961455,42,42,0.5745625847305119,0.5745625847305117
Gilbert,7,,0.5,2,6,3.7553579041268677,8.143526625819504,48,108,-0.12973664741981067,0.7235211381195644
Gilbert,7,,0.5,2,7,4.045270662056282,3.1270446570124477,64,48,0.45644036387886067,0.8279798889199006
Gilbert,7,,0.5,2,8,4.1330318378750235,3.492716290988028,72,54,0.7432696486939186,0.8506756680864233
Gilbert,7,,0.5,3,0,20.00081743998453,19.901567267021164,202,202,0.4248989278400444,0.42489892784006694
Gilbert,7,,0.5,3,1,10.84810575703159,15.985799364047125,128,182,0.5181770215731236,0.9047601725997405
Gilbert,7,,0.5,3,2,13.152979508042336,10.830350989010185,170,154,0.8311565646243169,0.8792364571975859
Gilbert,7,,0.5,3,3,14.320423623081297,14.253752307966352,164,164,0.46395148709755274,0.46395148709754963
Gilbert,7,,0.5,3,4,9.543439261848107,9.43359524384141,100,100,0.06466614909758366,0.06466614909758335
Gilbert,7,,0.5,3,5,16.083743741968647,16.037345287855715,170,170,0.640860315050571,0.6408603150505705
Gilbert,7,,0.5,3,6,18.487328569870442,16.536680639954284,190,188,0.6929313909270579,0.28270686514891064
Gilbert,7,,0.5,3,7,9.478660037042573,7.984820662997663,126,102,0.7084813862191701,0.9491798493302757
Gilbert,7,,0.5,3,8,6.502530632074922,10.05743659986183,100,128,0.8266051672915815,0.9999999999725466
Gilbert,7,,0.5,4,0,50.253541324986145,49.21708385483362,414,408,0.5191490979898338,0.666666666421352
Gilbert,7,,0.5,4,1,32.125873925862834,25.768733479082584,302,262,0.6241201127760195,0.19842896456134634
Gilbert,7,,0.5,4,2,25.935625524027273,35.5489684229251,290,388,0.9288140631415676,0.9999999997385252
Gilbert,7,,0.5,4,3,23.95154764992185,23.84319748193957,234,234,0.5102778813078365,0.5102778813078351
Gilbert,7,,0.5,4,4,34.11608527088538,33.958386491052806,278,278,0.607286805274348,0.607286805272945
Gilbert,7,,0.5,4,5,23.297058494063094,23.188761465018615,226,226,0.7152904065227852,0.7152904065227869
Gilbert,7,,0.5,4,6,50.577462799847126,27.59945090697147,414,272,0.8711686895502301,0.8305105793430291
Gilbert,7,,0.5,4,7,19.975117617985234,21.520561574958265,218,208,0.7674093684163771,0.9999999995221097
Gilbert,7,,0.5,4,8,9.485685769002885,17.003973815124482,126,190,0.8836948547775147,0.9999999998969749
Gilbert,7,,0.5,5,0,70.82380271004513,77.82290389202535,532,572,0.609527441538313,0.6666666642221691
Gilbert,7,,0.5,5,1,61.08547359704971,39.693638742901385,496,356,0.6914717389647765,0.26385556979234925
Gilbert,7,,0.5,5,2,42.825043007032946,51.61754666105844,420,512,0.8939619194073968,0.9999999998991216
Gilbert,7,,0.5,5,3,50.280454345047474,50.3270763840992,390,392,0.5147929400568709,0.5147929399651181
Gilbert,7,,0.5,5,4,51.44797852705233,51.161954370792955,380,380,0.6274879010288074,0.6274879007248823
Gilbert,7,,0.5,5,5,40.55639409087598,36.966579095926136,314,314,0.7428679431629583,0.7428679431629583
Gilbert,7,,0.5,5,6,104.32096941303462,63.076921069063246,722,482,0.9507902963871651,0.9084939256035298
Gilbert,7,,0.5,5,7,37.54804231110029,31.831372348824516,332,296,0.8079505250931518,0.9999999993810224
Gilbert,7,,0.5,5,8,13.602507462026551,24.79150268691592,156,246,0.9057610106991645,0.9999999999957967
Gilbert,7,,0.5,6,0,131.0758126929868,102.38629299285822,824,692,0.7049164555724845,0.666666263331765
Gilbert,7,,0.5,6,1,77.3503937991336,59.079631322063506,588,466,0.7402170570024642,0.32009164109752264
Gilbert,7,,0.5,6,2,62.24125402793288,62.46282152598724,546,582,0.9067012169965066,0.9999997714906481
Gilbert,7,,0.5,6,3,75.78285311092623,74.90768556203693,518,516,0.6936089505428132,0.6936089416278829
Gilbert,7,,0.5,6,4,75.63314386503771,75.62317747087218,502,504,0.6484251374983568,0.6484251372053794
Gilbert,7,,0.5,6,5,55.19215455907397,58.352944971993566,412,412,0.7609836237187313,0.7609836237186655
Gilbert,7,,0.5,6,6,155.15128089115024,92.68100080895238,1006,642,0.9994017744665323,0.7892729090749007
Gilbert,7,,0.5,6,7,54.42814372689463,53.55409505404532,446,428,0.8378991554665383,0.999999997304551
Gilbert,7,,0.5,6,8,21.74047209112905,37.13266688399017,206,324,0.9339270139200393,0.9999999999815141
Gilbert,7,,0.5,7,0,190.98024931596592,163.17674022703432,1078,950,0.6054825587377844,0.703889544625163
Gilbert,7,,0.5,7,1,110.83197973389179,88.64743583695963,752,612,0.7407378402289704,0.3755646776948709
Gilbert,7,,0.5,7,2,84.91610428714193,87.50834548380226,674,726,0.9294920578491491,0.9999999953299018
Gilbert,7,,0.5,7,3,131.892341773957,133.59745737817138,764,774,0.8218113353881553,0.8218113345333783
Gilbert,7,,0.5,7,4,165.89827440399677,143.54598446004093,894,800,0.7443893930808754,0.730497518275612
Gilbert,7,,0.5,7,5,108.74268170306459,98.33104133605957,624,616,0.8453718384228828,0.8453718338460265
Gilbert,7,,0.5,7,6,208.75406950805336,147.96232436900027,1250,890,0.9751349154246388,0.9723051182098273
Gilbert,7,,0.5,7,7,70.9238532690797,70.53376258607022,536,520,0.8700166987260812,0.9999990192612335
Gilbert,7,,0.5,7,8,30.502023404929787,66.72939120000228,252,482,0.9634241205348149,0.9999999904677116
Gilbert,7,,0.5,8,0,236.77901177690364,229.86439593182877,1250,1200,0.6666665709487911,0.718548637220429
Gilbert,7,,0.5,8,1,205.48679460585117,121.13028325908817,1164,754,0.8364881135581976,0.29150115470129484
Gilbert,7,,0.5,8,2,142.27214405615814,109.12217120709829,960,834,0.9244764613671186,0.9999997663178288
Gilbert,7,,0.5,8,3,220.8723975631874,390.3622005248908,1106,1768,0.8160388106638344,0.8500165239747574
Gilbert,7,,0.5,8,4,282.3277040680405,222.39099312387407,1342,1104,0.7701567767085705,0.721113152209449
Gilbert,7,,0.5,8,5,188.55248695984483,172.91797582386062,946,912,0.8998332118887232,0.8998332100101188
Gilbert,7,,0.5,8,6,267.7054950778838,196.74833151698112,1486,1066,0.9944959903545204,0.4759246338529688
Gilbert,7,,0.5,8,7,106.37626730208285,100.82148102298379,690,662,0.8822819133985497,0.9999999985834839
Gilbert,7,,0.5,8,8,39.62811191100627,120.44161132001318,294,734,0.9782252367109165,0.9999999871428049
Gilbert,7,,0.5,9,0,359.9534379579127,347.9979202609975,1660,1596,0.714057353653948,0.7647308111788477
Gilbert,7,,0.5,9,1,286.59382637310773,147.588226899039,1482,858,0.8423192901005259,0.33237994900306955
Gilbert,7,,0.5,9,2,207.11563733103685,136.19256438617595,1250,954,0.9884455032021447,0.9999999908077994
Gilbert,7,,0.5,9,3,349.1204558808822,477.98302949778736,1548,2058,0.8462171786253744,0.8440755262174613
Gilbert,7,,0.5,9,4,367.90956186293624,324.72015015408397,1634,1456,0.7815463904755452,0.8174833523212662
Gilbert,7,,0.5,9,5,284.98261227691546,276.95326673286036,1320,1278,0.9308831089382895,0.9308831137797089
Gilbert,7,,0.5,9,6,464.3317855100613,241.90147101716138,2184,1204,0.9999892818542259,0.3728273511904636
Gilbert,7,,0.5,9,7,143.8794031359721,140.40780705004,842,828,0.9137776487691582,0.9999998456536593
Gilbert,7,,0.5,9,8,54.04820073209703,154.83108470984735,354,876,0.9828277599277866,0.9999998309029299
Gilbert,7,,0.5,10,0,472.5853619838599,474.4896385469474,2002,1980,0.24979691009469254,0.7669548852209652
Gilbert,7,,0.5,10,1,341.5317644069437,202.28084797994234,1672,1052,0.8706433923699199,0.3902921452875022
Gilbert,7,,0.5,10,2,395.1060816189274,159.33516996796243,2004,1050,0.9985506344283765,0.9999998173085887
Gilbert,7,,0.5,10,3,424.5801677419804,644.7403140969109,1782,2590,0.17079846404736143,0.8477622496643115
Gilbert,7,,0.5,10,4,584.6299124569632,497.6313902051188,2308,1866,0.7836210480795954,0.8287087714324747
Gilbert,7,,0.5,10,5,406.51859382586554,424.8309970658738,1736,1760,0.9198916695378269,0.9198916583981879
Gilbert,7,,0.5,10,6,564.7227003551088,298.35055543715134,2494,1400,0.9997639534105439,0.3047092302939351
Gilbert,7,,0.5,10,7,216.0136422200594,207.0815990830306,1112,1084,0.9283306747680307,0.9999999912186486
Gilbert,7,,0.5,10,8,83.65471681789495,194.546870036982,466,1022,0.9847882275797741,0.9999998679445653
Gilbert,8,,0.1,1,0,2.399288850836456,1.9527135090902448,40,30,0.3388725700183822,0.26115332445432254
Gilbert,8,,0.1,1,1,1.6686417260207236,1.978726490167901,24,32,0.4208197534042382,0.26858699225900623
Gilbert,8,,0.1,1,2,1.4437902721110731,1.4633506028912961,24,26,0.9317718380821026,0.954031457567848
Gilbert,8,,0.1,1,3,1.5248437700793147,1.4813681370578706,26,24,0.7776015741190834,0.9039241309754793
Gilbert,8,,0.1,1,4,1.4976466209627688,1.7394233329687268,24,32,0.8438437332823779,0.8981675146495552
Gilbert,8,,0.1,1,5,2.298700273036957,1.7081677499227226,40,22,0.5926041567437859,0.4899712328467015
Gilbert,8,,0.1,1,6,1.1121304999105632,1.1970399220008403,14,18,0.5000000000000001,0.75
Gilbert,8,,0.1,1,7,1.4670350369997323,1.7321167078334838,24,32,0.8438437332823779,0.8981675146495554
Gilbert,8,,0.1,1,8,1.478937136940658,1.7170352491084486,24,32,0.8438437332823776,0.8981675146495554
Gilbert,8,,0.1,1,9,1.4848664030432701,1.7064830439630896,24,32,0.8438437332823779,0.8981675146495552
Gilbert,8,,0.1,1,10,1.8722036920953542,2.217845748877153,34,40,0.6824299381720401,0.8490939993666472
Gilbert,8,,0.1,1,11,1.440582089824602,1.4746505878865719,24,26,0.9317718380821027,0.9540314575678478
Gilbert,8,,0.1,1,12,1.4693954419344664,1.723714069928974,24,32,0.8438437332823776,0.8981675146495554
Gilbert,8,,0.1,1,13,1.3572919988073409,2.2315918309614062,18,42,0.5381709854108436,0.8218842624035345
Gilbert,8,,0.1,1,14,1.440689055947587,1.4696177940350026,24,26,0.9317718380821027,0.9540314575678475
Gilbert,8,,0.1,1,15,1.5351032270118594,1.4807590909767896,26,24,0.7776015741190834,0.9039241309754792
Gilbert,8,,0.1,1,16,1.4394817249849439,1.467281233984977,24,26,0.9317718380821025,0.954031457567848
Gilbert,8,,0.1,1,17,1.4132631609681994,1.4728010119870305,24,26,0.9317718380821027,0.9540314575678475
Gilbert,8,,0.1,1,18,1.4077043959405273,1.4647498230915517,24,26,0.9317718380821025,0.9540314575678482
Gilbert,8,,0.1,1,19,1.5288368419278413,1.476939091924578,26,24,0.7776015741190835,0.9039241309754795
Gilbert,8,,0.1,2,0,4.8936060927808285,5.799347165040672,76,86,0.6574842368502303,0.7385926788922347
Gilbert,8,,0.1,2,1,5.149577352916822,3.8764269419480115,78,60,0.6820826830144815,0.8477428937891671
Gilbert,8,,0.1,2,2,3.3512186999432743,3.363652482163161,62,64,0.9834437855900949,0.9954788940658826
Gilbert,8,,0.1,2,3,4.431880244985223,3.262251846957952,78,56,0.8989403775990389,0.9463746531871783
Gilbert,8,,0.1,2,4,3.181146254995838,3.7464588549919426,56,70,0.9674808128422914,0.9916364218659207
Gilbert,8,,0.1,2,5,4.105697161052376,3.246618746081367,66,48,0.8088579867548437,0.8331297903939614
Gilbert,8,,0.1,2,6,1.1874878969974816,1.2951004640199244,16,20,0.49999999999999967,0.75
Gilbert,8,,0.1,2,7,3.1652664558496326,3.726892492035404,56,70,0.9674808128422917,0.9916364218659212
Gilbert,8,,0.1,2,8,3.183807354886085,3.7182892409618944,56,70,0.9674808128422914,0.9916364218659212
Gilbert,8,,0.1,2,9,3.1807490789797157,3.718005463015288,56,70,0.9674808128422917,0.991636421865921
Gilbert,8,,0.1,2,10,3.884704943979159,4.390271523967385,70,82,0.8553746359169497,0.9440092980766694
Gilbert,8,,0.1,2,11,3.3308439911343157,3.377882232191041,62,64,0.9834437855900945,0.9954788940658827
Gilbert,8,,0.1,2,12,3.1784769410733134,3.73550695204176,56,70,0.9674808128422917,0.9916364218659209
Gilbert,8,,0.1,2,13,3.002993027912453,3.971389167010784,46,70,0.8839543821981213,0.9608530292549945
Gilbert,8,,0.1,2,14,3.374247998930514,3.3594635108020157,62,64,0.9834437855900954,0.9954788940658819
Gilbert,8,,0.1,2,15,4.416923735989258,3.1436219080351293,78,56,0.8989403775990394,0.9463746531871783
Gilbert,8,,0.1,2,16,3.3533888859674335,3.3887541599106044,62,64,0.9834437855900949,0.995478894065882
Gilbert,8,,0.1,2,17,3.323136470047757,3.361878409050405,62,64,0.9834437855900954,0.9954788940658819
Gilbert,8,,0.1,2,18,3.3164864550344646,3.37252743402496,62,64,0.9834437855900947,0.9954788940658812
Gilbert,8,,0.1,2,19,4.313961074920371,3.160255935974419,78,56,0.8989403775990402,0.946374653187178
Gilbert,8,,0.1,3,0,10.79029014497064,12.113216432044283,138,152,0.8730388955239426,0.8759497206293897
Gilbert,8,,0.1,3,1,9.106333166128024,11.447726679034531,120,144,0.7993031480045656,0.9999999999998309
Gilbert,8,,0.1,3,2,6.9478172841481864,8.966251836856827,112,144,0.9999999999849819,0.9999999999775621
Gilbert,8,,0.1,3,3,7.420413666870445,10.090464029926807,118,148,0.963304099050614,0.9963913030558954
Gilbert,8,,0.1,3,4,6.63069951091893,8.11822797707282,100,128,0.999999999964024,0.9999999999986048
Gilbert,8,,0.1,3,5,9.066071128007025,8.849976996192709,120,108,0.8800783880220238,0.999999999951629
Gilbert,8,,0.1,3,6,1.3293311439920217,1.4358152030035853,18,22,0.5000000000000004,0.75
Gilbert,8,,0.1,3,7,6.556421002838761,8.23985664290376,100,128,0.999999999964024,0.9999999999986043
Gilbert,8,,0.1,3,8,6.575577526818961,8.286890625022352,100,128,0.999999999964024,0.9999999999986051
Gilbert,8,,0.1,3,9,6.55967360897921,8.0434175520204,100,128,0.999999999964024,0.9999999999986043
Gilbert,8,,0.1,3,10,6.92811368801631,8.339742986951023,108,130,0.936573581502126,0.9806835207841913
Gilbert,8,,0.1,3,11,6.946162272943184,9.03890293999575,112,144,0.9999999999849807,0.9999999999775614
Gilbert,8,,0.1,3,12,6.7060087928548455,8.193739070091397,100,128,0.9999999999640251,0.999999999998605
Gilbert,8,,0.1,3,13,9.238824889995158,6.742047873092815,120,104,0.9612159321602931,0.9693321557584934
Gilbert,8,,0.1,3,14,6.95806647115387,8.993238461203873,112,144,0.9999999999849809,0.9999999999775625
Gilbert,8,,0.1,3,15,7.514055470936,10.153260435909033,118,148,0.9633040990506138,0.996391303055895
Gilbert,8,,0.1,3,16,6.9708098960109055,9.10350713902153,112,144,0.9999999999849818,0.9999999999775625
Gilbert,8,,0.1,3,17,6.990446192910895,8.982523127924651,112,144,0.9999999999849809,0.9999999999775625
Gilbert,8,,0.1,3,18,6.937354516936466,9.052145063178614,112,144,0.9999999999849809,0.9999999999775616
Gilbert,8,,0.1,3,19,7.398575728060678,10.124686165014282,118,148,0.9633040990506141,0.9963913030558942
Gilbert,8,,0.1,4,0,24.99513648194261,18.67045512702316,254,206,0.9006189882055633,0.941023076082466
Gilbert,8,,0.1,4,1,18.25731351482682,19.262930068885908,198,210,0.8970508900879363,0.9999999999499906
Gilbert,8,,0.1,4,2,11.260563617106527,12.717414879007265,160,184,0.9999999999929984,0.9999999999931235
Gilbert,8,,0.1,4,3,11.924931283807382,28.8539176878985,164,344,0.9946986564708504,0.9999497378328766
Gilbert,8,,0.1,4,4,11.110341252060607,11.77912056283094,146,164,0.9999999999679613,0.9999999999968433
Gilbert,8,,0.1,4,5,14.491740969009697,14.145388901000842,166,154,0.963030121149685,0.9999999999259336
Gilbert,8,,0.1,4,6,1.5032490820158273,1.6158967530354857,20,24,0.4999999999999994,0.75
Gilbert,8,,0.1,4,7,11.038187420926988,11.686759575037286,146,164,0.9999999999679616,0.9999999999968425
Gilbert,8,,0.1,4,8,11.06307185208425,11.716005679918453,146,164,0.999999999967962,0.9999999999968413
Gilbert,8,,0.1,4,9,11.082506074104458,11.534867456182837,146,164,0.9999999999679621,0.9999999999968416
Gilbert,8,,0.1,4,10,11.024469155818224,13.23391555994749,148,180,0.9777884052142606,0.9950960779962502
Gilbert,8,,0.1,4,11,11.494849588954821,12.815166796091944,160,184,0.9999999999929978,0.9999999999931237
Gilbert,8,,0.1,4,12,10.90976717392914,11.558534015901387,146,164,0.9999999999679624,0.9999999999968425
Gilbert,8,,0.1,4,13,14.393649473087862,15.090487708104774,168,182,0.989270743836839,0.9935987163859871
Gilbert,8,,0.1,4,14,11.226241278927773,12.664479429833591,160,184,0.9999999999929984,0.999999999993123
Gilbert,8,,0.1,4,15,11.717134437989444,29.168284791056067,164,344,0.994698656470851,0.9999497378317367
Gilbert,8,,0.1,4,16,11.399481463013217,12.736955384956673,160,184,0.9999999999929988,0.9999999999931227
Gilbert,8,,0.1,4,17,11.258768487954512,12.666292238980532,160,184,0.9999999999929984,0.999999999993123
Gilbert,8,,0.1,4,18,11.348856886150315,12.626555086113513,160,184,0.9999999999929984,0.9999999999931225
Gilbert,8,,0.1,4,19,11.912107586860657,29.133872838923708,164,344,0.994698656470849,0.9999497378326876
Gilbert,8,,0.1,5,0,52.74471276416443,28.322465608129278,438,270,0.8848852190044401,0.9410334161357851
Gilbert,8,,0.1,5,1,36.46714740199968,32.97154497494921,324,306,0.8973778395391226,0.9999999984874435
Gilbert,8,,0.1,5,2,14.92139574419707,17.03308393782936,192,224,0.9999999999836293,0.9999999999659739
Gilbert,8,,0.1,5,3,28.009216819889843,52.58951723994687,298,548,0.996275209977644,0.999999923826179
Gilbert,8,,0.1,5,4,15.270731509895995,15.141610549064353,182,194,0.9999999999965326,0.9999999999997738
Gilbert,8,,0.1,5,5,25.118936134967953,23.798384801950306,240,220,0.9715501999441636,0.9999999998889899
Gilbert,8,,0.1,5,6,1.8208460749592632,1.82092603482306,22,26,0.5000000000000008,0.75
Gilbert,8,,0.1,5,7,15.238361643161625,15.01181715913117,182,194,0.9999999999965326,0.9999999999997732
Gilbert,8,,0.1,5,8,15.223215988837183,15.13610913301818,182,194,0.9999999999965322,0.9999999999997738
Gilbert,8,,0.1,5,9,15.30175188393332,15.113230718066916,182,194,0.9999999999965329,0.9999999999997738
Gilbert,8,,0.1,5,10,17.327588891144842,23.830272528110072,198,264,0.9909392317592846,0.995496304771009
Gilbert,8,,0.1,5,11,15.024110181024298,17.2048875100445,192,224,0.99999999998363,0.9999999999659741
Gilbert,8,,0.1,5,12,15.326995428884402,15.110081737861037,182,194,0.9999999999965326,0.9999999999997735
Gilbert,8,,0.1,5,13,24.509093497879803,48.85989966709167,244,376,0.994930103762696,0.9988050826431198
Gilbert,8,,0.1,5,14,15.045933744171634,17.23032964905724,192,224,0.9999999999836303,0.9999999999659757
Gilbert,8,,0.1,5,15,27.787492753006518,55.21278134500608,298,560,0.9962752099776433,0.9999999234655489
Gilbert,8,,0.1,5,16,15.081639937125146,17.426600608974695,192,224,0.9999999999836303,0.9999999999659762
Gilbert,8,,0.1,5,17,15.105353866005316,17.275669015944004,192,224,0.9999999999836303,0.9999999999659757
Gilbert,8,,0.1,5,18,14.993019534042105,17.364677195902914,192,224,0.9999999999836303,0.9999999999659749
Gilbert,8,,0.1,5,19,27.702888604952022,53.844284954015166,298,552,0.9962752099776442,0.9999999228777902
Gilbert,8,,0.1,6,0,82.96816694410518,51.91289124102332,608,404,0.9191672696054262,0.9461307815960307
Gilbert,8,,0.1,6,1,71.238170028897,45.57083432516083,530,380,0.9417256461807876,0.9999996885992019
Gilbert,8,,0.1,6,2,20.123862277017906,22.005088715115562,232,262,0.99999999995381,0.9999999996414343
Gilbert,8,,0.1,6,3,60.621979971183464,70.33084179810248,532,672,0.9986686384862017,0.9999999990578914
Gilbert,8,,0.1,6,4,19.780882318969816,18.512107911985368,214,218,0.9999999999814251,0.9999999999064088
Gilbert,8,,0.1,6,5,44.68405704991892,34.65501744393259,354,286,0.9923626611923286,0.9999998820013001
Gilbert,8,,0.1,6,6,1.9683352839201689,2.068143433891237,24,28,0.4999999999999991,0.75
Gilbert,8,,0.1,6,7,19.796034747967497,18.59338759817183,214,218,0.9999999999814241,0.9999999999064079
Gilbert,8,,0.1,6,8,19.629650844959542,18.637538810027763,214,218,0.9999999999814259,0.99999999990641
Gilbert,8,,0.1,6,9,19.782383053097874,18.372045353986323,214,218,0.9999999999814247,0.9999999999064079
Gilbert,8,,0.1,6,10,42.02379093505442,99.94826247985475,362,780,0.9931268960305379,0.9998011669375781
Gilbert,8,,0.1,6,11,20.339002592023462,22.19602837297134,232,262,0.99999999995381,0.9999999996414325
Gilbert,8,,0.1,6,12,19.807759712915868,18.449965549865738,214,218,0.9999999999814254,0.9999999999064099
Gilbert,8,,0.1,6,13,47.55158268800005,75.51682812394574,394,602,0.9969316470127074,0.9997806036323427
Gilbert,8,,0.1,6,14,20.302604290889576,22.128559473901987,232,262,0.9999999999538102,0.999999999641432
Gilbert,8,,0.1,6,15,62.438664903864264,69.85217431001365,544,666,0.9986686379083807,0.9999999994888411
Gilbert,8,,0.1,6,16,20.238164915004745,22.348370888037607,232,262,0.9999999999538103,0.9999999996414327
Gilbert,8,,0.1,6,17,20.20930117019452,22.025212259963155,232,262,0.9999999999538102,0.999999999641432
Gilbert,8,,0.1,6,18,20.41129474202171,22.229755331994966,232,262,0.9999999999538091,0.9999999996414333
Gilbert,8,,0.1,6,19,60.403792665107176,68.10017074993812,528,654,0.998668630542945,0.99999999953995
Gilbert,8,,0.1,7,0,137.94858577707782,122.6061650570482,878,750,0.9637885099012712,0.9934908862872183
Gilbert,8,,0.1,7,1,122.13128879503347,60.25154094188474,788,456,0.9646519644295142,0.9999996260765494
Gilbert,8,,0.1,7,2,25.438590673031285,27.42589186085388,266,298,0.999999999990598,0.9999999999595142
Gilbert,8,,0.1,7,3,158.14969755103812,87.24196442705579,1134,780,0.9999999994050052,0.9999999985238031
Gilbert,8,,0.1,7,4,24.80435376893729,22.007218432845548,244,240,0.9999999999951283,0.9999999997377841
Gilbert,8,,0.1,7,5,75.25123833306134,52.66492605092935,510,376,0.994021426763456,0.9999997206453978
Gilbert,8,,0.1,7,6,2.2559542218223214,2.4755785721354187,26,30,0.500000000000001,0.75
Gilbert,8,,0.1,7,7,24.834201066056266,21.949434818001464,244,240,0.999999999995128,0.9999999997377836
Gilbert,8,,0.1,7,8,24.554862244054675,22.10929597215727,244,240,0.9999999999951292,0.999999999737784
Gilbert,8,,0.1,7,9,24.647091194055974,22.002139580901712,244,240,0.9999999999951283,0.9999999997377825
Gilbert,8,,0.1,7,10,72.61946382001042,183.55489635607228,540,1274,0.99515230186439,0.9999983732955614
Gilbert,8,,0.1,7,11,25.624498056015,27.832869295962155,266,298,0.9999999999905966,0.9999999999595162
Gilbert,8,,0.1,7,12,24.778748413082212,21.994573971023783,244,240,0.9999999999951292,0.9999999997377826
Gilbert,8,,0.1,7,13,80.53288693819195,114.19859384093434,576,816,0.9984456256287864,0.9999012942896244
Gilbert,8,,0.1,7,14,25.4038994461298,27.615042191930115,266,298,0.9999999999905972,0.9999999999595138
Gilbert,8,,0.1,7,15,154.70542368316092,84.08268300886266,1112,754,0.9999999988422028,0.9999999914191385
Gilbert,8,,0.1,7,16,25.77104908809997,27.973188516916707,266,298,0.9999999999905983,0.9999999999595142
Gilbert,8,,0.1,7,17,25.444949674187228,27.73346978193149,266,298,0.9999999999905972,0.9999999999595138
Gilbert,8,,0.1,7,18,25.665786664001644,27.897001759149134,266,298,0.9999999999905977,0.9999999999595138
Gilbert,8,,0.1,7,19,158.6358817659784,81.57763967802748,1130,732,0.9999999993609529,0.9999999892642741
Gilbert,8,,0.1,8,0,202.2465512789786,176.87496190611273,1154,986,0.9688679332270862,0.9959345786221292
Gilbert,8,,0.1,8,1,180.80322648608126,87.74565592803992,1050,580,0.9515619388063158,0.9999999977890471
Gilbert,8,,0.1,8,2,30.584431290160865,31.836016188841313,296,324,0.9999999999122814,0.9999999996292476
Gilbert,8,,0.1,8,3,180.85809329617769,103.31906189094298,1258,866,0.9999999972464987,0.9999997759277229
Gilbert,8,,0.1,8,4,29.82951200613752,26.48829480796121,272,264,0.9999999999999032,0.9999999995094835
Gilbert,8,,0.1,8,5,152.44081297889352,81.72730068396777,852,506,0.9967209501620183,0.9999999931800174
Gilbert,8,,0.1,8,6,2.687305223895237,2.673731343820691,28,32,0.49999999999999883,0.75
Gilbert,8,,0.1,8,7,30.06261340994388,26.39287045202218,272,264,0.9999999999999041,0.9999999995094838
Gilbert,8,,0.1,8,8,29.857525523984805,26.4548242718447,272,264,0.9999999999999036,0.9999999995094829
Gilbert,8,,0.1,8,9,29.876085604075342,26.32478707493283,272,264,0.9999999999999035,0.999999999509483
Gilbert,8,,0.1,8,10,196.09987487783656,229.26237134891562,1178,1514,0.9999999333660746,0.9999999977073593
Gilbert,8,,0.1,8,11,30.834508122876287,32.11842145794071,296,324,0.9999999999122812,0.9999999996292475
Gilbert,8,,0.1,8,12,29.72707285382785,26.48954078811221,272,264,0.9999999999999032,0.999999999509484
Gilbert,8,,0.1,8,13,182.90002977917902,191.67424125690013,1072,1192,0.998401158826827,0.9999833854871003
Gilbert,8,,0.1,8,14,30.889172228053212,31.920006481930614,296,324,0.9999999999122784,0.9999999996292497
Gilbert,8,,0.1,8,15,173.59600566909648,101.22457559010945,1214,844,0.9999999991493441,0.9999996653406111
Gilbert,8,,0.1,8,16,31.057532257866114,32.441338148899376,296,324,0.99999999991228,0.9999999996292488
Gilbert,8,,0.1,8,17,30.984305791091174,31.967505553970113,296,324,0.9999999999122784,0.9999999996292497
Gilbert,8,,0.1,8,18,30.982875728048384,32.38508335012011,296,324,0.9999999999122808,0.9999999996292471
Gilbert,8,,0.1,8,19,173.65286500100046,98.31861302815378,1214,824,0.9999999925375272,0.999999719224072
Gilbert,8,,0.1,9,0,272.3275895200204,267.72193218721077,1424,1340,0.9447604412165118,0.9985875214316348
Gilbert,8,,0.1,9,1,266.77138186991215,114.4657899949234,1398,688,0.9844425031609296,0.9999999118590189
Gilbert,8,,0.1,9,2,35.85833030613139,38.38848062301986,324,358,0.9999999999278959,0.9999999998590472
Gilbert,8,,0.1,9,3,235.7136075149756,133.8921272510197,1522,1018,0.999999998938305,0.999999867048553
Gilbert,8,,0.1,9,4,36.573727847775444,31.745328347897157,304,290,0.999999999999864,0.9999999999988244
Gilbert,8,,0.1,9,5,208.49382811109535,109.61854301812127,1076,620,0.9983747225659462,0.9999999448158764
Gilbert,8,,0.1,9,6,3.0640515880659223,3.1565090189687908,30,34,0.5000000000000013,0.75
Gilbert,8,,0.1,9,7,36.54043186898343,31.43779878783971,304,290,0.9999999999998644,0.9999999999988235
Gilbert,8,,0.1,9,8,36.156747224973515,31.91497778100893,304,290,0.9999999999998641,0.9999999999988253
Gilbert,8,,0.1,9,9,36.22801245120354,31.70386042096652,304,290,0.9999999999998647,0.999999999998824
Gilbert,8,,0.1,9,10,251.33621034002863,257.28028780501336,1368,1644,0.9999995719549567,0.9999998944496897
Gilbert,8,,0.1,9,11,36.28357289894484,38.794759321026504,324,358,0.9999999999278961,0.9999999998590486
Gilbert,8,,0.1,9,12,36.50658258982003,31.865951666841283,304,290,0.9999999999998646,0.999999999998824
Gilbert,8,,0.1,9,13,265.0576866781339,234.5577887040563,1438,1378,0.9993042399804347,0.9999873739346541
Gilbert,8,,0.1,9,14,36.274679446127266,38.73356309183873,324,358,0.9999999999278961,0.999999999859046
Gilbert,8,,0.1,9,15,201.1047263960354,126.60284791514277,1348,970,0.9999999994249956,0.9999998107786977
Gilbert,8,,0.1,9,16,36.620562218129635,39.04224663390778,324,358,0.9999999999278962,0.9999999998590471
Gilbert,8,,0.1,9,17,36.101173606934026,38.763560855994,324,358,0.9999999999278961,0.999999999859046
Gilbert,8,,0.1,9,18,36.559985225088894,39.03247730014846,324,358,0.9999999999278957,0.9999999998590482
Gilbert,8,,0.1,9,19,202.08639932097867,123.11699968692847,1350,948,0.9999999980828111,0.9999998206224802
Gilbert,8,,0.1,10,0,608.8788762129843,607.7295477371663,2600,2530,0.9989606851021235,0.9999118568937095
Gilbert,8,,0.1,10,1,322.5164368490223,149.29708219482563,1600,814,0.9836044999606663,0.9999998539875955
Gilbert,8,,0.1,10,2,41.86435224697925,44.15434079384431,352,386,0.9999999999978995,0.9999999999602893
Gilbert,8,,0.1,10,3,262.16207043803297,169.023106809007,1642,1170,0.9999999993645188,0.9999987551399337
Gilbert,8,,0.1,10,4,42.754584315931424,37.736979137174785,332,316,0.9999999999357527,0.9999999999748992
Gilbert,8,,0.1,10,5,366.1420157069806,137.8246239919681,1644,722,0.9990079165330291,0.999999163790845
Gilbert,8,,0.1,10,6,3.463196599157527,3.5539666218683124,32,36,0.4999999999999985,0.75
Gilbert,8,,0.1,10,7,42.84532476705499,37.62257911195047,332,316,0.9999999999357501,0.9999999999749004
Gilbert,8,,0.1,10,8,42.777709684101865,37.803632157156244,332,316,0.999999999935754,0.9999999999749013
Gilbert,8,,0.1,10,9,42.75634024804458,37.53580109006725,332,316,0.9999999999357527,0.9999999999749005
Gilbert,8,,0.1,10,10,282.66728234896436,293.84494619700126,1552,1796,0.9999999850758844,0.9999996079333565
Gilbert,8,,0.1,10,11,42.36662850296125,44.85551778203808,352,386,0.9999999999978986,0.9999999999602885
Gilbert,8,,0.1,10,12,42.844000444049016,37.50078206905164,332,316,0.9999999999357537,0.9999999999748992
Gilbert,8,,0.1,10,13,534.7013558540493,344.02301973919384,2508,1816,0.9999791158925809,0.9999970230958077
Gilbert,8,,0.1,10,14,42.424601652892306,44.658952413126826,352,386,0.9999999999979009,0.9999999999602908
Gilbert,8,,0.1,10,15,251.04101811000146,164.10922572389245,1562,1140,0.9999999991162518,0.9999985239771423
Gilbert,8,,0.1,10,16,42.734848108142614,45.226500196848065,352,386,0.9999999999978998,0.9999999999602911
Gilbert,8,,0.1,10,17,42.45812224317342,44.62930666911416,352,386,0.9999999999979009,0.9999999999602908
Gilbert,8,,0.1,10,18,42.61763729690574,45.094129282049835,352,386,0.999999999997898,0.9999999999602881
Gilbert,8,,0.1,10,19,256.81382250599563,147.23602379113436,1586,1052,0.9999999998149851,0.9999984418039414
Gilbert,8,,0.25,1,0,0.47862480906769633,0.32312623085454106,38,18,0.39787239647087735,0.45519569142147615
Gilbert,8,,0.25,1,1,0.2660959071945399,0.4302312938962132,18,34,0.2823615834123979,0.7168110165407162
Gilbert,8,,0.25,1,2,0.34506228496320546,0.30676177819259465,32,26,0.5482053942968907,0.47638885947378284
Gilbert,8,,0.25,1,3,0.2637835219502449,0.2484354309272021,16,14,0.43559380987959334,0.3616962439199542
Gilbert,8,,0.25,1,4,0.2600032980553806,0.37787915603257716,16,22,0.4171765776502638,0.2266138064868144
Gilbert,8,,0.25,1,5,0.41731455479748547,0.2575314179994166,44,20,0.6044105076097592,0.45603969670637207
Gilbert,8,,0.25,1,6,0.24311202904209495,0.3228351359721273,14,28,0.311227667339299,0.2276430435035297
Gilbert,8,,0.25,1,7,0.3465973671991378,0.2805178021080792,32,20,0.3850702591562906,0.25176310336385943
Gilbert,8,,0.25,1,8,0.32204540399834514,0.4100972469896078,30,40,0.45956341797801004,0.4093879920784283
Gilbert,8,,0.25,1,9,0.408438203856349,0.38406327995471656,40,40,0.5267687916736841,0.7354951682181264
Gilbert,8,,0.25,1,10,0.34499944699928164,0.4180057670455426,32,40,0.44285515719030744,0.382089689007925
Gilbert,8,,0.25,1,11,0.26471868995577097,0.2526092410553247,24,26,0.9317718380821025,0.9540314575678482
Gilbert,8,,0.25,1,12,0.276820678031072,0.3131247218698263,20,22,0.26601030827646227,0.20945954837862046
Gilbert,8,,0.25,1,13,0.42198663600720465,0.33950194902718067,30,30,0.31695056922196635,0.7755461436262006
Gilbert,8,,0.25,1,14,0.27880747290328145,0.3228566439356655,18,24,0.30788208649032167,0.18113740933556446
Gilbert,8,,0.25,1,15,0.37163905007764697,0.5039946499746293,34,38,0.4909070606321091,0.881029920084992
Gilbert,8,,0.25,1,16,0.2295909479726106,0.3446188031230122,18,38,0.4485633594885208,0.8318281719656273
Gilbert,8,,0.25,1,17,0.33199813310056925,0.27147273998707533,34,24,0.45289968682090703,0.4861584970437822
Gilbert,8,,0.25,1,18,0.34740339987911284,0.27035911311395466,34,24,0.45289968682090703,0.4861584970437822
Gilbert,8,,0.25,1,19,0.3265340270008892,0.28018461517058313,30,22,0.4469017862612394,0.4888207165899415
Gilbert,8,,0.25,2,0,0.6677472360897809,0.5954158620443195,66,52,0.6533125412365791,0.7666196790734419
Gilbert,8,,0.25,2,1,0.5721535501070321,0.6792878101114184,48,64,0.5963731762051793,0.7484608169599003
Gilbert,8,,0.25,2,2,0.5729051379021257,0.5693574589677155,56,54,0.7137651278689124,0.7860292018476194
Gilbert,8,,0.25,2,3,0.7191051649861038,0.6271647268440574,56,48,0.6375128208191926,0.4183761737648497
Gilbert,8,,0.25,2,4,0.7752032319549471,0.6705324749927968,58,56,0.2794294663189557,0.8869598496780918
Gilbert,8,,0.25,2,5,0.7185207589063793,0.6839800989255309,66,54,0.737166157227753,0.7665749321581845
Gilbert,8,,0.25,2,6,0.6822752370499074,0.6650917360093445,48,58,0.5703018858483999,0.81698179972013
Gilbert,8,,0.25,2,7,0.8779890742152929,0.6400261579547077,74,48,0.624833746085929,0.8051412196543006
Gilbert,8,,0.25,2,8,0.9559125760570168,0.846101937815547,82,76,0.6937703376388625,0.7652239675920114
Gilbert,8,,0.25,2,9,0.8102370030246675,0.7402615249156952,72,66,0.641052838580665,0.7760640002042133
Gilbert,8,,0.25,2,10,1.0575955021195114,1.5894383760169148,90,134,0.5966516959042392,0.8163556548195103
Gilbert,8,,0.25,2,11,0.5485881029162556,0.645345858996734,62,64,0.9834437855900953,0.995478894065883
Gilbert,8,,0.25,2,12,0.7189222839660943,1.530275136930868,56,108,0.41917842603534566,0.7317935290015228
Gilbert,8,,0.25,2,13,0.660016552079469,0.6794417072087526,62,64,0.6756346085464748,0.8254022576869456
Gilbert,8,,0.25,2,14,0.903781492030248,1.2479684529826045,64,96,0.36001869960833216,0.7592268928507582
Gilbert,8,,0.25,2,15,1.0945091880857944,0.6323188690003008,94,62,0.7542481285441107,0.9615996984310692
Gilbert,8,,0.25,2,16,0.6716407830826938,0.7508368189446628,54,70,0.8183599835784815,0.927411971393108
Gilbert,8,,0.25,2,17,0.6842385218478739,0.6531243431381881,70,52,0.7383459450610308,0.8215974986064392
Gilbert,8,,0.25,2,18,0.6824651418719441,0.5430708669591695,70,52,0.7383459450610307,0.8215974986064396
Gilbert,8,,0.25,2,19,0.5608760979957879,0.9013602931518108,56,76,0.7007656366153944,0.8287270439142667
Gilbert,8,,0.25,3,0,2.3118575310800225,1.9309775030706078,172,136,0.6961807924671887,0.9723323013990252
Gilbert,8,,0.25,3,1,1.4217285541817546,1.871012130053714,98,134,0.44814612973292645,0.8097057623295711
Gilbert,8,,0.25,3,2,1.198113207006827,1.7483633439987898,94,128,0.7902441938275555,0.787445465513508
Gilbert,8,,0.25,3,3,3.1565881858114153,1.8038921980187297,186,112,0.6668005488566819,0.4341149456989675
Gilbert,8,,0.25,3,4,2.1095463330857456,2.34997568000108,136,148,0.5614152018718142,0.9999999999951017
Gilbert,8,,0.25,3,5,1.08668332407251,1.7458043270744383,92,124,0.7993217418618336,0.9723488037748925
Gilbert,8,,0.25,3,6,1.5709456510376185,1.3775882178451866,100,96,0.5780109042600603,0.6041686947033511
Gilbert,8,,0.25,3,7,2.851213910849765,1.433070789789781,194,96,0.764007926142184,0.6055308471388636
Gilbert,8,,0.25,3,8,2.538710660999641,1.9540744579862803,184,148,0.7789044515306061,0.7886627656624067
Gilbert,8,,0.25,3,9,2.0122323208488524,1.310403374955058,150,106,0.7392617704645249,0.8414760944712645
Gilbert,8,,0.25,3,10,1.7734738700091839,2.4630171358585358,132,192,0.6558274992774922,0.8671394388426586
Gilbert,8,,0.25,3,11,1.1708961960393935,1.4988775390665978,112,144,0.9999999999849806,0.9999999999775616
Gilbert,8,,0.25,3,12,2.8977024720516056,2.7973754638805985,162,174,0.7697644222643668,0.8073874634758537
Gilbert,8,,0.25,3,13,1.5736698140390217,1.6013596248812973,112,116,0.7931490977146367,0.8782598859944486
Gilbert,8,,0.25,3,14,2.578332229051739,4.374339604051784,152,260,0.6933992587894474,0.8763106714094471
Gilbert,8,,0.25,3,15,2.102420862065628,1.2275014251936227,156,96,0.8920989390685489,0.9806358331884224
Gilbert,8,,0.25,3,16,1.4596316530369222,1.5332907498814166,116,132,0.8986492154473318,0.9937412680297463
Gilbert,8,,0.25,3,17,1.3657804317772388,1.420897362055257,114,110,0.7393950834853401,0.8956090793517782
Gilbert,8,,0.25,3,18,1.377773922868073,1.4175371238961816,114,110,0.7393950834853402,0.8956090793517777
Gilbert,8,,0.25,3,19,1.4680409040302038,1.3029367979615927,116,106,0.7937306854997725,0.9116665379013454
Gilbert,8,,0.25,4,0,4.589845900889486,3.524491847027093,286,214,0.797988568426376,0.9782659509926397
Gilbert,8,,0.25,4,1,3.423492035130039,3.0698881198186427,188,192,0.6622349964321264,0.8424315301717584
Gilbert,8,,0.25,4,2,2.2038871138356626,3.3963088269811124,148,214,0.8511274579542633,0.9911134462119989
Gilbert,8,,0.25,4,3,6.767705156933516,3.507805958855897,346,184,0.7238001973788598,0.5754539891647502
Gilbert,8,,0.25,4,4,4.773891151184216,3.607843545032665,254,206,0.7798531430595685,0.9999999999867007
Gilbert,8,,0.25,4,5,1.6715054521337152,5.332009720150381,120,296,0.8254637908909966,0.999999999671183
Gilbert,8,,0.25,4,6,2.946620491798967,4.778403914999217,162,248,0.5899517504517247,0.754312745699764
Gilbert,8,,0.25,4,7,5.438455004943535,3.6432471110019833,314,198,0.7849257943820241,0.9025408156342831
Gilbert,8,,0.25,4,8,4.440740777179599,3.221481437794864,276,210,0.8164852794044385,0.9023649403186587
Gilbert,8,,0.25,4,9,3.0519509699661285,2.675495997071266,200,170,0.8333012805774753,0.8651180567948756
Gilbert,8,,0.25,4,10,4.7455516590271145,4.190143160056323,268,264,0.9062697718074367,0.9444486248831907
Gilbert,8,,0.25,4,11,1.8390634399838746,2.2197454390116036,160,184,0.9999999999929978,0.999999999993123
Gilbert,8,,0.25,4,12,5.840294931083918,6.799885535147041,282,332,0.8633675676504008,0.8522963724182532
Gilbert,8,,0.25,4,13,3.1494724079966545,3.86524892388843,188,226,0.8708123800853219,0.9016136266810004
Gilbert,8,,0.25,4,14,5.220033619087189,5.704530813964084,266,320,0.8071367198599817,0.9220125372873104
Gilbert,8,,0.25,4,15,4.912950113881379,2.1331065718550235,290,140,0.9582373342071651,0.9850707838372382
Gilbert,8,,0.25,4,16,2.2149568300228566,2.884727136930451,156,206,0.9421809878756736,0.997962822673423
Gilbert,8,,0.25,4,17,2.6314902110025287,3.1974388589151204,176,196,0.7510982096025233,0.9999999998505306
Gilbert,8,,0.25,4,18,2.634117336012423,3.1932490430772305,176,196,0.7510982096025229,0.9999999998505309
Gilbert,8,,0.25,4,19,3.3204601400066167,2.2791510100942105,206,158,0.8522388367585132,0.9103018121944462
Gilbert,8,,0.25,5,0,7.543028711108491,6.513918982818723,404,334,0.8523278578299038,0.9804221263915777
Gilbert,8,,0.25,5,1,5.836598952068016,10.19909963896498,284,466,0.7734788891564555,0.9994391198640926
Gilbert,8,,0.25,5,2,3.796640486922115,5.551506869960576,214,304,0.883672690132757,0.9911479915004261
Gilbert,8,,0.25,5,3,12.357114841928706,5.955968925030902,546,268,0.7919860664729598,0.675985203648455
Gilbert,8,,0.25,5,4,9.94520043884404,5.138165708864108,452,260,0.8270388849854255,0.9999999995319133
Gilbert,8,,0.25,5,5,3.0628604039084166,8.102768854936585,172,408,0.8336743829920625,0.9999999999403046
Gilbert,8,,0.25,5,6,4.791763130109757,8.050500388024375,226,362,0.6126364751353978,0.3771099306272174
Gilbert,8,,0.25,5,7,9.570172838168219,5.6050455931108445,466,276,0.890919909210077,0.9999988904101607
Gilbert,8,,0.25,5,8,6.681561297969893,6.19710184703581,360,324,0.8941417203944371,0.8936395315676503
Gilbert,8,,0.25,5,9,5.132125596981496,6.706566001987085,278,328,0.8146477282032027,0.9993982608508528
Gilbert,8,,0.25,5,10,8.698113908991218,6.3725781459361315,416,348,0.9443693205840145,0.9717599106461058
Gilbert,8,,0.25,5,11,2.633718949975446,2.796165270032361,192,224,0.9999999999836293,0.9999999999659744
Gilbert,8,,0.25,5,12,11.263773754006252,12.138402477838099,456,502,0.864515412704182,0.9251263151137952
Gilbert,8,,0.25,5,13,4.4697635429911315,6.0791610181331635,240,304,0.9219567975791584,0.9826048969648795
Gilbert,8,,0.25,5,14,11.071132170036435,8.710911832051352,450,424,0.9118426501515169,0.8398261831522393
Gilbert,8,,0.25,5,15,8.03298542718403,4.4485929668881,404,222,0.9633962199896443,0.9954747944821989
Gilbert,8,,0.25,5,16,3.929722246946767,8.149063622113317,230,434,0.948389499760346,0.9992722219190385
Gilbert,8,,0.25,5,17,4.848524776985869,5.903732822975144,264,310,0.8578480590455678,0.999999999989695
Gilbert,8,,0.25,5,18,4.860752521781251,5.970077494857833,264,310,0.8578480590455687,0.999999999989695
Gilbert,8,,0.25,5,19,6.11120121111162,4.573944509960711,322,248,0.9223120714145416,0.9651683160088222
Gilbert,8,,0.25,6,0,11.591433444060385,15.590657479828224,540,644,0.8977992741599596,0.9999999263324802
Gilbert,8,,0.25,6,1,10.138853379990906,13.611935324966908,424,576,0.846722108059021,0.999999999111014
Gilbert,8,,0.25,6,2,5.496577027020976,12.36630132701248,274,538,0.9083805817269279,0.9955044671235196
Gilbert,8,,0.25,6,3,17.24061617697589,8.251849213149399,692,342,0.8999610283395347,0.6568422717514776
Gilbert,8,,0.25,6,4,16.314715589163825,7.425453124102205,640,328,0.8004378443785772,0.999999999727584
Gilbert,8,,0.25,6,5,4.797194991027936,11.270963822025806,232,510,0.8622796296083237,0.9999999934582411
Gilbert,8,,0.25,6,6,6.606532729929313,10.998621773906052,282,456,0.6126366963010215,0.49306291347894093
Gilbert,8,,0.25,6,7,13.98645928199403,10.299813444027677,604,414,0.929909281005251,0.9999999992878663
Gilbert,8,,0.25,6,8,12.977946383180097,13.942199176875874,568,582,0.899758012828247,0.9490011998211464
Gilbert,8,,0.25,6,9,8.788582687964663,14.318007820984349,396,578,0.8900640482354302,0.9996054490536851
Gilbert,8,,0.25,6,10,12.73056828090921,13.34667737595737,540,560,0.9626458457324113,0.9860270499624687
Gilbert,8,,0.25,6,11,3.3989195809699595,3.871198601089418,232,262,0.9999999999538106,0.9999999996414324
Gilbert,8,,0.25,6,12,20.033388146897778,17.846219989005476,688,656,0.7854859910660004,0.9383468149081549
Gilbert,8,,0.25,6,13,6.080857282038778,8.986529370071366,288,400,0.9423898458910708,0.9863156254442093
Gilbert,8,,0.25,6,14,18.182071114890277,13.688791464082897,660,550,0.827937594096561,0.920477165314907
Gilbert,8,,0.25,6,15,12.675026001874357,6.862886661896482,548,302,0.9740244457046244,0.9985741563171966
Gilbert,8,,0.25,6,16,12.797423301963136,20.053523760056123,548,864,0.9999999985238969,0.9999999243711079
Gilbert,8,,0.25,6,17,9.033593218075112,8.44186351611279,410,394,0.8819240074219188,0.999999999363029
Gilbert,8,,0.25,6,18,9.12158131483011,8.444347486132756,410,394,0.8819240074826732,0.9999999993630283
Gilbert,8,,0.25,6,19,9.21670257113874,7.040945534128696,426,332,0.9626056269703493,0.9645755349281657
Gilbert,8,,0.25,7,0,16.148821174167097,21.416335525922477,672,812,0.925913445496815,0.9999996988690855
Gilbert,8,,0.25,7,1,17.699474976863712,29.126713029807433,630,720,0.8511667515102908,0.9999999994068874
Gilbert,8,,0.25,7,2,7.853979777079076,27.419418924022466,344,984,0.9323302022569969,0.995636007826296
Gilbert,8,,0.25,7,3,25.907664427999407,14.01303486712277,914,488,0.8473155970246702,0.8012269587090971
Gilbert,8,,0.25,7,4,24.191770935896784,11.802314328029752,840,448,0.8454362205047619,0.9999999456259951
Gilbert,8,,0.25,7,5,6.363021960947663,19.405015116091818,274,742,0.8932267246133307,0.9999999652752323
Gilbert,8,,0.25,7,6,13.340878908056766,17.234006256097928,460,616,0.6291304499258008,0.9999999979559803
Gilbert,8,,0.25,7,7,19.99295032187365,12.88285829895176,762,488,0.9367374299217921,0.999999998537285
Gilbert,8,,0.25,7,8,29.639637717977166,25.59456270816736,1036,904,0.9300972792694637,0.9502897267539987
Gilbert,8,,0.25,7,9,12.40452716499567,20.173338582972065,502,738,0.8788204577149241,0.9999999995307753
Gilbert,8,,0.25,7,10,18.022967495955527,21.34685468301177,682,778,0.9781721319304562,0.9839551086854872
Gilbert,8,,0.25,7,11,4.3085740089882165,4.668476674007252,266,298,0.9999999999905977,0.999999999959513
Gilbert,8,,0.25,7,12,28.603727556066588,24.011205073911697,890,796,0.823081497991481,0.6077899360078312
Gilbert,8,,0.25,7,13,8.742448488948867,16.916373017942533,360,612,0.9560826640153547,0.9943228041557134
Gilbert,8,,0.25,7,14,30.87919236603193,19.11675251601264,960,686,0.9326879831500351,0.9275231938551127
Gilbert,8,,0.25,7,15,19.550335962092504,12.646541521884501,730,452,0.9820753945559453,0.999353744477492
Gilbert,8,,0.25,7,16,15.91074097296223,24.77642594394274,644,1012,0.9999999997349849,0.9999999877314204
Gilbert,8,,0.25,7,17,14.665555429877713,11.744260784005746,572,492,0.9040682632131958,0.9999999865595385
Gilbert,8,,0.25,7,18,14.570924157043919,11.698600095929578,570,492,0.9040682630206891,0.9999999865595172
Gilbert,8,,0.25,7,19,13.44666008814238,11.968500926857814,546,474,0.9865402035487414,0.9920021172944186
Gilbert,8,,0.25,8,0,22.535473364870995,26.923549580853432,842,956,0.9319251957743294,0.9999999419269688
Gilbert,8,,0.25,8,1,27.56394268386066,25.636104018893093,876,888,0.8498201346886161,0.9999962506460168
Gilbert,8,,0.25,8,2,10.59573800698854,44.974328198004514,416,1462,0.9508831432737104,0.9956731825103198
Gilbert,8,,0.25,8,3,36.208639623830095,37.11715763597749,1144,1008,0.9127574442992307,0.9221560352902982
Gilbert,8,,0.25,8,4,35.310311070876196,18.757103596115485,1106,606,0.8919284452922585,0.9999994965412733
Gilbert,8,,0.25,8,5,7.718730110209435,25.15138640999794,308,884,0.9276750234977318,0.9999995339489418
Gilbert,8,,0.25,8,6,23.59868511906825,25.505804259097204,692,806,0.6320716807042245,0.7616680913375321
Gilbert,8,,0.25,8,7,28.020108544034883,20.39433219609782,958,668,0.9457478540443669,0.9999999919387335
Gilbert,8,,0.25,8,8,36.78798267408274,52.88214750098996,1208,1584,0.935062661703966,0.9573157951939314
Gilbert,8,,0.25,8,9,20.225346974097192,27.57162838894874,690,920,0.9280023653112623,0.9999989964769181
Gilbert,8,,0.25,8,10,43.64425125508569,35.13415032089688,1276,1098,0.9815344925542581,0.9917074114468089
Gilbert,8,,0.25,8,11,5.314600893063471,5.540318086044863,296,324,0.9999999999122784,0.9999999996292459
Gilbert,8,,0.25,8,12,44.468008121009916,33.367301737191156,1208,982,0.9173466082359203,0.8243029290554165
Gilbert,8,,0.25,8,13,11.828344081994146,33.046251534018666,430,992,0.9771029352457692,0.996134869076284
Gilbert,8,,0.25,8,14,50.87174982693978,34.5767883900553,1346,1000,0.8932323484554332,0.9242363622737906
Gilbert,8,,0.25,8,15,28.52088020904921,21.629955754149705,938,660,0.9898813730464204,0.9997131307685017
Gilbert,8,,0.25,8,16,19.779416582081467,30.118490178138018,748,1156,0.9999999995872114,0.9999999976646788
Gilbert,8,,0.25,8,17,23.66655767802149,14.876653510145843,802,572,0.9549689189852988,0.9999997016636781
Gilbert,8,,0.25,8,18,24.515876178862527,15.044052900047973,818,572,0.9549689166862898,0.9999997016637536
Gilbert,8,,0.25,8,19,24.516997135942802,20.968346518930048,824,700,0.9925420564048071,0.9960758295813319
Gilbert,8,,0.25,9,0,40.99539371090941,32.864346869057044,1264,1092,0.9515811297346055,0.9999996294431881
Gilbert,8,,0.25,9,1,42.65120706683956,40.94605759996921,1206,1218,0.9205691449395494,0.9999996873760993
Gilbert,8,,0.25,9,2,15.571797464974225,71.89302809396759,536,2080,0.9685010117853914,0.9956890850035365
Gilbert,8,,0.25,9,3,65.05437555001117,48.97907119686715,1716,1250,0.9308037504911832,0.9462971743763556
Gilbert,8,,0.25,9,4,48.319083526032045,31.36238443106413,1366,862,0.9152584239362498,0.9999999597683966
Gilbert,8,,0.25,9,5,9.927245190134272,34.008151734946296,356,1084,0.944696577666799,0.9999999833002283
Gilbert,8,,0.25,9,6,35.94365045800805,36.495534697081894,940,1034,0.6354761300428202,0.8716480023301065
Gilbert,8,,0.25,9,7,44.205617151921615,29.391022838884965,1294,850,0.948967401786129,0.9999999901996368
Gilbert,8,,0.25,9,8,56.260991306975484,59.16417166986503,1646,1714,0.9665188395747699,0.999999999445328
Gilbert,8,,0.25,9,9,29.88565956801176,34.72644775104709,900,1080,0.9178812517320821,0.9999999391271708
Gilbert,8,,0.25,9,10,68.30684226891026,74.4237412288785,1774,1892,0.9766054282840672,0.99367608247411
Gilbert,8,,0.25,9,11,6.20828867983073,6.5968704640399665,324,358,0.9999999999278971,0.9999999998590461
Gilbert,8,,0.25,9,12,66.47063516802154,42.659187686862424,1590,1152,0.9676422299293382,0.8203754423740908
Gilbert,8,,0.25,9,13,15.544958723010495,52.379238377092406,506,1388,0.9867126997164224,0.9958933699369936
Gilbert,8,,0.25,9,14,73.00134447216988,50.04286440019496,1760,1276,0.8850285552453054,0.9586254277992781
Gilbert,8,,0.25,9,15,45.509685813914984,30.2135771070607,1274,836,0.9889800359466603,0.9998538496689832
Gilbert,8,,0.25,9,16,24.370544590055943,42.54727860610001,856,1448,0.9999999989180571,0.9999998191743371
Gilbert,8,,0.25,9,17,38.95783428894356,22.400014707120135,1130,742,0.9697708956752551,0.9999999346747558
Gilbert,8,,0.25,9,18,38.925866100005805,22.130471478914842,1130,738,0.969770896738822,0.999999925569443
Gilbert,8,,0.25,9,19,44.119697611778975,27.681813217001036,1270,850,0.9999881845969597,0.9997743123876968
Gilbert,8,,0.25,10,0,53.44930524285883,35.14066778193228,1526,1144,0.9785688438321145,0.9999986570301973
Gilbert,8,,0.25,10,1,52.41691266791895,49.681963137118146,1400,1394,0.8710859303354092,0.9999998090065961
Gilbert,8,,0.25,10,2,20.33109858003445,87.45985822891816,632,2432,0.9781598797723167,0.9956896448983968
Gilbert,8,,0.25,10,3,75.09446366713382,72.46666158502921,1908,1666,0.9083893845264732,0.9480639070567279
Gilbert,8,,0.25,10,4,67.97316463012248,38.35089062503539,1726,996,0.9392129047893054,0.9999997317612586
Gilbert,8,,0.25,10,5,12.790716452058405,40.90827241516672,414,1218,0.9605683071013509,0.9999993651353194
Gilbert,8,,0.25,10,6,45.98628130299039,56.850610381923616,1128,1402,0.6378879030750537,0.9999999009445869
Gilbert,8,,0.25,10,7,81.446293087909,43.74737351294607,2004,1132,0.9999999960796409,0.9999999976062837
Gilbert,8,,0.25,10,8,70.12054481799714,68.3675625261385,1910,1894,0.9839813640563786,0.9999999977458751
Gilbert,8,,0.25,10,9,41.99654855206609,46.39742166013457,1142,1304,0.9363835962094719,0.9999999880377232
Gilbert,8,,0.25,10,10,109.24061411595903,126.63184944097884,2524,2860,0.983522969102883,0.9920756292917101
Gilbert,8,,0.25,10,11,7.196531422203407,7.858144151978195,352,386,0.9999999999979006,0.9999999999602872
Gilbert,8,,0.25,10,12,97.4421482081525,57.079802214866504,2096,1376,0.9775773282144804,0.8481369686127465
Gilbert,8,,0.25,10,13,23.083565569017082,79.10007885284722,646,1898,0.9893302871691201,0.9990502319659609
Gilbert,8,,0.25,10,14,137.05675273900852,73.3430711820256,2784,1650,0.9801597822474607,0.9790234721688879
Gilbert,8,,0.25,10,15,88.64867138117552,47.75774103309959,2096,1164,0.9965194262774585,0.9999326683144576
Gilbert,8,,0.25,10,16,28.339345909887925,50.03410808905028,942,1614,0.9999999990499496,0.9999990832874258
Gilbert,8,,0.25,10,17,49.803151530912146,38.979390155058354,1340,1066,0.9811359181336332,0.9999998245436048
Gilbert,8,,0.25,10,18,49.701475778827444,32.5483159229625,1334,928,0.9811359227079262,0.99999976895864
Gilbert,8,,0.25,10,19,66.77073704288341,38.32159607904032,1710,1068,0.9998658407247621,0.9999999887226452
Gilbert,9,,0.1,1,0,1.9927064010407776,2.161601559026167,28,32,0.6228165973229561,0.7530006340716269
Gilbert,9,,0.1,1,1,1.4964449359104037,2.1285347579978406,22,40,0.8653049451816283,0.979498788570608
Gilbert,9,,0.1,1,2,2.0545731829479337,2.2740814110729843,32,40,0.7376205802584883,0.8733995078363532
Gilbert,9,,0.1,1,3,1.6501101332250983,1.7808022911194712,28,32,0.940226076510291,0.9596255226230654
Gilbert,9,,0.1,1,4,2.1329051279462874,2.007497933926061,28,28,0.6089214871719463,0.7894815524852002
Gilbert,9,,0.1,1,5,1.8127489399630576,1.5992865089792758,26,24,0.7760712361630192,0.8566792438640052
Gilbert,9,,0.1,1,6,1.5954593201167881,1.8602715129964054,20,26,0.5728256747014809,0.8120500622444157
Gilbert,9,,0.1,1,7,1.8653135020285845,2.2791512119583786,28,38,0.7099886574338077,0.8686234430178436
Gilbert,9,,0.1,1,8,2.0142739440780133,1.7547098910436034,28,22,0.48278894066757977,0.5590538460708319
Gilbert,9,,0.1,1,9,1.5020284808706492,1.723734020953998,20,26,0.5728256747014809,0.8120500622444157
Gilbert,9,,0.1,1,10,1.770254798932001,2.6620341800153255,28,52,0.717874260960363,0.8651831796850827
Gilbert,9,,0.1,1,11,1.7697207718156278,2.8057925109751523,28,52,0.717874260960363,0.8651831796850828
Gilbert,9,,0.1,1,12,2.0942820019554347,2.071091734804213,32,32,0.6586733534463772,0.8797222931095031
Gilbert,9,,0.1,1,13,2.1082081629429013,2.3394372719340026,34,40,0.6559296954725146,0.8200138550299219
Gilbert,9,,0.1,1,14,1.9792225339915603,2.049322293838486,32,34,0.6721115778135364,0.9140469865844495
Gilbert,9,,0.1,1,15,2.6111690651159734,2.590615110937506,48,48,0.707191972882403,0.9481826443071163
Gilbert,9,,0.1,1,16,1.66137855197303,1.784349363995716,28,32,0.9402260765102909,0.9596255226230657
Gilbert,9,,0.1,1,17,1.6547977710142732,1.772164375986904,28,32,0.940226076510291,0.9596255226230654
Gilbert,9,,0.1,1,18,1.497549079125747,1.7264038671273738,20,26,0.5728256747014809,0.8120500622444157
Gilbert,9,,0.1,1,19,1.6853823950514197,1.5985676811542362,26,24,0.776071236163019,0.8566792438640052
Gilbert,9,,0.1,2,0,5.092733388999477,3.8807354050222784,72,58,0.7477410461442296,0.7532148341894637
Gilbert,9,,0.1,2,1,3.684255003929138,6.387329710880294,58,112,0.9705778304672174,0.9909860309074785
Gilbert,9,,0.1,2,2,3.7589835489634424,4.1406955069396645,60,68,0.8404652521886193,0.9118349312172465
Gilbert,9,,0.1,2,3,6.692712497897446,4.096958791837096,116,72,0.9893883912231252,0.9959702965796741
Gilbert,9,,0.1,2,4,4.43858181592077,4.422377378912643,60,60,0.6948929316133774,0.7922890881710339
Gilbert,9,,0.1,2,5,3.7721530669368804,3.7482049779500812,60,58,0.9623023177322176,0.9904758670121793
Gilbert,9,,0.1,2,6,3.802647395990789,3.763708263868466,56,58,0.8209227098140301,0.9366322061344844
Gilbert,9,,0.1,2,7,4.682531024096534,4.796484443126246,70,74,0.7628858368911925,0.8753883399054165
Gilbert,9,,0.1,2,8,5.478772100992501,3.8256189229432493,72,50,0.643620620509658,0.7709834099490993
Gilbert,9,,0.1,2,9,3.80042267893441,3.796851525781676,56,58,0.8209227098140298,0.9366322061344836
Gilbert,9,,0.1,2,10,4.203837360953912,5.320847873110324,66,94,0.8734592264026632,0.9505106163962467
Gilbert,9,,0.1,2,11,4.242709224112332,5.229995095171034,66,94,0.873459226402664,0.9505106163962466
Gilbert,9,,0.1,2,12,3.909014761913568,3.7442648401483893,58,56,0.7507179247799759,0.9562315401318582
Gilbert,9,,0.1,2,13,3.9931186218746006,4.361614187946543,62,68,0.801587276278951,0.8784080838190159
Gilbert,9,,0.1,2,14,3.900722149061039,3.5657183688599616,62,58,0.8151268781068616,0.9783621074896234
Gilbert,9,,0.1,2,15,4.538262387970462,4.260673629119992,78,74,0.8881713768449692,0.9777071698026849
Gilbert,9,,0.1,2,16,6.7053554859012365,3.9929107821080834,116,72,0.9893883912231247,0.995970296579674
Gilbert,9,,0.1,2,17,6.670577875105664,4.144267816096544,116,72,0.9893883912231245,0.9959702965796748
Gilbert,9,,0.1,2,18,3.984259494114667,3.766510165994987,56,58,0.8209227098140297,0.9366322061344835
Gilbert,9,,0.1,2,19,3.76589517085813,3.6671230769716203,60,58,0.9623023177322176,0.9904758670121794
Gilbert,9,,0.1,3,0,9.912714280886576,8.60318144201301,120,104,0.8322110095193782,0.8882000116711689
Gilbert,9,,0.1,3,1,8.455286771059036,12.578321869019419,116,186,0.9999999999999923,0.999999999999846
Gilbert,9,,0.1,3,2,8.625489403028041,8.143196274992079,112,112,0.9133905964783248,0.9437628029010952
Gilbert,9,,0.1,3,3,10.810814874945208,10.810184764908627,168,158,0.9999999999991203,0.999999999938164
Gilbert,9,,0.1,3,4,11.976733533898368,13.980156109901145,128,148,0.8145833491199713,0.9547218591138074
Gilbert,9,,0.1,3,5,7.916278140852228,9.007428935030475,106,118,0.9999999999259916,0.9999999999988223
Gilbert,9,,0.1,3,6,10.464279123814777,8.587249409873039,128,110,0.9161645260406406,0.9693430047045508
Gilbert,9,,0.1,3,7,9.969762313179672,16.913468640996143,124,202,0.8365284543953073,0.9996632936220168
Gilbert,9,,0.1,3,8,15.100701994961128,11.334861766081303,160,118,0.6566329767185369,0.999999999997194
Gilbert,9,,0.1,3,9,10.525276521919295,8.635397627018392,128,110,0.9161645260406411,0.9693430047045509
Gilbert,9,,0.1,3,10,7.86107978480868,9.827745315153152,108,146,0.9454264564636115,0.9833308486564213
Gilbert,9,,0.1,3,11,7.855654291808605,9.939263849984854,108,146,0.9454264564636107,0.9833308486564221
Gilbert,9,,0.1,3,12,9.120039656059816,6.810377643909305,108,86,0.8493327064288655,0.9796403242694632
Gilbert,9,,0.1,3,13,8.414876030990854,9.367699508089572,106,122,0.8637754976059951,0.917671659803756
Gilbert,9,,0.1,3,14,7.780582381878048,6.752376663964242,102,92,0.885960165227084,0.9940583054167338
Gilbert,9,,0.1,3,15,8.109982949215919,8.49670503498055,116,120,0.9393170521912282,0.9884120727588265
Gilbert,9,,0.1,3,16,10.973374113906175,10.77293086098507,168,158,0.9999999999991189,0.9999999999381646
Gilbert,9,,0.1,3,17,11.027389494003728,10.897348989034072,168,158,0.9999999999991189,0.9999999999381637
Gilbert,9,,0.1,3,18,10.458084107143804,10.674864436034113,128,110,0.9161645260406397,0.9693430047045509
Gilbert,9,,0.1,3,19,7.889745865948498,9.085714451037347,106,118,0.9999999999259921,0.9999999999988213
Gilbert,9,,0.1,4,0,25.61240337579511,22.21471141697839,242,212,0.8662051674455284,0.9080497893036225
Gilbert,9,,0.1,4,1,13.059649598086253,17.398730614222586,158,232,0.9999999999897963,0.9999999995397876
Gilbert,9,,0.1,4,2,16.61226849607192,18.91600489290431,180,204,0.9449664243711616,0.9573537652679308
Gilbert,9,,0.1,4,3,15.30393765005283,15.519747297046706,212,204,0.9999999999847391,0.9999999999882462
Gilbert,9,,0.1,4,4,31.10492250090465,26.899949396029115,266,240,0.8405697034828611,0.9994956883852754
Gilbert,9,,0.1,4,5,12.207462422084063,12.552762211067602,144,150,0.999999999970956,0.9999999999998703
Gilbert,9,,0.1,4,6,18.285734966164455,14.732760635903105,194,162,0.9117512670680403,0.9938577441842479
Gilbert,9,,0.1,4,7,23.2356797629036,33.34808797505684,232,334,0.8848466338930278,0.999999999646751
Gilbert,9,,0.1,4,8,23.394168803002685,26.03378157503903,220,224,0.7734897291828526,0.9999999999265077
Gilbert,9,,0.1,4,9,18.397343206917867,14.88102173502557,194,162,0.9117512670680394,0.9938577441842474
Gilbert,9,,0.1,4,10,12.663525896845385,16.52515300991945,150,204,0.9809267954532752,0.9957680052079639
Gilbert,9,,0.1,4,11,12.748274818994105,16.357491011964157,150,204,0.980926795453275,0.9957680052079622
Gilbert,9,,0.1,4,12,25.519411996938288,11.176856057951227,236,120,0.8623960992789836,0.990273781270588
Gilbert,9,,0.1,4,13,14.534175786888227,33.000640044221655,156,296,0.9304379571246858,0.999996940308992
Gilbert,9,,0.1,4,14,15.08802591310814,12.532222921960056,164,140,0.9214235717311892,0.9974142710973711
Gilbert,9,,0.1,4,15,14.726027892902493,18.886784428032115,170,206,0.9861228629656539,0.9955820586873871
Gilbert,9,,0.1,4,16,15.355658374959603,15.429840282071382,212,204,0.99999999998474,0.9999999999882461
Gilbert,9,,0.1,4,17,15.369955752976239,15.587385684018955,212,204,0.9999999999847404,0.999999999988245
Gilbert,9,,0.1,4,18,18.488723268033937,16.79936625994742,194,162,0.9117512670680387,0.9938577441842473
Gilbert,9,,0.1,4,19,12.392442798940465,12.628394780214876,144,150,0.9999999999709551,0.9999999999998712
Gilbert,9,,0.1,5,0,38.717935163062066,69.11141455499455,326,512,0.9183038944359341,0.9998673525880569
Gilbert,9,,0.1,5,1,17.758305815048516,21.67844747705385,194,264,0.99999999996242,0.9999999998811155
Gilbert,9,,0.1,5,2,32.86308878217824,36.64048206596635,292,328,0.9704599743350207,0.9999997756754988
Gilbert,9,,0.1,5,3,20.837210977915674,20.411530564073473,256,244,0.9999999998011436,0.9999999993664476
Gilbert,9,,0.1,5,4,48.80930962902494,56.22382043604739,370,416,0.8878698323168742,0.99999999059367
Gilbert,9,,0.1,5,5,16.920856642071158,16.39752023597248,178,178,0.999999999876243,0.9999999999981689
Gilbert,9,,0.1,5,6,39.07565156905912,23.24121662089601,336,222,0.9649420006497588,0.9952713235019003
Gilbert,9,,0.1,5,7,37.39393924595788,51.67572701093741,324,456,0.87064154986754,0.9999999989959639
Gilbert,9,,0.1,5,8,52.68411460984498,46.454055186128244,388,346,0.7951756686641416,0.999999989402005
Gilbert,9,,0.1,5,9,39.06082451692782,23.424534276826307,336,222,0.964942000649805,0.995271323501901
Gilbert,9,,0.1,5,10,19.79910384095274,27.097689128946513,200,282,0.9921403062035451,0.9960976498436113
Gilbert,9,,0.1,5,11,19.6917990881484,27.37553402595222,200,282,0.9921403062035447,0.9960976498436102
Gilbert,9,,0.1,5,12,40.0399418589659,19.11816610302776,326,170,0.9181193565489876,0.9929845789095476
Gilbert,9,,0.1,5,13,26.224789517000318,42.91538264602423,232,358,0.9557658990045091,0.9999999237742424
Gilbert,9,,0.1,5,14,25.003390314988792,23.494442264083773,218,216,0.9612125409036719,0.9993124126274341
Gilbert,9,,0.1,5,15,24.307424724800512,32.16433496307582,236,298,0.9933554631003628,0.9991935769015151
Gilbert,9,,0.1,5,16,20.949038685997948,20.603794815018773,256,244,0.9999999998011435,0.9999999993664473
Gilbert,9,,0.1,5,17,21.01542138005607,20.59564566705376,256,244,0.9999999998011442,0.9999999993664465
Gilbert,9,,0.1,5,18,39.34962571505457,25.44867972098291,336,222,0.9649420006496282,0.9952713235018983
Gilbert,9,,0.1,5,19,16.97984060505405,16.608809942845255,178,178,0.9999999998762433,0.9999999999981699
Gilbert,9,,0.1,6,0,78.38365816394798,93.53538095694967,540,644,0.9586510030658933,0.99999999993625
Gilbert,9,,0.1,6,1,23.06582375592552,27.786063191015273,228,304,0.9999999999803618,0.9999999999809956
Gilbert,9,,0.1,6,2,51.592118257889524,53.002279395004734,402,424,0.9842539657463167,0.9999999940101392
Gilbert,9,,0.1,6,3,27.18125805282034,25.20774310687557,298,276,0.9999999999995124,0.9999999965253659
Gilbert,9,,0.1,6,4,80.50831947498955,81.5958699900657,526,542,0.91663810418718,0.9999999465643864
Gilbert,9,,0.1,6,5,22.122162292012945,19.789134830003604,210,198,0.9999999989582583,0.9999999999512165
Gilbert,9,,0.1,6,6,58.818469170015305,127.51106775086373,452,834,0.9908032454351045,0.9997931378124886
Gilbert,9,,0.1,6,7,69.02636433881707,83.14034625096247,502,632,0.9179721943383736,0.9999996630269047
Gilbert,9,,0.1,6,8,114.19530829181895,77.49429998314008,692,498,0.8040247824394072,0.9999999695396987
Gilbert,9,,0.1,6,9,58.29024039907381,121.69763003196567,448,800,0.9908032455119585,0.9997931526911431
Gilbert,9,,0.1,6,10,49.418305024039,111.47049217694439,380,798,0.9940053432907073,0.9998254787881927
Gilbert,9,,0.1,6,11,49.38915734598413,103.97479999484494,380,750,0.9940053432911101,0.9998254870846685
Gilbert,9,,0.1,6,12,58.45925820898265,36.91632946510799,422,264,0.9188904240094286,0.9968513910579286
Gilbert,9,,0.1,6,13,41.205621825065464,61.37142086797394,314,452,0.9766120800790242,0.9999985796324539
Gilbert,9,,0.1,6,14,33.67235784395598,39.69697672803886,272,310,0.9788524033837221,0.9999101161410936
Gilbert,9,,0.1,6,15,47.03142419899814,48.103520875098184,366,390,0.9987185618361446,0.9998186507610805
Gilbert,9,,0.1,6,16,27.3301516759675,25.446124844951555,298,276,0.9999999999995131,0.999999996525366
Gilbert,9,,0.1,6,17,27.413585118949413,25.309993943898007,298,276,0.9999999999995144,0.9999999965253664
Gilbert,9,,0.1,6,18,60.252031249925494,131.94916610000655,456,782,0.990803245519334,0.9997931531367691
Gilbert,9,,0.1,6,19,22.4520963227842,19.810858828946948,210,198,0.9999999989582588,0.9999999999512165
Gilbert,9,,0.1,7,0,105.18489671009593,127.45465150498785,666,804,0.9727028239233086,0.9984429712261834
Gilbert,9,,0.1,7,1,28.092231812886894,33.41317739710212,256,336,0.99999999998152,0.9999999999061507
Gilbert,9,,0.1,7,2,92.83281397307292,75.85847224993631,612,542,0.9893235013800038,0.9999999871130577
Gilbert,9,,0.1,7,3,33.666131916921586,31.19478446408175,336,312,0.9999999999926368,0.9999999999965672
Gilbert,9,,0.1,7,4,116.69612249894999,133.2259802520275,682,766,0.9042938679140956,0.9999998598302903
Gilbert,9,,0.1,7,5,27.949663362000138,24.552149369148538,240,224,0.9999999999990115,0.9999999999981615
Gilbert,9,,0.1,7,6,88.18491892912425,205.82404658105224,600,1236,0.9963441836432301,0.9999971059777569
Gilbert,9,,0.1,7,7,125.1311203520745,116.47942258510739,772,794,0.9645010163461462,0.9999998965820576
Gilbert,9,,0.1,7,8,170.0421729539521,121.61886596190743,932,686,0.8362445028571897,0.9999999840690652
Gilbert,9,,0.1,7,9,87.63971708295867,245.26942048803903,596,1426,0.9963441850246552,0.9999993317559359
Gilbert,9,,0.1,7,10,86.94967374787666,252.7737637781538,578,1544,0.9958352488352141,0.9999999958908398
Gilbert,9,,0.1,7,11,83.09117599902675,245.15876131202094,556,1496,0.9958352563026239,0.9999999952429047
Gilbert,9,,0.1,7,12,89.32885413407348,61.75807036389597,566,380,0.9575909921062743,0.9980471847736551
Gilbert,9,,0.1,7,13,93.87301287287846,83.01571634900756,566,574,0.9728275724988044,0.9999989333976759
Gilbert,9,,0.1,7,14,47.67641591699794,67.86046372819692,346,452,0.9861132582945987,0.999988163624885
Gilbert,9,,0.1,7,15,96.54479694296606,83.15468075009994,616,566,0.998821960322633,0.9999568274385094
Gilbert,9,,0.1,7,16,34.08977573807351,31.63452083384618,336,312,0.9999999999926362,0.9999999999965687
Gilbert,9,,0.1,7,17,33.58521152893081,31.66223321482539,336,312,0.9999999999926348,0.9999999999965684
Gilbert,9,,0.1,7,18,87.78962821792811,208.6717588622123,596,1166,0.996344184584173,0.9999982784427127
Gilbert,9,,0.1,7,19,28.14992260094732,24.945375304901972,240,224,0.9999999999990106,0.9999999999981618
Gilbert,9,,0.1,8,0,172.62101495894603,187.57730579492636,944,1054,0.981655054984779,0.9999999940954618
Gilbert,9,,0.1,8,1,34.196888006990775,39.52847748296335,286,366,0.9999999999820748,0.9999999999439425
Gilbert,9,,0.1,8,2,161.24098927294835,121.83095105621032,912,750,0.9899019944980489,0.9999997940677854
Gilbert,9,,0.1,8,3,39.38415632303804,36.683379602851346,366,340,0.9999999998880409,0.9999999998603512
Gilbert,9,,0.1,8,4,186.82919870805927,167.8385309500154,948,898,0.8801820901527636,0.9999993661360199
Gilbert,9,,0.1,8,5,33.64095470891334,29.36832907004282,268,246,0.9999999999997312,0.9999999999338067
Gilbert,9,,0.1,8,6,172.79997738497332,247.18279184098355,976,1420,0.9999999968638565,0.9999999425597643
Gilbert,9,,0.1,8,7,182.26744348881766,163.873105565086,1012,996,0.9689156942532181,0.9999999627508893
Gilbert,9,,0.1,8,8,238.48529774695635,170.8727701602038,1186,874,0.7775363536682145,0.9999995362066869
Gilbert,9,,0.1,8,9,172.6732727419585,282.4733386519365,972,1584,0.9999999820553929,0.9999999807167926
Gilbert,9,,0.1,8,10,167.31216866290197,285.4873763420619,952,1696,0.9997814804233095,0.9999997160723476
Gilbert,9,,0.1,8,11,146.83626794209704,296.5398968050722,850,1732,0.9997809358517452,0.9999999731081777
Gilbert,9,,0.1,8,12,226.44692978588864,106.0792968000751,1122,558,0.9916320147427428,0.9989990407475865
Gilbert,9,,0.1,8,13,155.6588781818282,113.0557636169251,824,684,0.9830468287803953,0.9999995573219813
Gilbert,9,,0.1,8,14,77.86154804006219,86.6094888439402,472,524,0.9894115450776725,0.9999922864933664
Gilbert,9,,0.1,8,15,175.88193490915,127.75331984902732,962,766,0.9997198108334922,0.9999852968804962
Gilbert,9,,0.1,8,16,39.778843458974734,37.099332416197285,366,340,0.9999999998880419,0.9999999998603537
Gilbert,9,,0.1,8,17,39.598115692147985,37.03290135995485,366,340,0.99999999988804,0.9999999998603508
Gilbert,9,,0.1,8,18,164.32300570001826,259.5868549628649,930,1414,0.9999999848206537,0.9999999778269375
Gilbert,9,,0.1,8,19,34.355861868010834,29.56913552293554,268,246,0.9999999999997294,0.9999999999338097
Gilbert,9,,0.1,9,0,267.1062750448473,240.42620750097558,1296,1250,0.9827129351475506,0.999999969406003
Gilbert,9,,0.1,9,1,41.504389537964016,46.87970582395792,318,398,0.9999999999998419,0.999999999966677
Gilbert,9,,0.1,9,2,248.42639795900322,150.52100435900502,1216,864,0.9899629736132509,0.9999987322295015
Gilbert,9,,0.1,9,3,47.631011102115735,44.848315006820485,404,378,0.9999999999898237,0.999999999983114
Gilbert,9,,0.1,9,4,253.8434469299391,216.03488740487956,1174,1060,0.9537183897750499,0.9999997385086158
Gilbert,9,,0.1,9,5,39.983996893977746,35.0854222709313,294,270,0.9999999999964104,0.999999999989345
Gilbert,9,,0.1,9,6,255.99131499999203,281.0408351330552,1308,1550,0.9999999606897525,0.9999999934510343
Gilbert,9,,0.1,9,7,279.53879436594434,193.73231933498755,1382,1112,0.991112482298374,0.99999921015125
Gilbert,9,,0.1,9,8,313.2317013510037,210.78340819082223,1438,1006,0.9318219878254353,0.9999997474349918
Gilbert,9,,0.1,9,9,242.42055147583596,313.1217985949479,1250,1706,0.9999999827756465,0.9999999841729365
Gilbert,9,,0.1,9,10,272.84564388589934,319.41597248404287,1388,1836,0.9999999988792597,0.9999989996935943
Gilbert,9,,0.1,9,11,254.3540046659764,327.70697564817965,1294,1858,0.9999999654327799,0.9999997830704083
Gilbert,9,,0.1,9,12,378.6319712600671,151.80236828303896,1670,724,0.9843410613211153,0.9993625406910999
Gilbert,9,,0.1,9,13,242.1412278469652,145.57826667185873,1150,808,0.9887574773404152,0.9999992536560068
Gilbert,9,,0.1,9,14,128.78383790911175,108.45118211698718,666,610,0.996180733099793,0.9999964131625656
Gilbert,9,,0.1,9,15,327.07767726900056,168.82282830099575,1556,928,0.9998463729150554,0.999995303883073
Gilbert,9,,0.1,9,16,48.31609636102803,45.35140133392997,404,378,0.9999999999898213,0.9999999999831142
Gilbert,9,,0.1,9,17,48.31297204783186,45.43623586604372,404,378,0.9999999999898237,0.9999999999831161
Gilbert,9,,0.1,9,18,209.2482212241739,287.1401241070125,1104,1540,0.999999995641323,0.9999999660065048
Gilbert,9,,0.1,9,19,40.74496091506444,35.537298628129065,294,270,0.999999999996411,0.9999999999893427
Gilbert,9,,0.1,10,0,407.8911800319329,325.4979444909841,1762,1536,0.9838498012019724,0.9999998966633022
Gilbert,9,,0.1,10,1,49.499629297992215,54.23026284202933,350,428,0.9999999999982406,0.9999999993153074
Gilbert,9,,0.1,10,2,528.1307551309001,224.3357568550855,2244,1134,0.9956145800597921,0.9999999543223677
Gilbert,9,,0.1,10,3,55.40347707900219,52.89642328908667,436,412,0.9999999999648317,0.9999999999993517
Gilbert,9,,0.1,10,4,372.4063211621251,283.3875975429546,1538,1270,0.9520805385562197,0.9999999485421979
Gilbert,9,,0.1,10,5,47.79735081689432,40.75168326497078,324,292,0.9999999999999275,0.9999999999009895
Gilbert,9,,0.1,10,6,302.2872674500104,356.68726123007946,1476,1826,0.9999999985962313,0.999999980505708
Gilbert,9,,0.1,10,7,373.72617615410127,263.3206311070826,1706,1348,0.9907378474348537,0.9999999492745376
Gilbert,9,,0.1,10,8,434.722397174919,281.0872084549628,1808,1222,0.7877115449897788,0.9999999768184429
Gilbert,9,,0.1,10,9,296.0601227618754,354.32386928400956,1438,1860,0.9999999828435605,0.9999994528171342
Gilbert,9,,0.1,10,10,312.9867369909771,364.58919340511784,1536,2004,0.9999999897260908,0.9999996542701749
Gilbert,9,,0.1,10,11,334.8539888849482,373.3402815631125,1588,2034,0.9999999924211413,0.9999998536464085
Gilbert,9,,0.1,10,12,547.6120075299405,214.8356832480058,2212,928,0.991000615062631,0.9995895718037359
Gilbert,9,,0.1,10,13,311.9717285030056,192.02284388500266,1386,952,0.9907207779043693,0.999999405874266
Gilbert,9,,0.1,10,14,170.94738955493085,123.07941576186568,806,668,0.9981851606258983,0.999998534548204
Gilbert,9,,0.1,10,15,575.8398007571232,217.15013963892125,2436,1100,0.9999652421440999,0.9999986582564522
Gilbert,9,,0.1,10,16,56.73337861802429,53.58511466998607,436,412,0.9999999999648322,0.9999999999993556
Gilbert,9,,0.1,10,17,55.938887214055285,53.57991755194962,436,412,0.9999999999648314,0.9999999999993561
Gilbert,9,,0.1,10,18,307.75777235114947,351.62261965405196,1324,1766,0.9999999985884739,0.9999999790715183
Gilbert,9,,0.1,10,19,48.94302244205028,41.33875302784145,324,292,0.9999999999999286,0.9999999999009894
Gilbert,9,,0.25,1,0,0.369197583058849,0.2852973910048604,22,22,0.4728566283583402,0.5285393175562485
Gilbert,9,,0.25,1,1,0.37977150408551097,0.3943703421391547,24,34,0.4027164211115445,0.41759385883917605
Gilbert,9,,0.25,1,2,0.2971116879489273,0.3169868241529912,20,20,0.30230375034090207,0.28179185088474806
Gilbert,9,,0.25,1,3,0.3015876130666584,0.3047206811606884,18,18,0.39899113847731493,0.39899113847731704
Gilbert,9,,0.25,1,4,0.27812743396498263,0.2795917699113488,16,16,0.42843267032720384,0.38919938632440787
Gilbert,9,,0.25,1,5,0.3983234232291579,0.3741014748811722,22,28,0.276816244885554,0.27979892282656116
Gilbert,9,,0.25,1,6,0.32392699201591313,0.3260096129961312,20,20,0.3167982357382936,0.3167982357382938
Gilbert,9,,0.25,1,7,0.34462177311070263,0.2955689721275121,30,26,0.4561799197018353,0.8036352071835834
Gilbert,9,,0.25,1,8,0.42838559788651764,0.3666652429383248,32,32,0.6586733534463772,0.8797222931095031
Gilbert,9,,0.25,1,9,0.2219130750745535,0.27449523308314383,12,16,0.46547071020384906,0.4698805209863253
Gilbert,9,,0.25,1,10,0.45604935102164745,0.47153310291469097,42,32,0.2836978878264474,0.5510167037054114
Gilbert,9,,0.25,1,11,0.2577999059576541,0.29696643399074674,16,18,0.38133048634863154,0.37560165290446235
Gilbert,9,,0.25,1,12,0.31274327309802175,0.41998956399038434,18,30,0.23021315079030344,0.16702671411889652
Gilbert,9,,0.25,1,13,0.3856742521747947,0.5310422228649259,16,46,0.29663069166960204,0.49935953688123547
Gilbert,9,,0.25,1,14,0.33074283110909164,0.3173301329370588,26,24,0.4004130348431847,0.37531509207665437
Gilbert,9,,0.25,1,15,0.3111795911099762,0.45681036496534944,28,52,0.7178742609603631,0.8651831796850826
Gilbert,9,,0.25,1,16,0.5311380429193377,0.5444838970433921,52,38,0.31789962568405256,0.7426659542881703
Gilbert,9,,0.25,1,17,0.27356055402196944,0.3103798571974039,16,20,0.3061203774200132,0.2381419517398411
Gilbert,9,,0.25,1,18,0.29355856706388295,0.3397137748543173,24,32,0.7816027771279861,0.8900041331516785
Gilbert,9,,0.25,1,19,0.27364583290182054,0.291966033866629,16,18,0.35735402008427497,0.3561307217290146
Gilbert,9,,0.25,2,0,0.9488795038778335,0.6656978859100491,74,50,0.6275956558239628,0.7855478099896448
Gilbert,9,,0.25,2,1,0.7922495200764388,0.7786970480810851,66,64,0.4583406992875162,0.8285746358531909
Gilbert,9,,0.25,2,2,0.9623794711660594,1.4892086759209633,64,98,0.7178024295315171,0.5683366455844965
Gilbert,9,,0.25,2,3,0.9455351990181953,0.9545122000854462,60,60,0.4589549871202243,0.4589549871202233
Gilbert,9,,0.25,2,4,0.7728073911275715,1.1084706969559193,48,70,0.586698478270638,0.4477026249402045
Gilbert,9,,0.25,2,5,0.7991297980770469,0.690547632984817,60,54,0.5561460111413374,0.8314517247750555
Gilbert,9,,0.25,2,6,1.2253217420075089,1.215791274793446,74,74,0.5700774712581155,0.5700774712581156
Gilbert,9,,0.25,2,7,0.6839697340037674,0.6747729380149394,64,62,0.7860814277318271,0.9178265541120357
Gilbert,9,,0.25,2,8,0.6301770089194179,0.6908907790202647,58,56,0.750717924779976,0.95623154013186
Gilbert,9,,0.25,2,9,0.7521912960801274,1.8617740669287741,46,128,0.3959000925488471,0.7625333890006543
Gilbert,9,,0.25,2,10,1.250421014148742,1.0547288071829826,104,84,0.5312733835387559,0.7414694234713674
Gilbert,9,,0.25,2,11,1.1636498768348247,1.121780470944941,76,74,0.6510697781468785,0.5059974510652901
Gilbert,9,,0.25,2,12,1.3639418438542634,1.0325346977915615,78,66,0.3891234839603701,0.8585909179317787
Gilbert,9,,0.25,2,13,1.715077546192333,1.0649356089998037,116,80,0.5244689150578048,0.6489301205004221
Gilbert,9,,0.25,2,14,1.0845203618519008,0.8182685729116201,84,60,0.6029335470657847,0.7875340504398815
Gilbert,9,,0.25,2,15,0.7779340220149606,0.8442034050822258,66,94,0.8734592264026638,0.9505106163962468
Gilbert,9,,0.25,2,16,1.003658089088276,0.8049619030207396,84,72,0.5520000520844215,0.7753626524128
Gilbert,9,,0.25,2,17,0.97680500196293,0.7981373679358512,62,50,0.43831320492253434,0.806443022222064
Gilbert,9,,0.25,2,18,0.5441510870587081,0.7453850999008864,52,64,0.9173086049813373,0.974454420408175
Gilbert,9,,0.25,2,19,0.7738883679267019,0.7609815499745309,56,46,0.4211891168371843,0.7965679715206158
Gilbert,9,,0.25,3,0,2.204047970008105,1.7459118289407343,142,112,0.6869811530285574,0.9747045860114071
Gilbert,9,,0.25,3,1,1.381138525204733,1.5641522018704563,96,110,0.4876312725001988,0.9257540836823779
Gilbert,9,,0.25,3,2,2.443353469017893,4.293822031002492,134,226,0.8024993516206882,0.7284057553345786
Gilbert,9,,0.25,3,3,2.6319993177894503,2.6558178230188787,134,134,0.5479210381995665,0.5479210381995703
Gilbert,9,,0.25,3,4,1.9259247311856598,2.0572724961675704,102,118,0.45668126972047784,0.3288473478810752
Gilbert,9,,0.25,3,5,2.3759825711604208,3.2252785449381918,134,176,0.6112056011636909,0.8468606434189926
Gilbert,9,,0.25,3,6,2.1577398818917572,2.1030115359462798,116,116,0.2723480254245196,0.27234802542451897
Gilbert,9,,0.25,3,7,1.544772933004424,1.4280879669822752,114,104,0.8414653850500874,0.9712532669128863
Gilbert,9,,0.25,3,8,1.5271785808727145,1.2101706247776747,108,86,0.8493327064288652,0.9796403242694622
Gilbert,9,,0.25,3,9,2.6162422869820148,2.4903683909215033,138,158,0.6491352517544351,0.8481265756306163
Gilbert,9,,0.25,3,10,2.9132451419718564,1.8545281710103154,192,128,0.7082291668698728,0.8457652657393172
Gilbert,9,,0.25,3,11,3.031189426081255,2.8410656419582665,162,150,0.6517908886346784,0.6710323225558397
Gilbert,9,,0.25,3,12,2.3498573501128703,2.963327258825302,122,144,0.4832686998755297,0.9218586903860617
Gilbert,9,,0.25,3,13,5.487600224092603,1.8424859892111272,280,116,0.6568269431543982,0.7850956972252459
Gilbert,9,,0.25,3,14,2.2013487559743226,1.5255745730828494,150,106,0.7510125047938693,0.7007807329688674
Gilbert,9,,0.25,3,15,1.3386970250867307,1.7413425149861723,108,146,0.9454264564636105,0.9833308486564211
Gilbert,9,,0.25,3,16,2.1177054380532354,2.433107449905947,146,152,0.5603008530864672,0.9993932912846563
Gilbert,9,,0.25,3,17,3.834595852997154,2.2016099120955914,202,122,0.6576057649334882,0.9401711797178518
Gilbert,9,,0.25,3,18,1.2505506260786206,1.3589283269830048,96,110,0.9627543261473367,0.9815497936813907
Gilbert,9,,0.25,3,19,3.9853247329592705,1.5530081088654697,202,90,0.5300943202747435,0.5648017747549335
Gilbert,9,,0.25,4,0,4.713475401047617,3.5606105350889266,254,192,0.7688446898165269,0.9850211668198721
Gilbert,9,,0.25,4,1,3.8760736261028796,4.0525419290643185,204,216,0.7237380713927719,0.9999999986845779
Gilbert,9,,0.25,4,2,4.594360872171819,6.086342792026699,214,292,0.8217797456045294,0.44142458646671856
Gilbert,9,,0.25,4,3,5.554590583080426,5.532465563854203,236,236,0.6282150772704505,0.6282150772704556
Gilbert,9,,0.25,4,4,4.580123484134674,4.868911523139104,200,220,0.7091807412725428,0.7396226864793878
Gilbert,9,,0.25,4,5,4.016200023004785,7.95653432700783,196,354,0.26889498923224003,0.9990143295512333
Gilbert,9,,0.25,4,6,6.0394536920357496,6.117188832024112,252,252,0.6416480626772819,0.6416480626132822
Gilbert,9,,0.25,4,7,3.2719603239092976,5.599837674992159,198,306,0.8704638522556616,0.9937926474556763
Gilbert,9,,0.25,4,8,4.250830470118672,1.864019971108064,236,120,0.8623960992789813,0.990273781270589
Gilbert,9,,0.25,4,9,6.06793930195272,4.335206346819177,266,226,0.7383265450625873,0.875422150628556
Gilbert,9,,0.25,4,10,4.7334273038432,5.156349810073152,268,266,0.7921821935484329,0.999999999920063
Gilbert,9,,0.25,4,11,4.909864180954173,5.644277713960037,226,250,0.8335631576245093,0.782677554926392
Gilbert,9,,0.25,4,12,4.244992959080264,7.716925512999296,182,296,0.5643547015747441,0.5508409499004091
Gilbert,9,,0.25,4,13,10.123260603053495,3.3849448109976947,448,170,0.7068970065956124,0.8649111746469238
Gilbert,9,,0.25,4,14,3.6990222411695868,4.7120020180009305,210,234,0.7486553137184958,0.9999999998987456
Gilbert,9,,0.25,4,15,2.1390882420819253,2.82581048598513,150,204,0.9809267954532734,0.9957680052079642
Gilbert,9,,0.25,4,16,3.435417348984629,9.156829494982958,200,234,0.5855267528555417,0.9999927128693579
Gilbert,9,,0.25,4,17,5.466904583154246,5.846505775116384,254,248,0.33911277340858326,0.9241306474998179
Gilbert,9,,0.25,4,18,2.5008965528104454,2.7172401130665094,156,176,0.9894124384553852,0.9956188443354159
Gilbert,9,,0.25,4,19,6.289099165005609,5.4442475128453225,286,224,0.6297912373978051,0.97691117149404
Gilbert,9,,0.25,5,0,7.67042349698022,6.1728858249261975,358,284,0.7680752155402221,0.9866769455291656
Gilbert,9,,0.25,5,1,5.992928283987567,6.799385919934139,282,314,0.8187669679814136,0.9999999999997442
Gilbert,9,,0.25,5,2,8.922518776031211,8.885946583002806,336,376,0.8286109652690643,0.34415708809387263
Gilbert,9,,0.25,5,3,10.428657235112041,10.45296988193877,376,372,0.6365716002071756,0.6365716003771295
Gilbert,9,,0.25,5,4,7.936836940934882,7.643924108939245,302,306,0.8221590607790847,0.7679255031896153
Gilbert,9,,0.25,5,5,7.303586290916428,11.80385937797837,294,476,0.6527229020556371,0.9999868626846666
Gilbert,9,,0.25,5,6,9.809047729009762,9.568605841137469,352,346,0.6914893843518319,0.6914893839954388
Gilbert,9,,0.25,5,7,5.018311816966161,10.32401553192176,264,488,0.9175048490206136,0.999999998413402
Gilbert,9,,0.25,5,8,6.77335220691748,3.2028205730021,326,170,0.9181193565489902,0.9929845789095483
Gilbert,9,,0.25,5,9,18.799686857964844,7.946378244785592,648,334,0.7378018586425098,0.8809763224833546
Gilbert,9,,0.25,5,10,7.759568452835083,8.935358844930306,372,394,0.7907203794112795,0.915945068161939
Gilbert,9,,0.25,5,11,9.015371706103906,12.317400576081127,344,440,0.8416839899561064,0.8412676441802028
Gilbert,9,,0.25,5,12,9.516955347033218,12.638662771089002,312,422,0.5864935280035484,0.08719697071928927
Gilbert,9,,0.25,5,13,15.190324650844559,11.825585120124742,592,410,0.7354180064081263,0.9999999997564796
Gilbert,9,,0.25,5,14,6.164030043873936,11.610294051002711,292,472,0.8459213949205813,0.49999999992798544
Gilbert,9,,0.25,5,15,3.4899739648681134,5.738393697189167,200,282,0.9921403062035458,0.9960976498436113
Gilbert,9,,0.25,5,16,6.0975299088750035,6.935593139147386,276,316,0.6026214183668106,0.9999996957065638
Gilbert,9,,0.25,5,17,12.884943729033694,10.324313167948276,378,372,0.7989456350272055,0.9271437065347993
Gilbert,9,,0.25,5,18,4.323181194951758,6.56935705197975,228,332,0.9943622322510767,0.999710692442915
Gilbert,9,,0.25,5,19,13.201553154038265,8.014182282844558,476,294,0.6597765253040648,0.9999999999978183
Gilbert,9,,0.25,6,0,10.902539124013856,11.734230800066143,446,450,0.7798914817542513,0.9875982853888576
Gilbert,9,,0.25,6,1,10.191656047012657,8.621229372918606,406,372,0.8340776515030542,0.9328248815270213
Gilbert,9,,0.25,6,2,17.816751033999026,12.237057496793568,556,456,0.8346773382330368,0.541047854624868
Gilbert,9,,0.25,6,3,18.977293660864234,18.738206623122096,578,570,0.6915233530384882,0.691523352182993
Gilbert,9,,0.25,6,4,16.817751625087112,13.82636454491876,496,460,0.8489580477436605,0.8286437329687563
Gilbert,9,,0.25,6,5,13.901212739991024,18.686578107997775,470,652,0.620720831696367,0.9999992974337776
Gilbert,9,,0.25,6,6,19.113960658200085,17.770522768842056,540,538,0.6846643634371541,0.7723143023089584
Gilbert,9,,0.25,6,7,6.77431752695702,15.94657194102183,318,672,0.9480793262863036,0.9999999973778716
Gilbert,9,,0.25,6,8,9.884141355985776,6.344070879975334,422,264,0.9188904240094281,0.9968513910579389
Gilbert,9,,0.25,6,9,31.138300193939358,16.076649357099086,964,538,0.830529155359824,0.8832012916986473
Gilbert,9,,0.25,6,10,14.164055871078745,16.342397090047598,544,604,0.868029165989259,0.9999999997076876
Gilbert,9,,0.25,6,11,16.55051682307385,19.03010233095847,524,602,0.920846423556763,0.8853825806372728
Gilbert,9,,0.25,6,12,15.602924504084513,20.513540943153203,442,586,0.6475974560950203,0.4340815767604055
Gilbert,9,,0.25,6,13,31.372803162084892,27.71245781891048,976,776,0.8185736492628497,0.9999999991199647
Gilbert,9,,0.25,6,14,15.890218301909044,15.996060559991747,564,584,0.9233855122464082,0.9999999973787833
Gilbert,9,,0.25,6,15,8.748211901867762,20.241275056032464,380,816,0.9940053432906074,0.9998254804319245
Gilbert,9,,0.25,6,16,11.382786312839016,10.258622796041891,420,408,0.6225472088377947,0.9999931705315003
Gilbert,9,,0.25,6,17,12.213274162029848,18.41913457494229,434,568,0.38266058770846023,0.9329060403858561
Gilbert,9,,0.25,6,18,7.5569225151557475,14.66914600902237,338,602,0.9990242731910818,0.9999890278281427
Gilbert,9,,0.25,6,19,24.616408959962428,13.698694467078894,740,428,0.7279054005656844,0.9999999993918642
Gilbert,9,,0.25,7,0,19.33763317600824,18.471635872963816,674,626,0.8062739013934056,0.9923819610398101
Gilbert,9,,0.25,7,1,16.31472655502148,14.552342694019899,562,522,0.8938808604035167,0.9999999997763285
Gilbert,9,,0.25,7,2,30.53676974098198,21.518956267973408,830,656,0.8328166016085392,0.7445127832896187
Gilbert,9,,0.25,7,3,25.61480313516222,25.280713482992724,714,708,0.6928751021597871,0.6928751085216676
Gilbert,9,,0.25,7,4,23.40934315789491,19.89717869181186,662,594,0.8781333391198329,0.8440924963698718
Gilbert,9,,0.25,7,5,20.826219389913604,23.15176228992641,620,752,0.7926944158700275,0.999988757624438
Gilbert,9,,0.25,7,6,29.323219468118623,27.409333466086537,770,724,0.774344739627221,0.7536570173161672
Gilbert,9,,0.25,7,7,10.175590984988958,20.039239128120244,414,786,0.9826856195539969,0.9999999966288181
Gilbert,9,,0.25,7,8,15.483288804069161,10.730704752029851,566,380,0.9575909921062923,0.998047184773648
Gilbert,9,,0.25,7,9,43.24418041994795,33.000036989105865,1224,904,0.7698236004338339,0.9284276859928564
Gilbert,9,,0.25,7,10,30.792368744965643,26.493691205978394,944,850,0.9022582269181876,0.9999996862698306
Gilbert,9,,0.25,7,11,27.87673231284134,29.95685084699653,752,820,0.931717443032995,0.8753542985549156
Gilbert,9,,0.25,7,12,25.777646935079247,36.4394905869849,580,874,0.6574990885396993,0.438857248561826
Gilbert,9,,0.25,7,13,43.870675548911095,43.851087137823924,1226,1102,0.8430228105663267,0.9999999920873582
Gilbert,9,,0.25,7,14,21.056782878935337,21.75630132597871,692,732,0.9196788894945828,0.99999997305267
Gilbert,9,,0.25,7,15,15.644375456031412,35.15980223380029,578,1240,0.99583525491889,0.9999991995998598
Gilbert,9,,0.25,7,16,17.773044461850077,19.134666522033513,574,540,0.6233533992946655,0.9999998322870413
Gilbert,9,,0.25,7,17,22.57248692214489,28.638739946996793,650,774,0.8390709784925962,0.9374098934767716
Gilbert,9,,0.25,7,18,18.490510701201856,28.53995135379955,644,1002,0.9990650678919233,0.9999891063224017
Gilbert,9,,0.25,7,19,35.00921113300137,21.793236740864813,946,590,0.6776798235963992,0.9999999999190509
Gilbert,9,,0.25,8,0,27.194480586098507,29.58591759810224,856,884,0.8111588820176407,0.994310278309003
Gilbert,9,,0.25,8,1,25.207480791956186,20.008288118988276,764,646,0.8118914482243642,0.9999998386608222
Gilbert,9,,0.25,8,2,63.64138087304309,29.483601717976853,1462,804,0.8358416590007953,0.7685993636632934
Gilbert,9,,0.25,8,3,37.3357260429766,33.98123237886466,924,874,0.5874144917508455,0.5820734712448491
Gilbert,9,,0.25,8,4,40.765134568093345,50.17507934500463,996,1158,0.9105452070339927,0.9077536706121677
Gilbert,9,,0.25,8,5,28.92147399415262,37.0875586301554,780,1026,0.6711579105184016,0.9999999944931484
Gilbert,9,,0.25,8,6,38.74140179110691,44.346040575997904,932,1026,0.866138874107153,0.8225991734804405
Gilbert,9,,0.25,8,7,16.247256316943094,25.115238183178008,564,910,0.9837408745185933,0.9999998847087723
Gilbert,9,,0.25,8,8,37.80911416281015,18.295584311010316,1098,558,0.9916320140511585,0.9989990412998053
Gilbert,9,,0.25,8,9,68.83741772011854,41.03474860498682,1692,1052,0.8006654512488367,0.9368844666440986
Gilbert,9,,0.25,8,10,41.68341883504763,34.89419321692549,1168,1024,0.8757555344566658,0.958978082396666
Gilbert,9,,0.25,8,11,38.00798001606017,40.71384023898281,938,1016,0.8480442415920526,0.8631415942696593
Gilbert,9,,0.25,8,12,37.65380442608148,101.23780149011873,794,1902,0.6631346949310595,0.9813217838454238
Gilbert,9,,0.25,8,13,57.74166813795455,60.837142647011206,1458,1398,0.8656475269448114,0.9999999993126878
Gilbert,9,,0.25,8,14,33.57846406195313,25.45697553898208,956,820,0.9539437411570711,0.9999985394925613
Gilbert,9,,0.25,8,15,28.578953431919217,43.28589393408038,906,1450,0.9997812784901369,0.999999954224007
Gilbert,9,,0.25,8,16,26.47991226706654,22.504230878083035,750,666,0.6296745037247473,0.9999936498837432
Gilbert,9,,0.25,8,17,41.39983888808638,44.94830552791245,970,1024,0.8329419067086544,0.9386129073201832
Gilbert,9,,0.25,8,18,61.36070465599187,38.139504255959764,1696,1236,0.9999130137436202,0.9999930773099387
Gilbert,9,,0.25,8,19,47.0422870288603,35.97218270995654,1142,840,0.6800968417572092,0.9999999896116674
Gilbert,9,,0.25,9,0,40.84033167688176,46.99707766016945,1132,1232,0.8514092658764577,0.9944482461871701
Gilbert,9,,0.25,9,1,40.25478398613632,27.437902108067647,1072,800,0.8886647531653793,0.9999999991828087
Gilbert,9,,0.25,9,2,105.08216499094851,39.162604687036946,2148,966,0.8361450607741244,0.8184169885838796
Gilbert,9,,0.25,9,3,65.78295943094417,79.49994927505031,1390,1560,0.8025134228589607,0.7899254915899198
Gilbert,9,,0.25,9,4,60.11530778487213,70.76507953018881,1322,1498,0.9118435106628298,0.9455100211080903
Gilbert,9,,0.25,9,5,40.68898366391659,45.71089246100746,984,1170,0.7967885605959922,0.9999999034611238
Gilbert,9,,0.25,9,6,73.5893809851259,68.58413355890661,1476,1394,0.8850389848092348,0.8551296867804496
Gilbert,9,,0.25,9,7,29.916713749989867,34.122472419869155,858,1100,0.9879387057982756,0.9999997795087913
Gilbert,9,,0.25,9,8,61.00162887503393,25.961558243026957,1584,720,0.9839801988754165,0.9993625438162
Gilbert,9,,0.25,9,9,90.97199176019058,60.562068063998595,2070,1334,0.8814834866216377,0.9485672511947121
Gilbert,9,,0.25,9,10,60.471842985833064,44.03863173699938,1498,1196,0.8744475345018694,0.9618594729845634
Gilbert,9,,0.25,9,11,56.11565508903004,64.69836673210375,1214,1330,0.9039137869868046,0.9252893903549346
Gilbert,9,,0.25,9,12,53.70352720795199,112.99297285708599,1032,2056,0.6725858852872632,-0.024931455771662937
Gilbert,9,,0.25,9,13,84.20086322701536,87.46988055389374,1864,1784,0.9004082006845827,0.9999999805662856
Gilbert,9,,0.25,9,14,47.14785603294149,38.779974692035466,1214,1064,0.9640270596693755,0.9999999385728153
Gilbert,9,,0.25,9,15,56.445341075072065,57.254408416803926,1198,1754,0.9999998856594654,0.99999921628142
Gilbert,9,,0.25,9,16,46.56334666814655,34.17505326378159,1092,878,0.8770168752604487,0.9999999025130752
Gilbert,9,,0.25,9,17,57.23049249406904,74.29314843588509,1218,1498,0.8999590405049618,0.9386617129789997
Gilbert,9,,0.25,9,18,92.63175360998139,52.55607799603604,2366,1534,0.9998095679413243,0.9999889591636995
Gilbert,9,,0.25,9,19,63.73431710386649,44.97158002411015,1400,978,0.7939803167169682,0.9999998036224328
Gilbert,9,,0.25,10,0,54.41336066881195,73.96162395202555,1382,1732,0.8828016582909359,0.9952767473031713
Gilbert,9,,0.25,10,1,63.43482799711637,45.22798484098166,1498,1118,0.8682154169269871,0.999999991601709
Gilbert,9,,0.25,10,2,160.1298410820309,55.2298334420193,3002,1214,0.8362425348147019,0.9216441443306571
Gilbert,9,,0.25,10,3,80.70470130490139,99.00461341510527,1592,1890,0.7271610861172387,0.8262215533046784
Gilbert,9,,0.25,10,4,88.75870529818349,95.08821978606284,1752,1890,0.9311262651277062,0.8134673557500383
Gilbert,9,,0.25,10,5,60.630583957070485,61.863895991118625,1294,1426,0.775302215076182,0.99999993658361
Gilbert,9,,0.25,10,6,89.30177420610562,105.25930295605212,1702,1910,0.8863062124544066,0.8868106216807148
Gilbert,9,,0.25,10,7,39.370883386116475,42.94866674905643,1042,1278,0.9917898009054668,0.9999994031956838
Gilbert,9,,0.25,10,8,79.72145036491565,37.13892246596515,1926,928,0.9909671376642356,0.9995895549864219
Gilbert,9,,0.25,10,9,115.78834858490154,84.84418448898941,2428,1674,0.8960887342882118,0.8881128182224427
Gilbert,9,,0.25,10,10,84.28593866107985,58.86044133105315,1932,1440,0.8858542748345561,0.9627508202256275
Gilbert,9,,0.25,10,11,79.44080647802912,106.60338573087938,1548,1894,0.8537109648643317,0.9514075684515269
Gilbert,9,,0.25,10,12,77.92125218291767,152.40220541716553,1326,2546,0.6743243611067362,0.9999999400810392
Gilbert,9,,0.25,10,13,126.6433853120543,103.11649807589129,2444,2008,0.908586721631614,0.999995219682275
Gilbert,9,,0.25,10,14,62.98817073390819,57.090429329779,1474,1360,0.9713567483241242,0.9999998639735307
Gilbert,9,,0.25,10,15,54.46574861602858,69.23521000682376,1454,1994,0.9999999862501726,0.999999920444734
Gilbert,9,,0.25,10,16,66.66289953398518,47.41228920803405,1378,1086,0.8418186389555465,0.9999996884660091
Gilbert,9,,0.25,10,17,72.83322322485037,114.37617426388897,1430,2046,0.8444316611930868,0.9386704213683865
Gilbert,9,,0.25,10,18,148.13857339997776,69.59889768110588,3438,1886,0.9999979772750868,0.9999895218157098
Gilbert,9,,0.25,10,19,82.61293203593232,59.900718356948346,1662,1172,0.782711415797992,0.9999999921941803
Gilbert,10,,0.1,1,0,1.7723192248959094,2.1839625779539347,24,36,0.8816805272182262,0.921653147773611
Gilbert,10,,0.1,1,1,1.9029140560887754,1.9523113360628486,28,32,0.823747375375422,0.9208916091746432
Gilbert,10,,0.1,1,2,1.6817050671670586,1.9039460958447307,26,32,0.9468183817483613,0.9640102201607164
Gilbert,10,,0.1,1,3,1.6981160899158567,2.050891017075628,22,30,0.476985455503897,0.8220747449558707
Gilbert,10,,0.1,1,4,2.4495752819348127,1.6893916139379144,36,18,0.6797553035006855,0.4342869788355122
Gilbert,10,,0.1,1,5,0.2976874113082886,0.34950982965528965,22,30,0.476985455503897,0.8220747449558703
Gilbert,10,,0.1,1,6,0.32465499080717564,0.28365691751241684,30,24,0.7468676147861537,0.9229896764656903
Gilbert,10,,0.1,1,7,0.3571060514077544,0.34607392270118,30,28,0.5978137570950881,0.759174780015185
Gilbert,10,,0.1,1,8,0.2959325723350048,0.4287403440102935,22,30,0.4769854555038971,0.8220747449558706
Gilbert,10,,0.1,1,9,0.36566451471298933,0.3787619434297085,34,36,0.7615198945203798,0.9193503494543565
Gilbert,10,,0.1,1,10,0.28248425852507353,0.4108297023922205,22,38,0.4770069141025281,0.9213008386234304
Gilbert,10,,0.1,1,11,0.2714600805193186,0.4365015169605613,24,36,0.8816805272182262,0.921653147773611
Gilbert,10,,0.1,1,12,0.37554643768817186,0.3900774149224162,36,36,0.6243164138383188,0.8594841559809545
Gilbert,10,,0.1,1,13,0.30265848990529776,0.3376922681927681,28,32,0.8237473753754221,0.9208916091746436
Gilbert,10,,0.1,1,14,0.4354570945724845,0.2921956917271018,40,20,0.6712132420431093,0.49739583333333176
Gilbert,10,,0.1,1,15,0.38562343548983335,0.36603495851159096,26,38,0.747917832073435,0.9476993716357679
Gilbert,10,,0.1,1,16,0.27438903506845236,0.35505856573581696,22,30,0.476985455503897,0.8220747449558703
Gilbert,10,,0.1,1,17,0.29061388969421387,0.3663621982559562,26,38,0.7479178320734354,0.9476993716357676
Gilbert,10,,0.1,1,18,0.3603198444470763,0.318652106449008,30,22,0.31726573602224717,0.27727658499265256
Gilbert,10,,0.1,1,19,0.5444752238690853,0.45570478681474924,38,40,0.6819716762495475,0.8467020133190887
Gilbert,10,,0.1,2,0,4.076654163887724,4.63989610504359,62,76,0.9733226962787964,0.9929963775681679
Gilbert,10,,0.1,2,1,5.155601443955675,4.002232423983514,80,64,0.9212884714000433,0.9574306716764812
Gilbert,10,,0.1,2,2,6.578228496015072,4.581428230972961,104,76,0.9905268355345961,0.9963674328958033
Gilbert,10,,0.1,2,3,3.889407109003514,4.51025855098851,52,64,0.7897966999192657,0.9254579755326511
Gilbert,10,,0.1,2,4,7.143185421125963,8.306279106996953,94,102,0.8211370542700115,0.8386221317523913
Gilbert,10,,0.1,2,5,0.6052403673529625,0.7689700154587626,52,64,0.7897966999192662,0.9254579755326517
Gilbert,10,,0.1,2,6,0.7056997260078788,0.6108129629865289,60,48,0.9250661984483044,0.9818873617242688
Gilbert,10,,0.1,2,7,0.8238938609138131,0.699303493835032,66,54,0.6726937815197293,0.7768968982899009
Gilbert,10,,0.1,2,8,0.6088108886033297,0.7020584205165505,52,64,0.7897966999192662,0.9254579755326517
Gilbert,10,,0.1,2,9,0.6045245956629515,0.5889774104580283,58,58,0.8600026483137846,0.9719873083162367
Gilbert,10,,0.1,2,10,0.7065717820078135,0.7590778982266784,52,64,0.8233460049982319,0.974389942096416
Gilbert,10,,0.1,2,11,0.6452964013442397,0.7381188748404384,62,76,0.9733226962787966,0.9929963775681688
Gilbert,10,,0.1,2,12,0.752513850107789,0.7089964579790831,62,58,0.7508351453497801,0.9549542774464423
Gilbert,10,,0.1,2,13,0.8335477020591497,0.7217723028734326,80,64,0.9212884714000431,0.9574306716764807
Gilbert,10,,0.1,2,14,0.8946330323815346,0.3410281538963318,72,26,0.7783847763286968,0.5266927083333314
Gilbert,10,,0.1,2,15,0.6792930392548442,0.6505493558943272,64,66,0.8878203879590024,0.9812650410273014
Gilbert,10,,0.1,2,16,0.6053161006420851,0.8281362429261208,52,64,0.7897966999192663,0.9254579755326517
Gilbert,10,,0.1,2,17,0.6791079062968493,0.7720611384138465,64,66,0.8878203879590021,0.9812650410273002
Gilbert,10,,0.1,2,18,0.9026641482487321,0.6834670174866915,64,44,0.45775825138473875,0.5340140812941873
Gilbert,10,,0.1,2,19,0.6994053786620498,0.8466285718604922,60,62,0.8209564608528117,0.9300616494023871
Gilbert,10,,0.1,3,0,9.085418335162103,11.455770769156516,116,148,0.9999999999992131,0.9999999999977551
Gilbert,10,,0.1,3,1,9.463647980010137,11.940358966123313,126,150,0.9714411593621237,0.9999509873948915
Gilbert,10,,0.1,3,2,11.016875820001587,12.589385503903031,154,166,0.9999999999960735,0.9999999999576522
Gilbert,10,,0.1,3,3,8.862382902065292,9.300546760903671,98,108,0.8019650444065444,0.975259130876258
Gilbert,10,,0.1,3,4,14.032180296024308,12.636529535986483,154,140,0.8935003433096043,0.9355667211157446
Gilbert,10,,0.1,3,5,1.4248930802568793,1.5016807923093438,98,108,0.8019650444065453,0.9752591308762574
Gilbert,10,,0.1,3,6,1.5417348453775048,1.1610788740217686,108,86,0.9675581857272034,0.9925563316059972
Gilbert,10,,0.1,3,7,1.926815121434629,1.5567541606724262,128,104,0.6974855276772398,0.8843523569017268
Gilbert,10,,0.1,3,8,1.46635284088552,1.5298837134614587,98,108,0.8019650444065449,0.9752591308762572
Gilbert,10,,0.1,3,9,1.445336694829166,1.1705354014411569,104,92,0.9241328626826203,0.9876661502124446
Gilbert,10,,0.1,3,10,2.3938889298588037,1.3118067774921656,152,100,0.9074832752794677,0.9908182024547685
Gilbert,10,,0.1,3,11,1.5472063710913062,1.8705345438793302,116,148,0.999999999999213,0.999999999997756
Gilbert,10,,0.1,3,12,1.9353276658803225,1.099044943228364,134,84,0.9038617124944294,0.9882933584843796
Gilbert,10,,0.1,3,13,1.6187870679423213,1.873761516995728,126,150,0.9714411593621229,0.9999509873948919
Gilbert,10,,0.1,3,14,1.6861048312857747,0.5738945445045829,114,34,0.847879048113378,0.57503255208334
Gilbert,10,,0.1,3,15,1.467909436672926,1.3220406491309404,104,106,0.9521253458312309,0.9943516970636993
Gilbert,10,,0.1,3,16,1.5407871957868338,1.4891629237681627,98,108,0.8019650444065451,0.9752591308762575
Gilbert,10,,0.1,3,17,1.4491350119933486,1.3148245280608535,104,106,0.9521253458312309,0.9943516970637007
Gilbert,10,,0.1,3,18,2.3009737944230437,1.3547891713678837,132,76,0.508415925340212,0.5994718999269283
Gilbert,10,,0.1,3,19,1.4317633295431733,1.3027900494635105,90,90,0.8736616104628133,0.9672514316796512
Gilbert,10,,0.1,4,0,14.301281203981489,15.834903337992728,160,186,0.9999999999836455,0.9999999996435317
Gilbert,10,,0.1,4,1,15.282499358989298,28.707616999046877,174,292,0.9957938799511596,0.9999584886303351
Gilbert,10,,0.1,4,2,17.438419758109376,17.28444054396823,210,208,0.9999999999299907,0.9999999998814597
Gilbert,10,,0.1,4,3,28.54621489997953,37.813311896054074,244,322,0.9052608047628176,0.9945238735287417
Gilbert,10,,0.1,4,4,24.206271760864183,43.1956977089867,224,320,0.9197560343743142,0.9595994044074447
Gilbert,10,,0.1,4,5,4.6843764297664165,6.371213687583804,244,330,0.9052608047630856,0.9945238733110795
Gilbert,10,,0.1,4,6,2.392942144535482,2.1492562741041183,154,132,0.989375865039612,0.9976048699636872
Gilbert,10,,0.1,4,7,3.846760492771864,2.563283267430961,212,146,0.7042547636147315,0.7971092628206276
Gilbert,10,,0.1,4,8,4.74967429228127,6.42099959589541,244,322,0.905260804762882,0.9945238733797075
Gilbert,10,,0.1,4,9,3.0315889129415154,1.9899856317788363,178,132,0.9516889571163685,0.9946898317938034
Gilbert,10,,0.1,4,10,4.326917237602174,2.311894563958049,236,144,0.922122040571679,0.9950771112512852
Gilbert,10,,0.1,4,11,2.3807589998468757,2.6103971442207694,160,186,0.9999999999836451,0.9999999996435309
Gilbert,10,,0.1,4,12,3.4022172233089805,2.140595993027091,198,126,0.9421136670044603,0.9958314498377313
Gilbert,10,,0.1,4,13,2.538880042731762,4.88957304880023,174,292,0.9957938799511611,0.9999584886303331
Gilbert,10,,0.1,4,14,3.116159330122173,0.5984720019623637,170,40,0.938710645739032,0.5929768880208776
Gilbert,10,,0.1,4,15,2.1790017914026976,2.557401552796364,144,160,0.9832912561057063,0.9970563151936223
Gilbert,10,,0.1,4,16,4.941346373409033,6.887787319719791,244,330,0.9052608047629359,0.9945238729043497
Gilbert,10,,0.1,4,17,2.183165575377643,2.482392971403897,144,160,0.9832912561057062,0.9970563151936234
Gilbert,10,,0.1,4,18,7.916862500831485,3.5759321535006166,340,160,0.8561848703297074,0.6478464788063638
Gilbert,10,,0.1,4,19,2.1153103411197662,2.3510095169767737,120,126,0.8970902773758307,0.9847823315332479
Gilbert,10,,0.1,5,0,19.15186347695999,20.103087678086013,194,216,0.9999999999073262,0.9999999997879834
Gilbert,10,,0.1,5,1,34.32714749802835,54.87263957411051,306,474,0.9970132295349485,0.9999999096767189
Gilbert,10,,0.1,5,2,23.50542641011998,22.84678500588052,254,248,0.9999999991859205,0.9999999999958966
Gilbert,10,,0.1,5,3,48.73944588890299,65.92514887498692,356,494,0.9106517911068346,0.9999999937037861
Gilbert,10,,0.1,5,4,41.43074112688191,59.11392313800752,320,414,0.9642904963803596,0.9876078947216408
Gilbert,10,,0.1,5,5,7.836069931276143,12.088852556422353,360,538,0.9106517911145231,0.9999999953352405
Gilbert,10,,0.1,5,6,4.569123704917729,4.087396894581616,232,206,0.996289185627761,0.9994232908884594
Gilbert,10,,0.1,5,7,7.178942806087434,5.326865255832672,326,240,0.7626201993895454,0.9004311953915745
Gilbert,10,,0.1,5,8,7.913700586184859,10.795310529880226,356,478,0.9106517911266186,0.999999998924282
Gilbert,10,,0.1,5,9,5.750867472030222,3.382984143681824,284,182,0.974023973152077,0.9963604586498641
Gilbert,10,,0.1,5,10,8.413358783349395,4.394704580307007,380,214,0.9449406837031665,0.9975256137548543
Gilbert,10,,0.1,5,11,3.262345382012427,3.368905207142234,194,216,0.9999999999073257,0.9999999997879823
Gilbert,10,,0.1,5,12,5.599740898236632,3.643713221885264,274,178,0.9515536267329547,0.9989268985685623
Gilbert,10,,0.1,5,13,5.808858479373157,9.757980587892234,306,484,0.9970132295349483,0.9999999066170441
Gilbert,10,,0.1,5,14,5.834627173841,1.498877882026136,258,64,0.9416747942824494,0.7038909924345211
Gilbert,10,,0.1,5,15,3.720469491556287,4.587662562727928,196,240,0.9930704681362966,0.9989291550055497
Gilbert,10,,0.1,5,16,8.283010013401508,12.076436248607934,358,514,0.9106517910989229,0.9999999964586385
Gilbert,10,,0.1,5,17,3.5965204034000635,4.596183978021145,196,240,0.9930704681362962,0.9989291550055512
Gilbert,10,,0.1,5,18,12.19067866820842,9.297470860183239,462,324,0.9017680181174684,0.8352200287621182
Gilbert,10,,0.1,5,19,4.120491685345769,3.823693046346307,174,168,0.9059928809011404,0.9894970863253313
Gilbert,10,,0.1,6,0,25.001692621968687,25.706363023025915,228,248,0.999999999966793,0.9999999997902596
Gilbert,10,,0.1,6,1,76.0394847120624,73.7940161919687,548,584,0.9989444666590539,0.9999999583263833
Gilbert,10,,0.1,6,2,30.373345088912174,29.018731020158157,296,286,0.9999999999036393,0.9999999999651088
Gilbert,10,,0.1,6,3,70.92980992887169,99.94315622001886,468,668,0.906258602636502,0.9999999944840126
Gilbert,10,,0.1,6,4,95.5552115731407,12.659732799977064,576,498,0.9858177966880198,0.984111219379327
Gilbert,10,,0.1,6,5,11.106699580326676,15.999272799119353,466,672,0.9062585989467173,0.9999999988176071
Gilbert,10,,0.1,6,6,13.167714742012322,6.213724629022181,506,272,0.9997203275557093,0.9999445828329241
Gilbert,10,,0.1,6,7,11.241572665981948,9.910046802833676,442,372,0.8920500314297345,0.9486494551752462
Gilbert,10,,0.1,6,8,11.648259872570634,16.140019808895886,472,640,0.9062586022691791,0.9999999983278887
Gilbert,10,,0.1,6,9,9.575000597164035,7.206158814020455,396,302,0.9861545643825227,0.9985023014432084
Gilbert,10,,0.1,6,10,14.846503503620625,7.423508959822357,572,306,0.9493436489944488,0.9991751374373619
Gilbert,10,,0.1,6,11,4.239891454577446,4.262630765326321,228,248,0.9999999999667917,0.9999999997902607
Gilbert,10,,0.1,6,12,8.351603228598833,6.919188370928168,358,278,0.9677859572510844,0.9993595251652817
Gilbert,10,,0.1,6,13,12.940312014892697,12.953258836641908,540,596,0.9989444661809515,0.9999999945104511
Gilbert,10,,0.1,6,14,11.892236283048987,3.870824291370809,420,128,0.9830461586543852,0.8736997114196582
Gilbert,10,,0.1,6,15,9.00149233546108,7.70234979968518,364,340,0.9946971872493432,0.9997114970870271
Gilbert,10,,0.1,6,16,12.317261608317494,16.91082496382296,474,662,0.9062586024359908,0.9999999979589168
Gilbert,10,,0.1,6,17,9.05026813223958,7.790018550120294,360,340,0.9946971852421111,0.9997114970874326
Gilbert,10,,0.1,6,18,18.745976228266954,18.868682427331805,622,562,0.923189975247363,0.8632392698331728
Gilbert,10,,0.1,6,19,6.13411916885525,5.976638906635344,228,224,0.9413491951488488,0.9934737965759345
Gilbert,10,,0.1,7,0,30.262746695196256,30.72658402984962,254,274,0.9999999999949007,0.9999999999946052
Gilbert,10,,0.1,7,1,194.54657546197996,96.38531582104042,1146,700,0.9999999923643834,0.9999998390822411
Gilbert,10,,0.1,7,2,38.690335132880136,35.885592218954116,340,322,0.9999999998819666,0.9999999999997653
Gilbert,10,,0.1,7,3,98.14123546681367,126.0688420010265,596,784,0.9240774412780837,0.9999999987876231
Gilbert,10,,0.1,7,4,134.62808961095288,22.681094476021826,738,796,0.9754311040419065,0.9976845072070382
Gilbert,10,,0.1,7,5,15.699682753533125,23.332826956175268,586,854,0.9240774413467981,0.9999999952821075
Gilbert,10,,0.1,7,6,17.586752561852336,11.10520049277693,638,404,0.9999999993046425,0.9999970977261453
Gilbert,10,,0.1,7,7,16.816111048683524,19.959264805540442,570,626,0.8698122531059332,0.9572321057317342
Gilbert,10,,0.1,7,8,16.708579214289784,21.128380939364433,602,774,0.9240774396197539,0.9999999987619005
Gilbert,10,,0.1,7,9,17.834602422080934,12.461699338629842,622,442,0.9905701987912728,0.9989910587360361
Gilbert,10,,0.1,7,10,24.213369211182,11.362603709101677,808,402,0.9999999964355312,0.9997164818097402
Gilbert,10,,0.1,7,11,5.18108138628304,5.172456990927458,254,274,0.9999999999949019,0.9999999999946054
Gilbert,10,,0.1,7,12,14.57408329937607,11.20634120889008,512,386,0.9843582097328416,0.9998286209510985
Gilbert,10,,0.1,7,13,34.03124158922583,18.328937065787613,1140,746,0.999999999248324,0.9999999737486314
Gilbert,10,,0.1,7,14,19.481075727380812,9.009157286956906,594,250,0.9809809376707008,0.9111149464027424
Gilbert,10,,0.1,7,15,16.312521076761186,12.435629796236753,560,464,0.996351104841802,0.9999962454468112
Gilbert,10,,0.1,7,16,17.578211868181825,22.060067489743233,602,790,0.9240774403924001,0.9999999995329976
Gilbert,10,,0.1,7,17,16.183686832897365,13.214429172687232,556,488,0.9963511126675334,0.9999962703363593
Gilbert,10,,0.1,7,18,29.565871143713593,28.963158587925136,848,760,0.9320483401318483,0.7997472694083875
Gilbert,10,,0.1,7,19,8.212162665091455,9.348573197610676,270,294,0.9656698915025848,0.9963049696681154
Gilbert,10,,0.1,8,0,36.5589895718731,36.70441676094197,282,300,0.9999999995619662,0.9999999999997025
Gilbert,10,,0.1,8,1,216.2330800718628,126.88656749506481,1240,834,0.9999999640702979,0.9999999804150355
Gilbert,10,,0.1,8,2,44.45260612806305,46.557423796039075,368,356,0.9999999999989255,0.99999999989725
Gilbert,10,,0.1,8,3,138.51300790905952,160.53547313110903,750,922,0.9557860575737472,0.9999998782203603
Gilbert,10,,0.1,8,4,288.59745637886226,32.9005902800709,1290,1014,0.9946066097261038,0.9986137893938952
Gilbert,10,,0.1,8,5,22.294457878917456,30.067290005274117,744,1024,0.9557860577721692,0.999999741855443
Gilbert,10,,0.1,8,6,22.92868975456804,18.137605191208422,768,578,0.9999999956974132,0.9999960852163385
Gilbert,10,,0.1,8,7,31.10548266582191,45.36039318703115,894,1180,0.9274713844554949,0.9995596280214832
Gilbert,10,,0.1,8,8,23.612869420088828,26.42063967511058,760,890,0.9557860563238615,0.9999998776157712
Gilbert,10,,0.1,8,9,34.19597738515586,18.56945184059441,994,580,0.9899939653021885,0.9993860466397315
Gilbert,10,,0.1,8,10,38.76589101925492,17.554247988387942,1138,546,0.9923714511074159,0.9999454367982606
Gilbert,10,,0.1,8,11,6.278347234241664,6.304336150176823,282,300,0.9999999995619637,0.9999999999996987
Gilbert,10,,0.1,8,12,28.85042429063469,16.6798600172624,832,510,0.9883348083662237,0.99993209568973
Gilbert,10,,0.1,8,13,37.97151525784284,21.823522637598217,1242,842,0.99999999931945,0.999999645261584
Gilbert,10,,0.1,8,14,32.370520866476,19.140341855585575,848,448,0.9913607928719695,0.9433231094505817
Gilbert,10,,0.1,8,15,32.89891988225281,18.094795886427164,944,598,0.9998086058221473,0.9999996178256733
Gilbert,10,,0.1,8,16,24.715001526288688,28.0464505860582,752,918,0.955786058065849,0.9999998877909376
Gilbert,10,,0.1,8,17,29.616146340966225,19.494332305155694,862,630,0.9998082362401718,0.9999996187262736
Gilbert,10,,0.1,8,18,42.063736759126186,43.5870176050812,1066,1026,0.942174956059136,0.8422811912623146
Gilbert,10,,0.1,8,19,11.199567388743162,13.507357601076365,324,372,0.9784495814174585,0.9974499724963177
Gilbert,10,,0.1,9,0,43.87233074102551,43.00536229996942,312,326,0.9999999999994922,0.9999999999997808
Gilbert,10,,0.1,9,1,250.1981516170781,160.38735235808417,1378,970,0.9999999989437431,0.9999999254330398
Gilbert,10,,0.1,9,2,52.394235940184444,52.532616107026115,400,388,0.9999999999172364,0.9999999999729563
Gilbert,10,,0.1,9,3,185.09002077300102,205.02271998208016,906,1076,0.9884498880900063,0.9999994818372492
Gilbert,10,,0.1,9,4,431.8440048350021,56.00290107075125,1738,1476,0.9963288711805762,0.9993332522475225
Gilbert,10,,0.1,9,5,29.99087120871991,40.838154015131295,898,1232,0.988449890614029,0.9999999892163883
Gilbert,10,,0.1,9,6,29.183427358046174,23.36480407603085,896,690,0.9999999939395133,0.999996902006278
Gilbert,10,,0.1,9,7,38.86428178474307,78.30599132366478,1040,1814,0.9346282865359214,0.9999318032447739
Gilbert,10,,0.1,9,8,31.020873819477856,36.416553863324225,910,1090,0.9884498903997956,0.9999995236583855
Gilbert,10,,0.1,9,9,62.66635772585869,26.263010116294026,1580,742,0.9916603108078411,0.9996528829325562
Gilbert,10,,0.1,9,10,58.54917889367789,28.76542595308274,1520,760,0.9999998817971301,0.9999945140976997
Gilbert,10,,0.1,9,11,7.624883926473558,7.44564544595778,312,326,0.9999999999994896,0.9999999999997807
Gilbert,10,,0.1,9,12,44.69317596126348,24.464675925672054,1134,662,0.9947207182557211,0.9999703981961277
Gilbert,10,,0.1,9,13,44.161057164892554,26.32271066773683,1374,932,0.9999999992021424,0.9999998274609412
Gilbert,10,,0.1,9,14,57.54029811825603,24.83652668260038,1286,546,0.9909119787861794,0.9365193688338674
Gilbert,10,,0.1,9,15,47.30533213727176,22.83089032676071,1218,696,0.9999997538124524,0.9999990317587526
Gilbert,10,,0.1,9,16,32.566130640916526,39.90827046521008,906,1136,0.9884498892311198,0.9999994477851372
Gilbert,10,,0.1,9,17,46.01954252645373,27.845757922157645,1198,802,0.9999999904277697,0.9999997496931738
Gilbert,10,,0.1,9,18,57.75986714288592,52.34936671797186,1320,1164,0.9864849997651146,0.8414742736365429
Gilbert,10,,0.1,9,19,15.141902538947761,26.340039126574993,390,582,0.9847376697053246,0.9990328804960177
Gilbert,10,,0.1,10,0,52.38664276804775,49.09649574290961,342,348,0.9999999999928505,0.9999999999996172
Gilbert,10,,0.1,10,1,322.57504789787345,204.3550564639736,1634,1126,0.9999999941188388,0.9999992668967492
Gilbert,10,,0.1,10,2,61.82283896789886,60.24330507195555,436,418,0.9999999999961524,0.9999999999061855
Gilbert,10,,0.1,10,3,259.08100682194345,267.7924660281278,1146,1270,0.9947936054030789,0.9999993732133851
Gilbert,10,,0.1,10,4,546.7706238210667,90.67824024427682,2076,2070,0.9999999842347486,0.9995985991111601
Gilbert,10,,0.1,10,5,42.74886204395443,47.68164204899222,1146,1374,0.9947936051948228,0.9999996857179637
Gilbert,10,,0.1,10,6,35.68858334328979,36.73401267454028,1014,938,0.9999999994921082,0.9999988773000448
Gilbert,10,,0.1,10,7,53.60319972038269,139.2291323589161,1296,2856,0.9747901252707247,0.9999873243421612
Gilbert,10,,0.1,10,8,44.36958476528525,46.25145450606942,1138,1260,0.9947936026337784,0.999999169009482
Gilbert,10,,0.1,10,9,95.09285157267004,43.19063328579068,2150,1060,0.9919189153775436,0.9999563233275938
Gilbert,10,,0.1,10,10,72.26307774055749,38.81054572481662,1756,944,0.99999869297473,0.999998303686766
Gilbert,10,,0.1,10,11,9.193861096166074,8.5905670709908,342,348,0.999999999992853,0.9999999999996145
Gilbert,10,,0.1,10,12,73.07443015929312,37.448915409855545,1628,894,0.9964649407852061,0.9999930449782709
Gilbert,10,,0.1,10,13,56.588906842283905,34.232483697123826,1626,1096,0.9999999981591488,0.9999991813303267
Gilbert,10,,0.1,10,14,84.0482441149652,33.03298863582313,1696,682,0.9960105587586335,0.9258042855951286
Gilbert,10,,0.1,10,15,59.450363762676716,26.150909618474543,1462,754,0.9999999941347137,0.9999998642915364
Gilbert,10,,0.1,10,16,48.76345371641219,49.99549379013479,1176,1310,0.9947936075974572,0.9999992962730515
Gilbert,10,,0.1,10,17,59.67825729865581,31.43087446130812,1444,864,0.9999999948242823,0.9999998400192384
Gilbert,10,,0.1,10,18,88.56580536905676,70.35615862626582,1764,1428,0.9717215998980397,0.9029217737922458
Gilbert,10,,0.1,10,19,20.790219239890575,48.45199795905501,472,910,0.9877417621420316,0.9995857915559233
Gilbert,10,,0.25,1,0,0.45962381991557777,0.38171168114058673,24,22,0.30904322685578317,0.3285169131874418
Gilbert,10,,0.25,1,1,0.4415241009555757,0.4569906499236822,38,40,0.6024243447936208,0.7858954585086378
Gilbert,10,,0.25,1,2,0.30914767691865563,0.6108921021223068,18,44,0.24905666940928187,0.4981490787100166
Gilbert,10,,0.25,1,3,0.32016967004165053,0.39502493711188436,22,22,0.5332598351029484,0.4873690392218374
Gilbert,10,,0.25,1,4,0.39766167802736163,0.31354917609132826,20,18,0.2803760357769569,0.2235705739875562
Gilbert,10,,0.25,1,5,0.34390245098620653,0.3433997209649533,20,20,0.28893134300893025,0.28893134300893014
Gilbert,10,,0.25,1,6,0.45072760502807796,0.27775646513327956,36,16,0.3667624972612644,0.47033024994406686
Gilbert,10,,0.25,1,7,0.3330479299183935,0.8462563951034099,20,66,0.21120327985803114,0.17047460161866113
Gilbert,10,,0.25,1,8,0.4008596669882536,0.6010119090788066,36,52,0.5107374357015028,0.9051277487445718
Gilbert,10,,0.25,1,9,0.24511142284609377,0.41823838418349624,14,32,0.39187348521291837,0.6980960598771602
Gilbert,10,,0.25,1,10,0.28645792114548385,0.29108950588852167,16,16,0.3749343348497607,0.3749343348497608
Gilbert,10,,0.25,1,11,0.30869050906039774,0.2912356951273978,20,18,0.5231602252182217,0.5385277518392051
Gilbert,10,,0.25,1,12,0.42859526188112795,0.38175299810245633,20,26,0.30865109996079937,0.22096640182820276
Gilbert,10,,0.25,1,13,0.2863393621519208,0.4631432960741222,16,24,0.28323253806555126,0.2172130935546003
Gilbert,10,,0.25,1,14,0.31171275000087917,0.33183388295583427,18,20,0.3238982118825774,0.224106363129326
Gilbert,10,,0.25,1,15,0.4668052240740508,0.4786925809457898,38,40,0.3336347386155832,0.7792154166764272
Gilbert,10,,0.25,1,16,0.3902259739115834,0.2900671227835119,32,18,0.36724332932156684,0.5002292415648396
Gilbert,10,,0.25,1,17,0.44616605690680444,0.4991393119562417,18,38,0.3222915834733388,0.2845710921266046
Gilbert,10,,0.25,1,18,0.3060314180329442,0.2867661751806736,18,16,0.43394338672808797,0.4420423253976518
Gilbert,10,,0.25,1,19,0.3080078789498657,0.4671205610502511,18,36,0.2904944438967433,0.6952114560790071
Gilbert,10,,0.25,2,0,1.0411506658419967,0.7520887639839202,74,52,0.643418287715552,0.8063825139944543
Gilbert,10,,0.25,2,1,1.098243328044191,0.8593654360156506,84,70,0.7143249000405444,0.8524525654625951
Gilbert,10,,0.25,2,2,1.8421847999561578,1.0983581969048828,114,78,0.4894078450471551,0.6628351853212631
Gilbert,10,,0.25,2,3,1.1552427019923925,0.6841211470309645,82,46,0.6921564847942641,0.8168401060407519
Gilbert,10,,0.25,2,4,1.5552482130005956,1.1156649179756641,94,64,0.5285243955885714,0.4941255522420951
Gilbert,10,,0.25,2,5,1.1606958128977567,1.2266751050483435,68,68,0.2776879827989719,0.2776879827989716
Gilbert,10,,0.25,2,6,1.1002872660756111,0.7369973859749734,80,46,0.5036669848664237,0.7586250860292614
Gilbert,10,,0.25,2,7,1.4600582320708781,2.249518661061302,86,156,0.45736451144653795,0.6755808296741326
Gilbert,10,,0.25,2,8,0.7809336890932173,0.7613157448358834,64,76,0.7647419707535379,0.9691249408850616
Gilbert,10,,0.25,2,9,0.8478176831267774,0.8925909739919007,52,62,0.4158536070152351,0.7782524575263972
Gilbert,10,,0.25,2,10,0.8512285579927266,0.8505879419390112,50,50,0.39194841936892405,0.39194841936892433
Gilbert,10,,0.25,2,11,0.7430128359701484,1.0407719088252634,48,70,0.6273670916204482,0.7070377951832568
Gilbert,10,,0.25,2,12,0.8107265040744096,0.9255023519508541,54,58,0.7573905504018648,0.8569285068611074
Gilbert,10,,0.25,2,13,1.6368813319131732,0.8169801230542362,98,58,0.43987739835630296,0.8295837378743411
Gilbert,10,,0.25,2,14,1.182844515889883,1.0208886759355664,70,60,0.5654530333556977,0.5516587732953011
Gilbert,10,,0.25,2,15,1.3643329669721425,0.91926439688541,98,66,0.5866157529381851,0.8875341276377574
Gilbert,10,,0.25,2,16,1.178176844958216,0.8318714071065187,84,52,0.6393184950968983,0.7614694797714123
Gilbert,10,,0.25,2,17,0.9609816740266979,1.6121724620461464,54,98,0.5190248184314321,0.278280761348909
Gilbert,10,,0.25,2,18,1.0324624879285693,0.7735063200816512,62,52,0.625900184340002,0.6066051537435337
Gilbert,10,,0.25,2,19,1.787553554167971,1.1492579418700188,114,76,0.5486043325092077,0.7266564688568974
Gilbert,10,,0.25,3,0,2.1241618499625474,2.169646277790889,126,122,0.7257105557626948,0.9584872471711633
Gilbert,10,,0.25,3,1,2.411686641862616,1.8480686738621444,154,118,0.807594392450901,0.903478891546154
Gilbert,10,,0.25,3,2,3.387222611811012,2.105742456158623,180,120,0.21036780334719643,0.789426077995602
Gilbert,10,,0.25,3,3,2.6053974190726876,2.2603368840646,150,124,0.7603898063184664,0.9999999999993703
Gilbert,10,,0.25,3,4,5.0430370040703565,3.0861311599146575,238,148,0.6061241559847338,0.6759942511812383
Gilbert,10,,0.25,3,5,3.1404934611637145,3.217869078973308,146,146,0.2803980393856104,0.28039803938560864
Gilbert,10,,0.25,3,6,2.626771528972313,2.9269104700069875,152,150,0.7040133676743755,0.999999999994493
Gilbert,10,,0.25,3,7,4.486138754058629,4.02678655507043,212,224,0.7047719658302524,0.643693122372644
Gilbert,10,,0.25,3,8,1.761685430072248,1.4207248040474951,122,108,0.897156967816058,0.9924384988958634
Gilbert,10,,0.25,3,9,1.5435252550523728,2.072244369890541,84,120,0.45540064213877063,0.8566188299869021
Gilbert,10,,0.25,3,10,3.011010464048013,3.0467006559483707,142,142,0.5834741244718679,0.5834741244718685
Gilbert,10,,0.25,3,11,1.6618264159187675,2.1715681448113173,94,128,0.6662785931790907,0.915556052392003
Gilbert,10,,0.25,3,12,2.274165129987523,2.8407927588559687,108,138,0.7625810521778347,0.9002128847316658
Gilbert,10,,0.25,3,13,3.906820520060137,1.875012778909877,198,96,0.5478205043334157,0.7139147146366444
Gilbert,10,,0.25,3,14,2.5822450798004866,2.8631441141478717,122,128,0.829575172925652,0.4941700588519863
Gilbert,10,,0.25,3,15,2.8800364159978926,1.4069872740656137,162,92,0.3568572717618869,0.9552787847493156
Gilbert,10,,0.25,3,16,2.0220237330067903,2.698851653141901,124,144,0.6508527481188432,0.9999999999655304
Gilbert,10,,0.25,3,17,4.281568177044392,2.8435502192005515,184,150,0.5983656983150308,0.8319805365273071
Gilbert,10,,0.25,3,18,4.342512957984582,2.6000402190256864,204,120,0.935120903144495,0.647952837927945
Gilbert,10,,0.25,3,19,3.9247044948861003,3.7551695050206035,196,182,0.3181912134209631,0.9992020272806225
Gilbert,10,,0.25,4,0,4.711295489920303,6.089077938813716,224,272,0.8042764768722842,0.9999999999358112
Gilbert,10,,0.25,4,1,4.978891863022,4.383228474063799,256,222,0.8577968283748613,0.9240979652269545
Gilbert,10,,0.25,4,2,6.619990275008604,4.31229211599566,288,194,0.6332814652914871,0.7927107586073907
Gilbert,10,,0.25,4,3,5.785914678126574,3.9785691080614924,270,190,0.8453736896288231,0.9770296304778787
Gilbert,10,,0.25,4,4,7.547011009883136,6.300946420989931,318,252,0.7016438757050254,0.7564505932685031
Gilbert,10,,0.25,4,5,8.095831418875605,8.502630079165101,296,308,0.7455292462465357,0.7455292527523719
Gilbert,10,,0.25,4,6,4.9012087259907275,4.4858980539720505,232,208,0.6862140646258608,0.9670095368574062
Gilbert,10,,0.25,4,7,7.5038947619032115,7.457213202025741,306,334,0.7362290800150167,0.9744421847892178
Gilbert,10,,0.25,4,8,3.201151584973559,2.5396390361711383,184,158,0.9278764356498115,0.9959745640002663
Gilbert,10,,0.25,4,9,3.1459581390954554,5.935079492861405,140,258,0.5991946969727786,0.9999999998043645
Gilbert,10,,0.25,4,10,5.530917906202376,5.451605886919424,222,222,0.645012482502793,0.6450124825027959
Gilbert,10,,0.25,4,11,3.471642446005717,3.557326301932335,158,178,0.8388285477688399,0.881055049025252
Gilbert,10,,0.25,4,12,5.075281823053956,7.659664511913434,198,290,0.777372018770377,0.9999999999851547
Gilbert,10,,0.25,4,13,8.260004203999415,4.3553537640254945,336,176,0.5517320232248689,0.8270174048352925
Gilbert,10,,0.25,4,14,7.612128356937319,6.187837260076776,274,234,0.774130413245584,0.6298205622729258
Gilbert,10,,0.25,4,15,6.415755733847618,2.4656772799789906,284,128,0.6748663716176885,0.978302534106242
Gilbert,10,,0.25,4,16,5.337351194117218,5.060214341850951,238,224,0.7860162648883101,0.9999999999958539
Gilbert,10,,0.25,4,17,6.051550655160099,9.054105103947222,236,334,0.6727523386584611,0.9999999998995216
Gilbert,10,,0.25,4,18,6.975577830104157,6.110306536080316,282,246,0.662246959472575,0.8629334777158847
Gilbert,10,,0.25,4,19,7.27484922693111,8.771972934016958,304,334,0.7699265255133843,0.9999999996387867
Gilbert,10,,0.25,5,0,7.555950324051082,10.951108193956316,312,420,0.8540737900113581,0.9999999999921223
Gilbert,10,,0.25,5,1,7.523777849972248,6.844223287887871,338,300,0.8110132930568176,0.9743604610921238
Gilbert,10,,0.25,5,2,14.312071631895378,9.43480758019723,500,332,0.715926268789762,0.9999887186197768
Gilbert,10,,0.25,5,3,8.930081075057387,7.730758755002171,368,304,0.8239766724620574,0.9779711725900009
Gilbert,10,,0.25,5,4,10.340234396979213,10.286597742931917,392,356,0.7140464097271348,0.7322380685140566
Gilbert,10,,0.25,5,5,17.797803514869884,16.765460421098396,530,512,0.7626712993028113,0.7626712990036884
Gilbert,10,,0.25,5,6,7.907677716109902,7.479984456906095,326,298,0.7794514302554371,0.9702530436386866
Gilbert,10,,0.25,5,7,10.339188953163102,12.092380939982831,380,454,0.7186140903529341,0.9999999938582742
Gilbert,10,,0.25,5,8,5.831402892014012,4.512680965941399,278,228,0.9516689486685108,0.9986540278213195
Gilbert,10,,0.25,5,9,7.055267915129662,10.429130753036588,244,380,0.6199482192031183,0.9999999987083662
Gilbert,10,,0.25,5,10,10.515721967909485,10.565186213934794,352,352,0.7140775771538539,0.7140775771526393
Gilbert,10,,0.25,5,11,7.905920952791348,6.528471413999796,290,262,0.7781497311383654,0.8859291235035439
Gilbert,10,,0.25,5,12,11.429934756830335,14.915171838132665,360,476,0.7853602035427834,0.9999999999934059
Gilbert,10,,0.25,5,13,12.89198200381361,7.446096630068496,456,258,0.5913667081916175,0.6821031235137948
Gilbert,10,,0.25,5,14,19.429695470957085,12.028069767169654,558,370,0.8332541770345465,0.8199430112067599
Gilbert,10,,0.25,5,15,9.769237987929955,4.32302308594808,378,178,0.775026946972471,0.9873053871270514
Gilbert,10,,0.25,5,16,8.643932120874524,7.1013474110513926,334,282,0.7233669685000267,0.9999999996140386
Gilbert,10,,0.25,5,17,11.891870754072443,16.768294362118468,370,512,0.6274965822041776,0.9999999999429277
Gilbert,10,,0.25,5,18,16.728073857026175,10.367533923825249,530,350,0.9383281070620744,0.783961583575748
Gilbert,10,,0.25,5,19,10.735438652103767,13.10026106890291,388,452,0.6732127791908985,0.9999998068141881
Gilbert,10,,0.25,6,0,12.424708232982084,22.57974463584833,440,704,0.8885893357907952,0.9999999996288036
Gilbert,10,,0.25,6,1,15.028465566923842,11.695985150989145,546,434,0.8820663050414498,0.9937988817214946
Gilbert,10,,0.25,6,2,25.747688106959686,17.09027513791807,768,510,0.7504694771118113,0.9999991324677744
Gilbert,10,,0.25,6,3,14.068831298034638,15.160670381039381,500,496,0.9072040480327196,0.9779719216666514
Gilbert,10,,0.25,6,4,16.311018829932436,21.943476343061775,522,614,0.8164069450426134,0.8309507354768174
Gilbert,10,,0.25,6,5,31.882089267019182,29.899269616929814,828,782,0.8792482522833621,0.8792482554461616
Gilbert,10,,0.25,6,6,14.051034218166023,13.10388382896781,476,438,0.8106312603555859,0.9815625070492712
Gilbert,10,,0.25,6,7,17.0718492269516,20.55724332900718,524,636,0.7970064732210019,0.9999999970012939
Gilbert,10,,0.25,6,8,12.650249309837818,8.153696294175461,478,334,0.970298822740487,0.9995569833514012
Gilbert,10,,0.25,6,9,11.435901024146006,16.596322082914412,348,518,0.5974599278710668,0.9999989167906673
Gilbert,10,,0.25,6,10,15.015005341963843,14.994658068055287,450,450,0.743537793423412,0.7435377937047957
Gilbert,10,,0.25,6,11,15.189363844925538,11.438534202054143,468,378,0.8934110492241112,0.9738107044260838
Gilbert,10,,0.25,6,12,21.450508291833103,21.537308478960767,574,614,0.7896579578234432,0.9999999987960793
Gilbert,10,,0.25,6,13,18.9013559629675,16.18218357511796,578,450,0.6796630625097887,0.9580379313015289
Gilbert,10,,0.25,6,14,36.05620801006444,17.224950440926477,910,478,0.8770568688311183,0.8371477742698821
Gilbert,10,,0.25,6,15,14.425755229080096,7.701710138935596,486,256,0.7003983384929451,0.9910423179100839
Gilbert,10,,0.25,6,16,17.109642114955932,9.934845654061064,532,352,0.771161405349317,0.9999999994498497
Gilbert,10,,0.25,6,17,22.289334174012765,20.630605719983578,490,592,0.6914177851374914,0.9999999999857023
Gilbert,10,,0.25,6,18,24.530794801190495,15.776851356960833,692,456,0.9123119748561249,0.8207916200818399
Gilbert,10,,0.25,6,19,18.52320802095346,23.34808239620179,546,652,0.8504184635299211,0.9999999941375698
Gilbert,10,,0.25,7,0,19.62138358084485,42.35953858308494,600,1162,0.9215282226409841,0.9999998635690424
Gilbert,10,,0.25,7,1,28.323498032987118,18.89602768421173,862,606,0.976661344255411,0.9941515898323678
Gilbert,10,,0.25,7,2,34.92981809005141,22.327586362836882,948,612,0.755228709917456,0.9999941365816208
Gilbert,10,,0.25,7,3,26.584068215917796,25.09137523197569,778,716,0.8873257221683051,0.9999996283986367
Gilbert,10,,0.25,7,4,27.426992682972923,30.31434136815369,736,774,0.8291096666864058,0.7890959934721737
Gilbert,10,,0.25,7,5,42.14640406914987,40.70962664508261,1012,972,0.8543229006217343,0.8543229029792239
Gilbert,10,,0.25,7,6,30.893599439878017,29.58050430100411,840,790,0.8364903647456877,0.9999999420436975
Gilbert,10,,0.25,7,7,27.874549441970885,28.427093141013756,724,786,0.8443174692467333,0.9999999985242095
Gilbert,10,,0.25,7,8,28.745764347957447,13.24750720593147,886,466,0.9998523021328177,0.9999945253789486
Gilbert,10,,0.25,7,9,21.65613631112501,23.23988979193382,556,648,0.6385047832054166,0.9999998949260671
Gilbert,10,,0.25,7,10,21.957491480978206,22.39755185483955,576,582,0.7703135176788923,0.7703135173934842
Gilbert,10,,0.25,7,11,28.404814884997904,38.11331847193651,744,938,0.9181319280690939,0.9966556591825174
Gilbert,10,,0.25,7,12,31.575081842020154,30.42823794693686,756,774,0.7934986290793851,0.9999999895656451
Gilbert,10,,0.25,7,13,42.083028136054054,26.09226326015778,930,630,0.8133530416585497,0.9999999854753185
Gilbert,10,,0.25,7,14,53.25983272911981,42.583851321134716,1176,892,0.8819975078345834,0.8598825571372405
Gilbert,10,,0.25,7,15,23.177548579173163,12.72801781212911,654,352,0.7789246753895988,0.9925387907611162
Gilbert,10,,0.25,7,16,30.418912328081205,16.708831111202016,804,482,0.868928553284586,0.9999999808669772
Gilbert,10,,0.25,7,17,28.05972837097943,27.464984877966344,656,702,0.6555062906549507,0.9999999882998527
Gilbert,10,,0.25,7,18,36.134201800916344,27.691614710027352,900,672,0.8979256316516921,0.8319607846168898
Gilbert,10,,0.25,7,19,33.238841992104426,31.77363917697221,808,808,0.8754382645572463,0.999999847702429
Gilbert,10,,0.25,8,0,27.12849010503851,54.143182125873864,750,1388,0.934082607021658,0.9968929735816214
Gilbert,10,,0.25,8,1,35.998237108811736,43.63235060800798,1024,1120,0.9791788787687098,0.9999999958708523
Gilbert,10,,0.25,8,2,51.27974472590722,30.664606676902622,1236,754,0.8110321315980017,0.9999996966744545
Gilbert,10,,0.25,8,3,42.2462556399405,30.75486172386445,1082,832,0.9419522196311647,0.9999992762026679
Gilbert,10,,0.25,8,4,54.10084463306703,50.99237183993682,1184,1124,0.844784311697175,0.7743549975563486
Gilbert,10,,0.25,8,5,90.51208420400508,67.5694879591465,1764,1396,0.9005994462073632,0.8874183231415502
Gilbert,10,,0.25,8,6,42.58203875506297,40.066360746044666,1052,982,0.8566212753251068,0.9999999853596301
Gilbert,10,,0.25,8,7,42.470792775042355,49.26512779807672,958,1120,0.8011125090625222,0.9999999944775979
Gilbert,10,,0.25,8,8,51.12113708606921,18.630680117057636,1382,584,0.9999379233804712,0.9999995250841918
Gilbert,10,,0.25,8,9,36.11672770208679,29.49363415595144,810,764,0.9565604695720257,0.9999999431156926
Gilbert,10,,0.25,8,10,37.814772627083585,41.59354897495359,838,902,0.7899559607468067,0.7899559797392186
Gilbert,10,,0.25,8,11,39.062576845055446,54.873431622982025,940,1248,0.9463889322146979,0.9986666223118599
Gilbert,10,,0.25,8,12,51.835191019112244,42.353072199970484,1078,958,0.7950764377877819,0.9999999910983247
Gilbert,10,,0.25,8,13,54.84033825900406,34.39957610098645,1198,760,0.8472367206146614,0.9999996327845957
Gilbert,10,,0.25,8,14,70.74276138213463,62.99449186306447,1450,1204,0.8366874638686488,0.8969327904759755
Gilbert,10,,0.25,8,15,37.287129448959604,19.099553297972307,892,462,0.799670483530798,0.9955750660628154
Gilbert,10,,0.25,8,16,38.50907288189046,28.79460820998065,936,700,0.8631307191109272,0.9999997639981276
Gilbert,10,,0.25,8,17,57.36336780479178,36.99534183018841,1014,844,0.7163097525143245,0.9999999989746293
Gilbert,10,,0.25,8,18,51.06590511393733,39.38214181014337,1134,854,0.9999999950023529,0.7999881164215232
Gilbert,10,,0.25,8,19,53.880776210920885,45.128445548936725,1122,1008,0.8926252317278732,0.9999998743405354
Gilbert,10,,0.25,9,0,51.31838804599829,70.56822515907697,1178,1676,0.9559612197504457,0.9999999984323571
Gilbert,10,,0.25,9,1,46.85591791616753,61.380190273048356,1220,1446,0.9586533905737552,0.9999998987128261
Gilbert,10,,0.25,9,2,97.73175321589224,42.18936887406744,1962,936,0.889100918811638,0.999998882009108
Gilbert,10,,0.25,9,3,75.41597950295545,37.298549125902355,1664,944,0.9430622866476408,0.9999995388226919
Gilbert,10,,0.25,9,4,77.0296313718427,66.65777533315122,1524,1348,0.8644898591712105,0.8685197247899387
Gilbert,10,,0.25,9,5,130.62499050283805,116.61940398183651,2322,2076,0.8915628304296922,0.9547684412843802
Gilbert,10,,0.25,9,6,57.54162961803377,58.94876318704337,1300,1296,0.8712957517365642,0.9999995460756349
Gilbert,10,,0.25,9,7,59.53720554802567,60.2494912580587,1208,1276,0.8492098373024858,0.9999999977470004
Gilbert,10,,0.25,9,8,67.53786815796047,27.698070912156254,1702,760,0.9999999760827339,0.9999996515106085
Gilbert,10,,0.25,9,9,50.33811796596274,38.69431491312571,1032,898,0.9700965941015254,0.9999999290257616
Gilbert,10,,0.25,9,10,56.49851595796645,61.25625606602989,1096,1166,0.7841697175384554,0.7841697222717884
Gilbert,10,,0.25,9,11,60.107716623926535,84.89985522395,1274,1738,0.9506170361599586,0.9995137303786011
Gilbert,10,,0.25,9,12,74.29372255015187,56.106883639935404,1386,1156,0.7957135770587117,0.9999999896257152
Gilbert,10,,0.25,9,13,66.07046047714539,42.896689902059734,1360,878,0.7669290721818101,0.9999999582643616
Gilbert,10,,0.25,9,14,89.81393914483488,81.4699531251099,1696,1448,0.9050448556201058,0.8700243712498755
Gilbert,10,,0.25,9,15,55.07410673703998,26.415291726822034,1158,568,0.9028160510276436,0.9969530855325871
Gilbert,10,,0.25,9,16,65.94563026214018,46.039063810836524,1366,956,0.8589675764796255,0.9999998888635795
Gilbert,10,,0.25,9,17,84.41247845208272,57.386588785098866,1418,1096,0.8244331669204394,0.9999999885659442
Gilbert,10,,0.25,9,18,68.13378982408904,57.6345003452152,1362,1098,0.9543576626694833,0.8955387603389198
Gilbert,10,,0.25,9,19,70.98235625308007,57.309788555139676,1352,1184,0.8042759754791292,0.9999999400922007
Gilbert,10,,0.25,10,0,66.13869008887559,95.63124374090694,1400,2078,0.9384615964169217,0.9876374364614127
Gilbert,10,,0.25,10,1,64.5907058918383,71.85980533715338,1526,1626,0.9818424213383032,0.999999998598366
Gilbert,10,,0.25,10,2,153.2617610769812,59.09445665590465,2732,1170,0.8360252839744274,0.9999970464771856
Gilbert,10,,0.25,10,3,97.94246969092637,48.23549082502723,2012,1118,0.9443618222844915,0.9999998392879906
Gilbert,10,,0.25,10,4,104.95581740699708,89.83192311506718,1906,1674,0.8681832076502257,0.8898834587059122
Gilbert,10,,0.25,10,5,169.80367176700383,144.68775663501583,2812,2416,0.9401383407182509,0.9058303794623951
Gilbert,10,,0.25,10,6,88.20651048282161,85.01166512398049,1758,1672,0.9129007017612522,0.9999998291762657
Gilbert,10,,0.25,10,7,76.85542949102819,90.63719411706552,1430,1664,0.8689874941125835,0.9999999792164567
Gilbert,10,,0.25,10,8,81.55219009285793,31.828983444953337,1942,828,0.9999999947151783,0.9999997214306541
Gilbert,10,,0.25,10,9,85.58845827286132,47.67852538288571,1530,1032,0.9627210046705994,0.9999996786122848
Gilbert,10,,0.25,10,10,78.83583077392541,99.17190739000216,1382,1656,0.7913808327890197,0.8055004503380463
Gilbert,10,,0.25,10,11,93.4278785919305,126.6356090689078,1760,2332,0.9709475368370686,0.9997791101732169
Gilbert,10,,0.25,10,12,113.62575005413964,87.50874808197841,1874,1446,0.7964709133854917,0.999999987434902
Gilbert,10,,0.25,10,13,89.05587303102948,59.56573400902562,1638,1096,0.8484419508427168,0.9999999652357308
Gilbert,10,,0.25,10,14,119.21750327385962,114.43606177903712,2028,1842,0.885915543772484,0.955199931588308
Gilbert,10,,0.25,10,15,85.12809555209242,48.6331801880151,1564,860,0.8889510616830903,0.998201944069861
Gilbert,10,,0.25,10,16,91.03297933703288,60.90530487103388,1704,1180,0.8783329562825526,0.9999995549843915
Gilbert,10,,0.25,10,17,109.36511141387746,73.38353643892333,1710,1276,0.8474325463746613,0.9999999841651945
Gilbert,10,,0.25,10,18,85.91090177302249,80.22055290895514,1586,1368,0.9999998997904319,0.9363186625997241
Gilbert,10,,0.25,10,19,125.70214324607514,73.1642773731146,1992,1360,0.9712948523318059,0.9999996403439194
Gilbert,11,,0.1,1,0,0.39662588853389025,0.32690304797142744,26,28,0.7019078575061469,0.8468679744524746
Gilbert,11,,0.1,1,1,0.36209921166300774,0.34411403350532055,26,24,0.4854164763022828,0.4222910819972349
Gilbert,11,,0.1,1,2,0.3740273667499423,0.4441094286739826,32,42,0.7636996571590371,0.9423610656361607
Gilbert,11,,0.1,1,3,0.3295368840917945,0.5174781754612923,26,52,0.7145827312206641,0.8545911891010887
Gilbert,11,,0.1,1,4,0.47315273620188236,0.4753548204898834,34,32,0.6010739287294817,0.7346336712178521
Gilbert,11,,0.1,1,5,0.42262078914791346,0.5854187058284879,36,46,0.5408103352990091,0.9150473959440166
Gilbert,11,,0.1,1,6,0.45199876464903355,0.44598826114088297,32,38,0.6712885340810938,0.8387190939681951
Gilbert,11,,0.1,1,7,0.43824085872620344,0.3577406741678715,40,28,0.7369574496536365,0.8076373686805959
Gilbert,11,,0.1,1,8,0.33990480098873377,0.38318606931716204,28,34,0.815370054781328,0.9395538251201103
Gilbert,11,,0.1,1,9,0.4179642628878355,0.5865893494337797,36,46,0.540810335299009,0.9150473959440163
Gilbert,11,,0.1,1,10,0.2933560749515891,0.3567895470187068,26,36,0.8945449546654883,0.9298332118090017
Gilbert,11,,0.1,1,11,0.3568133069202304,0.4484005235135555,34,48,0.8657430973711063,0.8890505537060065
Gilbert,11,,0.1,1,12,0.4946082588285208,0.40095993131399155,48,38,0.8292583323391616,0.9327351498187673
Gilbert,11,,0.1,1,13,0.3721638135612011,0.4521643063053489,34,48,0.8657430973711063,0.8890505537060067
Gilbert,11,,0.1,1,14,0.4163914658129215,0.5149272419512272,34,32,0.6195196855175136,0.8060948824540238
Gilbert,11,,0.1,1,15,0.3805964784696698,0.4532030923292041,34,48,0.8657430973711064,0.889050553706006
Gilbert,11,,0.1,1,16,0.42452074866741896,0.42205226235091686,34,34,0.4439126222991345,0.45814239599515866
Gilbert,11,,0.1,1,17,0.49321776907891035,0.5818930584937334,44,58,0.7013476181477417,0.9301659854618419
Gilbert,11,,0.1,1,18,0.41820892319083214,0.4497826090082526,36,40,0.5339185144715761,0.7916401257762227
Gilbert,11,,0.1,1,19,0.3865113575011492,0.4729106854647398,28,38,0.6550160869473142,0.84164196056966
Gilbert,11,,0.1,2,0,0.7782593974843621,0.8275339724496007,62,68,0.878532480023561,0.9499697066685203
Gilbert,11,,0.1,2,1,1.333630752749741,0.7358396342024207,92,50,0.6884451802083412,0.8167366941891107
Gilbert,11,,0.1,2,2,0.8740030508488417,0.7977644102647901,70,68,0.8812800786150101,0.981293404915865
Gilbert,11,,0.1,2,3,0.7170939771458507,0.906925480812788,54,80,0.8481264029760976,0.9025712043643905
Gilbert,11,,0.1,2,4,0.6663258550688624,1.115276693366468,54,82,0.757819851766045,0.7346441666942893
Gilbert,11,,0.1,2,5,0.8747154278680682,0.810208173468709,68,74,0.7999707042955083,0.965558843667381
Gilbert,11,,0.1,2,6,0.7841145005077124,0.830936991609633,66,66,0.7957915317149553,0.8894152681704481
Gilbert,11,,0.1,2,7,0.8212343780323863,0.8858676077798009,64,64,0.8624155907142885,0.9180759214058745
Gilbert,11,,0.1,2,8,0.5252757603302598,1.0060117039829493,46,82,0.925509895161299,0.9419675774629432
Gilbert,11,,0.1,2,9,0.7892591450363398,0.8112661428749561,68,74,0.7999707042955072,0.9655588436673807
Gilbert,11,,0.1,2,10,0.7659914558753371,0.7699105255305767,62,76,0.975689436201733,0.9935619865798763
Gilbert,11,,0.1,2,11,0.6203967910259962,1.1135597648099065,58,100,0.93182377225961,0.9598639541540227
Gilbert,11,,0.1,2,12,0.8444788130000234,0.8112543066963553,70,64,0.9339936085792362,0.9801436346765585
Gilbert,11,,0.1,2,13,0.6219824822619557,1.1287074657157063,58,100,0.9318237722596096,0.9598639541540225
Gilbert,11,,0.1,2,14,1.1955114100128412,0.6799754211679101,88,56,0.7591932959447114,0.8765285527128397
Gilbert,11,,0.1,2,15,0.7405708311125636,1.1465602368116379,58,100,0.9318237722596088,0.9598639541540225
Gilbert,11,,0.1,2,16,1.03494624607265,0.8881776817142963,74,64,0.7155289273000905,0.8200779865474199
Gilbert,11,,0.1,2,17,1.0324233593419194,1.0096778459846973,80,84,0.8471748125386425,0.9728797851732397
Gilbert,11,,0.1,2,18,0.7405020501464605,1.0258017387241125,64,78,0.7824612867658516,0.9181337258492369
Gilbert,11,,0.1,2,19,0.9984328653663397,0.9067269684746861,74,60,0.7280147840090709,0.9371320907904774
Gilbert,11,,0.1,3,0,1.4185553975403309,1.7272151997312903,100,120,0.9415007226913477,0.9764018977885991
Gilbert,11,,0.1,3,1,2.681412173435092,1.7634409684687853,156,100,0.732436473211251,0.953402167003583
Gilbert,11,,0.1,3,2,2.1186112808063626,1.7187477592378855,136,118,0.9281083621598328,0.9889923591845973
Gilbert,11,,0.1,3,3,1.550441131927073,1.898095952346921,102,134,0.8951835117338403,0.9353775931113001
Gilbert,11,,0.1,3,4,1.2460576528683305,2.22282010409981,78,134,0.8693594105803117,0.8780626954857104
Gilbert,11,,0.1,3,5,1.495098190382123,1.5153744127601385,102,106,0.9062147700768931,0.9865983262749515
Gilbert,11,,0.1,3,6,1.9818523721769452,1.6912897704169154,120,110,0.8508642148201464,0.9203571558744661
Gilbert,11,,0.1,3,7,1.3916215095669031,1.898495971225202,92,114,0.9134006735235651,0.9582134637350765
Gilbert,11,,0.1,3,8,1.0668925400823355,1.7890059296041727,76,130,0.96305124764487,0.944672841908378
Gilbert,11,,0.1,3,9,1.5544283902272582,1.5251257792115211,102,106,0.9062147700768912,0.9865983262749511
Gilbert,11,,0.1,3,10,1.6846990548074245,1.933496369048953,118,144,0.9999999997418251,0.9999999998042178
Gilbert,11,,0.1,3,11,1.1961898701265454,1.9682658175006509,90,150,0.9610332895548583,0.9869221441363811
Gilbert,11,,0.1,3,12,1.3733259681612253,1.5649217879399657,102,104,0.9626936365165586,0.9914171783607166
Gilbert,11,,0.1,3,13,1.2175842728465796,1.9922429583966732,90,150,0.9610332895548583,0.9869221441363796
Gilbert,11,,0.1,3,14,2.651351798325777,1.904925374314189,152,106,0.8406545075583738,0.8939225071709848
Gilbert,11,,0.1,3,15,1.2287395168095827,1.9879183480516076,90,150,0.9610332895548583,0.9869221441363796
Gilbert,11,,0.1,3,16,3.2246286356821656,2.4412192162126303,178,138,0.8117336790022323,0.9473986739711598
Gilbert,11,,0.1,3,17,1.9610799252986908,2.1147336419671774,126,142,0.9037334934177129,0.9828495594273038
Gilbert,11,,0.1,3,18,1.7090932289138436,1.742644147016108,106,120,0.858241528062085,0.9643996070571764
Gilbert,11,,0.1,3,19,2.906108131632209,1.5291593689471483,144,92,0.8873221291474058,0.9704038715802727
Gilbert,11,,0.1,4,0,2.2532878825441003,2.8614136669784784,136,170,0.9810659509738364,0.9952056041160611
Gilbert,11,,0.1,4,1,5.660096473991871,5.629869502037764,266,238,0.7791032978928142,0.9997359714033994
Gilbert,11,,0.1,4,2,4.705197434872389,2.920893045142293,242,168,0.9535957624078305,0.9930362444519893
Gilbert,11,,0.1,4,3,2.7218311838805676,6.810093571431935,150,338,0.9444975531676703,0.9999976219943376
Gilbert,11,,0.1,4,4,2.0080361599102616,3.781673070974648,106,194,0.9404458397499617,0.8967662931190485
Gilbert,11,,0.1,4,5,4.776998730376363,2.565538737922907,230,146,0.9261719181140391,0.9924435775541328
Gilbert,11,,0.1,4,6,5.0791094694286585,5.179215458221734,240,246,0.8693255043944661,0.9399455055388798
Gilbert,11,,0.1,4,7,2.2008472234010696,3.3375170743092895,122,168,0.94200980626162,0.9852486764925058
Gilbert,11,,0.1,4,8,1.7207404775545,4.328832094557583,106,240,0.9852916893682672,0.9973473010791978
Gilbert,11,,0.1,4,9,4.916179650463164,2.596571401692927,230,146,0.9261719181140423,0.992443577554134
Gilbert,11,,0.1,4,10,2.6827692799270153,2.785429397597909,162,184,0.9999999999684207,0.99999999996969
Gilbert,11,,0.1,4,11,2.1770551931113005,3.0380070339888334,130,200,0.9804463017593403,0.9966800370787132
Gilbert,11,,0.1,4,12,2.6665998166427016,2.8683197954669595,150,156,0.9747110346639758,0.9949215418937751
Gilbert,11,,0.1,4,13,2.1938132289797068,3.046299898996949,130,200,0.9804463017593403,0.9966800370787134
Gilbert,11,,0.1,4,14,5.008345355279744,3.6808257391676307,238,176,0.8646336312102924,0.9512110629443083
Gilbert,11,,0.1,4,15,2.119834691286087,3.203984779305756,130,200,0.9804463017593411,0.996680037078712
Gilbert,11,,0.1,4,16,7.752506297081709,6.097492747940123,338,274,0.8241249521589171,0.9751208583408982
Gilbert,11,,0.1,4,17,3.2711205054074526,3.8490090100094676,176,206,0.9626316293654548,0.9884519747982129
Gilbert,11,,0.1,4,18,4.4694922072812915,3.268611147068441,208,174,0.8827310079375589,0.9865117979183504
Gilbert,11,,0.1,4,19,5.947481879964471,2.6295721167698503,242,126,0.9057617962577702,0.9836675179710008
Gilbert,11,,0.1,5,0,3.563640638254583,4.709656143561006,186,236,0.9916983731313247,0.9962627650967043
Gilbert,11,,0.1,5,1,10.423837999813259,9.578040107153356,404,360,0.8921315470600114,0.9999999999853489
Gilbert,11,,0.1,5,2,8.584969203919172,5.529454035684466,374,258,0.985634285825576,0.9976079549350483
Gilbert,11,,0.1,5,3,4.809970010071993,8.725874881260097,218,404,0.9665014976589056,0.9999998851066759
Gilbert,11,,0.1,5,4,3.113584107719362,6.217985059134662,140,268,0.965016412634191,0.9056445539537934
Gilbert,11,,0.1,5,5,7.388321550562978,4.5016842763870955,310,210,0.9244942069065132,0.9973092691218428
Gilbert,11,,0.1,5,6,7.61818756442517,12.567743670195341,324,478,0.9109299068430444,0.9911679282791506
Gilbert,11,,0.1,5,7,3.5610120370984077,7.184058140031993,164,286,0.9566269694392364,0.9875317399566111
Gilbert,11,,0.1,5,8,2.686228726990521,7.413072084076703,140,352,0.9938786482919166,0.9962576177886809
Gilbert,11,,0.1,5,9,7.5159437116235495,4.565686271525919,310,210,0.9244942069065635,0.9973092691218426
Gilbert,11,,0.1,5,10,3.56138664111495,3.7197163393720984,196,214,0.9999999998239283,0.9999999995009736
Gilbert,11,,0.1,5,11,3.5572049785405397,5.606553046032786,178,286,0.9894025689039094,0.9969341097772324
Gilbert,11,,0.1,5,12,4.374623343348503,5.341277523897588,202,232,0.9868893408951066,0.99728880020375
Gilbert,11,,0.1,5,13,3.631605672650039,5.66431840788573,178,286,0.989402568903909,0.9969341097772322
Gilbert,11,,0.1,5,14,7.340936461463571,13.189706148579717,308,448,0.9278232415080444,0.9999999985725495
Gilbert,11,,0.1,5,15,3.5650014458224177,5.613333084620535,178,286,0.9894025689039102,0.9969341097772326
Gilbert,11,,0.1,5,16,10.721013677306473,10.783612214960158,424,404,0.8881390488043205,0.9999999999664121
Gilbert,11,,0.1,5,17,6.004272892139852,6.709385479800403,256,292,0.9636616438357335,0.996679292708362
Gilbert,11,,0.1,5,18,8.157554108649492,6.205063434317708,318,258,0.8852977959219105,0.9886992225275273
Gilbert,11,,0.1,5,19,10.299524774774909,4.786388540640473,354,174,0.6428044837922204,0.9886976773047417
Gilbert,11,,0.1,6,0,7.387508654035628,20.399781334213912,302,712,0.9922498408704976,0.9998374261331947
Gilbert,11,,0.1,6,1,14.563147574663162,16.6961242351681,512,532,0.8899797202214884,0.9999999935942036
Gilbert,11,,0.1,6,2,14.088994373567402,9.319899816066027,522,364,0.9925459990765212,0.9992509757436812
Gilbert,11,,0.1,6,3,8.187861560843885,11.38424479495734,314,478,0.9819398590295314,0.9999988520841634
Gilbert,11,,0.1,6,4,4.666552172973752,10.291468679904938,178,370,0.9738389620785757,0.9158990775966035
Gilbert,11,,0.1,6,5,11.96648016385734,7.7355939680710435,436,296,0.9284592835987241,0.9992037559903287
Gilbert,11,,0.1,6,6,10.701449221000075,19.27510006632656,408,660,0.9157526549003867,0.9999999718687466
Gilbert,11,,0.1,6,7,4.9965561758726835,14.992934886366129,200,480,0.9744280072575895,0.9971881501627601
Gilbert,11,,0.1,6,8,4.908084677532315,18.4088654210791,204,674,0.997767072660243,0.9994693515804446
Gilbert,11,,0.1,6,9,12.440079274587333,8.085939642041922,436,296,0.9284592836056895,0.9992037559903283
Gilbert,11,,0.1,6,10,4.89462648332119,4.8646793914958835,234,246,0.9999999999875774,0.9999999999199365
Gilbert,11,,0.1,6,11,5.9446409214288,13.68803617078811,246,516,0.9947382347748194,0.9998133574686796
Gilbert,11,,0.1,6,12,6.423843409866095,8.71316837053746,256,318,0.9928208565657934,0.9991101894641456
Gilbert,11,,0.1,6,13,6.059455399401486,25.571134021505713,246,846,0.9947382347748209,0.9998603070479789
Gilbert,11,,0.1,6,14,14.978761182166636,19.117603534832597,490,588,0.9545315222453971,0.9999999985848522
Gilbert,11,,0.1,6,15,6.134533888660371,24.37668900284916,246,810,0.9947382347748213,0.999860282761179
Gilbert,11,,0.1,6,16,13.991635045967996,15.807421512901783,502,528,0.8639232561750452,0.9999999998976772
Gilbert,11,,0.1,6,17,12.08447854500264,10.801097708754241,398,392,0.9908394998548004,0.9989519198428862
Gilbert,11,,0.1,6,18,14.10327089112252,15.615490739233792,464,488,0.9127073803805731,0.9989791585579327
Gilbert,11,,0.1,6,19,17.448808745481074,8.30372595693916,506,248,0.9540719177764624,0.9900052592848773
Gilbert,11,,0.1,7,0,17.532889013178647,28.758742068894207,574,936,0.9997148248799781,0.9997751989012877
Gilbert,11,,0.1,7,1,23.71094740089029,22.62394285388291,710,664,0.916360402513719,0.9999998667228217
Gilbert,11,,0.1,7,2,28.985887210816145,15.105417490005493,894,506,0.9913978454400693,0.9996563187073411
Gilbert,11,,0.1,7,3,18.980566354468465,17.572199013084173,580,632,0.9846593467906279,0.9999992475824796
Gilbert,11,,0.1,7,4,7.023483267985284,35.8453220911324,230,920,0.9799206706605621,0.9858515172773178
Gilbert,11,,0.1,7,5,19.63288306631148,12.52837441302836,612,406,0.9512233046797816,0.9996964836042185
Gilbert,11,,0.1,7,6,16.072479469701648,23.640296697616577,534,752,0.9405948969874,0.9999999662054905
Gilbert,11,,0.1,7,7,6.79921240080148,24.87409207224846,240,704,0.9840623534038134,0.9980585010371936
Gilbert,11,,0.1,7,8,7.675386757589877,47.938903274945915,276,1416,0.9998924217303691,0.9994735793958022
Gilbert,11,,0.1,7,9,20.05654789879918,12.955684124492109,604,406,0.9512232894802656,0.9996964836042331
Gilbert,11,,0.1,7,10,5.799520954489708,5.815436687320471,260,274,0.9999999999926518,0.9999999998916161
Gilbert,11,,0.1,7,11,10.719910386018455,35.21418984699994,360,1042,0.9991967370705588,0.9999814383236646
Gilbert,11,,0.1,7,12,11.003282451070845,11.795243125408888,362,390,0.9946943604024077,0.9997689416030957
Gilbert,11,,0.1,7,13,10.835753506049514,45.57042258698493,360,1346,0.999196737070575,0.9999977746695257
Gilbert,11,,0.1,7,14,22.937390697188675,26.285352259874344,652,732,0.9566796970853069,0.9999995629861814
Gilbert,11,,0.1,7,15,10.69650855101645,44.454415718093514,360,1298,0.9991967370705566,0.9999995141997216
Gilbert,11,,0.1,7,16,21.517064083367586,44.81227978505194,654,1114,0.9232746893871757,0.998786179355725
Gilbert,11,,0.1,7,17,20.910044266842306,16.79529883246869,584,516,0.992309020326486,0.9995138219629374
Gilbert,11,,0.1,7,18,23.592199535109103,51.285085392184556,650,1220,0.9435917627074779,0.9996958231902102
Gilbert,11,,0.1,7,19,27.317123415879905,18.202809081412852,672,428,0.9606280518256367,0.9971631465184085
Gilbert,11,,0.1,8,0,21.376814525574446,53.47339564561844,662,1496,0.9999999975288365,0.9999217263570667
Gilbert,11,,0.1,8,1,39.88464628905058,28.6596186645329,1016,774,0.9150828515690376,0.9999999042259402
Gilbert,11,,0.1,8,2,47.3389495825395,25.205067368224263,1270,726,0.9956961948493744,0.9998489197068132
Gilbert,11,,0.1,8,3,28.752429243177176,22.69536083098501,788,742,0.9829287107106182,0.9999993927702189
Gilbert,11,,0.1,8,4,10.179831144399941,54.80084730871022,288,1288,0.9869525507216691,0.991742308432045
Gilbert,11,,0.1,8,5,27.523015465587378,19.994723508134484,764,554,0.9353577377920212,0.9999209451605157
Gilbert,11,,0.1,8,6,25.2649146001786,29.453827786259353,724,880,0.946377128842043,0.9999989896534592
Gilbert,11,,0.1,8,7,10.30770524404943,47.056050206534564,306,1112,0.987172692614311,0.9990402702748244
Gilbert,11,,0.1,8,8,12.646786173805594,89.40588396042585,386,2310,0.9999999855060395,0.9999820988710046
Gilbert,11,,0.1,8,9,27.942935370840132,20.848175797611475,752,554,0.9353577373473696,0.9999209452419928
Gilbert,11,,0.1,8,10,7.140726239420474,7.305123124271631,288,302,0.9999999999999374,0.9999999994625663
Gilbert,11,,0.1,8,11,16.748759856447577,55.55178954638541,490,1472,0.999999993379509,0.9999205161687443
Gilbert,11,,0.1,8,12,17.62859281990677,18.729875195771456,486,520,0.9983867369593571,0.9999391023707512
Gilbert,11,,0.1,8,13,16.617125620134175,57.637398201972246,490,1580,0.9999999933827244,0.9999998517444403
Gilbert,11,,0.1,8,14,33.258766998536885,38.29042898956686,836,942,0.978995806207525,0.999999999543756
Gilbert,11,,0.1,8,15,17.048925273120403,55.81413969770074,490,1520,0.9999999934167833,0.9999999792662732
Gilbert,11,,0.1,8,16,30.489216094836593,55.1819718638435,818,1308,0.9745068391113356,0.9999999739806039
Gilbert,11,,0.1,8,17,38.631516406312585,27.00514026172459,902,702,0.9951402947172657,0.9997653847078337
Gilbert,11,,0.1,8,18,39.61441321671009,129.959138748236,940,2614,0.967615420301225,0.9996398893685506
Gilbert,11,,0.1,8,19,54.30096397642046,28.419260904192924,1092,588,0.9858827112941763,0.9975317212601926
Gilbert,11,,0.1,9,0,26.968382264487445,83.36430040653795,778,2112,0.9999999991711229,0.999999731939325
Gilbert,11,,0.1,9,1,56.186292122118175,37.268996118567884,1292,924,0.9495064973988295,0.9999999735395523
Gilbert,11,,0.1,9,2,62.26993836089969,34.54042196832597,1568,906,0.9956971354508196,0.9999359221541129
Gilbert,11,,0.1,9,3,56.35448417440057,32.719271396286786,1312,940,0.9922538139818999,0.9999999112732837
Gilbert,11,,0.1,9,4,13.982342509552836,81.99927808064967,354,1746,0.9908004286647013,0.9926246913468946
Gilbert,11,,0.1,9,5,46.564258787781,28.706676173955202,1112,714,0.9773382239657958,0.9999718488442573
Gilbert,11,,0.1,9,6,49.48013726621866,37.12959115486592,1164,1000,0.9602773252405151,0.9999996780197505
Gilbert,11,,0.1,9,7,16.08629202656448,110.26005905680358,400,2250,0.9888682451525305,0.9993969209078654
Gilbert,11,,0.1,9,8,18.19922075793147,109.96556300204247,498,2724,0.9999998849577137,0.999999694341805
Gilbert,11,,0.1,9,9,46.535169339738786,34.51073646917939,1068,786,0.977338252791571,0.9999720539893434
Gilbert,11,,0.1,9,10,8.644111102446914,8.558101490139961,318,330,0.9999999999923992,0.9999999999960877
Gilbert,11,,0.1,9,11,23.600762763991952,81.41201055422425,616,1964,0.99999999405505,0.9999990933849721
Gilbert,11,,0.1,9,12,26.0892184227705,30.33739216160029,636,724,0.9994074977511281,0.9999831491750308
Gilbert,11,,0.1,9,13,23.902516468428075,66.6791498856619,618,1744,0.9999999957479986,0.9999999714583869
Gilbert,11,,0.1,9,14,54.52008966356516,49.39140046853572,1164,1120,0.981888675784948,0.9999998147773884
Gilbert,11,,0.1,9,15,23.96409291960299,61.590559772215784,612,1642,0.9999999950509191,0.9999987728225679
Gilbert,11,,0.1,9,16,54.737773357890546,77.02080134488642,1190,1642,0.9478782969355611,0.9999999958749477
Gilbert,11,,0.1,9,17,86.61817044671625,38.21735631953925,1648,882,0.9954102188264239,0.9998973703416186
Gilbert,11,,0.1,9,18,57.95930474437773,152.00809942744672,1234,2970,0.9717074669862503,0.9999999947325885
Gilbert,11,,0.1,9,19,95.55009577795863,46.15368456579745,1624,832,0.9865042504606267,0.9986783487676153
Gilbert,11,,0.1,10,0,34.9244639929384,112.38219558820128,928,2644,0.9999999987764139,0.9999999820690418
Gilbert,11,,0.1,10,1,77.44679535273463,48.20268026739359,1610,1078,0.9434012656006839,0.9999999845523931
Gilbert,11,,0.1,10,2,99.19115572981536,45.934253262355924,2198,1096,0.9981952935970417,0.9999701810614084
Gilbert,11,,0.1,10,3,82.54406805243343,41.69292037282139,1748,1100,0.9951549505899083,0.9999995914019835
Gilbert,11,,0.1,10,4,18.829852869734168,151.33878773171455,428,2766,0.9922692307716171,0.9964433323110287
Gilbert,11,,0.1,10,5,82.42087815981358,45.8823361787945,1696,986,0.9969219011553118,0.999982420248637
Gilbert,11,,0.1,10,6,66.18504983186722,52.749243087135255,1444,1264,0.9647334836940629,0.9999999199119984
Gilbert,11,,0.1,10,7,27.80632491968572,160.20627920422703,578,3016,0.9950410540134971,0.9995100701573347
Gilbert,11,,0.1,10,8,24.37561256531626,146.18109923228621,610,3314,0.9999999921065463,0.9999983248822328
Gilbert,11,,0.1,10,9,86.67918178066611,56.11706789396703,1668,1112,0.9969219089687629,0.9999823935397744
Gilbert,11,,0.1,10,10,10.37503431364894,9.98839365504682,348,356,0.9999999999922677,0.9999999999994308
Gilbert,11,,0.1,10,11,29.916744459420443,95.57847849372774,724,2204,0.9999999919982964,0.9999990311806708
Gilbert,11,,0.1,10,12,35.450647874735296,39.74442511983216,774,864,0.9998568968511364,0.9999918666355461
Gilbert,11,,0.1,10,13,29.95439339708537,85.3631712011993,722,2056,0.999999992839263,0.9999999036813745
Gilbert,11,,0.1,10,14,94.46183209028095,77.40944426879287,1714,1500,0.988899450684621,0.9999999822158235
Gilbert,11,,0.1,10,15,31.36291063018143,74.07666796073318,740,1842,0.9999999934140535,0.999999987257444
Gilbert,11,,0.1,10,16,80.0752888508141,113.2397564696148,1546,2158,0.973267713692682,0.9999997765457044
Gilbert,11,,0.1,10,17,140.15384748205543,48.552599425427616,2396,1030,0.9964521137344553,0.9999503375299008
Gilbert,11,,0.1,10,18,86.53929174505174,173.15168981719762,1634,3268,0.9752258211489513,0.9999998226017761
Gilbert,11,,0.1,10,19,140.53706827014685,58.09737370721996,2184,982,0.9876247164458494,0.9991735673628186
Gilbert,11,,0.25,1,0,0.4429311731364578,0.412244264036417,18,28,0.2925866389272522,0.7860553485286251
Gilbert,11,,0.25,1,1,0.3273114920593798,0.347476544091478,16,18,0.3200907838969597,0.3670465856341538
Gilbert,11,,0.25,1,2,0.3547602279577404,0.40356074506416917,20,20,0.29667707733362764,0.2966770773336279
Gilbert,11,,0.25,1,3,0.49134555994533,0.5572981708683074,38,40,0.3617673968796382,0.3390522204883318
Gilbert,11,,0.25,1,4,0.32826008507981896,0.40676644491031766,18,20,0.35135620877195245,0.2804098162495186
Gilbert,11,,0.25,1,5,0.42246067500673234,0.3553006649017334,20,20,0.2808717602600523,0.23807663648861704
Gilbert,11,,0.25,1,6,0.30091606196947396,0.33748316508717835,16,18,0.4057825766541627,0.3202484036313221
Gilbert,11,,0.25,1,7,0.36683173081837595,0.44273891183547676,16,32,0.31939975258404396,0.8001859241360374
Gilbert,11,,0.25,1,8,0.37227583304047585,0.2965707750990987,16,16,0.3143508001363476,0.2827793318792899
Gilbert,11,,0.25,1,9,0.3760992041788995,0.3385952648241073,26,22,0.45138040161214305,0.31866662748714986
Gilbert,11,,0.25,1,10,0.4659433120395988,0.40932928677648306,22,22,0.25473642078639147,0.25473642078639236
Gilbert,11,,0.25,1,11,0.293605315964669,0.33151581906713545,16,20,0.3872662143610081,0.2924532464654958
Gilbert,11,,0.25,1,12,0.3105789858382195,0.40727382409386337,16,16,0.4741963351533818,0.4741963351533818
Gilbert,11,,0.25,1,13,0.36520938901230693,0.36347168404608965,20,20,0.31480236115706256,0.29871223876311975
Gilbert,11,,0.25,1,14,0.3677088760305196,0.3610709779895842,20,20,0.31361254948076384,0.3136125494807647
Gilbert,11,,0.25,1,15,0.29800826986320317,0.2859165440313518,16,14,0.4203421994314832,0.42311700311954636
Gilbert,11,,0.25,1,16,0.3028976758942008,0.35448961588554084,16,22,0.3570982842360613,0.385110612943061
Gilbert,11,,0.25,1,17,0.4200682369992137,0.3213888010941446,16,18,0.3669587347183156,0.24903993918527534
Gilbert,11,,0.25,1,18,0.48005820298567414,0.3519773620646447,20,20,0.2993439503783322,0.3154237271463793
Gilbert,11,,0.25,1,19,0.5576172908768058,0.4775228078942746,36,42,0.6713406961481451,0.8752800865043537
Gilbert,11,,0.25,2,0,1.2707892931066453,0.8191392349544913,74,52,0.6124705229947348,0.8965440458051294
Gilbert,11,,0.25,2,1,0.8849134349729866,0.7624712900724262,54,48,0.5310786719045343,0.782575277665163
Gilbert,11,,0.25,2,2,1.4807713811751455,1.446136852959171,80,80,0.4300073187393614,0.43000731873936393
Gilbert,11,,0.25,2,3,1.0522575741633773,1.2606173160020262,74,90,0.5918913909587227,0.6780805646749836
Gilbert,11,,0.25,2,4,1.1644803690724075,0.9751966400071979,64,56,0.48426729558025805,0.5855728815960837
Gilbert,11,,0.25,2,5,2.1747453219722956,1.3152035661041737,118,66,0.6229029999675034,0.5817959973129355
Gilbert,11,,0.25,2,6,1.6684814800973982,0.7784208210650831,98,44,0.6423263109486255,0.7217167391938631
Gilbert,11,,0.25,2,7,0.9546063020825386,0.8874727848451585,56,58,0.6238737809832325,0.8908824127726609
Gilbert,11,,0.25,2,8,0.8024429981596768,0.9778793989680707,50,56,0.2478543787744264,0.5420605027166434
Gilbert,11,,0.25,2,9,1.1433986821211874,0.7930597600061446,72,48,0.6662741295717419,0.8094521791565154
Gilbert,11,,0.25,2,10,1.7848389891441911,1.8845315391663462,88,88,0.3308892264935638,0.3308892264935645
Gilbert,11,,0.25,2,11,1.878461190033704,0.7967316880822182,106,46,0.5634400082295412,0.8101816402118769
Gilbert,11,,0.25,2,12,1.4552383120171726,1.4544476619921625,74,74,0.540024773162006,0.5400247731620061
Gilbert,11,,0.25,2,13,1.4974117279052734,1.631331783020869,74,82,0.4998007281471514,0.48026071714067065
Gilbert,11,,0.25,2,14,1.9021516388747841,1.9443555120378733,96,96,0.31770890930205864,0.31770890930205936
Gilbert,11,,0.25,2,15,1.4634067530278116,1.0303244241513312,80,54,0.5125661488697213,0.5460887328516206
Gilbert,11,,0.25,2,16,1.7393276831135154,0.8839136930182576,94,50,0.5269641169785113,0.7877135464394222
Gilbert,11,,0.25,2,17,0.9440318820998073,0.9367720549926162,50,50,0.4334580012855387,0.676774695407658
Gilbert,11,,0.25,2,18,1.5011183670721948,0.9967162080574781,82,52,0.4684655619624022,0.5353194269444224
Gilbert,11,,0.25,2,19,1.3445743629708886,0.8735417111311108,98,64,0.7697741259252773,0.9426210833358135
Gilbert,11,,0.25,3,0,3.6221616719849408,1.5065192081965506,174,80,0.5816991827854079,0.952175508510556
Gilbert,11,,0.25,3,1,2.0375918159261346,1.7136932951398194,104,92,0.6189948583232443,0.5808168646127878
Gilbert,11,,0.25,3,2,3.3975871801376343,3.4871932920068502,154,154,0.4944528629036533,0.4944528629036514
Gilbert,11,,0.25,3,3,2.4682294379454106,2.6827167242299765,136,152,0.6027188195038989,0.39959706934948686
Gilbert,11,,0.25,3,4,6.938482674071565,2.4753601201809943,290,114,0.8162699906774487,0.4940406539142077
Gilbert,11,,0.25,3,5,4.954617163166404,2.646764271892607,218,116,0.7735751313667233,0.22710607077603556
Gilbert,11,,0.25,3,6,3.138116099173203,2.4551442458759993,156,112,0.6416613189131972,0.9090755014279484
Gilbert,11,,0.25,3,7,2.8798385539557785,1.5959482619073242,138,86,0.66232818709928,0.9494916838851144
Gilbert,11,,0.25,3,8,2.182292893063277,2.8182125850580633,102,130,0.5188821366879359,0.6191512242346625
Gilbert,11,,0.25,3,9,2.649046828970313,2.1291292370297015,142,108,0.6700776525701699,0.9999999998969188
Gilbert,11,,0.25,3,10,3.9688236699439585,4.054233571048826,156,156,0.4264780187783835,0.42647801877838204
Gilbert,11,,0.25,3,11,3.2378575280308723,2.5530706900171936,164,122,0.5944303054732354,0.9188779694105741
Gilbert,11,,0.25,3,12,3.756649131886661,3.672088040970266,156,156,0.9615567349968885,0.961556734996895
Gilbert,11,,0.25,3,13,4.382522486150265,3.3215047721751034,172,136,0.5682374335453659,0.4515415868584466
Gilbert,11,,0.25,3,14,3.760262530995533,3.862317755119875,160,160,0.2483316405464004,0.24833164054640183
Gilbert,11,,0.25,3,15,2.734597278991714,2.2699216878972948,130,100,0.639696287643176,0.7700299218651927
Gilbert,11,,0.25,3,16,2.932373548159376,2.8859852098394185,138,128,0.5480078002657334,0.9085982011900652
Gilbert,11,,0.25,3,17,2.3803302871529013,2.626688720891252,106,112,0.6468498434890173,0.5423704681808753
Gilbert,11,,0.25,3,18,3.629583310103044,2.3430888690054417,150,100,0.664136031965624,0.6543738475166955
Gilbert,11,,0.25,3,19,2.445861455053091,1.5080541209317744,154,100,0.8311514086951112,0.9682126841241098
Gilbert,11,,0.25,4,0,6.379143699072301,2.5142997689545155,260,112,0.7331540023989818,0.9772787120044146
Gilbert,11,,0.25,4,1,4.9615150860045105,4.8475107359699905,204,202,0.6196589313930864,0.9999999996389487
Gilbert,11,,0.25,4,2,8.682362083112821,8.682864711852744,308,308,0.6032321413812222,0.6032321413812534
Gilbert,11,,0.25,4,3,4.986712108133361,6.412476578028873,222,280,0.6592847121245932,0.9463119855703735
Gilbert,11,,0.25,4,4,10.192329701967537,8.040887564886361,392,282,0.8263118135192288,0.7656181837483425
Gilbert,11,,0.25,4,5,10.087128886952996,11.027729413006455,362,352,0.8075543591218912,0.771253667152093
Gilbert,11,,0.25,4,6,6.384219832951203,6.42238496709615,258,236,0.8103078816756067,0.9104232120875387
Gilbert,11,,0.25,4,7,5.746130750980228,2.6713241699617356,228,122,0.8562274488940593,0.9740448869986386
Gilbert,11,,0.25,4,8,5.066340929130092,6.123225222807378,188,230,0.8108779433604593,0.7863771742410055
Gilbert,11,,0.25,4,9,4.364908029092476,4.017332679126412,200,170,0.533354237789287,0.9999999996215682
Gilbert,11,,0.25,4,10,7.807602440007031,7.750112826004624,250,250,0.43653072734585746,0.4365307273458576
Gilbert,11,,0.25,4,11,5.672834241064265,5.566647146828473,236,210,0.6794057583011655,0.9999999999968131
Gilbert,11,,0.25,4,12,7.475113080115989,7.579474443104118,260,260,0.7388084377069319,0.7388084377070215
Gilbert,11,,0.25,4,13,6.9805844239890575,7.620931623969227,236,246,0.5998062549938543,0.6038801289941367
Gilbert,11,,0.25,4,14,12.248339468147606,11.961740244179964,378,376,0.517983850421522,0.5179838492022634
Gilbert,11,,0.25,4,15,6.0346051880624145,4.744960301788524,230,166,0.7549280787330854,0.7637709497034136
Gilbert,11,,0.25,4,16,7.348182000918314,5.862279808148742,264,214,0.6330103447063525,0.9999999999810386
Gilbert,11,,0.25,4,17,4.269951882073656,5.886006515938789,158,206,0.694964890938462,0.7365536772880259
Gilbert,11,,0.25,4,18,8.785669272067025,7.708737172884867,294,238,0.7751600137249065,0.7698443367305859
Gilbert,11,,0.25,4,19,4.850184531882405,2.658994155935943,232,134,0.8311671764023514,0.9821547218602029
Gilbert,11,,0.25,5,0,11.175571743864566,4.123721069889143,388,154,0.8203235034700945,0.9855303426059917
Gilbert,11,,0.25,5,1,8.137970083160326,13.330213760957122,296,446,0.6366264397051152,0.9999999993133276
Gilbert,11,,0.25,5,2,13.51251899311319,13.431219608988613,424,422,0.6999999995633452,0.6999999994494012
Gilbert,11,,0.25,5,3,9.883689899928868,9.59134857612662,358,368,0.7555277470013143,0.9788536450838613
Gilbert,11,,0.25,5,4,20.32299102586694,14.50268548191525,640,438,0.8862864846975604,0.8164204225218537
Gilbert,11,,0.25,5,5,16.739042692119256,22.318696655798703,518,616,0.6730101062085433,0.8306399280500308
Gilbert,11,,0.25,5,6,9.488829892128706,10.290922448039055,338,338,0.4669887093307832,0.9746645627557784
Gilbert,11,,0.25,5,7,9.434052865952253,4.442087057977915,322,168,0.8698959003930087,0.9819844078838557
Gilbert,11,,0.25,5,8,11.637751791160554,9.30526077398099,358,312,0.8656291300288333,0.76555829000676
Gilbert,11,,0.25,5,9,9.614664837019518,5.994557224912569,344,222,0.7814196828871506,0.9999999999516321
Gilbert,11,,0.25,5,10,15.99944316293113,16.28355981502682,414,414,0.5939435728942962,0.5939435728942998
Gilbert,11,,0.25,5,11,9.631799281109124,8.447513123042881,338,284,0.6754451124745255,0.99999999999931
Gilbert,11,,0.25,5,12,11.30521108605899,11.113028821069747,344,344,0.8143086023522429,0.8143086025705345
Gilbert,11,,0.25,5,13,16.81048619491048,12.442499537952244,448,350,0.6879220606418791,0.6491487263181357
Gilbert,11,,0.25,5,14,18.19687106506899,18.718186037847772,502,514,0.5534450303658135,0.5534450308639933
Gilbert,11,,0.25,5,15,15.857661162037402,11.656982257030904,464,328,0.999999997730856,0.8788215373520594
Gilbert,11,,0.25,5,16,14.785169747890905,9.295800376916304,446,298,0.744741714182123,0.9999999996583133
Gilbert,11,,0.25,5,17,9.398402231978253,12.728948889998719,270,366,0.6795845854226167,0.9492835446678469
Gilbert,11,,0.25,5,18,13.035048563033342,14.519392098998651,376,386,0.7860373918065806,0.8008717513615705
Gilbert,11,,0.25,5,19,8.776859500911087,4.821824412792921,344,200,0.8631019841315707,0.9861579099179842
Gilbert,11,,0.25,6,0,16.61752672609873,6.746591885806993,506,212,0.8221201496958406,0.9876723647290002
Gilbert,11,,0.25,6,1,15.684683421859518,21.049468426965177,480,632,0.6874314853144174,0.7861225439596148
Gilbert,11,,0.25,6,2,21.51501638814807,27.555603405926377,588,702,0.6147141016985058,0.737224466559644
Gilbert,11,,0.25,6,3,16.182701896876097,15.321430813055485,506,504,0.7689681891015638,0.9872803439732105
Gilbert,11,,0.25,6,4,28.123033260926604,24.351357688894495,800,648,0.9568310351714444,0.9226281491980236
Gilbert,11,,0.25,6,5,27.385922109009698,28.346136664040387,726,734,0.7903107453591203,0.8744766325473087
Gilbert,11,,0.25,6,6,20.480034343898296,16.489441689103842,572,468,0.9337837804639761,0.985600052342311
Gilbert,11,,0.25,6,7,14.23596748104319,7.095899767940864,430,224,0.9159059152732939,0.9848922905950075
Gilbert,11,,0.25,6,8,16.284100250108168,17.29221934801899,456,482,0.7364198254442386,0.7714391360313106
Gilbert,11,,0.25,6,9,19.907501915004104,8.436390649992973,580,280,0.8067181156547863,0.9999999999681117
Gilbert,11,,0.25,6,10,24.714065181091428,24.36671624192968,556,550,0.5763069567156112,0.5763069544992255
Gilbert,11,,0.25,6,11,20.222537571098655,13.568274222081527,556,392,0.7802520048965511,0.9999999997927603
Gilbert,11,,0.25,6,12,18.598804007051513,18.948449946939945,474,480,0.8144879783483406,0.8144879773746283
Gilbert,11,,0.25,6,13,27.920225341804326,17.450180385960266,642,438,0.7457124623408383,0.6854139674153947
Gilbert,11,,0.25,6,14,31.894016732927412,32.76007542293519,744,758,0.5695525878424885,0.5695525905001517
Gilbert,11,,0.25,6,15,22.25178083893843,17.943074146984145,592,442,0.9999999974620932,0.8853945057031506
Gilbert,11,,0.25,6,16,22.32887545111589,14.228755100863054,590,392,0.7604237740539362,0.9999999996881977
Gilbert,11,,0.25,6,17,16.15412950888276,25.49650547420606,398,600,0.8313387542043266,0.9511748733358167
Gilbert,11,,0.25,6,18,21.623972520930693,27.847069127019495,526,618,0.82412935401488,0.8268328641643382
Gilbert,11,,0.25,6,19,15.458228479139507,10.136999264126644,504,326,0.9338349021455576,0.9966196354563089
Gilbert,11,,0.25,7,0,26.989326894981787,13.455966589041054,706,340,0.7031470205490654,0.9920396692846648
Gilbert,11,,0.25,7,1,27.34015524107963,34.34471170604229,722,912,0.7387628740603924,0.999999996461778
Gilbert,11,,0.25,7,2,30.78402648679912,34.98866269993596,744,838,0.7042072204091149,0.7304162876650031
Gilbert,11,,0.25,7,3,24.354256115853786,27.349731057183817,672,746,0.8083184751490947,0.9916105177743267
Gilbert,11,,0.25,7,4,47.49142762995325,31.101626886054873,1152,766,0.9705132598090138,0.9145223116988591
Gilbert,11,,0.25,7,5,48.13106398098171,43.35344875580631,1066,982,0.8487997708440528,0.8937571340934245
Gilbert,11,,0.25,7,6,31.901400164933875,23.324967445107177,778,592,0.9437542004247697,0.9900007173400909
Gilbert,11,,0.25,7,7,24.9437108640559,20.089859100989997,626,468,0.9214234872149346,0.9949603995102244
Gilbert,11,,0.25,7,8,23.1452449739445,30.88111725100316,576,732,0.6810849755960291,0.8415690264150913
Gilbert,11,,0.25,7,9,33.137613884871826,13.891158817801625,816,386,0.8275109803395105,0.9999999625698095
Gilbert,11,,0.25,7,10,38.364958585007116,40.56666918704286,754,782,0.6649811306610107,0.6649811278549397
Gilbert,11,,0.25,7,11,35.4942452730611,22.050925285788253,836,542,0.8016162260866307,0.9999999977268111
Gilbert,11,,0.25,7,12,24.722540217917413,25.19813586305827,576,584,0.8520265182276536,0.852026518635592
Gilbert,11,,0.25,7,13,41.18196323001757,28.17678327788599,834,592,0.6890310424630546,0.7168390380928809
Gilbert,11,,0.25,7,14,41.97479038918391,43.27498497394845,892,914,0.6476000518526875,0.6476000525453225
Gilbert,11,,0.25,7,15,28.506525905104354,29.715339411981404,696,630,0.7490389985817123,0.9149888687136525
Gilbert,11,,0.25,7,16,31.586880741175264,22.103339241817594,744,520,0.8130769117567636,0.9999999963359154
Gilbert,11,,0.25,7,17,36.99478879594244,37.248773164115846,740,790,0.8842313147433831,0.9526158139909283
Gilbert,11,,0.25,7,18,32.340365601936355,35.78303670301102,696,734,0.8633409786257188,0.7396393630222386
Gilbert,11,,0.25,7,19,31.50357570894994,15.11982231400907,838,426,0.9407266239419876,0.9981531412524894
Gilbert,11,,0.25,8,0,46.262288618134335,20.508900893153623,1028,460,0.8077356965089959,0.9942514418865596
Gilbert,11,,0.25,8,1,38.33849239605479,41.43830788577907,878,1044,0.8143502304751326,0.9999999520562967
Gilbert,11,,0.25,8,2,40.9877828261815,51.477840018924326,902,1082,0.6999999924875226,0.7624152656985895
Gilbert,11,,0.25,8,3,34.22240413585678,41.00042361486703,850,990,0.8067615730217382,0.9957087730886126
Gilbert,11,,0.25,8,4,60.7215341150295,45.90534628601745,1362,996,0.9748258117441205,0.9409262764496917
Gilbert,11,,0.25,8,5,98.37232729280367,60.19396573700942,1822,1228,0.888190172256682,0.8595516953231073
Gilbert,11,,0.25,8,6,43.166220421902835,32.327234878903255,968,742,0.9596196714584094,0.9972006334460899
Gilbert,11,,0.25,8,7,38.442326402058825,38.55398472305387,852,778,0.9390960395790664,0.9960252752301216
Gilbert,11,,0.25,8,8,39.1005479991436,43.8533894601278,832,940,0.8737521275640291,0.8711025779015111
Gilbert,11,,0.25,8,9,56.09643473592587,22.854477427899837,1238,544,0.8697021305974935,0.9999999937249161
Gilbert,11,,0.25,8,10,57.27310315705836,57.63893069815822,986,992,0.5072454468369824,0.507245472914987
Gilbert,11,,0.25,8,11,46.96393258799799,31.7952512470074,1012,692,0.8639314206860934,0.999999980917552
Gilbert,11,,0.25,8,12,38.893591752042994,39.46738574607298,768,772,0.8515601736235934,0.8515601732188941
Gilbert,11,,0.25,8,13,80.23013972188346,37.752983085112646,1320,714,0.9891856024285424,0.7607160704935707
Gilbert,11,,0.25,8,14,54.19924529315904,55.141708767041564,1048,1066,0.6808976298407787,0.680897629163509
Gilbert,11,,0.25,8,15,35.03288636612706,43.27280977810733,792,818,0.9999999999303248,0.9289987846789061
Gilbert,11,,0.25,8,16,42.465606114128605,29.808983644936234,900,628,0.7929116424843948,0.9999999975150123
Gilbert,11,,0.25,8,17,53.52663287590258,60.605640400899574,964,1114,0.9070282852821391,0.9791356399312189
Gilbert,11,,0.25,8,18,43.932970634894446,61.41170563083142,842,1076,0.8854612939258217,0.8448146068386052
Gilbert,11,,0.25,8,19,49.24490601406433,30.886016567936167,1136,702,0.9412908621847974,0.9989728725636774
Gilbert,11,,0.25,9,0,74.18636148795485,28.430010572774336,1448,576,0.8893261561627459,0.9956275730916441
Gilbert,11,,0.25,9,1,52.82830348215066,50.716774474829435,1162,1194,0.8275300706161062,0.999999674741731
Gilbert,11,,0.25,9,2,87.55538877495565,81.54469280107878,1450,1508,0.6994276291182182,0.7593349210549227
Gilbert,11,,0.25,9,3,67.43167363107204,53.2982100781519,1378,1188,0.748384625104482,0.9971965426868117
Gilbert,11,,0.25,9,4,96.67785382084548,75.39711200492457,1860,1404,0.9813371235150138,0.9440256506522905
Gilbert,11,,0.25,9,5,125.44230857491493,93.40105954185128,2174,1664,0.9059929372768478,0.8628931955831453
Gilbert,11,,0.25,9,6,68.48902164702304,56.4833339410834,1326,1092,0.9529075139990674,0.9982303670156055
Gilbert,11,,0.25,9,7,67.12695478182286,47.23170609609224,1276,900,0.9540932579356106,0.997223397273563
Gilbert,11,,0.25,9,8,53.92296107998118,60.17899012705311,1042,1170,0.8960714255081652,0.8773294135741699
Gilbert,11,,0.25,9,9,81.24497686000541,34.8386733639054,1626,724,0.8844256008652541,0.999999972772592
Gilbert,11,,0.25,9,10,79.0496920729056,80.30543035198934,1228,1230,0.7280989168081824,0.7280989153005771
Gilbert,11,,0.25,9,11,64.21940585016273,40.640615419019014,1256,820,0.8615529749075143,0.9999998689772776
Gilbert,11,,0.25,9,12,63.51997337094508,64.23785225208849,1062,1076,0.8674852355997218,0.8674852294243525
Gilbert,11,,0.25,9,13,121.40180456615053,67.70661127590574,1794,1062,0.6006401645475927,0.863270030656109
Gilbert,11,,0.25,9,14,85.1895616829861,78.45662287413143,1400,1324,0.6142797359935193,0.6708228238408542
Gilbert,11,,0.25,9,15,53.68535988801159,55.8407146781683,1030,974,0.9999999898996352,0.9309268464114524
Gilbert,11,,0.25,9,16,58.144811880076304,41.71253113402054,1098,786,0.8118707626319753,0.9999999060443535
Gilbert,11,,0.25,9,17,78.09883810998872,91.14908915688284,1274,1504,0.9425479975002243,0.978470223404304
Gilbert,11,,0.25,9,18,54.442738115089014,93.19924916094169,968,1450,0.8969480325615595,0.8506754609407272
Gilbert,11,,0.25,9,19,72.82378900796175,43.70898645604029,1500,904,0.9870908947168276,0.9993471972761742
Gilbert,11,,0.25,10,0,97.51010185503401,40.767690972890705,1754,742,0.8977998219494604,0.9973280643057248
Gilbert,11,,0.25,10,1,73.21180279785767,76.92518135206774,1458,1582,0.8621405013453598,0.9999999554565956
Gilbert,11,,0.25,10,2,119.31417023600079,141.6587927339133,1930,2236,0.6999997965621694,0.726762434095861
Gilbert,11,,0.25,10,3,92.12819536309689,102.6652351799421,1574,1888,0.7499999445870986,0.998878453888667
Gilbert,11,,0.25,10,4,133.3230661090929,98.15393895609304,2322,1698,0.988070809322154,0.9238307373233179
Gilbert,11,,0.25,10,5,152.93266872898676,117.30384923703969,2492,1940,0.9385427353662662,0.9020804722429867
Gilbert,11,,0.25,10,6,101.6678028749302,93.5326367369853,1756,1570,0.9709125085404479,0.9983619856125326
Gilbert,11,,0.25,10,7,96.23114509996958,66.59848724189214,1648,1046,0.9554518393618182,0.9983031004800021
Gilbert,11,,0.25,10,8,91.2113490421325,76.15296734496951,1500,1372,0.9377133953732913,0.8518577563267687
Gilbert,11,,0.25,10,9,106.83494416088797,45.823856584960595,1980,874,0.8706081501343647,0.9999999724894346
Gilbert,11,,0.25,10,10,115.97587724798359,118.82034315704368,1576,1618,0.6750080298498137,0.6750080571646426
Gilbert,11,,0.25,10,11,107.34690102888271,52.584182487102225,1782,962,0.9016798018760758,0.9999991565560671
Gilbert,11,,0.25,10,12,96.58456468908116,99.85721243591979,1420,1454,0.8565584879959663,0.856558559316732
Gilbert,11,,0.25,10,13,168.49346329597756,99.38709443900734,2266,1344,0.9999999255070533,0.8701696082926288
Gilbert,11,,0.25,10,14,109.2203784820158,104.5746485660784,1640,1586,0.7557923928629476,0.6998881975750804
Gilbert,11,,0.25,10,15,69.47708061197773,84.90542879304849,1208,1292,0.9999999917196861,0.9335016295389048
Gilbert,11,,0.25,10,16,81.63762124907225,59.99728505103849,1364,998,0.8266960889087794,0.9999992928713012
Gilbert,11,,0.25,10,17,96.97179363388568,153.89095085510053,1476,2156,0.7541667788851554,0.9873419331899619
Gilbert,11,,0.25,10,18,68.1838540029712,135.6704852578696,1108,1876,0.9266653633631661,0.8665503009299085
Gilbert,11,,0.25,10,19,90.89575669402257,54.886489919852465,1738,1054,0.9766176182285518,0.9995265683035971
Gilbert,12,,0.1,1,0,0.5469725225120783,0.37788592744618654,30,32,0.6951229764809747,0.857423131999735
Gilbert,12,,0.1,1,1,0.278394834138453,0.42403546907007694,20,30,0.9564316498578648,0.9921310228517545
Gilbert,12,,0.1,1,2,0.3439129088073969,0.37486713752150536,26,30,0.7928172313787666,0.9313257637336803
Gilbert,12,,0.1,1,3,0.383909210562706,0.4667665380984545,28,36,0.773667167091975,0.9620649786871225
Gilbert,12,,0.1,1,4,0.3754327120259404,0.35707236640155315,28,26,0.5571959164785435,0.8015084806304966
Gilbert,12,,0.1,1,5,0.43180027324706316,0.590350984595716,32,44,0.6485183276597574,0.8152238362811868
Gilbert,12,,0.1,1,6,0.37818201538175344,0.4049908760935068,30,34,0.7279964261559159,0.8599982745664548
Gilbert,12,,0.1,1,7,0.5240059122443199,0.5028961142525077,44,42,0.43591014830927305,0.8036615086580123
Gilbert,12,,0.1,1,8,0.5112343430519104,0.5449234778061509,40,36,0.3315182016760939,0.37696375387128034
Gilbert,12,,0.1,1,9,0.4610286680981517,0.5243803840130568,28,36,0.7394649963156394,0.8385525265572567
Gilbert,12,,0.1,1,10,0.43080202769488096,0.5110523095354438,34,44,0.6946771253795142,0.9014204943425779
Gilbert,12,,0.1,1,11,0.4127535177394748,0.5932101905345917,36,48,0.7451845076769229,0.9241864960699291
Gilbert,12,,0.1,1,12,0.5363394031301141,0.5445813173428178,38,36,0.4416698823453718,0.8173019633113513
Gilbert,12,,0.1,1,13,0.8917633034288883,0.3885858254507184,76,28,0.5480763775696845,0.784690327126177
Gilbert,12,,0.1,1,14,0.5571955144405365,0.6543789422139525,36,48,0.4828230735893622,0.925676090919855
Gilbert,12,,0.1,1,15,0.3428416233509779,0.48313272278755903,20,34,0.2408865386637009,0.23430234784966264
Gilbert,12,,0.1,1,16,0.42119912151247263,0.35686929523944855,34,26,0.5725315570986844,0.8259633138547856
Gilbert,12,,0.1,1,17,0.2918616374954581,0.5441839322447777,18,32,0.6026630440740827,0.8193996847403214
Gilbert,12,,0.1,1,18,0.5961593240499496,0.437944452278316,50,34,0.6840347660395301,0.8016554051546103
Gilbert,12,,0.1,1,19,0.4964466439560056,0.427914634346962,42,32,0.4139849856371271,0.32033702350901716
Gilbert,12,,0.1,2,0,0.8408104795962572,0.964714883826673,66,74,0.8553649263959385,0.9471240814903648
Gilbert,12,,0.1,2,1,1.2511696089059114,1.020549675449729,102,90,0.9922026794146145,0.9970735778257627
Gilbert,12,,0.1,2,2,0.6927430890500546,0.7299984125420451,52,60,0.9663051839201486,0.9737885262619437
Gilbert,12,,0.1,2,3,0.6931856954470277,0.723479762673378,56,62,0.9173029771640516,0.9832660577915764
Gilbert,12,,0.1,2,4,0.8472039727494121,0.8984553087502718,58,64,0.78593438219945,0.924132501182396
Gilbert,12,,0.1,2,5,1.0960014266893268,1.1093347035348415,76,82,0.7656936279797772,0.8743620556050651
Gilbert,12,,0.1,2,6,0.8135831532999873,1.0075253937393427,66,78,0.889876265554788,0.9547373084459811
Gilbert,12,,0.1,2,7,0.9655159655958414,1.3053401419892907,72,92,0.7346036322284049,0.9114102116890506
Gilbert,12,,0.1,2,8,1.2804610524326563,1.0044175516813993,84,68,0.6783757757407964,0.6104842394470905
Gilbert,12,,0.1,2,9,0.9931757021695375,1.0336378877982497,68,74,0.8194090156306458,0.9168835284322028
Gilbert,12,,0.1,2,10,0.9756428468972445,0.8952886741608381,70,68,0.8154727357738365,0.9633508882946331
Gilbert,12,,0.1,2,11,0.9939748561009765,0.822141045704484,74,72,0.8692296998262314,0.9666649861479788
Gilbert,12,,0.1,2,12,1.0453390972688794,1.082591681741178,74,76,0.7948432215365646,0.9247469595750927
Gilbert,12,,0.1,2,13,1.3704698234796524,1.24109588842839,112,84,0.7956285852920024,0.9117242579316762
Gilbert,12,,0.1,2,14,1.119586224667728,0.9707381390035152,78,72,0.8246481213576008,0.9682806712316117
Gilbert,12,,0.1,2,15,1.2331179836764932,1.1090848380699754,68,66,0.5037401714627349,0.3760892445642468
Gilbert,12,,0.1,2,16,1.182820395566523,0.8729859702289104,82,56,0.7837704076009568,0.9043130419337166
Gilbert,12,,0.1,2,17,0.9066110458225012,0.8313336558640003,68,68,0.8758250141573289,0.9453806990542437
Gilbert,12,,0.1,2,18,1.0955291725695133,1.291233186610043,78,86,0.8221172227664155,0.8579087697552101
Gilbert,12,,0.1,2,19,1.3091113874688745,0.9878112068399787,88,62,0.7089113212006881,0.8461109223933297
Gilbert,12,,0.1,3,0,1.6524625942111015,1.9084283830597997,106,122,0.9356482298226099,0.9772174763292237
Gilbert,12,,0.1,3,1,2.2284818571060896,2.6468853699043393,162,186,0.9999999999545275,0.999999999988773
Gilbert,12,,0.1,3,2,1.526233671233058,1.4664438106119633,98,96,0.9817197418332009,0.9911693800207431
Gilbert,12,,0.1,3,3,1.5057000443339348,1.5718145091086626,96,104,0.9558682240749311,0.9922727273264178
Gilbert,12,,0.1,3,4,1.9346201196312904,1.9632296822965145,114,114,0.8956626798895246,0.9717506450407698
Gilbert,12,,0.1,3,5,2.357838318683207,2.11192384455353,130,128,0.8469610931652729,0.9160701203874411
Gilbert,12,,0.1,3,6,1.6399352299049497,1.9378800950944424,104,126,0.9476023259606328,0.9788461445290033
Gilbert,12,,0.1,3,7,1.5473122196272016,2.273751065135002,100,140,0.8588032677170281,0.9695122654868215
Gilbert,12,,0.1,3,8,3.5536558041349053,2.315828287974,184,126,0.6771575696529262,0.8118550505453798
Gilbert,12,,0.1,3,9,2.0934148151427507,2.359562392346561,118,136,0.9120310283078651,0.9468729662195924
Gilbert,12,,0.1,3,10,2.2113154036924243,1.5652203503996134,128,100,0.8652076449369273,0.983674542527324
Gilbert,12,,0.1,3,11,1.7948938282206655,1.5582189625129104,114,104,0.9282712561435787,0.9830163321173627
Gilbert,12,,0.1,3,12,2.959855922497809,2.007350121624768,162,120,0.8886781696589054,0.970298381837441
Gilbert,12,,0.1,3,13,2.5922358874231577,2.1792045505717397,166,124,0.8806852577825008,0.9584964240558743
Gilbert,12,,0.1,3,14,2.4262518296018243,2.621235187165439,136,144,0.8263574730999,0.9789774616156295
Gilbert,12,,0.1,3,15,6.545443658716977,2.923538114875555,256,130,0.5875237519893792,0.7077977887160142
Gilbert,12,,0.1,3,16,2.61793568264693,2.021260043606162,146,112,0.8608141020769334,0.9256672946580808
Gilbert,12,,0.1,3,17,1.7917112354189157,2.2069163136184216,102,122,0.9350700608148593,0.9696879194079715
Gilbert,12,,0.1,3,18,1.878449922427535,2.2835503108799458,112,130,0.8907636765199455,0.9015896616376494
Gilbert,12,,0.1,3,19,3.3276422824710608,2.7038105847314,168,134,0.79817087135992,0.9346316128609435
Gilbert,12,,0.1,4,0,2.883775939233601,3.608195855282247,154,190,0.9697994018332563,0.9921374895749943
Gilbert,12,,0.1,4,1,3.400448616594076,4.0607631746679544,216,252,0.999999999835879,0.9999999999957704
Gilbert,12,,0.1,4,2,3.0968902381137013,3.3805992919951677,160,176,0.995107508339841,0.9990756261579293
Gilbert,12,,0.1,4,3,2.734523130580783,3.4812641916796565,148,184,0.9890966243576729,0.997054233723357
Gilbert,12,,0.1,4,4,4.511460809037089,3.759063228033483,212,184,0.9210242959528722,0.9928357543378008
Gilbert,12,,0.1,4,5,4.845909800380468,5.439551379531622,220,242,0.8602988379757059,0.9362813440872946
Gilbert,12,,0.1,4,6,2.66950817219913,3.264659110456705,148,178,0.9831654427803449,0.9956862813058982
Gilbert,12,,0.1,4,7,3.0902806678786874,3.729107261635363,156,190,0.8907358685620351,0.9899572589859527
Gilbert,12,,0.1,4,8,7.67016516905278,7.192374844104052,318,286,0.7972134378050117,0.8312175365197525
Gilbert,12,,0.1,4,9,4.176124441437423,4.408210430294275,192,198,0.9562701879046551,0.9834557693198968
Gilbert,12,,0.1,4,10,5.203155402094126,2.4787937700748444,232,132,0.8827841173683862,0.9929805382492332
Gilbert,12,,0.1,4,11,3.187086135149002,2.5008622566238046,164,138,0.9676155348059952,0.9921205616484166
Gilbert,12,,0.1,4,12,4.583354691974819,3.695979254320264,218,176,0.9280430380505129,0.9884530442628543
Gilbert,12,,0.1,4,13,5.485837324522436,3.651216920465231,264,176,0.9010958945107023,0.9910384519603882
Gilbert,12,,0.1,4,14,6.003540135920048,6.3848420372232795,258,270,0.9296110320178194,0.9911239092691913
Gilbert,12,,0.1,4,15,10.159328441135585,5.68941186927259,354,204,0.557906622902785,0.9999999998319824
Gilbert,12,,0.1,4,16,4.555687753483653,4.618931066244841,214,198,0.9244819529074858,0.9663520185070127
Gilbert,12,,0.1,4,17,2.9632240161299706,3.528739472851157,142,174,0.9800702240158735,0.9945396976579702
Gilbert,12,,0.1,4,18,2.8344346219673753,4.970008772797883,142,208,0.9267627713797159,0.9995492766467932
Gilbert,12,,0.1,4,19,5.928734619170427,5.503980974666774,240,214,0.7956138977823386,0.8539446420960383
Gilbert,12,,0.1,5,0,4.764050226658583,6.76046793628484,216,290,0.9811809938407426,0.9921987102571711
Gilbert,12,,0.1,5,1,4.700708636082709,5.516711497679353,260,306,0.9999999999863871,0.9999999999169602
Gilbert,12,,0.1,5,2,6.775432702153921,6.679929221048951,284,276,0.9967671103399911,0.9998617267413938
Gilbert,12,,0.1,5,3,4.793176171369851,6.773710075765848,216,292,0.9953480141356594,0.99945051012906
Gilbert,12,,0.1,5,4,9.136754893697798,5.855164870619774,350,250,0.9457594621773833,0.9940309735136962
Gilbert,12,,0.1,5,5,7.395922592841089,8.508975516073406,292,330,0.9192622658085688,0.9830487644708208
Gilbert,12,,0.1,5,6,4.2840339643880725,5.3747250298038125,198,246,0.9925414737682358,0.9966466759710941
Gilbert,12,,0.1,5,7,6.203837567009032,9.773685609921813,242,364,0.9236982765287634,0.9901444694468633
Gilbert,12,,0.1,5,8,9.93582059070468,9.453056247904897,382,348,0.913795689078445,0.9066560827922502
Gilbert,12,,0.1,5,9,7.212436826899648,12.702927933074534,276,432,0.9643922602446958,0.9901524217524127
Gilbert,12,,0.1,5,10,7.950036860071123,4.214533276855946,316,182,0.9207857870316547,0.9953791397674389
Gilbert,12,,0.1,5,11,5.701028885319829,4.252772085368633,238,192,0.968378894532558,0.9940843846288772
Gilbert,12,,0.1,5,12,7.0690577905625105,6.949317269027233,286,266,0.9366952817616261,0.9885163726719629
Gilbert,12,,0.1,5,13,10.09156389720738,5.854208032600582,390,232,0.945880980039037,0.9910521146213923
Gilbert,12,,0.1,5,14,8.361324545927346,9.3719780202955,320,342,0.9408180683668811,0.9963320908506904
Gilbert,12,,0.1,5,15,14.472893924452364,10.508747931569815,438,306,0.7525143365618908,0.9999999994620388
Gilbert,12,,0.1,5,16,8.423898254521191,7.872276729904115,314,284,0.9475720430504315,0.959152045415957
Gilbert,12,,0.1,5,17,4.626438054256141,6.371646527200937,188,248,0.9910793620252256,0.9961955845005293
Gilbert,12,,0.1,5,18,4.484693378210068,13.974942642264068,178,432,0.9420975831551973,0.9999992153288519
Gilbert,12,,0.1,5,19,12.593293850310147,10.698903090320528,398,336,0.880887952694423,0.9999999990147691
Gilbert,12,,0.1,6,0,7.733321953564882,16.23777178954333,296,548,0.9913095444906609,0.9992498775213201
Gilbert,12,,0.1,6,1,6.254365312866867,7.713133787736297,312,370,0.9999999999993499,0.999999999998099
Gilbert,12,,0.1,6,2,14.87696066685021,13.407215644605458,512,474,0.9999999991123034,0.9999999937422162
Gilbert,12,,0.1,6,3,9.545679126866162,11.220156597904861,348,418,0.9991181197470242,0.9998785854484823
Gilbert,12,,0.1,6,4,16.96067165117711,30.008983810432255,556,872,0.9864768228870842,0.9997303522163684
Gilbert,12,,0.1,6,5,11.121137460693717,15.788003301247954,380,504,0.919697436428034,0.9953466830808056
Gilbert,12,,0.1,6,6,8.77382378373295,14.457006935030222,320,494,0.9929960012819031,0.9997641178572122
Gilbert,12,,0.1,6,7,12.652601400390267,20.41806549485773,396,616,0.9441427854641801,0.9927767662067899
Gilbert,12,,0.1,6,8,13.197053997777402,13.081942575983703,450,426,0.9662684948393735,0.8620918486053711
Gilbert,12,,0.1,6,9,12.694644561037421,18.515228152275085,408,582,0.9910901592894747,0.9883396939255349
Gilbert,12,,0.1,6,10,11.48858768120408,7.4265244556590915,400,262,0.925096502530492,0.9967612104652752
Gilbert,12,,0.1,6,11,10.831820790655911,9.169233181513846,366,312,0.9891988659513342,0.9987533900219768
Gilbert,12,,0.1,6,12,12.935222167521715,22.383109585382044,414,604,0.9583446584381863,0.9984652054343336
Gilbert,12,,0.1,6,13,17.811091527342796,19.198962677270174,552,530,0.9600849107487838,0.9954847404389644
Gilbert,12,,0.1,6,14,13.262614673934877,12.670412367209792,430,422,0.9878332017003858,0.998859242021669
Gilbert,12,,0.1,6,15,22.129096772521734,18.685978200286627,586,448,0.6932506767138142,0.9999999986195207
Gilbert,12,,0.1,6,16,12.704190345481038,30.515889146365225,408,786,0.9528218798921407,0.9907285810111623
Gilbert,12,,0.1,6,17,10.736889161169529,33.39958554133773,324,868,0.9919022618754763,0.9998361258249381
Gilbert,12,,0.1,6,18,6.410938989371061,18.89291705004871,220,526,0.9518399707341687,0.9999993347778939
Gilbert,12,,0.1,6,19,17.204420485533774,21.82096293196082,490,560,0.9126964545432216,0.9999999999125888
Gilbert,12,,0.1,7,0,14.171722931787372,29.998560616746545,450,872,0.9943504227689846,0.9999998844594798
Gilbert,12,,0.1,7,1,8.12900369707495,8.995085094124079,358,410,0.999999999938715,0.9999999999747904
Gilbert,12,,0.1,7,2,25.708339229226112,19.729852334596217,778,624,0.999999999086945,0.9999999993660755
Gilbert,12,,0.1,7,3,21.381349273957312,17.26425303518772,634,564,0.9991953294407292,0.9999710044077363
Gilbert,12,,0.1,7,4,23.18646934814751,63.476482656784356,688,1620,0.9992325885153753,0.9999998332433379
Gilbert,12,,0.1,7,5,16.8929206924513,24.7727503599599,496,694,0.9599390604099318,0.9960958857711373
Gilbert,12,,0.1,7,6,21.413780461996794,38.346683009527624,616,1064,0.9997449065045934,0.9999793811056423
Gilbert,12,,0.1,7,7,21.57592696789652,42.51700675860047,592,1086,0.9636826610669543,0.999156642702814
Gilbert,12,,0.1,7,8,19.952962215058506,23.782392552122474,582,626,0.9740587882934268,0.9181449007742675
Gilbert,12,,0.1,7,9,22.475672397762537,37.865602631121874,600,966,0.990131096277975,0.9976632583320841
Gilbert,12,,0.1,7,10,18.475258756428957,12.031588153913617,542,356,0.9471595579497394,0.9979245266070669
Gilbert,12,,0.1,7,11,15.630260232836008,15.962881955318153,470,458,0.9903116219208137,0.999411075718922
Gilbert,12,,0.1,7,12,20.55651731416583,36.496066936291754,564,882,0.9576992641069999,0.9999999950113748
Gilbert,12,,0.1,7,13,31.71343447174877,31.756676578894258,832,768,0.9607207320703749,0.9944719614785391
Gilbert,12,,0.1,7,14,28.61800807248801,21.01931012328714,722,562,0.9906636219042203,0.9994699483025921
Gilbert,12,,0.1,7,15,32.12125338893384,26.082509545609355,728,562,0.5900954944402688,0.9999998139194424
Gilbert,12,,0.1,7,16,25.328690647147596,46.56380150001496,648,1080,0.9733693709929695,0.9999999992040511
Gilbert,12,,0.1,7,17,23.824712625704706,57.99014662299305,580,1346,0.9997059095971215,0.9999972273953311
Gilbert,12,,0.1,7,18,9.168196631595492,26.708666261285543,266,660,0.9671161232672791,0.9999999997548905
Gilbert,12,,0.1,7,19,36.92633275594562,29.77351009193808,822,692,0.9405135234952351,0.9999999992272074
Gilbert,12,,0.1,8,0,20.291933165863156,43.7128177722916,576,1154,0.9948673547418516,0.9999999690191537
Gilbert,12,,0.1,8,1,9.69591148942709,10.842390191741288,400,454,0.9999999999111495,0.9999999997750018
Gilbert,12,,0.1,8,2,35.798920096829534,23.48947553522885,992,706,0.9999999990447894,0.9999999992941486
Gilbert,12,,0.1,8,3,41.1030680462718,30.42003394383937,1054,846,0.9998131630131435,0.999990171607736
Gilbert,12,,0.1,8,4,35.469194423407316,78.64341571833938,932,1900,0.9999622530956918,0.9999999459398936
Gilbert,12,,0.1,8,5,29.299726167693734,44.32597591076046,722,1038,0.959619627761164,0.9984915399296954
Gilbert,12,,0.1,8,6,25.73593299742788,60.81010680086911,704,1506,0.9999999977717192,0.999914447609826
Gilbert,12,,0.1,8,7,49.84041053149849,54.22863827366382,1102,1294,0.977995242991721,0.9999999919189833
Gilbert,12,,0.1,8,8,31.26893082074821,29.327485741116107,768,724,0.9779255024339106,0.9431677645545298
Gilbert,12,,0.1,8,9,39.275816216133535,67.87302456330508,894,1480,0.9950940749648742,0.9988838632726244
Gilbert,12,,0.1,8,10,31.24785731267184,17.37036978174001,772,448,0.9521862223906162,0.9985226637870189
Gilbert,12,,0.1,8,11,23.334472789429128,23.513696840032935,610,598,0.9943182860335958,0.9997508494313804
Gilbert,12,,0.1,8,12,43.39032079465687,43.70246119890362,956,1008,0.9757058660260487,0.9999998536335257
Gilbert,12,,0.1,8,13,47.38150483369827,63.76031119655818,1092,1318,0.9770498477136603,0.9977849236476323
Gilbert,12,,0.1,8,14,53.933187413960695,31.974471664987504,1138,734,0.9909641194202715,0.999738103347873
Gilbert,12,,0.1,8,15,49.49031602870673,37.20319910068065,946,708,0.8113889112040534,0.9999999927770192
Gilbert,12,,0.1,8,16,40.889403586275876,53.168696489185095,900,1194,0.9823206074637694,0.9999996706658457
Gilbert,12,,0.1,8,17,28.68710560631007,65.2493804236874,662,1476,0.9999999354611424,0.9999994815161052
Gilbert,12,,0.1,8,18,12.419861933216453,32.811080194078386,312,754,0.9804974916609411,0.9999999881774376
Gilbert,12,,0.1,8,19,59.733347116969526,46.37894400861114,1140,934,0.9551124362253446,0.9999999991156329
Gilbert,12,,0.1,9,0,28.635670508258045,50.60860262718052,734,1282,0.997034205674558,0.9999997587663234
Gilbert,12,,0.1,9,1,11.510646336711943,12.722106905654073,432,496,0.9999999998355786,0.9999999996201353
Gilbert,12,,0.1,9,2,45.63622827362269,26.263376848772168,1180,762,0.9999999980054517,0.9999999451236437
Gilbert,12,,0.1,9,3,60.44631455373019,36.04700671043247,1418,950,0.9998931803177585,0.9999963504666126
Gilbert,12,,0.1,9,4,44.38849365711212,84.80965443328023,1084,2010,0.9999999969051989,0.9999994697761105
Gilbert,12,,0.1,9,5,55.482860784977674,67.7221486736089,1148,1412,0.9786951076137415,0.9999999499651157
Gilbert,12,,0.1,9,6,32.23034312669188,78.24904730636626,826,1830,0.9999999959713405,0.9999999990514582
Gilbert,12,,0.1,9,7,72.55977531522512,84.00835923384875,1460,1770,0.9745837359209628,0.9999998641000901
Gilbert,12,,0.1,9,8,66.40232914406806,43.066475758329034,1288,922,0.987580539074614,0.9841523704469466
Gilbert,12,,0.1,9,9,64.6089298510924,107.60723427962512,1296,2098,0.9971423771790137,0.9983974613337663
Gilbert,12,,0.1,9,10,56.500404665246606,33.89093495439738,1182,716,0.969854222625982,0.9995750599925637
Gilbert,12,,0.1,9,11,35.91756644565612,32.27922663651407,818,746,0.9956964812766517,0.9999592771284659
Gilbert,12,,0.1,9,12,61.4392112698406,57.99531622044742,1222,1216,0.9884183715533112,0.9999999942182098
Gilbert,12,,0.1,9,13,62.60889098700136,206.18531277496368,1312,3468,0.9934568113023813,0.9996393220387519
Gilbert,12,,0.1,9,14,81.54670299682766,42.01640282571316,1554,880,0.9929594412534232,0.9998858838136989
Gilbert,12,,0.1,9,15,62.24665121268481,60.698568783700466,1090,968,0.6770543305518376,0.9999999816854308
Gilbert,12,,0.1,9,16,75.15818203333765,67.78530777152628,1386,1390,0.999964212679959,0.9999994659497012
Gilbert,12,,0.1,9,17,37.54902443755418,70.14410658553243,794,1600,0.9999999994977267,0.9999999365223172
Gilbert,12,,0.1,9,18,15.92697245720774,41.30357212293893,362,866,0.9871471647445996,0.9999998675231189
Gilbert,12,,0.1,9,19,83.78962126281112,67.95001968834549,1452,1212,0.9638646217646331,0.9999999966065791
Gilbert,12,,0.1,10,0,41.39533924032003,64.2322334619239,946,1500,0.9977448210341657,0.9999992741665577
Gilbert,12,,0.1,10,1,13.188743768259883,14.581654386594892,470,532,0.999999999988047,0.9999999927026445
Gilbert,12,,0.1,10,2,62.141332478262484,30.31949921976775,1356,830,0.9999999990607772,0.9999999774076362
Gilbert,12,,0.1,10,3,104.27948905713856,43.64615468494594,2170,1080,0.9999975175019995,0.9999991424379355
Gilbert,12,,0.1,10,4,58.037935400381684,95.75549422483891,1304,2178,0.9999999981026789,0.999999670783603
Gilbert,12,,0.1,10,5,83.06930850446224,100.08627088461071,1544,1882,0.9908290354567173,0.9999996228045165
Gilbert,12,,0.1,10,6,40.07235571555793,91.68162254337221,946,2030,0.9999999986668333,0.9999999892047625
Gilbert,12,,0.1,10,7,87.92795561626554,103.43635391816497,1684,2038,0.9432853456680317,0.9999999826614884
Gilbert,12,,0.1,10,8,93.14632342755795,67.12471598293632,1642,1248,0.9688069485312432,0.9948719628592873
Gilbert,12,,0.1,10,9,108.6938461586833,168.0934720505029,1896,2960,0.9972468228291154,0.9997420667737447
Gilbert,12,,0.1,10,10,80.0170982889831,55.50671590305865,1512,1028,0.9588903230398422,0.9998881864520359
Gilbert,12,,0.1,10,11,56.83267476037145,46.69445521570742,1122,952,0.995833826741064,0.9999986817910328
Gilbert,12,,0.1,10,12,106.99307696241885,73.87787251360714,1850,1452,0.9972181098563981,0.9999997552398302
Gilbert,12,,0.1,10,13,86.0560904564336,290.79520923271775,1640,4548,0.9937521194102025,0.9995764503157855
Gilbert,12,,0.1,10,14,114.61656243633479,55.767652043141425,2010,1056,0.9873601886037916,0.9999443701976816
Gilbert,12,,0.1,10,15,92.3907353375107,78.33528268523514,1398,1142,0.7877688864540349,0.9999991915154728
Gilbert,12,,0.1,10,16,115.22197816707194,76.79932216648012,1886,1500,0.9999999909506921,0.9999996582566816
Gilbert,12,,0.1,10,17,47.24577100016177,88.90680892299861,926,1858,0.9999999971206344,0.9999999895132836
Gilbert,12,,0.1,10,18,22.357359062880278,51.61166399810463,434,988,0.9897851003458082,0.9999999674859695
Gilbert,12,,0.1,10,19,149.83485984336585,96.67406263574958,2202,1544,0.9873629207150395,0.9998824113617075
Gilbert,12,,0.25,1,0,0.5342298988252878,0.3561259959824383,20,18,0.32074346374725743,0.31030882315604524
Gilbert,12,,0.25,1,1,0.4267667268868536,0.6769957090727985,20,40,0.2330175159826858,0.478562772607769
Gilbert,12,,0.25,1,2,0.3248069859109819,0.3421600819565356,16,18,0.30056524138978236,0.23269662826466353
Gilbert,12,,0.25,1,3,0.36872729705646634,0.4084289357997477,18,18,0.38653976862340855,0.3865397686234108
Gilbert,12,,0.25,1,4,0.3640444171614945,0.37283659004606307,18,18,0.31420507823908495,0.31420507823908544
Gilbert,12,,0.25,1,5,0.4899834191892296,0.521308746188879,22,22,0.25540229420963384,0.2554022942096301
Gilbert,12,,0.25,1,6,0.378337451023981,0.41666998504661024,20,18,0.28561969633682427,0.27127826235134206
Gilbert,12,,0.25,1,7,0.4640293619595468,0.3925103561487049,20,20,0.3086617984464988,0.32538904060792995
Gilbert,12,,0.25,1,8,0.5320904741529375,0.5191759471781552,22,22,0.2948613029849674,0.29486130298496416
Gilbert,12,,0.25,1,9,0.3523230229038745,0.8149171038530767,18,52,0.32669801116078506,0.6239562020164376
Gilbert,12,,0.25,1,10,0.5391070651821792,0.42460854398086667,22,22,0.2575338051134836,0.21224049538532502
Gilbert,12,,0.25,1,11,0.5047980721574277,0.3551434688270092,20,18,0.2947726744357248,0.25247395533478006
Gilbert,12,,0.25,1,12,0.3882209069561213,0.4094893040601164,20,22,0.2690302972981617,0.18489205023340416
Gilbert,12,,0.25,1,13,0.3727352370042354,0.36748485220596194,20,20,0.2735742291307853,0.25460473428174996
Gilbert,12,,0.25,1,14,0.40134670981206,0.3015640238299966,26,16,0.4560679604466114,0.37244158384618475
Gilbert,12,,0.25,1,15,0.5593526200391352,0.743048625998199,24,40,0.20316118136651995,0.7443709065482205
Gilbert,12,,0.25,1,16,0.6053612548857927,0.32393851689994335,48,20,0.5704874230760218,0.2672116023022425
Gilbert,12,,0.25,1,17,0.3780433868523687,0.5354283121414483,20,20,0.3100738307544309,0.31007383075442957
Gilbert,12,,0.25,1,18,0.3156744458246976,0.4220222500152886,16,26,0.3423583364019432,0.7914028144786704
Gilbert,12,,0.25,1,19,0.40605953009799123,0.36194368498399854,22,18,0.33223813518083567,0.3251682649000589
Gilbert,12,,0.25,2,0,1.2743125690612942,1.539208397967741,64,74,0.5250813480786676,0.4025669369182155
Gilbert,12,,0.25,2,1,1.3600111231207848,1.4831426062155515,68,82,0.49518844850623206,0.6238791558024329
Gilbert,12,,0.25,2,2,1.4585956519003958,1.1949059709440917,74,62,0.5040878046505058,0.48091994487494927
Gilbert,12,,0.25,2,3,3.009747992036864,2.989810495870188,146,146,0.5251549791869685,0.5251549791869718
Gilbert,12,,0.25,2,4,1.7137414561584592,1.7186405861284584,78,78,0.32641420331716553,0.3264142033171657
Gilbert,12,,0.25,2,5,3.214066093089059,3.1834487318992615,134,134,0.44816647743405313,0.448166477446213
Gilbert,12,,0.25,2,6,1.5876199698541313,1.2004109029658139,80,62,0.4897355160685379,0.5427482150641921
Gilbert,12,,0.25,2,7,1.8041215080302209,1.4537093779072165,82,66,0.4308685128036142,0.4257283193410345
Gilbert,12,,0.25,2,8,1.355748464120552,1.3390152920037508,60,60,0.49668939829107456,0.496689398291074
Gilbert,12,,0.25,2,9,1.843914576107636,1.430609375005588,88,88,0.5326175650681015,0.681919425463756
Gilbert,12,,0.25,2,10,2.766082684043795,1.9208716650027782,116,80,0.26367177971548683,0.40383984689872515
Gilbert,12,,0.25,2,11,1.6570922860410064,1.6009028009139001,76,72,0.46552778694281843,0.5126374924224524
Gilbert,12,,0.25,2,12,1.8772693029604852,1.5143725220113993,86,68,0.43036840119886693,0.8525210353065749
Gilbert,12,,0.25,2,13,1.4567520041018724,1.5986419999971986,68,76,0.12605648784328038,0.5112247570304063
Gilbert,12,,0.25,2,14,1.2110849958844483,1.0602182818111032,70,56,0.7171672898101092,0.4177124288452732
Gilbert,12,,0.25,2,15,1.224235364003107,1.1784977610222995,62,66,0.5304698538715635,0.8417755475489835
Gilbert,12,,0.25,2,16,1.0902547591831535,0.9107370090205222,70,48,0.7121538581171744,0.814672390823147
Gilbert,12,,0.25,2,17,1.4563077378552407,1.3082419999409467,62,62,0.3458036596991942,0.34580365969919447
Gilbert,12,,0.25,2,18,1.7393199789803475,1.0032001319341362,82,52,0.598885468428949,0.9014565948139447
Gilbert,12,,0.25,2,19,2.2585531959775835,2.533294669119641,104,108,0.41867896371690394,0.5617057713152118
Gilbert,12,,0.25,3,0,3.3194062979891896,3.092249554116279,134,128,0.6624877583286564,0.4782526811956763
Gilbert,12,,0.25,3,1,3.418119167210534,2.648288768948987,136,120,0.5544268307841023,0.7645751039285482
Gilbert,12,,0.25,3,2,2.6238184159155935,5.825911002000794,116,230,0.3727880056012443,0.6642660108461028
Gilbert,12,,0.25,3,3,5.0309194449801,5.011460775043815,214,214,0.6672166808152837,0.6672166808152212
Gilbert,12,,0.25,3,4,3.425142311025411,3.204283197177574,128,128,0.46098305092592823,0.46098305092593284
Gilbert,12,,0.25,3,5,5.6253964570350945,5.543450195109472,202,202,0.526850174021764,0.5268501740216285
Gilbert,12,,0.25,3,6,3.0316602161619812,3.30914336303249,128,134,0.7262820851887247,0.6736602554601081
Gilbert,12,,0.25,3,7,4.009868460940197,2.895578080089763,152,110,0.434577694064037,0.5078669120244094
Gilbert,12,,0.25,3,8,6.608808674151078,4.060594740090892,140,140,0.5468889775096368,0.5468889775096416
Gilbert,12,,0.25,3,9,3.504047976108268,4.348049169871956,144,176,0.3974689950574682,0.9992782073042714
Gilbert,12,,0.25,3,10,4.990829712012783,3.53217880288139,178,126,0.5441943715098019,0.3894693161834308
Gilbert,12,,0.25,3,11,5.774865068960935,2.690115278819576,198,106,0.570097174130026,0.38569519871080876
Gilbert,12,,0.25,3,12,5.787196014076471,4.9904860749375075,198,164,0.5581721163263014,0.9152461069226895
Gilbert,12,,0.25,3,13,5.975094730034471,4.583768771961331,208,170,0.7537169223304349,0.6196036108666116
Gilbert,12,,0.25,3,14,2.6633633840829134,4.095273192971945,118,164,0.7699124607511422,0.861565251038832
Gilbert,12,,0.25,3,15,4.293768649920821,2.128209331072867,158,98,0.8391972007178411,0.924162490606615
Gilbert,12,,0.25,3,16,1.8191091960761696,1.9399960569571704,96,82,0.8256480326286649,0.6694564655111928
Gilbert,12,,0.25,3,17,3.688794721150771,3.7053117770701647,126,126,0.6356736866648809,0.6356736866648826
Gilbert,12,,0.25,3,18,3.500426410930231,1.9828602590132505,144,80,0.7607150079727966,0.9541192329654823
Gilbert,12,,0.25,3,19,7.730247150175273,4.745423049898818,248,168,0.656185701943963,0.7066675160832796
Gilbert,12,,0.25,4,0,6.843843725975603,5.581552354851738,228,194,0.6096645591406544,0.48259081848684293
Gilbert,12,,0.25,4,1,10.5428332160227,5.0075898808427155,324,182,0.6689687188333342,0.8476874774346626
Gilbert,12,,0.25,4,2,5.271042593056336,10.161603363929316,190,352,0.6164066516535205,0.7330500465063401
Gilbert,12,,0.25,4,3,7.860800576861948,7.871626849053428,288,288,0.7544089921969439,0.754408992197446
Gilbert,12,,0.25,4,4,154.19791207113303,8.884033313021064,266,268,0.5620873587989671,0.5620873578101403
Gilbert,12,,0.25,4,5,10.804775167955086,13.493445004103705,318,328,0.6190200023889864,0.6190200026377435
Gilbert,12,,0.25,4,6,7.496517716906965,7.940698376158252,240,258,0.802926130882729,0.737480407113762
Gilbert,12,,0.25,4,7,11.186316716019064,10.86796227004379,324,304,0.5702273583955748,0.5835844000852788
Gilbert,12,,0.25,4,8,8.884725453099236,8.855303440010175,246,246,0.668825313144897,0.6688253131449156
Gilbert,12,,0.25,4,9,12.881494114175439,8.239006296964362,342,278,0.6498560125405598,0.9999999997119328
Gilbert,12,,0.25,4,10,8.61958563188091,10.367151914164424,250,270,0.5147691653222848,0.613098691129607
Gilbert,12,,0.25,4,11,14.329140896908939,5.802529189037159,364,176,0.5181169897703009,0.10590567908404654
Gilbert,12,,0.25,4,12,12.787883734097704,13.791403437033296,324,290,0.602307743494901,0.9208471232038572
Gilbert,12,,0.25,4,13,9.684267807053402,8.950466872891411,296,274,0.6016732427595716,0.6753029185660345
Gilbert,12,,0.25,4,14,6.125672844937071,6.3462278000079095,218,224,0.8192066070125255,0.9068689805235159
Gilbert,12,,0.25,4,15,12.398477789014578,3.703951032133773,342,130,0.8227695087543652,0.9643519380757274
Gilbert,12,,0.25,4,16,2.793835978023708,4.817144690081477,120,164,0.8967414856849711,0.7445984784171051
Gilbert,12,,0.25,4,17,8.712851328076795,8.515028819907457,234,234,0.597081429198908,0.5970814291989122
Gilbert,12,,0.25,4,18,7.7762834501918405,3.31511871307157,246,118,0.809472161432859,0.9773689259610544
Gilbert,12,,0.25,4,19,15.228420360945165,7.803051557857543,406,234,0.6088043833146422,0.7201508481326757
Gilbert,12,,0.25,5,0,11.05348778120242,17.301869228947908,318,452,0.6542606329036541,0.6502343288156309
Gilbert,12,,0.25,5,1,17.28742857207544,8.684065185021609,470,262,0.7236572780969984,0.9146977538338246
Gilbert,12,,0.25,5,2,14.218025473877788,15.744546153815463,396,482,0.7020968799877134,0.7776356400106041
Gilbert,12,,0.25,5,3,11.832235262030736,11.708011453039944,372,372,0.7646238899437068,0.764623889970605
Gilbert,12,,0.25,5,4,15.868323816917837,15.052874506218359,404,394,0.6309346277708459,0.6309346297431944
Gilbert,12,,0.25,5,5,20.010074072051793,19.926068576984107,482,482,0.727769739040108,0.7277697395014519
Gilbert,12,,0.25,5,6,11.769631172996014,14.801211817190051,328,406,0.8532504174520755,0.8137824205588832
Gilbert,12,,0.25,5,7,19.157561119180173,16.689085328951478,480,416,0.6449557741000582,0.6541256534109463
Gilbert,12,,0.25,5,8,16.583605545107275,38.965573044959456,388,724,0.6379850729832963,0.7318312992231991
Gilbert,12,,0.25,5,9,23.749555815011263,13.488226814195514,524,386,0.6827924343671768,0.9999999999691686
Gilbert,12,,0.25,5,10,17.711340320995077,19.726440083933994,408,430,0.6945884160938729,0.6045905176353863
Gilbert,12,,0.25,5,11,28.611620483919978,13.696783676045015,618,312,0.3581357616940161,0.6800500556023373
Gilbert,12,,0.25,5,12,27.516074154060334,20.971025106031448,600,402,0.6371759326770746,0.8977045059772543
Gilbert,12,,0.25,5,13,14.446583139011636,16.02342020208016,382,396,0.7070145168752937,0.7460296186855341
Gilbert,12,,0.25,5,14,14.208649839041755,10.00835963501595,384,306,0.8477028230521683,0.916681331130971
Gilbert,12,,0.25,5,15,24.12538810982369,5.9245569228660315,556,172,0.8622793558615102,0.9760548621720396
Gilbert,12,,0.25,5,16,4.16997553803958,9.96268460014835,152,268,0.9237436186366715,0.9999999998065904
Gilbert,12,,0.25,5,17,21.77727749501355,22.392075540032238,464,470,0.6317960598686948,0.6317960611446363
Gilbert,12,,0.25,5,18,14.582340806024149,5.50027529289946,372,156,0.8392599511519822,0.9854471118008195
Gilbert,12,,0.25,5,19,24.99663292709738,18.307697022799402,564,408,0.7499231619729236,0.6513291454595305
Gilbert,12,,0.25,6,0,17.963867149082944,28.020971185993403,448,644,0.6463274678188021,0.6938289187841511
Gilbert,12,,0.25,6,1,26.200212090974674,20.46895181806758,632,478,0.742295580739999,0.9999999982945319
Gilbert,12,,0.25,6,2,19.90180081105791,29.5736325699836,504,740,0.6676555854058174,0.8395237734601911
Gilbert,12,,0.25,6,3,20.137054599123076,20.43666954897344,522,528,0.8198404433188224,0.8198404438604058
Gilbert,12,,0.25,6,4,24.931414337130263,25.01348386402242,564,562,0.6760965050593646,0.6760965035311658
Gilbert,12,,0.25,6,5,32.6621260070242,33.08379423804581,672,676,0.7392528113258579,0.739252813479981
Gilbert,12,,0.25,6,6,19.36181604815647,22.24695212393999,458,540,0.8917451921598071,0.8514684723914122
Gilbert,12,,0.25,6,7,29.21242394600995,25.75008846912533,608,564,0.6303586303749498,0.6479780299704782
Gilbert,12,,0.25,6,8,26.224793930072337,46.43221431598067,512,866,0.7144507181474749,0.6755090862492207
Gilbert,12,,0.25,6,9,31.29643944092095,22.528276355937123,688,484,0.8627583479608246,0.9999978198853509
Gilbert,12,,0.25,6,10,24.693806934868917,27.690032050944865,498,530,0.7174485378654192,0.7440803215256023
Gilbert,12,,0.25,6,11,41.97620417014696,21.604662779951468,804,430,0.5965042555746499,0.6590708265090721
Gilbert,12,,0.25,6,12,39.83400272810832,30.449825391871855,808,594,0.6713165729694103,0.8982676662579703
Gilbert,12,,0.25,6,13,18.466472269035876,23.3128403830342,448,516,0.7090573668047814,0.8229616883677194
Gilbert,12,,0.25,6,14,24.08980680303648,18.396417507901788,560,450,0.8977389606803087,0.9641626548188743
Gilbert,12,,0.25,6,15,41.361731480108574,9.481409578118473,812,224,0.8651025471223713,0.980721465935679
Gilbert,12,,0.25,6,16,6.429711007978767,15.570435149827972,190,368,0.9367425750519177,0.9999999999783569
Gilbert,12,,0.25,6,17,37.01731301913969,38.94999848911539,678,702,0.7373443232277876,0.7373443232370273
Gilbert,12,,0.25,6,18,21.736240870086476,8.64446435496211,484,204,0.862125474120853,0.9876798857617716
Gilbert,12,,0.25,6,19,36.490729121956974,35.1132828311529,728,634,0.7110409799644154,0.8532510955413134
Gilbert,12,,0.25,7,0,27.23445609700866,34.09821474598721,592,736,0.6776097996493486,0.6044280513528317
Gilbert,12,,0.25,7,1,55.20959155494347,33.89434784185141,1088,684,0.6810527109724038,0.9999999928721643
Gilbert,12,,0.25,7,2,42.88138151913881,51.94923951406963,886,1120,0.7509855240054701,0.719480626904328
Gilbert,12,,0.25,7,3,31.430333511903882,32.366873502964154,700,714,0.8268274489849446,0.8268274493272969
Gilbert,12,,0.25,7,4,48.287784590851516,47.385209925007075,908,894,0.6723113513211633,0.6723113501990057
Gilbert,12,,0.25,7,5,45.22719047102146,45.0299975250382,828,826,0.7768403148097667,0.7768403164236352
Gilbert,12,,0.25,7,6,32.88961980398744,35.28371438290924,620,710,0.9031993353970204,0.8389082240175935
Gilbert,12,,0.25,7,7,44.87563446513377,53.66347295814194,856,910,0.6823683957498711,0.7988588848561656
Gilbert,12,,0.25,7,8,52.97873824601993,71.2910734610632,824,1186,0.693710448485939,0.7304588215443177
Gilbert,12,,0.25,7,9,41.82862532301806,32.711597920861095,836,660,0.8783520444292598,0.9999999767563961
Gilbert,12,,0.25,7,10,49.93540629721247,49.581601042998955,772,758,0.7291713942724549,0.7268523070541113
Gilbert,12,,0.25,7,11,61.154304451076314,30.73279842385091,1046,548,0.5661430488826067,0.6984357881731945
Gilbert,12,,0.25,7,12,56.03514919383451,50.48747886810452,986,830,0.7455648143680332,0.8998292931014175
Gilbert,12,,0.25,7,13,38.21071939403191,49.3617079379037,712,856,0.7435762617357368,0.8009396279970341
Gilbert,12,,0.25,7,14,32.488398829009384,41.217943995958194,686,794,0.9017093955028962,0.9633578371821659
Gilbert,12,,0.25,7,15,61.82590850582346,14.191566627006978,1088,286,0.9408501770567045,0.9828063939713916
Gilbert,12,,0.25,7,16,9.639524854021147,21.653241587104276,238,456,0.9569062904046591,0.999999999718505
Gilbert,12,,0.25,7,17,49.23492104304023,51.54642681614496,834,858,0.7804310739811532,0.7804310819149693
Gilbert,12,,0.25,7,18,30.05034196213819,29.16601134603843,596,480,0.8688130385502322,0.9944761387799729
Gilbert,12,,0.25,7,19,69.11940178298391,47.5517051378265,1100,784,0.7300656577839078,0.865863209632568
Gilbert,12,,0.25,8,0,44.7164745409973,56.14968268596567,836,1048,0.743137163188657,0.7272511559686216
Gilbert,12,,0.25,8,1,76.8861911939457,50.56594949611463,1384,916,0.7165482213795613,0.9999998272764214
Gilbert,12,,0.25,8,2,61.56462273700163,82.00375097198412,1168,1546,0.6024152618852313,0.7609970764418273
Gilbert,12,,0.25,8,3,46.95060896500945,48.3123707070481,910,936,0.8355229064009395,0.8355229047678687
Gilbert,12,,0.25,8,4,61.350103431148455,59.889617356006056,1080,1056,0.7440267572045803,0.744026765487118
Gilbert,12,,0.25,8,5,70.32870463002473,71.55508227297105,1094,1106,0.7890892580586966,0.7890892130529515
Gilbert,12,,0.25,8,6,47.521849983138964,53.778559647034854,846,994,0.9516929436968415,0.8727116543968932
Gilbert,12,,0.25,8,7,62.66924625891261,74.85243350220844,1044,1164,0.6981457254024924,0.7336849800527006
Gilbert,12,,0.25,8,8,65.50232543400489,173.1085451459512,962,2332,0.7999999926125978,0.7358991794987094
Gilbert,12,,0.25,8,9,54.90501295099966,49.25790184712969,988,866,0.8902159835905219,0.9999998502936314
Gilbert,12,,0.25,8,10,69.67254525492899,83.23784499289468,978,1100,0.7384769631643996,0.7356859778996843
Gilbert,12,,0.25,8,11,75.28078964794986,44.5787072929088,1206,694,0.6344584732381645,0.7461542505956853
Gilbert,12,,0.25,8,12,71.54326167493127,103.22560737305321,1146,1396,0.7355133591596212,0.9064145384324416
Gilbert,12,,0.25,8,13,57.87377753993496,72.53009068896063,942,1096,0.7745679723407523,0.7869642850837367
Gilbert,12,,0.25,8,14,62.17152308486402,76.3084579219576,1076,1248,0.9633100487160986,0.9825493089448408
Gilbert,12,,0.25,8,15,79.24636438814923,22.57467092690058,1278,382,0.7493385550893169,0.9870254997063868
Gilbert,12,,0.25,8,16,13.530909496126696,28.602790852775797,284,548,0.9770384978182555,0.9999999952394294
Gilbert,12,,0.25,8,17,70.2002061388921,71.31154413498007,1050,1058,0.792267572192434,0.7922675775842242
Gilbert,12,,0.25,8,18,40.95795851317234,41.72014767606743,726,624,0.8579772245919312,0.9953619788508973
Gilbert,12,,0.25,8,19,91.66086631407961,72.88017291412689,1336,1038,0.8290751677956336,0.7817442077563858
Gilbert,12,,0.25,9,0,75.16676263092086,71.35000287694857,1218,1236,0.8129854364734108,0.6439526268074565
Gilbert,12,,0.25,9,1,124.98606536793523,81.44864283292554,1970,1300,0.7351983407672872,0.999999945332957
Gilbert,12,,0.25,9,2,95.57380799390376,110.23836546507664,1598,1912,0.8364023468247508,0.7076826581203971
Gilbert,12,,0.25,9,3,81.80323322094046,85.49203932099044,1342,1384,0.8398523258778632,0.8398523273387608
Gilbert,12,,0.25,9,4,115.3833303579595,110.52691343100742,1708,1640,0.7870057529334946,0.7869306740146753
Gilbert,12,,0.25,9,5,90.34875612100586,93.33265709807165,1312,1320,0.8055933882187286,0.8055933837999392
Gilbert,12,,0.25,9,6,87.4450104329735,73.2047058348544,1276,1190,0.9553445458254851,0.8992524025609536
Gilbert,12,,0.25,9,7,99.89659280516207,126.47329351399094,1476,1658,0.8263316236078909,0.7590099119252688
Gilbert,12,,0.25,9,8,90.14261797699146,215.67786664003506,1234,2734,0.8999304562223106,0.7361667376598555
Gilbert,12,,0.25,9,9,77.45678489585407,66.75071409903467,1270,1056,0.6785354457315075,0.999999417667594
Gilbert,12,,0.25,9,10,103.4104114358779,116.72587331500836,1278,1422,0.8558575522762901,0.8103793160810158
Gilbert,12,,0.25,9,11,105.75697319512255,58.46201976505108,1516,838,0.7027564347235805,0.6799599094100697
Gilbert,12,,0.25,9,12,103.34479082003236,185.3554700219538,1424,2116,0.7426593776171169,0.9999999890908379
Gilbert,12,,0.25,9,13,129.93760714284144,120.01974737690762,1642,1596,0.8728100899776271,0.9049646182949832
Gilbert,12,,0.25,9,14,91.725757075008,98.17046905402094,1414,1506,0.8200984244200157,0.9909027755204236
Gilbert,12,,0.25,9,15,136.05305424984545,31.62184492102824,1840,468,0.9381455131337749,0.9904116942469633
Gilbert,12,,0.25,9,16,18.190262730931863,39.257063305936754,340,668,0.9859125811247159,0.9999999998169322
Gilbert,12,,0.25,9,17,106.39561714604497,110.04477112204768,1390,1430,0.7981193458462924,0.7981193444960193
Gilbert,12,,0.25,9,18,69.3649153278675,62.93723419192247,1018,832,0.9043359606418958,0.9978352131637931
Gilbert,12,,0.25,9,19,117.59074896806851,130.878505946137,1554,1566,0.8138058770396543,0.7203331289316116
Gilbert,12,,0.25,10,0,124.46812975290231,90.12294898880646,1760,1440,0.8672024919626475,0.7667112855061365
Gilbert,12,,0.25,10,1,165.98019895493053,110.22942698583938,2440,1612,0.7523044990910349,0.9999999862332195
Gilbert,12,,0.25,10,2,126.30730644799769,183.04113909997977,1960,2766,0.7584599739268166,0.8574380216672219
Gilbert,12,,0.25,10,3,124.53526205988601,121.1675260681659,1804,1774,0.8585916092990349,0.8585915902863768
Gilbert,12,,0.25,10,4,170.24901315616444,179.56870596297085,2172,2318,0.8206326473166747,0.8595500443933114
Gilbert,12,,0.25,10,5,124.10684273112565,127.6914408581797,1596,1612,0.824906484308689,0.824906309696485
Gilbert,12,,0.25,10,6,112.14509308594279,91.51524066203274,1560,1406,0.9535590572733686,0.9327632591221401
Gilbert,12,,0.25,10,7,121.96952666109428,168.78377153188922,1660,1998,0.7295957004196773,0.8164174866069389
Gilbert,12,,0.25,10,8,134.1082461727783,359.43528593494557,1576,3920,0.7086556309019366,0.8508844334606553
Gilbert,12,,0.25,10,9,103.02330917492509,80.15337660792284,1504,1196,0.9077731902502294,0.9999994218176796
Gilbert,12,,0.25,10,10,175.58596044708975,142.00509936502203,1882,1604,0.8987078059964464,0.8265556888172689
Gilbert,12,,0.25,10,11,168.45741417398676,74.96294697513804,2016,956,0.6519687233401971,0.6995752715981984
Gilbert,12,,0.25,10,12,153.86386355711147,212.27481107087806,1866,2396,0.7498383613888558,0.7735963698718695
Gilbert,12,,0.25,10,13,154.63289139210247,144.75908981007524,1888,1826,0.851659963518364,0.9633457429373653
Gilbert,12,,0.25,10,14,129.94497024896555,137.8535210560076,1808,1890,0.9221969191999794,0.9905595339731431
Gilbert,12,,0.25,10,15,216.1773906040471,41.52540764189325,2520,558,0.9469801474125382,0.9924272694872766
Gilbert,12,,0.25,10,16,24.736367368139327,55.178078023018315,404,832,0.9884623136534209,0.9999999932643978
Gilbert,12,,0.25,10,17,158.91660328116268,156.8184328028001,1834,1820,0.8181404080651085,0.8181404020341528
Gilbert,12,,0.25,10,18,106.50348509009928,83.15691896900535,1348,982,0.909159992607342,0.9985476172464649
Gilbert,12,,0.25,10,19,174.02113091317005,209.86757312295958,2014,2152,0.8728589962717109,0.8828355130108895
Gilbert,13,,0.1,1,0,0.4787221709266305,0.5408272836357355,22,36,0.635859520636797,0.8185741826849701
Gilbert,13,,0.1,1,1,0.3828258439898491,0.5066014686599374,26,40,0.6550061937611518,0.880982741089118
Gilbert,13,,0.1,1,2,0.45553078316152096,0.6367244832217693,30,50,0.7567768462328404,0.9263458329623996
Gilbert,13,,0.1,1,3,0.4951884616166353,0.6356416465714574,36,50,0.5513507400870031,0.8125016306174616
Gilbert,13,,0.1,1,4,0.43378715217113495,0.3944927863776684,32,20,0.6527789610593024,0.41308593749999994
Gilbert,13,,0.1,1,5,0.3299173144623637,0.43367289938032627,26,36,0.8118389766262556,0.9604946015465181
Gilbert,13,,0.1,1,6,0.49122371058911085,0.6228383528068662,40,54,0.6997359785267891,0.8515535454532299
Gilbert,13,,0.1,1,7,0.46374972350895405,0.6578734610229731,30,50,0.7567768462328404,0.926345832962399
Gilbert,13,,0.1,1,8,0.40820850152522326,0.38916619028896093,32,30,0.7149407417662895,0.9405285127486973
Gilbert,13,,0.1,1,9,0.4772128127515316,0.4571721302345395,34,32,0.3687431080840423,0.18257691211071891
Gilbert,13,,0.1,1,10,0.3717004181817174,0.4777008602395654,26,38,0.45284951078721847,0.8126501751305919
Gilbert,13,,0.1,1,11,0.3842287817969918,0.5710496185347438,26,46,0.4701337842246617,0.8002206706038963
Gilbert,13,,0.1,1,12,0.4272107044234872,0.44475002121180296,28,30,0.42916497422948147,0.45504451630210907
Gilbert,13,,0.1,1,13,0.5679143900051713,0.792323773726821,30,58,0.5932366340987065,0.7934962738046121
Gilbert,13,,0.1,1,14,0.6134239230304956,0.3995590629056096,44,24,0.27385005279882846,0.1749764689037176
Gilbert,13,,0.1,1,15,0.44220777694135904,0.4926712764427066,20,26,0.5216580779007738,0.8233927872903869
Gilbert,13,,0.1,1,16,0.5450841663405299,0.7520873574540019,30,54,0.6693616106677323,0.8448156927308409
Gilbert,13,,0.1,1,17,0.4196217069402337,0.35696083400398493,28,22,0.5635268011145544,0.479631273484181
Gilbert,13,,0.1,1,18,0.3134779455140233,0.36005252227187157,16,20,0.4297882555868588,0.32890213248663375
Gilbert,13,,0.1,1,19,0.45766757521778345,0.6930474881082773,20,46,0.521660900517745,0.8328433155303119
Gilbert,13,,0.1,2,0,0.8611800903454423,0.9132750770077109,54,64,0.743589522425334,0.835465444261657
Gilbert,13,,0.1,2,1,1.087841922417283,0.983146607875824,68,66,0.7754028737942872,0.9513817075696243
Gilbert,13,,0.1,2,2,0.7939056241884828,0.9043370727449656,56,72,0.8772494577858623,0.9700729921138859
Gilbert,13,,0.1,2,3,1.209291983395815,1.0569381667301059,76,74,0.6526669483341018,0.9190440736343743
Gilbert,13,,0.1,2,4,1.4169825203716755,0.4113885220140219,92,26,0.7713178405899096,0.4622497558593749
Gilbert,13,,0.1,2,5,0.9294311674311757,0.8286604955792427,68,64,0.9168655765797034,0.9863381064232126
Gilbert,13,,0.1,2,6,0.9036999428644776,1.0837671989575028,66,84,0.8558836534468948,0.9137813309482343
Gilbert,13,,0.1,2,7,0.8021611757576466,0.9333363510668278,56,72,0.8772494577858623,0.9700729921138855
Gilbert,13,,0.1,2,8,1.0749439550563693,0.8109367173165083,70,56,0.867616323999745,0.9819303517625239
Gilbert,13,,0.1,2,9,1.5676095085218549,1.036314593628049,92,58,0.7072208952992347,0.8612632134639284
Gilbert,13,,0.1,2,10,1.2667014682665467,0.9497138252481818,76,72,0.7935766619255309,0.920655489235418
Gilbert,13,,0.1,2,11,1.1222944241017103,1.1468254886567593,70,76,0.8039330019632811,0.9259347388818991
Gilbert,13,,0.1,2,12,1.4168636333197355,1.0406946167349815,76,62,0.7220069194614711,0.6573498514256023
Gilbert,13,,0.1,2,13,1.0168895637616515,1.1722010038793087,70,84,0.6784447130388654,0.8099620455228153
Gilbert,13,,0.1,2,14,1.4539961097761989,0.9109934139996767,84,48,0.6567490232087205,0.8174592748710108
Gilbert,13,,0.1,2,15,0.6897209463641047,1.0275134593248367,48,66,0.8114405047426995,0.9315334547551236
Gilbert,13,,0.1,2,16,0.8762675113976002,1.210111165419221,64,88,0.749298490907724,0.8650326744380049
Gilbert,13,,0.1,2,17,0.9001800008118153,0.8995051085948944,52,50,0.766746775610747,0.8112475728287089
Gilbert,13,,0.1,2,18,2.2630121931433678,0.8536296375095844,106,42,0.586217071157798,0.8190745069385228
Gilbert,13,,0.1,2,19,0.6634124172851443,1.0162333333864808,46,82,0.8350467745443966,0.9424080361642339
Gilbert,13,,0.1,3,0,2.3095068261027336,2.8958288989961147,116,150,0.812604387944454,0.8971721004407406
Gilbert,13,,0.1,3,1,2.3053485667333007,1.6404885174706578,122,96,0.8324297218054161,0.9779571940538373
Gilbert,13,,0.1,3,2,1.841835293918848,1.6607395177707076,106,108,0.9151499524590918,0.9846406404159161
Gilbert,13,,0.1,3,3,2.5823967289179564,1.6667220843955874,132,98,0.7444797584888467,0.9704139948823995
Gilbert,13,,0.1,3,4,3.038471505045891,0.5147543558850884,156,28,0.8441608535078509,0.5242595672607422
Gilbert,13,,0.1,3,5,1.7540625566616654,1.6639453694224358,108,106,0.9650316033134497,0.9957773605562346
Gilbert,13,,0.1,3,6,1.83877990860492,2.376285407692194,108,142,0.886857372326438,0.9348926989276704
Gilbert,13,,0.1,3,7,1.859817335382104,1.6758054262027144,106,108,0.9151499524590904,0.9846406404159165
Gilbert,13,,0.1,3,8,1.7969433069229126,1.7378334309905767,108,96,0.9418346178954762,0.9933472102743176
Gilbert,13,,0.1,3,9,3.8994957134127617,2.180090431123972,178,106,0.788996844075297,0.9999999999973412
Gilbert,13,,0.1,3,10,2.326206465251744,2.364743748679757,124,124,0.8674288594452375,0.9779351697494596
Gilbert,13,,0.1,3,11,3.4129256047308445,2.1095508793368936,158,118,0.9074168186366158,0.9570874044289892
Gilbert,13,,0.1,3,12,2.643352516926825,4.513621884398162,122,186,0.7285733452835795,0.7912274322077343
Gilbert,13,,0.1,3,13,2.9211049610748887,2.541117763146758,140,140,0.7604528955890407,0.8751257660943883
Gilbert,13,,0.1,3,14,3.3064059978350997,3.169274713844061,150,124,0.7800929411972558,0.9999999999985548
Gilbert,13,,0.1,3,15,1.9327698834240437,1.9313059318810701,94,106,0.8215853870188311,0.9718690853425562
Gilbert,13,,0.1,3,16,2.3072258457541466,2.9307548459619284,116,156,0.883968641825455,0.904421806833532
Gilbert,13,,0.1,3,17,2.498915799893439,2.460140789858997,108,110,0.8637694092537315,0.9999999999997273
Gilbert,13,,0.1,3,18,5.795960731804371,2.8871719306334853,220,104,0.688774554642044,0.9175249963578823
Gilbert,13,,0.1,3,19,1.9752701120451093,2.340236716903746,100,128,0.845873069525962,0.969247492095154
Gilbert,13,,0.1,4,0,6.342222206294537,6.008195514790714,254,254,0.8382360066294878,0.913983800958312
Gilbert,13,,0.1,4,1,4.699019484221935,2.5823648646473885,200,128,0.8531905997105921,0.989885051116803
Gilbert,13,,0.1,4,2,3.4363679792732,2.733426770195365,162,144,0.9542388759647367,0.9927730010615351
Gilbert,13,,0.1,4,3,4.560198128223419,2.9234777987003326,194,138,0.7980970936262974,0.9853579239143393
Gilbert,13,,0.1,4,4,5.2852390091866255,1.4774454720318317,226,60,0.8846502206388804,0.5365880727767944
Gilbert,13,,0.1,4,5,2.9748291661962867,3.1637190775945783,156,164,0.9878249862317332,0.9978273309113311
Gilbert,13,,0.1,4,6,3.2915648026391864,4.1386943385005,158,204,0.9481837574130001,0.9694039989604902
Gilbert,13,,0.1,4,7,3.429033496417105,2.786702176555991,162,144,0.9542388759647359,0.9927730010615363
Gilbert,13,,0.1,4,8,3.305728480219841,3.1107619553804398,158,146,0.9726855440234725,0.9964607748053386
Gilbert,13,,0.1,4,9,7.189975222572684,4.011903120204806,272,156,0.8112670884972365,0.9999999999840652
Gilbert,13,,0.1,4,10,3.8573753060773015,7.74575802590698,170,294,0.910809498168846,0.9944501876439757
Gilbert,13,,0.1,4,11,6.905412269756198,3.274149525910616,268,156,0.9053574089113028,0.9868912924290646
Gilbert,13,,0.1,4,12,4.939263114705682,7.369206038303673,184,264,0.8609152630916579,0.7685330844058045
Gilbert,13,,0.1,4,13,7.150003042072058,5.008899020962417,264,212,0.8320005740148675,0.9136320714706846
Gilbert,13,,0.1,4,14,7.9807113371789455,5.634700142778456,272,188,0.7526018036187879,0.9999999999995615
Gilbert,13,,0.1,4,15,4.031696317717433,3.822936072945595,164,164,0.8194736560891902,0.989322466777348
Gilbert,13,,0.1,4,16,4.069135155528784,4.849069334566593,170,218,0.9316496472559053,0.9267778441998612
Gilbert,13,,0.1,4,17,4.148783929646015,5.4177454160526395,158,190,0.9395090878762488,0.9893820569357785
Gilbert,13,,0.1,4,18,13.042753927409649,7.0997954392805696,398,208,0.6828102424656982,0.9999999999353334
Gilbert,13,,0.1,4,19,4.44505668990314,4.085163348354399,170,182,0.9046963563354092,0.9909166237373704
Gilbert,13,,0.1,5,0,11.262331085279584,9.899254642426968,384,358,0.9180634340126012,0.9996766659544386
Gilbert,13,,0.1,5,1,7.77808237913996,4.533037258312106,282,178,0.8949975403892054,0.9930373825041284
Gilbert,13,,0.1,5,2,5.7976627163589,4.484821583144367,230,198,0.9730639125406008,0.9950469101625062
Gilbert,13,,0.1,5,3,8.399225386790931,5.2475589187815785,292,196,0.8485012138940411,0.9930974284146757
Gilbert,13,,0.1,5,4,8.433360224589705,2.6533995224162936,310,90,0.9380317362726793,0.5123726651072502
Gilbert,13,,0.1,5,5,4.568651436828077,6.001500120386481,204,252,0.994899449201137,0.9991457669611887
Gilbert,13,,0.1,5,6,5.591992643661797,9.541511151008308,224,356,0.9667128738464194,0.9724725390382396
Gilbert,13,,0.1,5,7,5.7940964652225375,4.727305984124541,230,198,0.9730639125405993,0.9950469101625081
Gilbert,13,,0.1,5,8,5.578383537009358,5.974198984913528,220,222,0.9830565135084676,0.9980766518374601
Gilbert,13,,0.1,5,9,14.474128326401114,6.853766722604632,446,218,0.8674907163048572,0.9999999997957739
Gilbert,13,,0.1,5,10,5.969380001537502,15.019838174805045,224,478,0.9235665676957101,0.9999999999092574
Gilbert,13,,0.1,5,11,10.726312279701233,9.053960853256285,360,302,0.9324863179308254,0.9896953645077621
Gilbert,13,,0.1,5,12,9.773776206187904,14.201195519417524,292,412,0.7803433408154269,0.8618808167363711
Gilbert,13,,0.1,5,13,10.681435115635395,8.525143533945084,352,298,0.8725399460551494,0.9080049247664839
Gilbert,13,,0.1,5,14,15.8614472867921,7.918610121123493,444,236,0.7791526834883928,0.9999999999974204
Gilbert,13,,0.1,5,15,6.505059259943664,6.737173934467137,224,236,0.9260342866282735,0.990753225796434
Gilbert,13,,0.1,5,16,7.221834261901677,14.290810785256326,246,446,0.9356523477976866,0.9999999981273999
Gilbert,13,,0.1,5,17,7.459174291230738,8.465755796991289,224,256,0.9570159157975081,0.9999992205539733
Gilbert,13,,0.1,5,18,27.57329519558698,13.738131393678486,672,336,0.7309086705695781,0.9999999998368818
Gilbert,13,,0.1,5,19,9.001501507125795,6.423184937797487,288,242,0.9621609831835612,0.9909821312118829
Gilbert,13,,0.1,6,0,18.63869373500347,25.968616865575314,556,732,0.8986690416834873,0.9999999174857616
Gilbert,13,,0.1,6,1,19.590627493336797,7.8701587822288275,548,252,0.9133212106667286,0.9954687078619793
Gilbert,13,,0.1,6,2,9.555338440462947,8.273222671821713,324,294,0.985356168552362,0.9986017595092292
Gilbert,13,,0.1,6,3,13.524553291499615,8.339756644330919,404,264,0.8699649632609782,0.9960030058454505
Gilbert,13,,0.1,6,4,14.07196997012943,3.480887238867581,432,108,0.9662009407639415,0.486632355954498
Gilbert,13,,0.1,6,5,13.160243229940534,10.726746978238225,430,376,0.9961882626691917,0.9997820263338407
Gilbert,13,,0.1,6,6,9.997318441979587,16.59514768049121,328,524,0.9831696227462348,0.9761122916893272
Gilbert,13,,0.1,6,7,9.616531198844314,8.772620912641287,324,294,0.9853561685523609,0.9986017595092296
Gilbert,13,,0.1,6,8,9.904185388237238,9.834649703465402,320,314,0.9921640825514579,0.9993075643779562
Gilbert,13,,0.1,6,9,21.90010800305754,13.458133885636926,588,342,0.9306814494003238,0.9999999920017549
Gilbert,13,,0.1,6,10,10.997022309340537,22.72082157060504,330,640,0.9516262573201671,0.99999999721098
Gilbert,13,,0.1,6,11,16.50830314308405,16.407853544689715,480,456,0.9671866842547326,0.9976357785909462
Gilbert,13,,0.1,6,12,15.591386253014207,21.957861565984786,394,556,0.9459090415862837,0.9033544388707156
Gilbert,13,,0.1,6,13,24.975420794449747,15.010493528097868,636,428,0.9270483205177124,0.9267500476083804
Gilbert,13,,0.1,6,14,24.43413728941232,11.568254983052611,600,296,0.7895868894397123,0.9999999999794292
Gilbert,13,,0.1,6,15,13.0988013073802,16.122511462308466,362,434,0.9181724369572714,0.9991796194863419
Gilbert,13,,0.1,6,16,13.38041412178427,31.57959317881614,370,800,0.9612182501049121,0.9999999996432087
Gilbert,13,,0.1,6,17,12.330738023854792,13.988639689981937,312,356,0.9826140180454095,0.9999990682557623
Gilbert,13,,0.1,6,18,37.035581591539085,19.02384775131941,810,418,0.7319151229664698,0.9999999959647071
Gilbert,13,,0.1,6,19,14.519959716126323,23.707244533114135,400,604,0.9669719556919153,0.9991811631364941
Gilbert,13,,0.1,7,0,25.103810333646834,31.861786322668195,682,846,0.9443077374563068,0.9999999957753061
Gilbert,13,,0.1,7,1,29.703079126775265,11.476516675204039,738,324,0.9143171206340371,0.997436459652908
Gilbert,13,,0.1,7,2,19.042099616490304,17.497612262144685,524,492,0.9793671821772966,0.9991967573038973
Gilbert,13,,0.1,7,3,27.611649533733726,16.243550384417176,662,410,0.8967729264187569,0.9972049432193096
Gilbert,13,,0.1,7,4,20.84476531855762,5.203128611668944,560,140,0.9704342167781519,0.4692289130471182
Gilbert,13,,0.1,7,5,23.36154427845031,16.127807538956404,664,500,0.997341381479666,0.999997256556124
Gilbert,13,,0.1,7,6,19.43955079652369,40.095995366573334,522,1008,0.9805995217400039,0.9999999994339797
Gilbert,13,,0.1,7,7,19.91048459429294,18.5422606440261,524,492,0.9793671821781349,0.9991967571824617
Gilbert,13,,0.1,7,8,19.540870217606425,15.27409372292459,508,420,0.9948958533521435,0.9997855749176896
Gilbert,13,,0.1,7,9,29.107623201794922,19.146652474068105,700,432,0.9465628253825089,0.9999998734044933
Gilbert,13,,0.1,7,10,14.965272729285061,32.188929894939065,404,816,0.9648886025465812,0.9999997333269133
Gilbert,13,,0.1,7,11,29.015458987094462,50.320943594910204,714,798,0.9964980564270258,0.9990714350391328
Gilbert,13,,0.1,7,12,23.477033062838018,36.2532697385177,516,780,0.945909054537892,0.8877635499558238
Gilbert,13,,0.1,7,13,54.08309989236295,24.829282180406153,1138,602,0.9235751527805446,0.9657138037867592
Gilbert,13,,0.1,7,14,33.746386538259685,18.998915756121278,742,402,0.7703498431050727,0.9999999992687512
Gilbert,13,,0.1,7,15,30.550190523266792,54.36714786849916,666,1126,0.958186257414702,0.9997510345784709
Gilbert,13,,0.1,7,16,21.66478399373591,40.80386054888368,516,952,0.9758806365417811,0.999999986214738
Gilbert,13,,0.1,7,17,20.17217929288745,26.308755562640727,436,546,0.9871986337539618,0.9999999820318565
Gilbert,13,,0.1,7,18,58.91377276554704,28.63691704161465,1120,548,0.809846526555674,0.9999999988915166
Gilbert,13,,0.1,7,19,31.027003474533558,40.22520790901035,694,892,0.9815880603153803,0.9999999962194038
Gilbert,13,,0.1,8,0,40.103447317145765,42.98908466566354,948,1042,0.9275210754975585,0.9999998540582646
Gilbert,13,,0.1,8,1,47.98887600004673,16.28566572908312,1058,404,0.9199993471853326,0.9982074727924213
Gilbert,13,,0.1,8,2,37.95597141422331,26.63946135994047,872,668,0.9892951182815082,0.9995301566737922
Gilbert,13,,0.1,8,3,38.6957285804674,21.705482702702284,844,498,0.8940607869547874,0.9988227370208649
Gilbert,13,,0.1,8,4,35.64581463299692,6.967468253336847,804,170,0.9731756300564655,0.5283074539529481
Gilbert,13,,0.1,8,5,44.565692973323166,22.41616033297032,1078,624,0.9998601870840311,0.999999700601633
Gilbert,13,,0.1,8,6,39.92373599484563,76.4143438981846,886,1650,0.9878256784621003,0.9999949773569627
Gilbert,13,,0.1,8,7,41.462085431441665,29.006206114776433,898,668,0.9892951139120395,0.9995301592128516
Gilbert,13,,0.1,8,8,26.086976216174662,23.907524816691875,622,568,0.9953730371204028,0.9999612716994051
Gilbert,13,,0.1,8,9,51.31155399046838,25.263880206272006,1010,524,0.9541878091003851,0.9999999996672907
Gilbert,13,,0.1,8,10,22.296260554343462,47.196088125929236,516,1048,0.9785941382430187,0.999999973234869
Gilbert,13,,0.1,8,11,68.99927936680615,70.06411223858595,1346,1280,0.9999998752329969,0.99959474688785
Gilbert,13,,0.1,8,12,40.60479569807649,46.69253582600504,746,930,0.9512880408932346,0.9053021133469473
Gilbert,13,,0.1,8,13,71.12088266666979,38.13148718792945,1394,802,0.943903796021448,0.9999970138410078
Gilbert,13,,0.1,8,14,65.4386802110821,30.432136178947985,1154,548,0.8777923617422652,0.9999999998316295
Gilbert,13,,0.1,8,15,40.5006451131776,108.55241920892149,822,1940,0.9902783128034199,0.9994457149851126
Gilbert,13,,0.1,8,16,34.21901215519756,50.62673871126026,700,1100,0.9657742655672589,0.9999994543723366
Gilbert,13,,0.1,8,17,37.72383333276957,32.11454832088202,672,624,0.9938841220501623,0.999999969897914
Gilbert,13,,0.1,8,18,77.70985015295446,35.4310665987432,1330,630,0.8369417013267039,0.9999999967998272
Gilbert,13,,0.1,8,19,52.53473903890699,63.56271938700229,1018,1222,0.98790519776629,0.9999999657444777
Gilbert,13,,0.1,9,0,61.46840407885611,54.57170440349728,1272,1214,0.9707183179613597,0.999999746124407
Gilbert,13,,0.1,9,1,79.2414804957807,31.17855370976031,1522,628,0.9322976173739883,0.9993671037801266
Gilbert,13,,0.1,9,2,70.32177395094186,39.69376461952925,1404,892,0.9923269228063454,0.9997357263288075
Gilbert,13,,0.1,9,3,58.41434449981898,31.62936843186617,1126,644,0.9067616913302624,0.9993702762521942
Gilbert,13,,0.1,9,4,74.84413708653301,7.574416194111109,1392,178,0.9874138572914242,0.48043758807477854
Gilbert,13,,0.1,9,5,58.829331189394,33.65725308936089,1336,824,0.9999999880275019,0.9999997937836095
Gilbert,13,,0.1,9,6,74.12500155437738,105.01783906575292,1432,2114,0.9935731338304377,0.9999999867652289
Gilbert,13,,0.1,9,7,77.80435615032911,41.88420382421464,1454,868,0.9923269713792215,0.9997357115857659
Gilbert,13,,0.1,9,8,37.409801779314876,36.07965024840087,792,752,0.9973293699954698,0.9999960039501488
Gilbert,13,,0.1,9,9,80.00917889550328,37.97298480384052,1358,678,0.9589588151463261,0.9999999973183752
Gilbert,13,,0.1,9,10,29.43171521369368,61.14288743864745,614,1242,0.986569704916488,0.9999995871801927
Gilbert,13,,0.1,9,11,87.17373254988343,116.29732368141413,1598,2020,0.9999950648611349,0.9999536891331718
Gilbert,13,,0.1,9,12,71.98479835968465,66.40444698929787,1114,1156,0.9571908244069066,0.8796471645286383
Gilbert,13,,0.1,9,13,92.28900571912527,72.64707375410944,1684,1264,0.9598326335666248,0.9999996012778494
Gilbert,13,,0.1,9,14,89.32526660338044,44.77505954448134,1436,706,0.881799921949253,0.9999995941641818
Gilbert,13,,0.1,9,15,63.91816880367696,174.22033371776342,1144,2824,0.9809015676695056,0.99970935976808
Gilbert,13,,0.1,9,16,51.4299619179219,66.98507786355913,922,1302,0.9793678881818426,0.9999997806859673
Gilbert,13,,0.1,9,17,54.47435532696545,41.56139797437936,868,734,0.9964808803323126,0.999999956613281
Gilbert,13,,0.1,9,18,121.34566010162234,44.65351506974548,1780,726,0.8260432189458264,0.9999999959319031
Gilbert,13,,0.1,9,19,76.76580420136452,82.19682861398906,1336,1470,0.9955478936166343,0.9999999794247838
Gilbert,13,,0.1,10,0,77.6106121186167,72.56604876555502,1506,1468,0.9851002983444985,0.9999995583283892
Gilbert,13,,0.1,10,1,101.1990857431665,55.47094051539898,1822,960,0.9345333724580323,0.9997252658920325
Gilbert,13,,0.1,10,2,106.87201384268701,50.110823708586395,1940,1048,0.996419908635005,0.999962047780382
Gilbert,13,,0.1,10,3,77.1313943490386,48.76721134223044,1372,868,0.9199798223323765,0.9996442449592292
Gilbert,13,,0.1,10,4,91.26112090144306,8.165158232674003,1600,186,0.983830452973904,0.45934178543600257
Gilbert,13,,0.1,10,5,71.15584586653858,38.4767479961738,1532,898,0.9999999400762613,0.9999998681269923
Gilbert,13,,0.1,10,6,105.3376583205536,130.50901588518173,1882,2462,0.9931764617383441,0.9999964722489492
Gilbert,13,,0.1,10,7,114.79261505417526,54.44669482950121,1968,1040,0.9964199030004199,0.9999620568498431
Gilbert,13,,0.1,10,8,53.01309754420072,48.457121203653514,1000,920,0.9979650623806773,0.9999987248765956
Gilbert,13,,0.1,10,9,130.99076956417412,46.26744008716196,1926,766,0.9777736084703151,0.9999999724195607
Gilbert,13,,0.1,10,10,44.90704851038754,76.99336448311806,806,1444,0.990499028099019,0.9999997782098168
Gilbert,13,,0.1,10,11,117.33317058999091,175.6787595897913,1972,2658,0.9999997899458677,0.9999983361651779
Gilbert,13,,0.1,10,12,104.75804262887686,99.09293801244348,1440,1504,0.9700167218604723,0.9473542381711161
Gilbert,13,,0.1,10,13,116.4523410834372,87.447574515827,1970,1430,0.977898651274333,0.9999982581842587
Gilbert,13,,0.1,10,14,106.58625549450517,62.238780486397445,1608,880,0.853221267430324,0.9999999013498413
Gilbert,13,,0.1,10,15,93.95877768378705,246.6638930151239,1504,3724,0.9910109584563292,0.9999212041213177
Gilbert,13,,0.1,10,16,86.00910166464746,87.6295589543879,1328,1542,0.9890707287913024,0.9999998663167062
Gilbert,13,,0.1,10,17,86.24735207296908,54.87173965573311,1202,874,0.997964867574301,0.9999994329138107
Gilbert,13,,0.1,10,18,161.92056653928012,62.81874644663185,2188,894,0.7993216694076132,0.9999999922637874
Gilbert,13,,0.1,10,19,142.17954629193991,95.07397252228111,2126,1644,0.996012288829314,0.9999995795018477
Gilbert,13,,0.25,1,0,0.47188397916033864,0.3730361859779805,14,20,0.39240099812809603,0.41107622042000896
Gilbert,13,,0.25,1,1,0.7264352631755173,0.38599183899350464,50,24,0.6117081270483768,0.21544009912630185
Gilbert,13,,0.25,1,2,0.36685865884646773,0.3635092540644109,20,18,0.2522015948973366,0.46515554786608365
Gilbert,13,,0.25,1,3,0.5017493260093033,0.47391041298396885,22,26,0.24563431258904966,0.23129969072467146
Gilbert,13,,0.25,1,4,0.3680878379382193,0.36277182307094336,18,18,0.3753951202457921,0.3753951202457924
Gilbert,13,,0.25,1,5,0.3652773699723184,0.3837228938937187,18,20,0.26575293184823784,0.18032661996490035
Gilbert,13,,0.25,1,6,0.4298044878523797,0.40877188788726926,20,20,0.26758692723597516,0.26758692723597627
Gilbert,13,,0.25,1,7,0.3253202298656106,0.4636699710972607,16,22,0.3563126447089584,0.29450098234683797
Gilbert,13,,0.25,1,8,0.5671929849777371,0.43343318393453956,34,28,0.3525279685680494,0.3041844673845433
Gilbert,13,,0.25,1,9,0.4534968361258507,0.5311063642147928,22,22,0.26144948052915884,0.26144948052915956
Gilbert,13,,0.25,1,10,0.46322476398199797,0.5524063068442047,22,22,0.2335799364409194,0.23357993644091887
Gilbert,13,,0.25,1,11,0.5016940939240158,0.3782549889292568,20,18,0.3152311668852199,0.2694080474039868
Gilbert,13,,0.25,1,12,0.37648791004903615,0.6113261780701578,20,32,0.285637246280072,0.6933448258053821
Gilbert,13,,0.25,1,13,0.501024441095069,0.5566376401111484,20,22,0.28259942938004695,0.17147642105420155
Gilbert,13,,0.25,1,14,0.30932602984830737,0.3982844348065555,14,22,0.38897868713422507,0.254299091666093
Gilbert,13,,0.25,1,15,0.4035765239968896,0.7236284471582621,20,44,0.2143063741495432,0.47014098994180553
Gilbert,13,,0.25,1,16,0.5341183908749372,0.6448387210257351,22,40,0.20831731851444615,0.45984424521625006
Gilbert,13,,0.25,1,17,0.40474242507480085,0.3773525080177933,20,18,0.2947974498527448,0.27621215421239387
Gilbert,13,,0.25,1,18,0.38750327192246914,0.5655067940242589,18,18,0.28433407640865543,0.28433407640865654
Gilbert,13,,0.25,1,19,0.4165054939221591,0.3862088262103498,20,18,0.29868626454908215,0.22006323842375508
Gilbert,13,,0.25,2,0,1.218137342017144,1.0668560559861362,58,52,0.38143539654462505,0.8027500422506293
Gilbert,13,,0.25,2,1,1.0672454480081797,1.5452493759803474,72,86,0.7757456708502314,0.44284141336833893
Gilbert,13,,0.25,2,2,1.800185474101454,1.0871151299215853,82,50,0.46198533283752397,0.4676495109012499
Gilbert,13,,0.25,2,3,1.4955570499878377,2.558802783023566,66,112,0.318631545766821,0.37093515513072534
Gilbert,13,,0.25,2,4,1.4883085899055004,1.4788981988094747,66,66,0.36038406048617583,0.3603840604861757
Gilbert,13,,0.25,2,5,1.8202103639487177,1.7163420820143074,84,80,0.5132818761531962,0.5934314021101311
Gilbert,13,,0.25,2,6,2.0649236510507762,1.996662385063246,82,82,0.4048937446506213,0.40489374465062467
Gilbert,13,,0.25,2,7,1.561997788026929,1.092475659912452,78,58,0.45593818819493187,0.8051573289785334
Gilbert,13,,0.25,2,8,1.5601060290355235,0.9218073920346797,90,54,0.5658170059067184,0.7989849319433049
Gilbert,13,,0.25,2,9,2.1726927428971976,2.077284978935495,86,86,0.5575085808460445,0.557508580846048
Gilbert,13,,0.25,2,10,1.4995226881001145,1.448250618064776,58,58,0.157290701757913,0.1572907017579123
Gilbert,13,,0.25,2,11,1.5644444320350885,1.5536168850958347,68,68,0.38868123389948,0.41216234164741633
Gilbert,13,,0.25,2,12,1.1501030249055475,1.3274904459249228,58,72,0.6300756951300118,0.7463561442702086
Gilbert,13,,0.25,2,13,1.7113545290194452,2.461965410038829,76,106,0.40914246193333853,0.588874667931457
Gilbert,13,,0.25,2,14,1.1718741820659488,0.9870888949371874,54,48,0.44988880867179354,0.8274610336276061
Gilbert,13,,0.25,2,15,1.7933370328973979,1.7483978499658406,74,84,0.27038727759884423,0.629595865332847
Gilbert,13,,0.25,2,16,1.7654191318433732,1.5445107920095325,78,74,0.4953113145767043,0.5535753718723093
Gilbert,13,,0.25,2,17,1.9238856749143451,1.0912689280230552,84,48,0.420468147072066,0.6946670730503998
Gilbert,13,,0.25,2,18,1.7371784998103976,1.6469596750102937,66,66,0.29526570971336813,0.2952657097133668
Gilbert,13,,0.25,2,19,1.6445954230148345,1.3845440421719104,68,54,0.5053411347298935,0.3470236230172415
Gilbert,13,,0.25,3,0,2.658868194092065,3.328903718153015,106,128,0.5273446341836819,0.9001243311759947
Gilbert,13,,0.25,3,1,1.9031794189941138,3.1698032550048083,102,148,0.8652489119038095,0.8097017204016468
Gilbert,13,,0.25,3,2,5.478578137001023,3.713603086071089,198,132,0.6657694123350933,0.8116448532418437
Gilbert,13,,0.25,3,3,5.723344238009304,4.62965916399844,194,176,0.45095799324258606,0.46828281514616893
Gilbert,13,,0.25,3,4,2.9062407459132373,2.8971517609898,112,112,0.5887111441300923,0.5887111441300946
Gilbert,13,,0.25,3,5,4.734286997001618,4.314914565999061,174,160,0.5199127329549741,0.7427240756538913
Gilbert,13,,0.25,3,6,3.990946947131306,3.9766691299155354,138,138,0.4519249939596494,0.45192499395965385
Gilbert,13,,0.25,3,7,3.031218014890328,2.3731786438729614,128,100,0.504762475279813,0.5686208581684496
Gilbert,13,,0.25,3,8,3.4738104031421244,2.5477718429174274,162,116,0.5975187492268821,0.9264034519437868
Gilbert,13,,0.25,3,9,7.166769317118451,7.136057320050895,220,220,0.5825590219348674,0.5825590219347087
Gilbert,13,,0.25,3,10,6.199786022072658,6.449149103835225,182,182,0.49504693768729846,0.49504693768730623
Gilbert,13,,0.25,3,11,4.171153074130416,6.847625114955008,142,214,0.6341870785470217,0.58374414341029
Gilbert,13,,0.25,3,12,4.044877736130729,4.555726825958118,150,174,0.6640060198200685,0.8215434218822251
Gilbert,13,,0.25,3,13,5.196908158017322,4.849772491957992,162,166,0.6693660462001296,0.7527385656252158
Gilbert,13,,0.25,3,14,3.5508029412012547,3.0639750768896192,124,114,0.5583501044412984,0.9301290818778148
Gilbert,13,,0.25,3,15,4.629033799981698,3.246608382090926,152,126,0.42497354152236194,0.7681015135361254
Gilbert,13,,0.25,3,16,4.93869765708223,4.4745411078911275,162,158,0.5531050648284989,0.998685124173729
Gilbert,13,,0.25,3,17,4.40636176802218,3.958923533791676,150,124,0.5065423099221368,0.7925508414534979
Gilbert,13,,0.25,3,18,5.867861563106999,5.802110841032118,180,180,0.4236419536224247,0.4236419536224288
Gilbert,13,,0.25,3,19,5.573766433866695,3.0972971960436553,174,104,0.4443174674448924,0.5194880196746986
Gilbert,13,,0.25,4,0,14.819993468932807,8.541550757130608,276,264,0.6555596090492631,0.6428571428476838
Gilbert,13,,0.25,4,1,2.7210682621225715,7.496420414885506,128,274,0.9196869269882814,0.9999999999971011
Gilbert,13,,0.25,4,2,10.592613646062091,7.340421671047807,324,220,0.7982476446842893,0.9089665983975026
Gilbert,13,,0.25,4,3,8.737799912923947,19.109556093113497,262,244,0.6248002321471416,0.5621089589192111
Gilbert,13,,0.25,4,4,6.965900405077264,6.904503603000194,208,208,0.35994437218765035,0.3599443721876517
Gilbert,13,,0.25,4,5,7.53344771405682,13.47699899901636,244,380,0.42671948303080043,0.7539259987721981
Gilbert,13,,0.25,4,6,9.479356144089252,9.555887625087053,256,256,0.6186242982131098,0.6186242981842341
Gilbert,13,,0.25,4,7,8.97365386900492,8.915394646814093,284,274,0.7003256870841714,0.9999999999873466
Gilbert,13,,0.25,4,8,7.35483558382839,4.339441834948957,270,166,0.7016224935273494,0.9261046623839325
Gilbert,13,,0.25,4,9,18.71617212309502,18.71448194794357,458,464,0.692783303642473,0.5308067552281788
Gilbert,13,,0.25,4,10,9.404797168914229,9.39200252504088,242,242,0.40978939379001034,0.4097893937900068
Gilbert,13,,0.25,4,11,7.976697926176712,15.537630648119375,224,408,0.6240291919836572,0.6356130808944714
Gilbert,13,,0.25,4,12,6.208351623034105,7.863706569885835,200,252,0.6969578854302559,0.7774846815281587
Gilbert,13,,0.25,4,13,12.117922605015337,7.457579023903236,314,218,0.7261741987654889,0.8274080949961916
Gilbert,13,,0.25,4,14,5.493106895126402,6.427752759074792,172,196,0.48695519212350236,0.9999999999906901
Gilbert,13,,0.25,4,15,10.145699335029349,6.12503506289795,262,186,0.5400840155716511,0.7810046803876957
Gilbert,13,,0.25,4,16,11.130931715946645,10.944497219054028,296,288,0.5901846405885429,0.9999999989663017
Gilbert,13,,0.25,4,17,9.008938555140048,9.407227935036644,244,238,0.6293902776661827,0.8075962719995414
Gilbert,13,,0.25,4,18,14.471361046889797,14.566570628900081,352,352,0.47664044835900327,0.4766404482892603
Gilbert,13,,0.25,4,19,10.15278781298548,8.144204108975828,268,204,0.5982031840554313,0.6218055935685897
Gilbert,13,,0.25,5,0,12.895238630007952,14.781329669058323,356,396,0.6580770518645976,0.8543306578326924
Gilbert,13,,0.25,5,1,4.302847567945719,12.244490471901372,164,388,0.9445250328844847,0.9999999999905317
Gilbert,13,,0.25,5,2,21.340974046150222,11.659216383937746,536,306,0.8270013215928859,0.9394325128040499
Gilbert,13,,0.25,5,3,21.176301002968103,11.328742639161646,494,316,0.6981200423856261,0.5284238548039094
Gilbert,13,,0.25,5,4,14.521252701058984,14.659561872016639,356,356,0.6734507188783936,0.6734507188668902
Gilbert,13,,0.25,5,5,13.548090920085087,23.14626202918589,360,570,0.5942768771714662,0.7713436175688047
Gilbert,13,,0.25,5,6,17.89567674905993,17.251656136941165,400,388,0.5812706901244492,0.5812706902099748
Gilbert,13,,0.25,5,7,13.60250951279886,15.94534695497714,384,426,0.78975574248815,0.9999999998805047
Gilbert,13,,0.25,5,8,12.572373357834294,8.717864385107532,392,240,0.7299214129046558,0.603980771396653
Gilbert,13,,0.25,5,9,28.35867272806354,39.44581158203073,622,814,0.7039178694298179,0.7506243636989417
Gilbert,13,,0.25,5,10,21.60696574486792,22.519004099071026,436,444,0.564117574931581,0.5641175747115537
Gilbert,13,,0.25,5,11,14.695465423865244,28.9219077010639,340,632,0.6217507356207724,0.6969718627455892
Gilbert,13,,0.25,5,12,12.413942924002185,13.388804588001221,324,364,0.7051878717460862,0.9453755476769763
Gilbert,13,,0.25,5,13,22.019484826829284,13.373680757824332,472,318,0.6941910352761137,0.8341442531067548
Gilbert,13,,0.25,5,14,11.299866212997586,15.165203117066994,270,366,0.7652991860789425,0.9997519695736494
Gilbert,13,,0.25,5,15,15.323975655948743,14.931285998085514,358,338,0.5081375130244447,0.9999883022455425
Gilbert,13,,0.25,5,16,20.496506999945268,18.28436682210304,452,414,0.8088634474457557,0.9999999998622828
Gilbert,13,,0.25,5,17,16.226796325063333,16.68795086420141,364,358,0.7224646424473692,0.7929690951575892
Gilbert,13,,0.25,5,18,21.84061149111949,22.899147746153176,470,484,0.6012011770396609,0.6012011775317934
Gilbert,13,,0.25,5,19,22.127156012924388,19.19306375621818,466,376,0.6507844217583156,0.8513648504071193
Gilbert,13,,0.25,6,0,17.96716227615252,27.623154012020677,446,626,0.7812662113992468,0.6541297191759672
Gilbert,13,,0.25,6,1,6.7004973941948265,17.338065358111635,212,490,0.9540548397375958,0.9999999886817768
Gilbert,13,,0.25,6,2,32.45375826000236,20.30992630496621,722,448,0.8111734832469548,0.9679183024530611
Gilbert,13,,0.25,6,3,28.657421625917777,34.00278846709989,610,674,0.7418412486926024,0.7313710146905095
Gilbert,13,,0.25,6,4,27.416910763131455,28.002404968021438,568,572,0.8075200639919822,0.8075200697769138
Gilbert,13,,0.25,6,5,23.706286465981975,33.70202797395177,528,742,0.7222719318771279,0.7728514335362668
Gilbert,13,,0.25,6,6,25.39170485106297,24.498451936990023,508,496,0.7342531900000795,0.7342531898023709
Gilbert,13,,0.25,6,7,21.13072173995897,24.883315056096762,518,590,0.7388827623702844,0.9999999916931969
Gilbert,13,,0.25,6,8,17.331126821925864,13.174072143156081,484,350,0.8061176943510271,0.7634407095029807
Gilbert,13,,0.25,6,9,37.69211102416739,53.23883673688397,752,1002,0.7125978844985428,0.7793753503884815
Gilbert,13,,0.25,6,10,38.661151537904516,40.65017711697146,658,678,0.5174855966067092,0.5174856019073107
Gilbert,13,,0.25,6,11,25.586497674928978,34.73707395186648,502,722,0.7080050441559881,0.6357326685918857
Gilbert,13,,0.25,6,12,26.70947436685674,38.921748504042625,554,774,0.7232735459717946,0.878247384861709
Gilbert,13,,0.25,6,13,32.38159907213412,21.61747407889925,616,436,0.7899075224526707,0.9037128277682996
Gilbert,13,,0.25,6,14,22.771677023964003,32.295128306839615,450,642,0.8063742008113876,0.9999999974827387
Gilbert,13,,0.25,6,15,26.834863940021023,26.35036625782959,514,498,0.6726695595818659,0.9999999538438187
Gilbert,13,,0.25,6,16,28.46340734208934,28.832309565041214,572,568,0.8226758251068162,0.9999999939370552
Gilbert,13,,0.25,6,17,26.868547376943752,40.231478763977066,512,684,0.7579451829560733,0.8394140415657843
Gilbert,13,,0.25,6,18,41.2560868060682,45.44448950095102,734,786,0.6582899951432224,0.6582899939616306
Gilbert,13,,0.25,6,19,36.0836606179364,28.13680677418597,654,508,0.6217769854594918,0.8619408892928067
Gilbert,13,,0.25,7,0,31.233671063091606,34.7570125348866,652,732,0.8108013349459056,0.3554665861045828
Gilbert,13,,0.25,7,1,10.367171047953889,22.701076203025877,274,582,0.9611523431094161,0.9999999998368372
Gilbert,13,,0.25,7,2,44.71693797898479,29.294352483935654,898,580,0.8810331642159951,0.9848481285905237
Gilbert,13,,0.25,7,3,71.04020817088895,56.67757924599573,878,830,0.7664878004291187,0.6681885029067929
Gilbert,13,,0.25,7,4,55.583346858853474,58.80258338386193,960,1004,0.8250405432189237,0.8250405427214421
Gilbert,13,,0.25,7,5,36.78945390111767,46.77296803891659,708,930,0.7949445229184606,0.6852895665625348
Gilbert,13,,0.25,7,6,47.52927141613327,53.44710593181662,792,864,0.7012118499151359,0.7373708591261957
Gilbert,13,,0.25,7,7,36.13434767094441,36.17638545110822,750,764,0.8365289237821056,0.49410550727224956
Gilbert,13,,0.25,7,8,24.289686254924163,22.27212363993749,600,476,0.8410091844931784,0.796216503092923
Gilbert,13,,0.25,7,9,58.23015625705011,63.68244534311816,996,1128,0.6650243541710619,0.8247906784928775
Gilbert,13,,0.25,7,10,57.602693886030465,61.90270021487959,876,914,0.7040186721031916,0.7040186448240879
Gilbert,13,,0.25,7,11,57.7723177310545,44.29731164802797,898,834,0.778358101335383,0.5720488459902903
Gilbert,13,,0.25,7,12,36.106991531094536,58.89924421487376,686,1054,0.7276099126913916,0.9574559549617669
Gilbert,13,,0.25,7,13,61.27779858116992,39.02354251896031,812,634,0.8318265040526257,0.9098765881613193
Gilbert,13,,0.25,7,14,39.374267152976245,42.743484226986766,658,788,0.750060130171738,0.9999981246615374
Gilbert,13,,0.25,7,15,40.646345739020035,35.30751288495958,682,606,0.6510435757348031,0.9999998292766611
Gilbert,13,,0.25,7,16,40.256600729888305,39.740934424102306,716,702,0.8416198130080265,0.9999993476210591
Gilbert,13,,0.25,7,17,52.49445318710059,53.973828008864075,812,846,0.6845074359873146,0.8412765031329211
Gilbert,13,,0.25,7,18,61.214205774944276,62.54440177907236,960,980,0.6327154290504285,0.6327154259193137
Gilbert,13,,0.25,7,19,55.57911130785942,48.10825171787292,880,738,0.6448145143630426,0.8665887605105089
Gilbert,13,,0.25,8,0,46.81784963607788,48.33949123695493,862,912,0.8574177544350559,0.9999999815948788
Gilbert,13,,0.25,8,1,13.32500341697596,31.390164060052484,320,712,0.9719311253624856,0.9999999987448979
Gilbert,13,,0.25,8,2,64.05151824001223,37.96963415108621,1064,686,0.8524609048603109,0.9881716963088893
Gilbert,13,,0.25,8,3,75.91305036400445,91.03511876100674,1208,1232,0.7991545259875587,0.742017652834078
Gilbert,13,,0.25,8,4,71.58317131409422,77.92192043620162,1164,1228,0.8467773785398012,0.8467773771700259
Gilbert,13,,0.25,8,5,55.34119969489984,85.92581853084266,942,1412,0.8293770874747907,0.8626910714822421
Gilbert,13,,0.25,8,6,73.61541355377994,70.34943233197555,1070,1048,0.7103741983886868,0.7557145657498799
Gilbert,13,,0.25,8,7,47.844638055888936,50.93990665208548,906,964,0.8199121937621728,0.9999999936135172
Gilbert,13,,0.25,8,8,41.96134831383824,32.05541823501699,856,626,0.8362533659471632,0.9999999997525593
Gilbert,13,,0.25,8,9,111.61013202089816,79.52571901702322,1336,1290,0.8076732932503186,0.8360133835455231
Gilbert,13,,0.25,8,10,103.54007695103064,134.39264432503842,1328,1622,0.7392836072958792,0.7956331245865658
Gilbert,13,,0.25,8,11,104.81996189011261,59.83519505499862,1412,1010,0.8452552230703884,0.6951952341732452
Gilbert,13,,0.25,8,12,69.51581995002925,75.91449222108349,1088,1254,0.7305369246572898,0.9596340754019893
Gilbert,13,,0.25,8,13,71.73407963989303,57.24803539295681,1042,816,0.8109781899667028,0.8879972308816386
Gilbert,13,,0.25,8,14,67.55822792509571,63.82391138304956,966,1006,0.8420691441645803,0.9999940431753574
Gilbert,13,,0.25,8,15,62.54205401195213,54.69489891896956,904,810,0.82701295173901,0.9999999600159768
Gilbert,13,,0.25,8,16,73.81232748902403,51.73508588504046,1064,832,0.8338165484472715,0.9999991356214224
Gilbert,13,,0.25,8,17,79.60010252008215,69.68844973784871,1096,1004,0.47751453848377806,0.8412770026934012
Gilbert,13,,0.25,8,18,93.21023611421697,91.07407321501523,1282,1270,0.7614978842157045,0.7592982459580324
Gilbert,13,,0.25,8,19,90.24709378206171,65.60914902715012,1234,910,0.8455268064097519,0.8576600293259845
Gilbert,13,,0.25,9,0,60.17726730997674,129.69004943501204,1024,1894,0.8408252831140658,0.7020491130801838
Gilbert,13,,0.25,9,1,17.254384082043543,41.492496464867145,372,846,0.9808124447721666,0.9999999992983197
Gilbert,13,,0.25,9,2,83.4033963221591,64.12098799203523,1338,852,0.8842641660625338,0.9922770720310865
Gilbert,13,,0.25,9,3,127.41527823591605,127.8046925291419,1392,1506,0.7865316220001034,0.7763038545077228
Gilbert,13,,0.25,9,4,90.67999501503073,96.29664062894881,1360,1432,0.8642143614546859,0.8642143542015588
Gilbert,13,,0.25,9,5,114.09132589097135,104.96887014317326,1584,1620,0.8404161754529224,0.8734410150898946
Gilbert,13,,0.25,9,6,106.61282246396877,98.15048370999284,1392,1320,0.7429815996292312,0.8187399336728025
Gilbert,13,,0.25,9,7,74.36494264891371,79.44609425100498,1230,1306,0.8764974642888654,0.9999999979100738
Gilbert,13,,0.25,9,8,62.82469299994409,51.884116045199335,1126,872,0.8546117053196178,0.9999999966003724
Gilbert,13,,0.25,9,9,123.73606765898876,102.38400833611377,1642,1500,0.7864251670171445,0.8664990382830812
Gilbert,13,,0.25,9,10,154.22223593504168,163.7381749600172,1778,1864,0.7802571014334445,0.7131916649917164
Gilbert,13,,0.25,9,11,133.50307712890208,96.7828084230423,1672,1372,0.827034490885278,0.5332150935141673
Gilbert,13,,0.25,9,12,100.80165083915927,114.30931334290653,1420,1658,0.7388841844704688,0.9611638619649243
Gilbert,13,,0.25,9,13,99.88353889388964,76.69783752504736,1292,988,0.8490067037694161,0.8769405711663488
Gilbert,13,,0.25,9,14,149.27901301695965,78.36726904311217,1434,1184,0.8672528340566504,0.9999993202203836
Gilbert,13,,0.25,9,15,104.38053423818201,67.65726033784449,1314,936,0.6857984833703747,0.9999990852866907
Gilbert,13,,0.25,9,16,105.13385791704059,81.27278037602082,1356,1098,0.8717186768106949,0.9999999487500363
Gilbert,13,,0.25,9,17,138.64949545799755,89.7383944990579,1656,1196,0.7720108379243836,0.8414650090189838
Gilbert,13,,0.25,9,18,120.96775755798444,119.22891057585366,1524,1510,0.8120537925258736,0.7945390144145138
Gilbert,13,,0.25,9,19,193.85321576613933,110.41339556500316,1814,1240,0.8733723526789777,0.9045168008510159
Gilbert,13,,0.25,10,0,95.69428701605648,176.8918203189969,1406,2262,0.8941419025518077,0.9999999356850553
Gilbert,13,,0.25,10,1,22.18909656209871,50.93894425802864,432,962,0.9867326784134969,0.9999999613358752
Gilbert,13,,0.25,10,2,189.81650613015518,75.46163376118056,2074,1078,0.9193264256075713,0.9936734529730394
Gilbert,13,,0.25,10,3,118.14441729988903,167.20017091208138,1622,1766,0.7984075252658882,0.7818843290345593
Gilbert,13,,0.25,10,4,118.36920736613683,123.53431208292022,1644,1688,0.8995085557302497,0.8995085510645148
Gilbert,13,,0.25,10,5,146.56331592588685,141.38789175101556,1918,1972,0.812916388506822,0.8749142643090677
Gilbert,13,,0.25,10,6,160.01099513215013,125.9844272909686,1854,1594,0.7074373004387873,0.8263288061230712
Gilbert,13,,0.25,10,7,97.52980492799543,105.24102426506579,1464,1562,0.8861379235665539,0.9999996093813381
Gilbert,13,,0.25,10,8,81.12545434385538,99.08182428195141,1308,1140,0.865786956654526,0.9999999553183945
Gilbert,13,,0.25,10,9,208.02376525988802,137.01203023688868,2356,1786,0.8771897245066802,0.9026009764151484
Gilbert,13,,0.25,10,10,196.0687282430008,282.20000786613673,2100,2784,0.7702016741081188,0.8719201921265733
Gilbert,13,,0.25,10,11,168.22579255513847,168.8785458349157,1996,1998,0.8651190462534921,0.7957678151676096
Gilbert,13,,0.25,10,12,146.19834531797096,140.28775984211825,1856,1926,0.7430967965490417,0.9615377662301433
Gilbert,13,,0.25,10,13,124.07314817700535,100.36559367505834,1476,1180,0.8901585447447707,0.9186156173077312
Gilbert,13,,0.25,10,14,168.5398452191148,96.9384093109984,1878,1356,0.8530732006445441,0.9999983117408127
Gilbert,13,,0.25,10,15,131.21030317200348,97.62999998405576,1538,1188,0.8322735373366076,0.9999997662792749
Gilbert,13,,0.25,10,16,128.96966937417164,113.46329358802177,1564,1380,0.8649094125708593,0.9999998358536504
Gilbert,13,,0.25,10,17,185.02378538507037,229.06812380603515,2042,2340,0.8034066298323483,0.9441262596419565
Gilbert,13,,0.25,10,18,183.67304574907757,169.11772372410633,2012,1922,0.8294398298835962,0.8452355129621804
Gilbert,13,,0.25,10,19,202.96587396995164,132.98745917179622,2194,1502,0.9126489732297222,0.9059608275504899
Gilbert,14,,0.1,1,0,0.6106808120384812,0.5703626843169332,42,46,0.6534700893797105,0.9020942624763137
Gilbert,14,,0.1,1,1,0.4603402307257056,0.4866668377071619,30,36,0.6705357197402905,0.8855611948145263
Gilbert,14,,0.1,1,2,0.48177298344671726,0.4978068610653281,34,34,0.642860360324494,0.8646600464336314
Gilbert,14,,0.1,1,3,0.49114385060966015,0.5738640706986189,26,42,0.35885132465271474,0.8373888569235939
Gilbert,14,,0.1,1,4,0.4871443184092641,1.0259263003244996,34,80,0.5316546037942823,0.8180274784279356
Gilbert,14,,0.1,1,5,0.6329044522717595,0.7208972340449691,38,46,0.3210404994314132,0.811072629245087
Gilbert,14,,0.1,1,6,0.5391089739277959,0.6852608378976583,42,46,0.6534700893797105,0.9020942624763135
Gilbert,14,,0.1,1,7,0.3710597660392523,0.4394364543259144,26,26,0.7148542320943297,0.8466434090860544
Gilbert,14,,0.1,1,8,0.5714835785329342,0.7140300227329135,30,44,0.3427290955938958,0.8020129304493196
Gilbert,14,,0.1,1,9,0.3929565045982599,0.7814106168225408,24,24,0.424393763590051,0.25456806095260487
Gilbert,14,,0.1,1,10,0.48419588804244995,0.5947899743914604,34,46,0.6624995894742683,0.8094915558626874
Gilbert,14,,0.1,1,11,0.462367489002645,0.5678291022777557,30,40,0.538612381525518,0.7756115522348285
Gilbert,14,,0.1,1,12,0.6257307277992368,0.49055282305926085,48,36,0.498436296261109,0.6297469396091009
Gilbert,14,,0.1,1,13,0.33620294462889433,0.4739200295880437,20,26,0.5963505381630521,0.6992187499999999
Gilbert,14,,0.1,1,14,0.3510215822607279,0.46320423390716314,22,34,0.530181593156216,0.7999972579274689
Gilbert,14,,0.1,1,15,0.47968502156436443,0.32140672113746405,34,18,0.51751050277623,0.5673828125
Gilbert,14,,0.1,1,16,0.626455525867641,0.4574969783425331,36,30,0.621358374921861,0.8744038583217294
Gilbert,14,,0.1,1,17,0.36332687083631754,0.3971740948036313,24,28,0.6910896457955906,0.8617265547782705
Gilbert,14,,0.1,1,18,0.7722462145611644,0.5149113265797496,52,42,0.7572513708831412,0.8460942393426165
Gilbert,14,,0.1,1,19,0.5373620465397835,0.8701425017789006,42,78,0.6839212138052544,0.9351080963812144
Gilbert,14,,0.1,2,0,0.9997997470200062,0.9283997025340796,70,68,0.7973082807822178,0.9599893327036062
Gilbert,14,,0.1,2,1,0.9200056297704577,0.9288612976670265,58,58,0.7790169414368896,0.9561865256051446
Gilbert,14,,0.1,2,2,1.3080355850979686,0.938070067204535,78,58,0.7496171622789031,0.9525409525229159
Gilbert,14,,0.1,2,3,1.3659371407702565,1.1322111943736672,76,68,0.6523237516677312,0.9323301572652514
Gilbert,14,,0.1,2,4,0.9988708347082138,1.5140183344483376,62,112,0.6408370850621227,0.8292922911100333
Gilbert,14,,0.1,2,5,1.328989234752953,1.7448251135647297,76,98,0.625899725573708,0.8531382203127247
Gilbert,14,,0.1,2,6,1.0222130743786693,0.9805208127945662,70,68,0.7973082807822178,0.9599893327036071
Gilbert,14,,0.1,2,7,1.0189547082409263,1.1260941764339805,60,68,0.8939899494070271,0.9548439034916371
Gilbert,14,,0.1,2,8,1.6698760204017162,1.1001195861026645,86,68,0.6234560620405599,0.9074156814083598
Gilbert,14,,0.1,2,9,1.4981054104864597,1.1668324572965503,80,50,0.7444067359655977,0.8407645880608006
Gilbert,14,,0.1,2,10,0.9786421544849873,1.1968288468196988,60,78,0.8088370276211738,0.8798311278589732
Gilbert,14,,0.1,2,11,1.1647984003648162,1.451846418902278,66,80,0.5596164005042823,0.7951933632284366
Gilbert,14,,0.1,2,12,1.3286823835223913,1.1161363003775477,86,70,0.7240629672386361,0.8952615907924585
Gilbert,14,,0.1,2,13,1.1644760817289352,0.40787178836762905,64,28,0.8886691168601519,0.6787109374999998
Gilbert,14,,0.1,2,14,0.9790059644728899,1.0894255256280303,56,70,0.8085747019010407,0.9266009704341592
Gilbert,14,,0.1,2,15,1.0332895638421178,0.33339574560523033,64,20,0.8585452316130836,0.5153808593749999
Gilbert,14,,0.1,2,16,1.3040648056194186,1.0067651458084583,76,56,0.7393973373942111,0.9515318974933401
Gilbert,14,,0.1,2,17,1.0384368309751153,1.1551361326128244,62,74,0.8519239615731613,0.9448889557972698
Gilbert,14,,0.1,2,18,0.9067908599972725,1.0417959168553352,72,68,0.8696713488118364,0.904080054710494
Gilbert,14,,0.1,2,19,1.094565549865365,1.3366168355569243,72,102,0.8580659520777697,0.9752291648878533
Gilbert,14,,0.1,3,0,2.1691251462325454,1.7103178277611732,118,100,0.8800430058907935,0.9802367617308534
Gilbert,14,,0.1,3,1,1.9918344747275114,1.6567692309617996,102,90,0.8792367257209233,0.980384426945052
Gilbert,14,,0.1,3,2,2.731257049366832,1.7189622931182384,132,88,0.8657316371476362,0.9839988382958764
Gilbert,14,,0.1,3,3,2.565831473097205,1.7204183535650373,120,94,0.6666479944976884,0.9713194154227749
Gilbert,14,,0.1,3,4,3.0214816108345985,3.9263904308900237,134,200,0.6719839828909542,0.8931602283664792
Gilbert,14,,0.1,3,5,3.2710450030863285,3.4382326304912567,146,162,0.6915989941004621,0.8665505480808715
Gilbert,14,,0.1,3,6,2.335015384480357,1.7996819308027625,118,100,0.880043005890794,0.980236761730852
Gilbert,14,,0.1,3,7,1.7071069488301873,2.106712537817657,100,118,0.9466545230771001,0.9751816841090488
Gilbert,14,,0.1,3,8,3.8628561161458492,2.0409852005541325,164,96,0.7113299580617797,0.9642129742703082
Gilbert,14,,0.1,3,9,2.716207197867334,3.840224047191441,124,150,0.7547490950996649,0.9994476047818204
Gilbert,14,,0.1,3,10,2.208876554854214,3.013320059515536,102,142,0.8093665889296118,0.9143640737117362
Gilbert,14,,0.1,3,11,2.906968167051673,4.710493287071586,122,186,0.5890417962771112,0.9994008482395472
Gilbert,14,,0.1,3,12,2.8918221360072494,2.8879113560542464,140,136,0.9088305398557438,0.9479978348042877
Gilbert,14,,0.1,3,13,2.2883083382621408,0.44891910441219807,112,30,0.9572654014055783,0.7028808593749997
Gilbert,14,,0.1,3,14,2.103124246932566,2.205143771134317,98,112,0.860402614202875,0.964798672392489
Gilbert,14,,0.1,3,15,4.380994676612318,0.5121970865875483,190,22,0.9038901914800793,0.5454559326171876
Gilbert,14,,0.1,3,16,3.0114065632224083,1.8614450581371784,134,88,0.8170759977072362,0.9769235645492115
Gilbert,14,,0.1,3,17,2.0039374316111207,2.4729847433045506,104,120,0.9409301845086779,0.9869393322038252
Gilbert,14,,0.1,3,18,1.7369176903739572,2.411056743003428,98,120,0.9362783880324429,0.9232755329317314
Gilbert,14,,0.1,3,19,2.086829813197255,2.361538070254028,108,140,0.9293893551461292,0.9903673151648185
Gilbert,14,,0.1,4,0,3.796393709257245,2.9030420146882534,172,138,0.9291217359812091,0.991725574177238
Gilbert,14,,0.1,4,1,3.952573623508215,2.751913302578032,162,124,0.9242005959445214,0.9916864919836413
Gilbert,14,,0.1,4,2,4.744274605065584,2.9685686323791742,190,124,0.9125663581795886,0.9917933813309688
Gilbert,14,,0.1,4,3,6.158209623768926,2.918655321933329,222,124,0.7348997837147383,0.987743193668837
Gilbert,14,,0.1,4,4,6.644922953099012,6.915578369051218,238,286,0.833295208381579,0.947139783349399
Gilbert,14,,0.1,4,5,7.689388623461127,8.32680949009955,264,290,0.7296483074733067,0.9602955800017113
Gilbert,14,,0.1,4,6,3.952772906050086,3.036921455524862,172,138,0.9291217359812078,0.9917255741772377
Gilbert,14,,0.1,4,7,3.0728185549378395,3.7153635630384088,138,164,0.9840540087710291,0.9954390658093895
Gilbert,14,,0.1,4,8,9.064396294765174,3.5075475024059415,300,132,0.8344490960400461,0.9817656769585332
Gilbert,14,,0.1,4,9,4.7763566095381975,5.799396448768675,176,202,0.8758727155435287,0.9994494500919459
Gilbert,14,,0.1,4,10,5.143301316536963,7.516321402043104,186,268,0.8472736519335932,0.9706048583859739
Gilbert,14,,0.1,4,11,8.40568171069026,9.399475102312863,260,308,0.8313279044202009,0.999999999078746
Gilbert,14,,0.1,4,12,4.577208619564772,5.381886153481901,194,210,0.9527130969641442,0.9968604918386333
Gilbert,14,,0.1,4,13,5.585758973844349,1.2747388649731874,208,52,0.9814272510063163,0.7807921537154189
Gilbert,14,,0.1,4,14,4.366701561026275,4.510818536393344,162,174,0.8722784987225345,0.9882706535308707
Gilbert,14,,0.1,4,15,7.730580608360469,0.4375756364315748,288,24,0.9365953692913745,0.6236448287963867
Gilbert,14,,0.1,4,16,5.687475871294737,3.2260099295526743,202,122,0.8614104828180128,0.9881604172175832
Gilbert,14,,0.1,4,17,3.4922164399176836,4.14181752782315,148,176,0.9805826809676293,0.9956808975443309
Gilbert,14,,0.1,4,18,2.78403028473258,5.036215248517692,126,192,0.9688689545628776,0.9638398494466648
Gilbert,14,,0.1,4,19,3.307288716547191,3.9793958021327853,148,190,0.9712552549836971,0.9945971795242482
Gilbert,14,,0.1,5,0,5.914980223402381,4.57763481605798,226,180,0.961289561593332,0.9945200482026433
Gilbert,14,,0.1,5,1,9.742436560802162,4.468000078573823,296,166,0.9594867971353921,0.9942536444694625
Gilbert,14,,0.1,5,2,8.840456132777035,5.293555088341236,282,178,0.9021580745850599,0.9968722493110884
Gilbert,14,,0.1,5,3,9.965163039043546,5.038807109929621,304,174,0.775579582083055,0.9927081280667207
Gilbert,14,,0.1,5,4,11.611324965022504,10.88728619273752,358,380,0.8990516277221499,0.938363756858033
Gilbert,14,,0.1,5,5,13.389837125316262,14.396159931086004,388,420,0.8282406200664649,0.9648210671964202
Gilbert,14,,0.1,5,6,8.582444141618907,4.741547040641308,226,180,0.9612895615933329,0.9945200482026435
Gilbert,14,,0.1,5,7,5.431088825687766,6.354035855270922,198,234,0.9926276368500527,0.9968664860236245
Gilbert,14,,0.1,5,8,19.242467069998384,5.764076228253543,506,182,0.8023104501581029,0.9894376720944523
Gilbert,14,,0.1,5,9,7.7869232296943665,10.39235289208591,238,300,0.8877325094780657,0.9570571680263542
Gilbert,14,,0.1,5,10,12.887339138425887,14.637927694246173,360,432,0.934419114452138,0.9823325064561712
Gilbert,14,,0.1,5,11,12.474326578900218,16.059517316520214,342,436,0.8522633741308233,0.999999999312102
Gilbert,14,,0.1,5,12,8.963424681685865,11.823322527110577,298,356,0.9957304130631796,0.9999986296115523
Gilbert,14,,0.1,5,13,8.219541770406067,6.443062084726989,274,170,0.9883774311402355,0.9965202946217038
Gilbert,14,,0.1,5,14,9.3680719723925,7.538595084100962,276,248,0.9275852914634876,0.9894455694711061
Gilbert,14,,0.1,5,15,15.179786114022136,0.6369719542562962,454,26,0.9438188101150919,0.614538371562958
Gilbert,14,,0.1,5,16,12.53643892519176,5.503356852568686,350,168,0.9064860625626783,0.9916608147644654
Gilbert,14,,0.1,5,17,5.860897205770016,8.741870118305087,206,288,0.9918472482324798,0.9957808760950365
Gilbert,14,,0.1,5,18,4.721764245070517,12.92658059950918,168,370,0.9794532633574144,0.9704425697449395
Gilbert,14,,0.1,5,19,5.880416793748736,6.644373350776732,206,254,0.9823294436232469,0.99785301374743
Gilbert,14,,0.1,6,0,9.800353123806417,8.933854073286057,310,278,0.9726259280906149,0.9977697897688858
Gilbert,14,,0.1,6,1,15.031527383252978,9.646003315225244,418,276,0.9783476442480972,0.997898282008661
Gilbert,14,,0.1,6,2,14.166954703629017,8.632664551958442,396,242,0.9283467328757501,0.99933035646517
Gilbert,14,,0.1,6,3,15.104548815637827,8.621104145422578,408,236,0.7758368704628148,0.9941808813170867
Gilbert,14,,0.1,6,4,17.795224039815366,20.479996825568378,476,568,0.9429558873538589,0.9469384751167924
Gilbert,14,,0.1,6,5,21.529481202363968,29.235319367609918,536,692,0.8074302094354653,0.9999996224498876
Gilbert,14,,0.1,6,6,10.275660810992122,9.570966188795865,310,278,0.9726259280906147,0.9977697897688866
Gilbert,14,,0.1,6,7,11.281623912975192,32.89019451569766,334,820,0.9931988069753424,0.9998650683633737
Gilbert,14,,0.1,6,8,27.201604017987847,9.878104140982032,642,250,0.8190291873159649,0.9924979683715038
Gilbert,14,,0.1,6,9,17.41291985940188,20.225461520254612,408,472,0.9196664198252216,0.9783850340969599
Gilbert,14,,0.1,6,10,18.930958013050258,25.122745329514146,470,624,0.9698218946688468,0.9961006457236353
Gilbert,14,,0.1,6,11,21.473789256066084,26.956288781948388,490,628,0.902350317554966,0.9999999857458464
Gilbert,14,,0.1,6,12,17.916501946747303,19.51102623064071,470,508,0.9987204062181719,0.9999976292398476
Gilbert,14,,0.1,6,13,15.601817812770605,13.467821857891977,414,298,0.999320311428773,0.9999999998143769
Gilbert,14,,0.1,6,14,15.388614847324789,15.2730717882514,390,392,0.9380072341817668,0.9991237933547805
Gilbert,14,,0.1,6,15,19.066846267320216,0.721037301234901,536,28,0.9384784716938399,0.6253080777823926
Gilbert,14,,0.1,6,16,19.335952035151422,13.676349136047065,474,314,0.9013449020217179,0.9952294805295298
Gilbert,14,,0.1,6,17,13.453155184164643,21.63308174535632,356,552,0.9942905290045897,0.9997094521005973
Gilbert,14,,0.1,6,18,6.89357306715101,19.668838400393724,210,490,0.985565007994776,0.9848310317763523
Gilbert,14,,0.1,6,19,10.395309660583735,11.604900846257806,292,344,0.9907619156274696,0.9992844353949323
Gilbert,14,,0.1,7,0,16.6091531785205,15.059682885184884,438,398,0.9681544899316343,0.9986427587903632
Gilbert,14,,0.1,7,1,23.94950171932578,20.545097914524376,578,474,0.985602143845572,0.9987422176494217
Gilbert,14,,0.1,7,2,29.492747041396797,15.559566672891378,668,362,0.9471357218190098,0.9998073734993953
Gilbert,14,,0.1,7,3,25.73960213549435,16.40080318506807,576,372,0.8563738604932102,0.9961717927560569
Gilbert,14,,0.1,7,4,35.334582073614,43.257793550379574,774,944,0.9811870144817293,0.9820296394853572
Gilbert,14,,0.1,7,5,31.3874242156744,41.81064799707383,692,888,0.8777291097677914,0.9999961912160569
Gilbert,14,,0.1,7,6,17.603953763842583,16.225848264060915,438,398,0.9681544899316344,0.9986427587902649
Gilbert,14,,0.1,7,7,23.71983982156962,63.38191959448159,576,1380,0.9997605892455482,0.9999989656713199
Gilbert,14,,0.1,7,8,41.68877647258341,17.44723118841648,856,362,0.8234108513867251,0.9936402147070168
Gilbert,14,,0.1,7,9,33.7880741963163,33.39420662634075,654,668,0.9364247336148446,0.9999999918905409
Gilbert,14,,0.1,7,10,41.65533173829317,39.66422527562827,826,842,0.9770042102427351,0.9929829669336985
Gilbert,14,,0.1,7,11,32.77514467947185,36.81567635945976,652,766,0.9052060445763859,0.9999999991795925
Gilbert,14,,0.1,7,12,23.992934486828744,40.921780810691416,570,868,0.9994018565229252,0.999999903889724
Gilbert,14,,0.1,7,13,19.79607266932726,21.282359345816076,492,430,0.9999999993145345,0.9999999999192752
Gilbert,14,,0.1,7,14,31.252298704348505,61.61301084142178,646,1144,0.963085211319139,0.9997436997717526
Gilbert,14,,0.1,7,15,28.634411110542715,0.8121337471529841,686,30,0.9765628883559831,0.5705490156542512
Gilbert,14,,0.1,7,16,33.27966875489801,19.424850445240736,686,406,0.9433373064175304,0.997136808405074
Gilbert,14,,0.1,7,17,39.67705349996686,77.92450677603483,810,1524,0.9975423545288377,0.9999615949757
Gilbert,14,,0.1,7,18,12.869253621436656,31.66239720955491,306,682,0.9894020703799654,0.985613431910717
Gilbert,14,,0.1,7,19,17.965727964416146,17.392792633734643,418,438,0.9928695787262118,0.999759504356146
Gilbert,14,,0.1,8,0,25.733596545644104,22.136311745271087,586,524,0.9873034852675229,0.9992191647276811
Gilbert,14,,0.1,8,1,42.408453887328506,30.149155664257705,862,628,0.9874680390148081,0.9992946228482291
Gilbert,14,,0.1,8,2,48.70290203206241,28.78449271339923,970,562,0.9576500644983299,0.9998898545119784
Gilbert,14,,0.1,8,3,47.40083039458841,26.572734118439257,892,518,0.8974029142365385,0.9972951566893181
Gilbert,14,,0.1,8,4,59.070116196759045,67.29929163120687,1120,1306,0.9505825919513381,0.9893325637307895
Gilbert,14,,0.1,8,5,43.51410814654082,57.37038639932871,856,1050,0.9116459385402962,0.9999999150420475
Gilbert,14,,0.1,8,6,27.236125564202666,24.405573365278542,586,520,0.9873034852684078,0.999219165285127
Gilbert,14,,0.1,8,7,29.33280265238136,80.58675349783152,672,1654,0.9999999587985897,0.9999999964390718
Gilbert,14,,0.1,8,8,68.18432550039142,25.123637066222727,1194,460,0.9109194225651012,0.9965872812316441
Gilbert,14,,0.1,8,9,63.24369352962822,40.92419120762497,1042,766,0.9694261062015225,0.99999999984439
Gilbert,14,,0.1,8,10,52.624540435150266,59.150351577438414,980,1118,0.9763118521727137,0.9974261835077165
Gilbert,14,,0.1,8,11,45.49991318304092,50.0668079406023,810,930,0.9430873186912109,0.9999997617800783
Gilbert,14,,0.1,8,12,30.563504255376756,52.40119033679366,664,1054,0.9999999997449238,0.9999999861710271
Gilbert,14,,0.1,8,13,25.514314119704068,26.580706011503935,574,506,0.9999999987446209,0.999999999802618
Gilbert,14,,0.1,8,14,49.82780275773257,89.414280699566,910,1594,0.9883764003532293,0.9993563748340704
Gilbert,14,,0.1,8,15,57.61977096926421,0.9452433194965124,1106,32,0.9919733662689351,0.5912443463894302
Gilbert,14,,0.1,8,16,45.376631224527955,33.259512132033706,844,594,0.9481490521729613,0.9982945099895955
Gilbert,14,,0.1,8,17,68.21597990673035,113.46839753817767,1230,2058,0.9999999208083462,0.9999999118036836
Gilbert,14,,0.1,8,18,26.808221941813827,73.18276513554156,494,1260,0.9953263608581142,0.9999999995880711
Gilbert,14,,0.1,8,19,30.731309205293655,26.474971788935363,604,576,0.9950510649609747,0.9999423439323444
Gilbert,14,,0.1,9,0,37.582442983053625,32.32047563791275,760,680,0.9900152327623255,0.9996277380170199
Gilbert,14,,0.1,9,1,68.22798206005245,42.19016251247376,1240,798,0.9884270748991376,0.9995750090053008
Gilbert,14,,0.1,9,2,79.53531767334789,53.723653678782284,1398,892,0.9593103153391253,0.9999434949771167
Gilbert,14,,0.1,9,3,60.04905926063657,36.5635872175917,1054,638,0.8918730126165512,0.9980022325012191
Gilbert,14,,0.1,9,4,80.20677911769599,98.46024702582508,1402,1708,0.9831083265484308,0.989914554973837
Gilbert,14,,0.1,9,5,59.23267934657633,68.87110955826938,1052,1208,0.9239711502112918,0.9999992748399318
Gilbert,14,,0.1,9,6,39.96947850380093,34.75939650181681,762,664,0.9900152331192096,0.9996277413561898
Gilbert,14,,0.1,9,7,40.09920322801918,92.80739101674408,824,1808,0.9999999991521655,0.9999996898681399
Gilbert,14,,0.1,9,8,97.54760629497468,33.913797087967396,1528,558,0.9042547147633644,0.9975114663362334
Gilbert,14,,0.1,9,9,97.7866073558107,60.07514570839703,1442,988,0.9699514945917298,0.9999999979825961
Gilbert,14,,0.1,9,10,73.19965387228876,95.43883170839399,1228,1548,0.9782249845950735,0.9991632757547078
Gilbert,14,,0.1,9,11,79.51813199091703,65.2040431490168,1182,1092,0.9494344216045707,0.9999997825846165
Gilbert,14,,0.1,9,12,39.89306179340929,63.32338703144342,788,1194,0.9999999995901441,0.9999988716671971
Gilbert,14,,0.1,9,13,29.701579836197197,32.02858770918101,634,572,0.9999999994392864,0.9999999997550675
Gilbert,14,,0.1,9,14,61.05098222754896,146.99004070367664,1044,2360,0.9880328751880675,0.9993363016731855
Gilbert,14,,0.1,9,15,100.47608197666705,1.3252792349085212,1638,34,0.9975743600163238,0.5121761886139211
Gilbert,14,,0.1,9,16,74.2603452783078,44.552173405885696,1180,724,0.9498683998793678,0.9989545197478277
Gilbert,14,,0.1,9,17,86.01930406410247,142.3310231277719,1460,2426,0.9999994902334586,0.9999999968570329
Gilbert,14,,0.1,9,18,40.55767743010074,84.96407421957701,664,1400,0.9972703509818622,0.9999996172516127
Gilbert,14,,0.1,9,19,44.90152797102928,46.4987186640501,786,832,0.9975512881353137,0.999979813667251
Gilbert,14,,0.1,10,0,62.32213671691716,55.79929787572473,1098,1004,0.9924526459995967,0.9999321122141825
Gilbert,14,,0.1,10,1,114.2791632823646,57.40625672414899,1814,994,0.9886701967113091,0.9999304083002322
Gilbert,14,,0.1,10,2,98.5901701822877,74.71799543593079,1638,1146,0.9736662261786471,0.9999786742736573
Gilbert,14,,0.1,10,3,85.85623374860734,64.95279546454549,1360,974,0.9207768773114944,0.9988897728790987
Gilbert,14,,0.1,10,4,140.04737525526434,160.89829329401255,2102,2442,0.9771661188066861,0.9999996303790631
Gilbert,14,,0.1,10,5,82.21348642650992,88.40198134165257,1300,1408,0.9359727715829127,0.9999998891595243
Gilbert,14,,0.1,10,6,71.3255582889542,59.305839023552835,1146,960,0.9924526460828847,0.9999321086802215
Gilbert,14,,0.1,10,7,48.96667979937047,103.53004778921604,954,1940,0.9999999965077823,0.9999995894981517
Gilbert,14,,0.1,10,8,132.91482163220644,46.18558582942933,1886,684,0.8870654127356217,0.998090800656104
Gilbert,14,,0.1,10,9,126.34488192945719,76.10329655185342,1736,1152,0.9776739066501593,0.9999999694296451
Gilbert,14,,0.1,10,10,103.24141091387719,158.75415395293385,1542,2226,0.984594651599636,0.9994489189646516
Gilbert,14,,0.1,10,11,137.43842480611056,81.80890983715653,1764,1256,0.9556416981629521,0.9999993539202304
Gilbert,14,,0.1,10,12,47.6442947415635,88.55065042246133,874,1496,0.9999999988788041,0.99999988160318
Gilbert,14,,0.1,10,13,34.86969349253923,37.764371746219695,692,636,0.999999999990265,0.9999999988709194
Gilbert,14,,0.1,10,14,75.60620581358671,237.48851406946778,1208,3376,0.9678681219377308,0.9999727209355511
Gilbert,14,,0.1,10,15,119.41989614721388,1.327469171024859,1860,36,0.9932321771110232,0.5755524496314018
Gilbert,14,,0.1,10,16,108.0337770273909,61.52111054211855,1536,904,0.9575959271066355,0.9994428989477839
Gilbert,14,,0.1,10,17,105.50821344926953,194.36240722425282,1682,3058,0.999999990518743,0.9999999964040786
Gilbert,14,,0.1,10,18,57.1061256211251,98.86363775562495,840,1572,0.9988529028348619,0.9999998361292443
Gilbert,14,,0.1,10,19,64.29801032599062,78.44599470123649,1008,1188,0.9986054588709529,0.9999873263265542
Gilbert,14,,0.25,1,0,0.6338740880601108,0.8227362080942839,24,42,0.2206102571817031,0.39300993926564426
Gilbert,14,,0.25,1,1,0.5042168849613518,0.8303123430814594,22,46,0.1876258103184003,0.47740751335986664
Gilbert,14,,0.25,1,2,0.5294000310823321,0.47213499690406024,22,22,0.24351871089372512,0.24351871089372437
Gilbert,14,,0.25,1,3,0.42996476497501135,0.4065761750098318,16,20,0.36107029265766805,0.2576566073312433
Gilbert,14,,0.25,1,4,0.46177480393089354,0.8293887879699469,22,48,0.2347720224473262,0.4498057317114741
Gilbert,14,,0.25,1,5,0.6297405811492354,0.632432262878865,26,26,0.18205588057900846,0.19350075221192395
Gilbert,14,,0.25,1,6,0.4266367251984775,0.45422989898361266,20,22,0.2410080472528669,0.23405970244191185
Gilbert,14,,0.25,1,7,0.4926490120124072,0.49864119198173285,24,20,0.25998808976936144,0.23883638175835017
Gilbert,14,,0.25,1,8,0.574544534785673,0.6627794848755002,24,30,0.20248511786895915,0.17882584769160406
Gilbert,14,,0.25,1,9,0.6256416910327971,0.5520701110363007,26,26,0.25810336360567837,0.25810336360568054
Gilbert,14,,0.25,1,10,0.3676406180020422,0.4157901348080486,18,22,0.3242641530556802,0.18327483464758915
Gilbert,14,,0.25,1,11,0.4685316120740026,0.4690195322036743,22,22,0.2853805045425915,0.25426764756213205
Gilbert,14,,0.25,1,12,0.39258846710436046,0.4712946137879044,18,24,0.26465932286765365,0.21374132235827062
Gilbert,14,,0.25,1,13,0.5228449278511107,0.6737132400739938,24,28,0.2030906071626064,0.19455946228138998
Gilbert,14,,0.25,1,14,0.37799512408673763,0.568778462940827,18,26,0.24631327692957894,0.1812819404510622
Gilbert,14,,0.25,1,15,0.3377689940389246,0.6016674400307238,16,30,0.3547571788037264,0.7985217770947862
Gilbert,14,,0.25,1,16,0.4565726430155337,0.4880731760058552,22,24,0.2263668783574979,0.20820147928242225
Gilbert,14,,0.25,1,17,0.42794484202750027,0.5051743988879025,20,18,0.24336769485662993,0.19631880266131793
Gilbert,14,,0.25,1,18,0.4142871699295938,0.7605732129886746,20,38,0.21532493377272077,0.49268384140871213
Gilbert,14,,0.25,1,19,0.3780655658338219,0.4837542821187526,18,26,0.2987766594070012,0.2244416166274352
Gilbert,14,,0.25,2,0,1.4290848809760064,1.622051474172622,60,72,0.27436221385384824,0.5630214723327948
Gilbert,14,,0.25,2,1,1.8313579161185771,1.7304954559076577,78,84,0.3451749547830113,0.6288600367011529
Gilbert,14,,0.25,2,2,2.3235344339627773,2.418451881967485,88,88,0.3466447056761403,0.34664470567614103
Gilbert,14,,0.25,2,3,1.55652673705481,1.0215499938931316,66,46,0.47519488061901577,0.8138015761347565
Gilbert,14,,0.25,2,4,2.237344796070829,1.9991353119257838,90,92,0.4660036231616504,0.5920808913726772
Gilbert,14,,0.25,2,5,1.9127626148983836,2.281064515002072,70,82,-0.06661853057164298,-0.20072490956168312
Gilbert,14,,0.25,2,6,1.7842917849775404,1.947874333942309,74,82,0.492076439321044,0.5204365695444734
Gilbert,14,,0.25,2,7,2.5313264199066907,2.337546346941963,100,92,0.47115610257281865,0.4874100817326439
Gilbert,14,,0.25,2,8,1.7087434860877693,1.6971493251621723,64,68,-0.24711336861064062,0.8326180278818727
Gilbert,14,,0.25,2,9,2.7771345728542656,2.763086518039927,100,100,0.4594777695689114,0.45947776956890996
Gilbert,14,,0.25,2,10,2.6461279089562595,1.6473902130965143,118,74,0.5737357641263511,0.6730552602714633
Gilbert,14,,0.25,2,11,2.8679201169870794,1.3088421991560608,100,52,0.5502119091231956,-0.21832945448299804
Gilbert,14,,0.25,2,12,1.8919921920169145,1.2314335720147938,76,52,0.4323144173528923,0.82446840278954
Gilbert,14,,0.25,2,13,2.1479019499383867,1.8807055540382862,76,70,0.13112383126476498,0.04130740720681617
Gilbert,14,,0.25,2,14,2.055135885020718,1.1656896499916911,88,56,0.5096176309793924,0.8213764030849829
Gilbert,14,,0.25,2,15,1.3319293479435146,1.0043054348789155,64,52,0.6282171805928615,0.9033039882193913
Gilbert,14,,0.25,2,16,3.168931428110227,1.4553274421487004,120,58,0.4324985120538157,0.8294756133498827
Gilbert,14,,0.25,2,17,2.202290477929637,1.1676383828744292,86,48,0.38679229394555875,0.6492353786407127
Gilbert,14,,0.25,2,18,2.2075980259105563,1.6179427041206509,90,74,0.5022545218352836,0.6644377978157914
Gilbert,14,,0.25,2,19,1.3093126590829343,1.2747676230501384,58,54,0.6167373511525867,0.8222152520321853
Gilbert,14,,0.25,3,0,6.599087025970221,5.461646311916411,198,176,0.2773622179684745,0.7136763679323681
Gilbert,14,,0.25,3,1,10.195887134876102,3.3702979229856282,154,130,0.19703416310601618,0.7704020630568705
Gilbert,14,,0.25,3,2,4.804949267068878,4.917614893056452,152,152,0.36379773405755406,0.36379773405755794
Gilbert,14,,0.25,3,3,3.8951081780251116,5.55872253398411,134,184,0.6176170961968547,0.999191338087182
Gilbert,14,,0.25,3,4,6.438645522110164,3.5695403749123216,204,134,0.599501535741816,0.7393169625567143
Gilbert,14,,0.25,3,5,5.720458725001663,5.798157039098442,158,166,0.2764969773170793,0.27840253168212614
Gilbert,14,,0.25,3,6,4.665963682113215,4.426741489907727,154,150,0.6070637345845736,0.4858833518175732
Gilbert,14,,0.25,3,7,5.340016052825376,4.5607931970153,174,152,0.5503925117143788,0.2715980074149405
Gilbert,14,,0.25,3,8,5.285573974950239,5.926338938996196,156,174,0.4058001694481896,0.8854659131404523
Gilbert,14,,0.25,3,9,6.2548578509595245,6.202418141998351,182,182,0.5934084199187524,0.5934084199185177
Gilbert,14,,0.25,3,10,5.07045340584591,3.186825871001929,190,122,0.7587157740317535,0.5928991773723116
Gilbert,14,,0.25,3,11,6.6156691941432655,5.570374734932557,200,158,0.6622299381695491,0.6750172178513327
Gilbert,14,,0.25,3,12,3.794450839050114,4.44542974117212,128,138,0.38983406588302877,0.895189840574461
Gilbert,14,,0.25,3,13,9.574889717856422,4.196570547064766,250,124,0.5346937427951516,0.37893201771999774
Gilbert,14,,0.25,3,14,5.539803279098123,3.98801433108747,184,136,0.5809181848630082,0.909197390028841
Gilbert,14,,0.25,3,15,4.1599944399204105,2.005404576892033,148,82,0.6152806447498609,0.952166800001635
Gilbert,14,,0.25,3,16,6.418540091952309,5.73555422318168,202,164,0.5153866238102929,0.8622329561758862
Gilbert,14,,0.25,3,17,4.051389398984611,5.484460530104116,134,156,0.4492993615070158,0.8134496571416817
Gilbert,14,,0.25,3,18,4.549435077933595,3.0911291129887104,152,116,0.42766760861302444,0.794362238244873
Gilbert,14,,0.25,3,19,5.503579790936783,3.880865243030712,176,128,0.6668998480868914,0.895919532048228
Gilbert,14,,0.25,4,0,12.513948536012322,10.426311650080606,322,278,0.8140570897468905,0.782833865321967
Gilbert,14,,0.25,4,1,10.046379240928218,5.95065664104186,278,188,0.805330011577968,0.781272859193425
Gilbert,14,,0.25,4,2,13.229977448936552,13.428067865082994,322,322,0.6112832283693792,0.6112832283632357
Gilbert,14,,0.25,4,3,10.424086232902482,11.27979389205575,288,320,0.6644066095627,0.9999999988288206
Gilbert,14,,0.25,4,4,10.9614041459281,10.433602046919987,300,280,0.4347811423458642,0.9999999991914782
Gilbert,14,,0.25,4,5,15.550425679888576,18.82081892993301,336,400,0.5139275952440828,0.5227256804852617
Gilbert,14,,0.25,4,6,17.829995318083093,8.865614417940378,430,242,0.6755157417023556,0.630084231265657
Gilbert,14,,0.25,4,7,12.797170061152428,11.970403660088778,326,298,0.6455186307312809,0.5690377868277426
Gilbert,14,,0.25,4,8,11.277211931999773,15.449327206006274,270,354,0.5801396019964741,0.9830529186914154
Gilbert,14,,0.25,4,9,12.143296048976481,12.125275856116787,288,286,0.6487128980022726,0.6487128977824665
Gilbert,14,,0.25,4,10,8.923264550976455,8.815078865038231,278,256,0.8185328425214324,0.8437715952358553
Gilbert,14,,0.25,4,11,15.799460964975879,14.125429285923019,376,322,0.7556533557604312,0.7041773710168295
Gilbert,14,,0.25,4,12,8.715914257103577,12.135218097129837,226,296,0.5758332627939156,0.3845389906343417
Gilbert,14,,0.25,4,13,15.462786742020398,13.589960129000247,352,294,0.5983457462488934,0.668949822077462
Gilbert,14,,0.25,4,14,9.100051267072558,15.643823764985427,268,270,0.5571023418912013,0.9269808451051549
Gilbert,14,,0.25,4,15,8.072237071115524,3.4495779159478843,240,116,0.8267423117016286,0.9743854117310973
Gilbert,14,,0.25,4,16,12.675147771136835,9.700648592086509,322,240,0.5392795569129383,0.8803445955913715
Gilbert,14,,0.25,4,17,11.755610143067315,12.35004400392063,284,292,0.564980061081756,0.8179831600244326
Gilbert,14,,0.25,4,18,11.308348993072286,13.648196735884994,296,340,0.5528883044017763,0.9999999997838238
Gilbert,14,,0.25,4,19,13.606920370832086,7.652090411866084,348,208,0.6717564852897462,0.9999999994754377
Gilbert,14,,0.25,5,0,26.59129884908907,22.002250689081848,470,478,0.8843759665934758,0.7084873763054375
Gilbert,14,,0.25,5,1,26.075855433940887,16.48971369001083,570,378,0.8875084889951343,0.9999888147981386
Gilbert,14,,0.25,5,2,22.238630624022335,23.72167141409591,468,482,0.6191187834310791,0.6191187722170587
Gilbert,14,,0.25,5,3,18.891707838047296,16.110745646059513,450,412,0.7210622343281392,0.9999999530740318
Gilbert,14,,0.25,5,4,16.110558791086078,17.875962106045336,388,406,0.633640337295053,0.9999999999977829
Gilbert,14,,0.25,5,5,21.774572730995715,41.38427846785635,428,734,0.3542623724013049,0.6053799885166263
Gilbert,14,,0.25,5,6,29.70504973316565,22.071488036075607,634,468,0.7172339871984192,0.7545735492788531
Gilbert,14,,0.25,5,7,24.108616400975734,22.38118883804418,510,466,0.6286881864590637,0.5470696346576154
Gilbert,14,,0.25,5,8,19.46874127094634,26.000861765816808,396,516,0.47136720727590486,0.7449086228670116
Gilbert,14,,0.25,5,9,20.101217957912013,20.32258640602231,404,408,0.754562172344394,0.7545621606133566
Gilbert,14,,0.25,5,10,15.416060070041567,19.951144511112943,400,464,0.6428571419678966,0.8835175318516022
Gilbert,14,,0.25,5,11,21.593501413008198,21.178573213983327,464,426,0.6687212609564741,0.8443277187418985
Gilbert,14,,0.25,5,12,24.55564371193759,22.908154272008687,492,474,0.6281134723319278,0.9720745545147119
Gilbert,14,,0.25,5,13,29.321425040951,23.71579849696718,548,432,0.49140821020453246,0.5854350914495074
Gilbert,14,,0.25,5,14,14.060316700022668,22.714001430897042,354,496,0.6675961350441549,0.999183221852991
Gilbert,14,,0.25,5,15,15.71405489812605,6.0073506170883775,384,164,0.88249428942646,0.9817601048657139
Gilbert,14,,0.25,5,16,26.694876144174486,15.376282801153138,538,328,0.642847049925634,0.9999999996373796
Gilbert,14,,0.25,5,17,17.872312620049343,21.034039516933262,378,426,0.6006959790724611,0.8253576225491491
Gilbert,14,,0.25,5,18,23.806301180040464,21.92870272300206,506,478,0.7592406065685525,0.999999997654935
Gilbert,14,,0.25,5,19,18.97315190383233,16.402242694050074,440,358,0.7161538511464792,0.9999999998619337
Gilbert,14,,0.25,6,0,38.64126855088398,39.65768173802644,724,728,0.9042055794876047,0.800864646584174
Gilbert,14,,0.25,6,1,45.89866031310521,24.971443518064916,876,510,0.8855385814238581,0.9999983868147868
Gilbert,14,,0.25,6,2,66.7673444498796,40.358685811050236,668,702,0.5489148692219832,0.548914938737814
Gilbert,14,,0.25,6,3,30.18897588807158,24.804548935964704,636,554,0.7543158240099466,0.9999999612758634
Gilbert,14,,0.25,6,4,25.641618764959276,26.264506791019812,526,530,0.6451824324826444,0.9999999995618504
Gilbert,14,,0.25,6,5,39.979025021893904,60.196145957103,654,968,0.4784732580843218,0.4490462396001466
Gilbert,14,,0.25,6,6,61.55591426999308,31.19539213902317,1096,600,0.8334724385054002,0.7616916866190235
Gilbert,14,,0.25,6,7,49.3752360381186,43.92830000887625,858,758,0.6788187927341939,0.5688259165612589
Gilbert,14,,0.25,6,8,31.257329089799896,39.41075708391145,548,688,0.2765654033915717,0.9999999879854524
Gilbert,14,,0.25,6,9,39.294072203105316,39.16541002201848,636,636,0.7993462702824438,0.7993462689025559
Gilbert,14,,0.25,6,10,33.276877000927925,32.33031854103319,678,662,0.8551104878391653,0.8473046579251428
Gilbert,14,,0.25,6,11,37.16389116994105,30.05436682002619,668,546,0.8389870947613283,0.8647961398757233
Gilbert,14,,0.25,6,12,31.97223587683402,36.08018380496651,594,658,0.6953731577016233,0.513892546603951
Gilbert,14,,0.25,6,13,53.49476526887156,55.81637262692675,842,820,0.6996040133682424,0.6170014328682195
Gilbert,14,,0.25,6,14,27.620333820115775,35.250299339182675,562,682,0.6250867077587124,0.8124740715859025
Gilbert,14,,0.25,6,15,25.610256392974406,9.551906052045524,546,222,0.8049406255208197,0.9842649042567869
Gilbert,14,,0.25,6,16,43.14129852107726,29.37926597497426,752,508,0.6970363055687177,0.999999999986642
Gilbert,14,,0.25,6,17,28.75950349192135,29.77691015205346,522,542,0.5881894995463046,0.8950278058678488
Gilbert,14,,0.25,6,18,38.14261791482568,29.57072243001312,700,586,0.5245267426648049,0.9999999256433665
Gilbert,14,,0.25,6,19,27.204371026949957,24.583593945018947,554,472,0.7670151808757417,0.9999999107795966
Gilbert,14,,0.25,7,0,57.867592848138884,68.51121038803831,878,1090,0.9307203463192621,0.8500488777513423
Gilbert,14,,0.25,7,1,70.35528601589613,34.61459238198586,1198,636,0.9036353760465341,0.9999920036759586
Gilbert,14,,0.25,7,2,50.37877483898774,52.993795335059986,832,852,0.6070570069612017,0.6070570067631813
Gilbert,14,,0.25,7,3,47.85783668095246,36.38833622285165,878,714,0.7787512141054275,0.9999997015220842
Gilbert,14,,0.25,7,4,47.22271286905743,37.46419368498027,786,668,0.7514065381359207,0.878561618135055
Gilbert,14,,0.25,7,5,84.37473206198774,88.68029466387816,1132,1274,0.019654548278823587,0.4925507900982134
Gilbert,14,,0.25,7,6,98.01973405503668,52.095534891821444,1552,858,0.7894213766099737,0.6802000816761843
Gilbert,14,,0.25,7,7,70.20881473901682,60.80022663506679,1102,956,0.6871693027785315,0.5654366407717375
Gilbert,14,,0.25,7,8,64.2737434071023,59.35543786804192,916,914,0.673920631387487,0.9999999930203494
Gilbert,14,,0.25,7,9,55.4632100937888,55.26776806009002,814,810,0.8212283566505925,0.8212283544641512
Gilbert,14,,0.25,7,10,43.22095928597264,46.483329427894205,814,850,0.6428571417999998,0.8513191614316523
Gilbert,14,,0.25,7,11,58.468563658883795,40.71874620206654,906,664,0.871849864820265,0.885764171807911
Gilbert,14,,0.25,7,12,47.38586161402054,78.47019712394103,776,1164,0.6572623240733921,0.9776878712422923
Gilbert,14,,0.25,7,13,67.52598304580897,86.30296563403681,982,1122,0.5849214324401394,0.6435722428320885
Gilbert,14,,0.25,7,14,40.67020411696285,61.11359803983942,720,1010,0.5716610160701551,0.9577130300529372
Gilbert,14,,0.25,7,15,41.80096072610468,20.983770195860416,758,374,0.9124858275899225,0.9927871324779829
Gilbert,14,,0.25,7,16,67.00703543005511,53.45977693400346,1006,772,0.5915179546226595,0.9999999999137571
Gilbert,14,,0.25,7,17,67.82105990406126,41.83074809401296,952,674,0.6527865940777475,0.9009141210749875
Gilbert,14,,0.25,7,18,61.545406447025016,40.390175777021796,990,714,0.691279584040257,0.9999989617071463
Gilbert,14,,0.25,7,19,34.21135717909783,33.303898019948974,640,580,0.7445161419598971,0.9999994881669726
Gilbert,14,,0.25,8,0,66.39741758303717,95.39999515912496,1046,1382,0.7824099703250424,0.8980183977510544
Gilbert,14,,0.25,8,1,96.98095466708764,54.73049072991125,1512,868,0.9214502602782675,0.9999997109521552
Gilbert,14,,0.25,8,2,75.49982419819571,89.47842410509475,1156,1220,0.6360874782858703,0.6360876975845607
Gilbert,14,,0.25,8,3,64.62024200195447,48.65933596994728,1088,866,0.8470381037507264,0.9999999543352996
Gilbert,14,,0.25,8,4,77.78449259791523,54.31759134703316,1134,856,0.8219074432324912,0.897963617879247
Gilbert,14,,0.25,8,5,121.44529334292747,126.95594554790296,1482,1634,0.6576399758034167,0.5797699988377607
Gilbert,14,,0.25,8,6,124.32387324492447,69.46411040402018,1844,1048,0.846490956294719,0.7249385821254081
Gilbert,14,,0.25,8,7,90.75201299809851,73.41320493095554,1316,1086,0.6863214804801894,0.5927292716976188
Gilbert,14,,0.25,8,8,112.53911931207404,104.98579753399827,1388,1354,0.6939797228079664,0.9999999683368264
Gilbert,14,,0.25,8,9,81.06205328786746,79.73577674594708,1046,1032,0.8239887670839614,0.8239887860869682
Gilbert,14,,0.25,8,10,73.74799643782899,65.40064798109233,1166,1076,0.9201366061072214,0.8504283199307169
Gilbert,14,,0.25,8,11,111.19028080697171,58.77236986299977,1422,834,0.881440632763635,0.8987743194754862
Gilbert,14,,0.25,8,12,75.97580917086452,165.14809508807957,1072,2060,0.7414857956812497,0.9974678645658991
Gilbert,14,,0.25,8,13,91.88970544212498,157.56230346206576,1194,1760,0.7290312046683397,0.8138067597538505
Gilbert,14,,0.25,8,14,56.32724123401567,93.98328326107003,900,1376,0.6247923251599944,0.9317247808780039
Gilbert,14,,0.25,8,15,63.578913480974734,34.26673787389882,1026,530,0.9365392482913658,0.9950615850936301
Gilbert,14,,0.25,8,16,105.57090946799144,68.89079525507987,1384,926,0.7466744940416644,0.4531232345241621
Gilbert,14,,0.25,8,17,90.46777675882913,56.247309553902596,1180,818,0.724611459907434,0.9059795194376742
Gilbert,14,,0.25,8,18,91.21490212297067,54.00866752793081,1286,854,0.7494580861319876,0.9999997812632946
Gilbert,14,,0.25,8,19,48.038433379959315,46.699444407830015,782,718,0.7522395009845183,0.9999993690028813
Gilbert,14,,0.25,9,0,119.55604966916144,124.08038039598614,1558,1660,0.9449209331640317,0.9213694864650789
Gilbert,14,,0.25,9,1,136.885140853934,71.01048283302225,1920,1034,0.9077431705995385,0.9999976906471366
Gilbert,14,,0.25,9,2,121.79941921588033,119.30270787212066,1604,1488,0.630977907782421,0.62336063087043
Gilbert,14,,0.25,9,3,93.81175170699134,57.62300482089631,1404,962,0.8509366279626096,0.9999998036015587
Gilbert,14,,0.25,9,4,119.90769248502329,115.81928557902575,1544,1456,0.8433093590285979,0.9904138092620671
Gilbert,14,,0.25,9,5,186.0318087830674,161.74187658401206,2028,1926,0.6367448072138803,0.6128767681928524
Gilbert,14,,0.25,9,6,168.27052426198497,113.44111205101945,2264,1472,0.8562677218718724,0.8038413128506631
Gilbert,14,,0.25,9,7,110.2934628019575,97.06492868601345,1492,1298,0.6321775618534042,0.6314407265630176
Gilbert,14,,0.25,9,8,137.82666499097832,139.9195863630157,1610,1660,0.6241647702152706,0.9999999994246365
Gilbert,14,,0.25,9,9,129.79599728807807,125.01794261788018,1442,1404,0.8384643440061396,0.8384643559000853
Gilbert,14,,0.25,9,10,103.65227277600206,84.61549069406465,1490,1274,0.9514087546043608,0.798475861823445
Gilbert,14,,0.25,9,11,139.9193807609845,91.13300851383246,1664,1118,0.8444850592794749,0.9174188862934762
Gilbert,14,,0.25,9,12,143.85929111391306,210.90070948493667,1698,2464,0.7706674298276386,0.844692736640105
Gilbert,14,,0.25,9,13,115.33719860506244,223.25832035695203,1380,2278,0.8001824388982838,0.8372451314567838
Gilbert,14,,0.25,9,14,84.27563211601228,172.86887066508643,1170,2144,0.7138266326506548,0.585463538118629
Gilbert,14,,0.25,9,15,115.79793950798921,45.65227927896194,1566,652,0.9399993222928077,0.996867542714338
Gilbert,14,,0.25,9,16,157.75262415292673,121.24687482998706,1824,1368,0.7162970158868004,0.9951963347552333
Gilbert,14,,0.25,9,17,153.7178526360076,112.20945991389453,1718,1302,0.7588917317078566,0.9235440362271868
Gilbert,14,,0.25,9,18,128.64409130695276,76.58881104690954,1638,1064,0.8170987375196805,0.9999998533449692
Gilbert,14,,0.25,9,19,90.08153361617588,63.2635842198506,1184,876,0.8637710571768892,0.9999993444381898
Gilbert,14,,0.25,10,0,175.14734159200452,165.8641048320569,2044,1974,0.9467941559625958,0.9373439092281783
Gilbert,14,,0.25,10,1,221.771132404916,100.58122590999119,2716,1308,0.9613203263499894,0.9999994196418049
Gilbert,14,,0.25,10,2,188.39239421696402,172.1202456280589,2166,1892,0.6710057413996643,0.6705891568054966
Gilbert,14,,0.25,10,3,116.56107577704825,82.84051269595511,1630,1212,0.8760308752180022,0.9999998181312886
Gilbert,14,,0.25,10,4,154.83021215186454,188.8223310110625,1852,2106,0.862787107749323,0.9679229291930265
Gilbert,14,,0.25,10,5,323.7655822180677,208.01103380485438,3054,2272,0.6008631171707073,0.49072151607845943
Gilbert,14,,0.25,10,6,203.75107768410817,147.15753744007088,2576,1768,0.9135599252956291,0.8797991235970825
Gilbert,14,,0.25,10,7,153.43477952713147,134.62415107502602,1840,1606,0.773620293704933,0.5890916904906537
Gilbert,14,,0.25,10,8,182.68214097898453,231.8443235720042,1930,2368,0.7220866056715626,0.5411637336130212
Gilbert,14,,0.25,10,9,213.74795398581773,193.82014356786385,2056,1902,0.7146011304124638,0.808224590520361
Gilbert,14,,0.25,10,10,186.98966457601637,113.13862657011487,2266,1544,0.9595416269879603,0.8247544465591857
Gilbert,14,,0.25,10,11,270.5181922740303,145.38919828203507,2678,1526,0.8166671989945937,0.9335198677846529
Gilbert,14,,0.25,10,12,243.10244091809727,272.5441836058162,2510,2972,0.814489974361307,0.8060485350007504
Gilbert,14,,0.25,10,13,155.82331927097403,287.9191541241016,1674,2746,0.7884677740655773,0.7177260161503893
Gilbert,14,,0.25,10,14,120.17050830996595,300.6520459051244,1488,3272,0.7316580785065604,0.9835892680472889
Gilbert,14,,0.25,10,15,159.67883029114455,59.73318822309375,1984,790,0.9353401502821433,0.9977966084753749
Gilbert,14,,0.25,10,16,271.36847388907336,216.91613011993468,2700,2114,0.731895220197299,0.9952056376078896
Gilbert,14,,0.25,10,17,247.1003123910632,157.69999639387242,2450,1658,0.8288027015265015,0.9294888813359025
Gilbert,14,,0.25,10,18,179.81162949604914,97.26600730093196,2060,1240,0.6806925915138758,0.9999995302775098
Gilbert,14,,0.25,10,19,155.2368548780214,76.79624450998381,1726,984,0.7630775146522578,0.9999985228357771
Gilbert,15,,0.1,1,0,0.46265282202512026,0.4028210649266839,24,30,0.830486270993248,0.8900571397196874
Gilbert,15,,0.1,1,1,0.32924553006887436,0.7793941227719188,20,58,0.48715875868103103,0.91136261087671
Gilbert,15,,0.1,1,2,0.5703554032370448,0.5702874073758721,34,38,0.535634786553167,0.7395260106514985
Gilbert,15,,0.1,1,3,0.5994173353537917,0.6222853781655431,36,38,0.4021248252599505,0.753862980801183
Gilbert,15,,0.1,1,4,0.5414620591327548,0.6019828803837299,30,36,0.6352799868508525,0.7799711933413611
Gilbert,15,,0.1,1,5,0.4075222183018923,0.47896532714366913,28,36,0.8077240252211827,0.9037899054671745
Gilbert,15,,0.1,1,6,0.4881214527413249,0.4774328153580427,26,32,0.6492139589607483,0.811469872199076
Gilbert,15,,0.1,1,7,0.6082585239782929,0.46817808225750923,36,32,0.566267333082818,0.8103717759096615
Gilbert,15,,0.1,1,8,0.4371470771729946,0.6122531592845917,28,44,0.6698645716039423,0.8837858079923002
Gilbert,15,,0.1,1,9,0.47738474421203136,0.43475112691521645,34,30,0.7385814889802211,0.9267509480994008
Gilbert,15,,0.1,1,10,0.6063121864572167,0.6885396428406239,34,42,0.5938632385331979,0.8135984431872315
Gilbert,15,,0.1,1,11,0.6437796661630273,0.5154092414304614,36,32,0.5769049256519889,0.7695872225310167
Gilbert,15,,0.1,1,12,0.5430544074624777,0.5284930616617203,36,24,0.4523904284174443,0.4093844968333175
Gilbert,15,,0.1,1,13,0.5666828015819192,0.6433917870745063,38,34,0.5764375978981793,0.7915694096319911
Gilbert,15,,0.1,1,14,0.5803964426741004,0.8887728871777654,28,56,0.5520107534853655,0.8461839180284372
Gilbert,15,,0.1,1,15,0.5142603600397706,0.3734892653301358,32,20,0.402590515065476,0.29606461923093436
Gilbert,15,,0.1,1,16,0.39859081618487835,0.5784523254260421,24,42,0.6523096110040286,0.820851943044823
Gilbert,15,,0.1,1,17,0.4723738245666027,0.38901882618665695,32,24,0.5610041711143752,0.8126015760882598
Gilbert,15,,0.1,1,18,0.4656868977472186,0.5654188022017479,26,32,0.6585961384610378,0.7495275970798275
Gilbert,15,,0.1,1,19,0.48469918966293335,0.641983775421977,30,44,0.627303992080545,0.8578328933228526
Gilbert,15,,0.1,2,0,0.9154380764812231,1.0320891430601478,58,66,0.9658666259531384,0.9912692647284351
Gilbert,15,,0.1,2,1,0.8364393571391702,1.229073648341,48,84,0.7932087604821085,0.9725620533239915
Gilbert,15,,0.1,2,2,1.2240403201431036,1.1763554504141212,68,68,0.6909218623728461,0.7949813748132551
Gilbert,15,,0.1,2,3,1.464210618287325,2.261545413173735,82,122,0.701407669786138,0.8783104864919422
Gilbert,15,,0.1,2,4,1.2491360595449805,1.1761578153818846,68,66,0.7388245398333091,0.8194263125244807
Gilbert,15,,0.1,2,5,0.8198777511715889,0.850552586838603,56,58,0.9002720826260818,0.9727566716857644
Gilbert,15,,0.1,2,6,1.0975637380033731,1.185113594867289,62,70,0.77882490814966,0.8695943825440068
Gilbert,15,,0.1,2,7,1.1111941626295447,1.0368223385885358,68,62,0.8510548423445936,0.9572050286606376
Gilbert,15,,0.1,2,8,0.9844410540536046,1.0751324594020844,56,68,0.7883392672847844,0.9517487022263232
Gilbert,15,,0.1,2,9,0.9660957297310233,0.8892355272546411,60,54,0.8800012886704313,0.9667221450648088
Gilbert,15,,0.1,2,10,1.2312530651688576,1.1024793069809675,72,68,0.7219708500772647,0.8533666551662012
Gilbert,15,,0.1,2,11,1.3172841789200902,1.19140188023448,72,64,0.6578209195592877,0.7947164201017449
Gilbert,15,,0.1,2,12,1.7167415469884872,1.6751227481290698,86,84,0.7895828760990968,0.803295151268619
Gilbert,15,,0.1,2,13,1.716863295994699,1.2966910535469651,86,66,0.6887792089969613,0.8296813000085248
Gilbert,15,,0.1,2,14,1.4607074605301023,1.291245880536735,72,80,0.6700506314882662,0.9403624937107571
Gilbert,15,,0.1,2,15,1.5075161885470152,1.2215499794110656,74,54,0.627486858715802,0.8081725746177488
Gilbert,15,,0.1,2,16,1.0445162458345294,1.4095206465572119,56,78,0.7006526477927498,0.8448522653567335
Gilbert,15,,0.1,2,17,1.4117234712466598,0.82984958589077,74,52,0.835625692760784,0.9525365078129455
Gilbert,15,,0.1,2,18,1.6675063688308,1.4360156999900937,74,64,0.7309764354570398,0.7842484221446056
Gilbert,15,,0.1,2,19,1.9444635203108191,1.1763369869440794,98,68,0.7274378272888613,0.949053433186043
Gilbert,15,,0.1,3,0,2.0610558167099953,2.4492415208369493,108,128,0.9999999999989932,0.9999999999973671
Gilbert,15,,0.1,3,1,2.2869698889553547,2.0808946760371327,104,120,0.8069002616119537,0.992090405436251
Gilbert,15,,0.1,3,2,2.8168835286051035,2.4349544998258352,124,112,0.7776589736902414,0.8574642071413773
Gilbert,15,,0.1,3,3,2.580664820037782,5.234214793890715,120,226,0.7047057696679434,0.9598379411089775
Gilbert,15,,0.1,3,4,3.273925361223519,3.0042537041008472,138,130,0.8099478608155877,0.8751378443444413
Gilbert,15,,0.1,3,5,2.2338925320655107,1.7033852189779282,112,94,0.9052855158758965,0.9937255865855228
Gilbert,15,,0.1,3,6,3.0434388630092144,2.637744592502713,128,120,0.8378352925463911,0.9024427219007001
Gilbert,15,,0.1,3,7,2.1972791282460093,2.095731287263334,106,98,0.9330884456202048,0.9666251384938805
Gilbert,15,,0.1,3,8,2.917882123030722,1.9963742205873132,120,98,0.8749992037921505,0.9758888427914394
Gilbert,15,,0.1,3,9,2.074784217402339,1.8612597230821848,102,90,0.9053213464237825,0.9816059324579123
Gilbert,15,,0.1,3,10,3.031304268166423,2.2888424219563603,132,110,0.7898742951848632,0.8986947142074513
Gilbert,15,,0.1,3,11,3.321852136403322,3.105173737742007,130,118,0.7485862734774339,0.8568544521564341
Gilbert,15,,0.1,3,12,2.899822293780744,3.343015404418111,128,134,0.7927796458731888,0.9591172979781681
Gilbert,15,,0.1,3,13,3.6281377971172333,2.7639659363776445,148,116,0.75828148243301,0.8901369800909823
Gilbert,15,,0.1,3,14,3.3985484512522817,2.391962694004178,136,110,0.759666420041294,0.9756912243072025
Gilbert,15,,0.1,3,15,4.2228271542117,4.744198246859014,156,162,0.7355157417186933,0.9995701504217946
Gilbert,15,,0.1,3,16,3.427997482009232,2.676321668550372,136,126,0.7796172668033211,0.8882010417886328
Gilbert,15,,0.1,3,17,2.917644160799682,2.126212707720697,128,92,0.9300778124720152,0.9627358873595715
Gilbert,15,,0.1,3,18,5.551091562025249,5.153116897679865,170,166,0.8895629972830839,0.8974824724104499
Gilbert,15,,0.1,3,19,4.0845867395401,2.3425227077677846,164,102,0.7958821245571142,0.9792073300074694
Gilbert,15,,0.1,4,0,3.4227351509034634,3.4034094968810678,152,160,0.999999999914358,0.9999999999727216
Gilbert,15,,0.1,4,1,5.007665568031371,3.7137685297057033,188,168,0.8517067317850401,0.9960117807354414
Gilbert,15,,0.1,4,2,4.671375275589526,8.086821630597115,174,266,0.8527291956522872,0.9999999998540194
Gilbert,15,,0.1,4,3,5.324813833460212,9.691837221384048,194,346,0.781021133227243,0.9999999998347755
Gilbert,15,,0.1,4,4,5.4909555753692985,6.908732102252543,198,236,0.8383141550969843,0.8743887321352777
Gilbert,15,,0.1,4,5,4.775414905510843,2.8209995944052935,196,130,0.9053390936876279,0.9969456046582837
Gilbert,15,,0.1,4,6,5.594648280180991,9.35850359685719,200,304,0.8526672100497258,0.9999963094359442
Gilbert,15,,0.1,4,7,5.687630010768771,4.151360587216914,202,156,0.9437812032143383,0.9936196318155162
Gilbert,15,,0.1,4,8,4.782492166385055,3.299011265859008,172,132,0.9309285889196209,0.9882255394846677
Gilbert,15,,0.1,4,9,3.9804408345371485,3.2057987730950117,154,128,0.9559096676338893,0.9910259373773888
Gilbert,15,,0.1,4,10,7.043999263085425,8.329776376485825,234,262,0.8188329013689505,0.9999999996379277
Gilbert,15,,0.1,4,11,7.319672452285886,7.230683120898902,224,216,0.8522282134048365,0.8927060379493316
Gilbert,15,,0.1,4,12,6.505661246366799,5.96092885825783,212,198,0.862000283981752,0.9710682618894885
Gilbert,15,,0.1,4,13,7.103580228053033,7.309892061166465,232,222,0.845529968195774,0.9188583066295847
Gilbert,15,,0.1,4,14,7.942003625445068,3.7464121114462614,240,146,0.788553158772149,0.9899366510017679
Gilbert,15,,0.1,4,15,9.014260288327932,8.772480193525553,264,252,0.8181562410281213,0.9999939645715261
Gilbert,15,,0.1,4,16,7.888364799320698,8.411298019811511,248,270,0.8029734108613288,0.8975865548661123
Gilbert,15,,0.1,4,17,5.557052248157561,4.70395060069859,196,158,0.943091088279326,0.9927489219729413
Gilbert,15,,0.1,4,18,8.745811116881669,9.23022620473057,242,252,0.8720701056135558,0.9276637664597909
Gilbert,15,,0.1,4,19,10.843123237602413,4.202861056663096,324,142,0.9249444603572037,0.9907719679223224
Gilbert,15,,0.1,5,0,4.701498553156853,4.449533438310027,186,190,0.9999999997798842,0.9999999999989022
Gilbert,15,,0.1,5,1,8.560518370941281,6.224992388859391,274,232,0.9354148412491953,0.9980415158296352
Gilbert,15,,0.1,5,2,7.32998887822032,15.53899347782135,234,434,0.8772240500638869,0.9999999994005636
Gilbert,15,,0.1,5,3,9.618531990796328,12.588545385748148,290,412,0.8117531504347508,0.9999999998526454
Gilbert,15,,0.1,5,4,11.78445602208376,23.62380287796259,336,602,0.8840166425777543,0.9999999998135725
Gilbert,15,,0.1,5,5,12.7885228889063,6.343787996098399,408,224,0.9550349559482552,0.99814218774543
Gilbert,15,,0.1,5,6,10.844751128926873,12.046416474506259,314,362,0.9034078771013216,0.9999998199613735
Gilbert,15,,0.1,5,7,12.522544981911778,14.84392315428704,356,400,0.9750972982072056,0.9995227614605418
Gilbert,15,,0.1,5,8,10.308400017209351,5.534715034998953,290,178,0.9508654828975958,0.9915792383519453
Gilbert,15,,0.1,5,9,6.875598055310547,5.460677357390523,220,178,0.9725164607095658,0.9939260972226872
Gilbert,15,,0.1,5,10,10.920240677893162,14.001964547671378,316,384,0.8743386062940091,0.9999659891619902
Gilbert,15,,0.1,5,11,16.918659170158207,17.080976082012057,402,396,0.9074292594585056,0.9995318925305046
Gilbert,15,,0.1,5,12,11.498049928806722,12.378364347852767,308,318,0.8829916647077011,0.9852697386131846
Gilbert,15,,0.1,5,13,12.321788703091443,12.84109347872436,330,328,0.8892526459618546,0.9699891766250044
Gilbert,15,,0.1,5,14,11.924445826560259,6.74451189301908,318,200,0.8542131423212849,0.9941123733569992
Gilbert,15,,0.1,5,15,18.507710955105722,13.516459658741951,436,340,0.7108490310662822,0.9999997581994174
Gilbert,15,,0.1,5,16,11.343775519169867,16.366287167184055,316,428,0.8068979582240101,0.9999999999561126
Gilbert,15,,0.1,5,17,11.492467062547803,20.35070119984448,320,464,0.9430893982589669,0.9984360964155093
Gilbert,15,,0.1,5,18,19.82602789439261,13.07619974669069,420,318,0.9320747860023457,0.9377528509496573
Gilbert,15,,0.1,5,19,17.96745152771473,6.64930122345686,460,192,0.9267914185706061,0.9941068841747425
Gilbert,15,,0.1,6,0,6.084484305232763,5.615922597236931,218,214,0.9999999999990298,0.9999999999594196
Gilbert,15,,0.1,6,1,17.338122930377722,14.197299027815461,458,400,0.9663488804726583,0.9988916393665502
Gilbert,15,,0.1,6,2,11.581331675872207,23.325093277730048,314,578,0.9028779699217223,0.9999999996000651
Gilbert,15,,0.1,6,3,14.782461192458868,16.431559408083558,384,482,0.8459506344924868,0.9999999999995691
Gilbert,15,,0.1,6,4,22.740358672104776,29.633831918239594,538,720,0.8976860552023147,0.9999999922652678
Gilbert,15,,0.1,6,5,18.80347888916731,20.445097188465297,540,536,0.9924979609511632,0.9994671100308428
Gilbert,15,,0.1,6,6,17.78059431258589,17.14211232960224,442,458,0.9023545082865457,0.9999977790248721
Gilbert,15,,0.1,6,7,26.972447434440255,25.583513885736465,624,596,0.9879633663680463,0.999999781268496
Gilbert,15,,0.1,6,8,16.705811141990125,11.148210630752146,402,276,0.9793635646487593,0.9973086769751308
Gilbert,15,,0.1,6,9,12.387634479440749,11.064811620861292,322,284,0.9860668493258519,0.9986615279353882
Gilbert,15,,0.1,6,10,15.260297079570591,19.937933299690485,388,482,0.8743417247631402,0.9999985096714649
Gilbert,15,,0.1,6,11,27.426924630068243,25.020359521731734,560,520,0.9065394803454703,0.9999999995448409
Gilbert,15,,0.1,6,12,21.55291083548218,20.547295551747084,478,454,0.9408896696180371,0.9925699978335214
Gilbert,15,,0.1,6,13,19.020938497036695,22.73945641517639,446,486,0.9395531427010824,0.9870448013794579
Gilbert,15,,0.1,6,14,21.885222361423075,10.858702066354454,474,268,0.8652835733274731,0.9953603715489183
Gilbert,15,,0.1,6,15,29.529367229901254,19.91402466967702,604,432,0.8371645783197785,0.9999941686722058
Gilbert,15,,0.1,6,16,21.267797200009227,25.066498544998467,482,572,0.9078823610128182,0.9999999999204423
Gilbert,15,,0.1,6,17,24.403700221329927,36.50147740915418,542,744,0.9769336089167303,0.999996395779098
Gilbert,15,,0.1,6,18,30.799976269714534,22.725699475966394,568,452,0.930243399032562,0.9587945221624575
Gilbert,15,,0.1,6,19,22.712426088750362,10.728259869851172,534,250,0.9527783515853561,0.995009909934808
Gilbert,15,,0.1,7,0,7.5428052097558975,6.692597764544189,246,236,0.999999999995092,0.9999999999275215
Gilbert,15,,0.1,7,1,25.057871552184224,22.327672856859863,598,546,0.9753800987636471,0.9997426815806137
Gilbert,15,,0.1,7,2,19.16158437728882,30.869629396125674,436,700,0.9156432835694956,0.9999999959742946
Gilbert,15,,0.1,7,3,24.861752131953835,21.95038900524378,550,570,0.8771163825058365,0.9999999986794766
Gilbert,15,,0.1,7,4,30.07666360680014,39.361826931126416,660,866,0.895134310168744,0.9999999808877117
Gilbert,15,,0.1,7,5,29.711176743730903,28.827785436995327,750,692,0.9962052361981052,0.9998071535769449
Gilbert,15,,0.1,7,6,26.137507390230894,30.069812366738915,574,658,0.9238621320811969,0.9999999785036063
Gilbert,15,,0.1,7,7,39.35444244835526,37.69648815318942,822,790,0.9826373416323833,0.9999999557977056
Gilbert,15,,0.1,7,8,31.64055703394115,22.477703736163676,630,444,0.977698641577646,0.9985350347974622
Gilbert,15,,0.1,7,9,27.590700765140355,22.129122702404857,570,464,0.9903738399492568,0.9992596395710304
Gilbert,15,,0.1,7,10,26.855941188521683,24.88300394359976,558,560,0.9165360070774953,0.9999996985190411
Gilbert,15,,0.1,7,11,41.77837526332587,42.132404684089124,742,740,0.9603753934833928,0.9999999704001897
Gilbert,15,,0.1,7,12,31.14243053458631,35.78543706983328,606,662,0.9389191114914275,0.9932172858165331
Gilbert,15,,0.1,7,13,31.574587086215615,41.962749811820686,610,742,0.928739827626854,0.9929561089360834
Gilbert,15,,0.1,7,14,35.75633731111884,20.15424340777099,662,396,0.9141195031576771,0.997011505551221
Gilbert,15,,0.1,7,15,42.96369853615761,28.10911152791232,772,534,0.9255752145253034,0.9999990262544122
Gilbert,15,,0.1,7,16,32.70642178785056,34.50363627169281,640,704,0.9201392741485694,0.9999999993339661
Gilbert,15,,0.1,7,17,44.86018490511924,49.27202783804387,838,942,0.9775340742298018,0.9999999761882804
Gilbert,15,,0.1,7,18,48.92756357137114,33.44791359361261,776,578,0.731968312791131,0.9769642809257945
Gilbert,15,,0.1,7,19,41.19638157170266,19.267708969302475,786,370,0.960971824373351,0.9975761696876017
Gilbert,15,,0.1,8,0,9.427401813678443,8.26096951495856,276,262,0.9999999999997929,0.9999999999988806
Gilbert,15,,0.1,8,1,34.47892101574689,34.3490434801206,748,740,0.9821271076240708,0.9999722393603889
Gilbert,15,,0.1,8,2,30.02785306610167,40.88297264929861,594,842,0.9295894476980487,0.999999814992599
Gilbert,15,,0.1,8,3,42.952427588403225,40.00353645905852,800,824,0.8751271004399253,0.9999998612975141
Gilbert,15,,0.1,8,4,43.04813010804355,55.26611198298633,840,1100,0.9136369349278152,0.9999999762269705
Gilbert,15,,0.1,8,5,57.09942112211138,57.6202186094597,1204,1178,0.9991871524884229,0.9999803556329302
Gilbert,15,,0.1,8,6,33.70134019758552,35.14612156711519,676,726,0.9397287679512754,0.9999975049547409
Gilbert,15,,0.1,8,7,55.25594694633037,66.69937589298934,1046,1176,0.9941631334619747,0.9998112022623591
Gilbert,15,,0.1,8,8,42.5997979817912,32.748365649953485,800,578,0.9778442550235582,0.999256409082057
Gilbert,15,,0.1,8,9,51.075245848856866,35.80456200055778,898,656,0.9898853737138628,0.9995645885709178
Gilbert,15,,0.1,8,10,37.46320046298206,34.131108603440225,692,676,0.919831970194794,0.9999993777209994
Gilbert,15,,0.1,8,11,66.30996371805668,54.31284364312887,1026,884,0.9528359490268178,0.9999997838174224
Gilbert,15,,0.1,8,12,55.91892859060317,66.8745348053053,906,1032,0.9563634806498356,0.9961535441392695
Gilbert,15,,0.1,8,13,67.64382523018867,68.87519124150276,1032,1066,0.9613872486182234,0.9971423945509752
Gilbert,15,,0.1,8,14,49.03815519064665,31.829902157187462,822,528,0.9298215334150332,0.9978368013348641
Gilbert,15,,0.1,8,15,59.26688865944743,37.8644889658317,956,646,0.939873884718589,0.9999937228700517
Gilbert,15,,0.1,8,16,49.338853993453085,49.13784730155021,846,880,0.92370083664124,0.9999999511330273
Gilbert,15,,0.1,8,17,90.11795018427074,67.35607362072915,1414,1164,0.9827122727774784,0.9999997786222915
Gilbert,15,,0.1,8,18,70.08809125330299,46.79445883259177,996,720,0.9730687422278935,0.9867232823752895
Gilbert,15,,0.1,8,19,60.29257356841117,30.524760897271335,1010,494,0.9637597196544665,0.9986408893017493
Gilbert,15,,0.1,9,0,11.153480214998126,10.04830086696893,306,290,0.9999999999990379,0.9999999999998589
Gilbert,15,,0.1,9,1,47.776512091979384,56.763956394046545,932,1060,0.9904032984431967,0.999987145497903
Gilbert,15,,0.1,9,2,41.59706236515194,61.54730502702296,736,1112,0.9321559166476425,0.9999998611560774
Gilbert,15,,0.1,9,3,60.296532864682376,52.417140173725784,1024,990,0.8400017984018541,0.9999999920923349
Gilbert,15,,0.1,9,4,66.04419632535428,71.56216963101178,1130,1300,0.9204988234272793,0.9999999551197284
Gilbert,15,,0.1,9,5,67.56143160443753,86.74332245718688,1362,1610,0.9982395743615856,0.9999951072070701
Gilbert,15,,0.1,9,6,51.04445313476026,48.17838257364929,890,890,0.9488442475319336,0.9999999494992959
Gilbert,15,,0.1,9,7,97.19677070714533,111.15553009696305,1566,1722,0.9976674189776527,0.9999997669344537
Gilbert,15,,0.1,9,8,69.17632742319256,46.016079359687865,1128,732,0.9859222875372733,0.9995750177055521
Gilbert,15,,0.1,9,9,103.01838255766779,54.59933967795223,1552,890,0.9946039195198434,0.9997482645467951
Gilbert,15,,0.1,9,10,55.90332288388163,47.719396316446364,902,824,0.9262078400133761,0.9999999255129336
Gilbert,15,,0.1,9,11,115.52792684827,80.74343785643578,1522,1148,0.9765918868125407,0.9999999815312449
Gilbert,15,,0.1,9,12,82.26863075327128,105.06413570884615,1180,1440,0.9699401670668125,0.9978978272050916
Gilbert,15,,0.1,9,13,101.1802859166637,116.71555208228528,1384,1572,0.971888142209125,0.9999999981117899
Gilbert,15,,0.1,9,14,75.89018001873046,41.38615181483328,1100,630,0.9470805926818388,0.9984226494627396
Gilbert,15,,0.1,9,15,78.03186717070639,53.83583486545831,1138,804,0.9420804007577104,0.9999999358359166
Gilbert,15,,0.1,9,16,63.418592932634056,78.57730192597955,998,1196,0.9211565500533658,0.9999999942759181
Gilbert,15,,0.1,9,17,138.19706591032445,85.87145760469139,1942,1380,0.9794418417594536,0.999999992494985
Gilbert,15,,0.1,9,18,116.13191710598767,65.52002371661365,1408,890,0.976874330659178,0.9886209696805213
Gilbert,15,,0.1,9,19,97.45875328965485,45.21935900207609,1394,644,0.981157640687989,0.9991114025292184
Gilbert,15,,0.1,10,0,13.261462852358818,11.785512988455594,334,314,0.9999999999999382,0.999999999991148
Gilbert,15,,0.1,10,1,65.1322628268972,78.307777447626,1154,1330,0.9937265070363914,0.9999921137570073
Gilbert,15,,0.1,10,2,60.12285360880196,70.39131483063102,948,1208,0.9448205244414988,0.9999994233342784
Gilbert,15,,0.1,10,3,100.88760060630739,66.70972254034132,1476,1148,0.9060721702001359,0.9999999965146458
Gilbert,15,,0.1,10,4,120.77736964635551,86.1614801324904,1740,1466,0.9228170572856824,0.9999994513096333
Gilbert,15,,0.1,10,5,115.28166276682168,110.68538502790034,2002,1934,0.9985184025090711,0.9999983350000472
Gilbert,15,,0.1,10,6,63.901941522955894,61.31102611403912,1028,1028,0.9595611477147756,0.9999993917990622
Gilbert,15,,0.1,10,7,128.9131954209879,137.35930881556123,1914,2006,0.9964899948746646,0.9999992908572284
Gilbert,15,,0.1,10,8,84.63612633757293,60.46159710548818,1304,882,0.9902981408987499,0.999872739617101
Gilbert,15,,0.1,10,9,160.11429755482823,71.03712466172874,2182,1070,0.9956365758008484,0.9999642293505715
Gilbert,15,,0.1,10,10,83.75862313155085,55.41468615178019,1194,904,0.9619312166871397,0.9999988817525172
Gilbert,15,,0.1,10,11,147.6538075497374,99.74974229838699,1812,1324,0.9695899243005048,0.9999998070189206
Gilbert,15,,0.1,10,12,112.4577598972246,210.73011631332338,1494,2494,0.9787106775903676,0.9990441833628216
Gilbert,15,,0.1,10,13,145.7984406799078,150.2501272764057,1828,1898,0.9756140351246229,0.999999982215166
Gilbert,15,,0.1,10,14,103.89178893435746,62.14179841987789,1370,832,0.9478297120890812,0.9991177501753642
Gilbert,15,,0.1,10,15,112.39733023755252,80.58894806168973,1442,1034,0.9482892493861619,0.9999990181877659
Gilbert,15,,0.1,10,16,87.68199208006263,121.98422281444073,1236,1612,0.9515172729196247,0.9999999007023626
Gilbert,15,,0.1,10,17,248.81300821807235,119.16763573605567,3058,1708,0.9873580118079988,0.9999998435116626
Gilbert,15,,0.1,10,18,200.7208126541227,118.15316727012396,2080,1328,0.9764482273497038,0.990061305073048
Gilbert,15,,0.1,10,19,155.74193812999874,69.57720254268497,1914,854,0.985102086439132,0.9994585258168662
Gilbert,15,,0.25,1,0,0.6065825968980789,0.6175085538998246,22,24,0.27780041431434777,0.26632709319127423
Gilbert,15,,0.25,1,1,0.36225870600901544,0.62462775898166,16,36,0.3123562871929004,0.7623068090557539
Gilbert,15,,0.25,1,2,0.6088999880012125,0.5733723191078752,24,24,0.22052212747100963,0.2119533755806565
Gilbert,15,,0.25,1,3,0.548926271032542,0.5007346610073,22,22,0.2500662140017436,0.25006621400174334
Gilbert,15,,0.25,1,4,0.5791466860100627,0.5431656499858946,22,20,0.27246387522800625,0.27062479433378556
Gilbert,15,,0.25,1,5,0.54828493995592,0.5175497229211032,22,22,0.22813937954666552,0.16651051425785873
Gilbert,15,,0.25,1,6,0.538813317893073,0.6041041861753911,22,20,0.19744263558388284,0.16343124631943415
Gilbert,15,,0.25,1,7,0.5947027690708637,0.4824645761400461,22,22,0.24579479300969057,0.23757678893793438
Gilbert,15,,0.25,1,8,0.5695605548098683,0.48387507488951087,20,22,0.26251597332343274,0.24281579721460997
Gilbert,15,,0.25,1,9,0.5637816158123314,0.47512882109731436,20,22,0.25732858556429317,0.2491354259856748
Gilbert,15,,0.25,1,10,0.6275796899572015,0.62471141689457,22,22,0.25366986055335045,0.21543718432892675
Gilbert,15,,0.25,1,11,0.6255267059896141,0.6267070421017706,22,22,0.2884207223084106,0.2884207223084103
Gilbert,15,,0.25,1,12,0.40379839204251766,0.5369465718977153,18,20,0.301484766426872,0.29233616187029143
Gilbert,15,,0.25,1,13,0.5246699170675129,0.6277306599076837,24,24,0.23650819991342953,0.23650819991343056
Gilbert,15,,0.25,1,14,0.5304678420070559,0.5261329349596053,24,24,0.27563973058807917,0.27563973058807917
Gilbert,15,,0.25,1,15,0.4582657718565315,0.4934678371064365,20,22,0.2557072179917633,0.2530282585978155
Gilbert,15,,0.25,1,16,0.5543958719354123,0.7218837481923401,24,24,0.19914077784247322,0.19914077784247436
Gilbert,15,,0.25,1,17,0.4404529419261962,0.611706712981686,20,20,0.29385661827084547,0.25782042571256486
Gilbert,15,,0.25,1,18,0.5367146120406687,0.5378400669433177,24,24,0.20182427317485288,0.20182427317485288
Gilbert,15,,0.25,1,19,0.6663330630399287,0.49449439416639507,22,22,0.25144625554607725,0.25144625554607763
Gilbert,15,,0.25,2,0,1.66426450596191,3.335256750928238,62,114,0.32506541325972726,0.4677399004979583
Gilbert,15,,0.25,2,1,1.8512294050306082,1.4033125219866633,74,64,0.5721689793780896,0.856866648951433
Gilbert,15,,0.25,2,2,2.5154758158605546,2.0504975800868124,90,76,0.380400355830021,0.37092417128182525
Gilbert,15,,0.25,2,3,2.4056627159006894,2.4124288060702384,86,86,0.31319738058417457,0.3131973805841728
Gilbert,15,,0.25,2,4,2.2452495750039816,3.1011206151451916,78,106,0.3885619520370523,0.43413913055040837
Gilbert,15,,0.25,2,5,1.6518726551439613,1.7125034630298615,64,66,0.2850504188248662,0.5713587014386434
Gilbert,15,,0.25,2,6,4.757095179986209,3.693864831002429,136,108,0.3943593335460405,0.34822261296441087
Gilbert,15,,0.25,2,7,2.2347360539715737,1.9098343120422214,76,66,0.51496715171443,0.5019880365256328
Gilbert,15,,0.25,2,8,1.576645244145766,2.2854094519279897,54,76,0.4401723349907695,0.42603429959920874
Gilbert,15,,0.25,2,9,2.4325982611626387,2.3722880219575018,80,78,0.5025292272535384,0.38389309593765414
Gilbert,15,,0.25,2,10,2.2537421530578285,3.766345672076568,72,118,-0.24342101989888995,0.4784516308668505
Gilbert,15,,0.25,2,11,2.8441221578978,2.971382407937199,100,100,0.48750092479366414,0.4875009247936674
Gilbert,15,,0.25,2,12,3.950685132993385,1.9799421238712966,138,74,0.48081402577627813,0.3806966068895892
Gilbert,15,,0.25,2,13,2.1034044199623168,2.3358366799075156,76,76,0.2555970519943052,0.25559705199430865
Gilbert,15,,0.25,2,14,2.226769169094041,2.220432204892859,74,74,0.32465331955332816,0.32465331955332805
Gilbert,15,,0.25,2,15,1.5755037099588662,3.1575206520501524,52,90,0.3040162293446225,0.41349688505177656
Gilbert,15,,0.25,2,16,2.8313961951062083,2.8725669539999217,86,86,0.28900747186991654,0.289007471869914
Gilbert,15,,0.25,2,17,3.7288795469794422,1.9682077509351075,124,70,0.4848613050993932,0.530313977210283
Gilbert,15,,0.25,2,18,2.0067551031243056,1.9634875878691673,60,60,0.09305416533391167,0.09305416533391091
Gilbert,15,,0.25,2,19,2.986785162007436,3.301684589125216,100,100,0.4291565246444593,0.42915652464446424
Gilbert,15,,0.25,3,0,4.101595039945096,5.4202202840242535,124,164,0.4922181233424208,-0.02834212420033344
Gilbert,15,,0.25,3,1,5.479910342022777,2.5221740908455104,176,96,0.6579773980384716,0.9317695322629618
Gilbert,15,,0.25,3,2,5.1390623319894075,5.387810507090762,154,160,0.5006448961095459,0.505537817560402
Gilbert,15,,0.25,3,3,8.381231330800802,9.900051352800801,234,270,0.4925768463768703,0.49021623732843195
Gilbert,15,,0.25,3,4,4.0829052270855755,5.305156354093924,120,160,0.42325563626112,0.2710418293495674
Gilbert,15,,0.25,3,5,6.291686180047691,3.7992322240024805,184,120,0.6025404214507988,0.44997412606001663
Gilbert,15,,0.25,3,6,14.106414717854932,6.780976753914729,318,168,0.4093061353786635,0.3200452362142155
Gilbert,15,,0.25,3,7,5.661910547874868,4.809375207871199,154,136,0.6286035352409847,0.4765118655394985
Gilbert,15,,0.25,3,8,3.8354766278062016,7.500971934990957,106,194,0.38989548315898,0.41726527015696885
Gilbert,15,,0.25,3,9,6.279356496175751,5.834473655093461,170,162,0.5416017094375511,0.429944074816428
Gilbert,15,,0.25,3,10,8.939946302911267,8.611576777882874,212,218,0.49085259819350807,0.20551633106151343
Gilbert,15,,0.25,3,11,7.720341446110979,7.596568024950102,190,190,0.2212554061903774,0.2212554061903762
Gilbert,15,,0.25,3,12,7.441260449821129,5.9417359828948975,218,172,0.5048970851308339,0.5281058391592531
Gilbert,15,,0.25,3,13,5.812358598923311,5.631461093900725,156,156,0.2128476927114377,0.21284769271143691
Gilbert,15,,0.25,3,14,5.983752066968009,5.79594428697601,156,156,0.18104696653254804,0.1810469665325427
Gilbert,15,,0.25,3,15,5.048216154100373,5.797763956943527,128,148,0.4437167158623709,0.2496265866887126
Gilbert,15,,0.25,3,16,8.78632193384692,8.641946596093476,190,190,0.41339596587542243,0.41339596587541905
Gilbert,15,,0.25,3,17,6.184573204955086,6.0599835980683565,180,154,0.319533658037679,0.7255098213498258
Gilbert,15,,0.25,3,18,7.2679983710404485,8.129607173847035,168,168,0.42676735814449757,0.426767358144554
Gilbert,15,,0.25,3,19,6.43178087612614,5.918991354992613,158,158,0.449586647277949,0.4495866472779427
Gilbert,15,,0.25,4,0,11.526329351123422,14.329021411947906,268,324,0.4760364715449237,0.5412211789263358
Gilbert,15,,0.25,4,1,12.670077705057338,3.9033762589097023,334,126,0.7657430577565666,0.9664042785033677
Gilbert,15,,0.25,4,2,12.85693023307249,15.38904004683718,294,354,0.5882536607454172,0.5119080466534031
Gilbert,15,,0.25,4,3,12.43529115919955,14.992700536968186,308,366,0.6512760458808797,0.6240277085727005
Gilbert,15,,0.25,4,4,9.683267378015444,13.488482477841899,222,304,0.5031289035228388,0.4376415274183078
Gilbert,15,,0.25,4,5,11.021108679007739,12.54428595979698,282,288,0.5552209334946803,0.5730891992698867
Gilbert,15,,0.25,4,6,19.575557915028185,18.47163316514343,404,344,0.4689927504547251,0.6064373617185801
Gilbert,15,,0.25,4,7,14.284705137135461,10.273438327945769,302,230,0.7064429457139516,0.6292102177780795
Gilbert,15,,0.25,4,8,10.956251894822344,13.329249279107898,224,294,0.4694232829528519,0.39856497751504144
Gilbert,15,,0.25,4,9,11.930733697954565,13.650346743874252,266,292,0.6270928359154657,0.6350236596271782
Gilbert,15,,0.25,4,10,14.056824821047485,15.921767282066867,290,332,0.6279648356921016,0.5399821466724252
Gilbert,15,,0.25,4,11,13.924251827877015,14.069912482984364,292,292,0.25676322120143763,0.25676322120143674
Gilbert,15,,0.25,4,12,14.001422590808943,10.708050013054162,330,260,0.5113691749883619,0.5658393572238338
Gilbert,15,,0.25,4,13,12.478615421103314,12.598149311961606,270,270,0.5415395026300323,0.5415395026310333
Gilbert,15,,0.25,4,14,12.744062121026218,12.637384511064738,266,266,-0.17525313238847506,-0.17525313238847703
Gilbert,15,,0.25,4,15,11.898659992031753,13.099158562952653,244,268,0.46742130624161227,0.6286669152453441
Gilbert,15,,0.25,4,16,13.74776561697945,13.580387740861624,260,260,0.48793970498421035,0.4879397049842093
Gilbert,15,,0.25,4,17,16.26908324100077,10.694079701090232,342,230,0.6397543315799544,0.6292868334833923
Gilbert,15,,0.25,4,18,17.99364200490527,17.949635965982452,320,322,0.1661053547328088,0.16610535523712983
Gilbert,15,,0.25,4,19,14.814109926111996,14.999117403989658,290,290,0.44562490534620675,0.4456249052279677
Gilbert,15,,0.25,5,0,21.07362023391761,20.93133433209732,422,420,0.5084098449597557,0.6014964022062039
Gilbert,15,,0.25,5,1,31.032317405100912,6.643188851885498,662,174,0.8054933876162239,0.9786427687859287
Gilbert,15,,0.25,5,2,19.608677482930943,21.347958948928863,392,448,0.05066550857379796,0.5960283101701679
Gilbert,15,,0.25,5,3,21.645083317998797,24.721226569032297,450,514,0.6426916430432233,-0.11072846250734487
Gilbert,15,,0.25,5,4,22.315433675190434,21.765043976949528,410,428,0.5861579855365042,0.42681543493366625
Gilbert,15,,0.25,5,5,16.861316177994013,30.84998427890241,384,576,0.6660924367050532,0.7096389789934879
Gilbert,15,,0.25,5,6,36.24599535111338,25.08788444288075,602,442,0.5604853692612446,0.03984523991105634
Gilbert,15,,0.25,5,7,24.073954456020147,20.634007786866277,440,374,0.758893488999744,0.609234724275894
Gilbert,15,,0.25,5,8,25.677039939910173,32.40310940891504,428,552,0.6428207031929584,0.7234171135474448
Gilbert,15,,0.25,5,9,20.804618402849883,26.994213284924626,390,476,0.6711059351947793,0.700749093500999
Gilbert,15,,0.25,5,10,20.072865654015914,24.05808863695711,368,434,0.6448793646893062,0.5739638756046704
Gilbert,15,,0.25,5,11,25.939605996012688,25.659244729904458,438,438,0.7576429735047218,0.7576429733209514
Gilbert,15,,0.25,5,12,28.169383655069396,33.926910314010456,552,596,0.6822140260065475,0.617496506438899
Gilbert,15,,0.25,5,13,25.104210905963555,26.639722008025274,446,462,0.5422695564542381,0.5422695670604751
Gilbert,15,,0.25,5,14,26.446155605837703,26.75213830010034,446,446,0.42166784017653675,0.421667840721583
Gilbert,15,,0.25,5,15,20.335106563055888,21.910289054969326,358,372,0.5042339538826236,0.6433638265010354
Gilbert,15,,0.25,5,16,28.795231819152832,28.30038577504456,426,424,0.5075594202879478,0.5075594179288397
Gilbert,15,,0.25,5,17,27.281079677166417,17.263541446067393,482,316,0.6670482540096174,0.6487104805300976
Gilbert,15,,0.25,5,18,35.03803742188029,36.401033978909254,510,522,0.7839397155493611,0.7839397155422952
Gilbert,15,,0.25,5,19,22.139163155807182,21.925384518923238,372,372,0.4989981195237493,0.4989981195847854
Gilbert,15,,0.25,6,0,31.662971618119627,57.64496449404396,562,882,0.621981999760794,0.6889945416666289
Gilbert,15,,0.25,6,1,42.386208951007575,9.949303549947217,826,224,0.8538208334395552,0.9838178743607809
Gilbert,15,,0.25,6,2,30.72376516996883,30.170940111856908,552,566,0.5901309482141162,0.6315947223625866
Gilbert,15,,0.25,6,3,28.31060371384956,40.30209726211615,538,714,0.36012857056107156,0.46628971387253815
Gilbert,15,,0.25,6,4,48.168209405848756,40.424832340097055,720,652,0.7038347084802943,0.4979596558895883
Gilbert,15,,0.25,6,5,29.464742671931162,39.01450671697967,566,716,0.7815636325842383,0.8348158332975563
Gilbert,15,,0.25,6,6,58.92401972296648,36.95485367998481,840,578,0.5823935913354266,-0.08715904459287153
Gilbert,15,,0.25,6,7,32.96916554379277,43.09542804118246,542,636,0.712283008037536,0.7847216951146537
Gilbert,15,,0.25,6,8,50.79190297983587,48.497049547033384,716,738,0.6547406278676948,0.7832141331305716
Gilbert,15,,0.25,6,9,32.20067765307613,39.92188338399865,520,620,0.7340065738165429,0.7642716271681541
Gilbert,15,,0.25,6,10,33.74350286414847,45.59476617304608,512,666,0.7083086263265724,0.6825603784793474
Gilbert,15,,0.25,6,11,49.390169461024925,45.103350557154045,678,642,0.7882271375169246,0.7882271360530573
Gilbert,15,,0.25,6,12,40.73694161185995,42.96687939111143,704,708,0.5849003898256212,0.6222643893830726
Gilbert,15,,0.25,6,13,36.00556762586348,39.95102275698446,566,610,0.09079848083946811,0.090798480832055
Gilbert,15,,0.25,6,14,40.81247947085649,42.74871820397675,604,616,0.5728503845611731,0.5728503853137105
Gilbert,15,,0.25,6,15,29.389976580860093,34.818819497013465,460,508,0.6039330983975019,0.6463274774933616
Gilbert,15,,0.25,6,16,58.90630065300502,56.482684578048065,704,682,0.643650232249169,0.6436502002282959
Gilbert,15,,0.25,6,17,39.70601173792966,32.506660423008725,618,478,0.48112986030551813,0.7928070091635607
Gilbert,15,,0.25,6,18,43.49174422584474,44.033117805141956,596,606,0.7699227950627231,0.7699227938506026
Gilbert,15,,0.25,6,19,43.62484032684006,43.268118233187124,574,572,0.49730699311842425,0.4973069943285592
Gilbert,15,,0.25,7,0,49.76138891396113,84.84308985900134,774,1174,0.7161588522069607,0.8002397628617596
Gilbert,15,,0.25,7,1,57.98318462492898,14.768379413988441,1032,286,0.6876500838431344,0.9858034818228357
Gilbert,15,,0.25,7,2,55.25836590793915,45.99204644886777,836,746,0.6148753110460513,0.7171433344376342
Gilbert,15,,0.25,7,3,43.698869094019756,62.15936154010706,708,960,0.6239217279961182,0.48609701497198143
Gilbert,15,,0.25,7,4,62.259754050988704,70.64492932381108,874,970,0.7167618075300035,0.6645162332959471
Gilbert,15,,0.25,7,5,43.17635039705783,51.383500615134835,734,868,0.816400677225931,0.8309327685287143
Gilbert,15,,0.25,7,6,84.6704389359802,65.89108206587844,1068,856,0.5090427490240484,0.1404984517040786
Gilbert,15,,0.25,7,7,52.107017397880554,61.875901779858395,736,820,0.8333223107310622,0.8266382589962651
Gilbert,15,,0.25,7,8,81.58535288879648,65.81797659001313,1008,900,0.7465046962744901,0.7818659558925644
Gilbert,15,,0.25,7,9,51.47814923804253,57.522258234908804,704,790,0.7746258682915376,0.771167824628553
Gilbert,15,,0.25,7,10,48.88314235792495,77.12216649600305,644,948,0.7326006474993804,0.7118403920886219
Gilbert,15,,0.25,7,11,78.37773858010769,73.08807974099182,940,890,0.7993577594548308,0.7968388084003516
Gilbert,15,,0.25,7,12,57.15381515608169,101.25212224805728,880,1322,0.7362245528258706,0.767114466256978
Gilbert,15,,0.25,7,13,53.299712721956894,56.83985758200288,734,778,0.3327836224777245,0.33278362400619066
Gilbert,15,,0.25,7,14,64.29463661485352,78.72761247283779,826,976,0.568475148699585,0.5698391529627015
Gilbert,15,,0.25,7,15,44.13606517808512,58.98776952200569,596,716,0.5588895916395599,0.7265760250236628
Gilbert,15,,0.25,7,16,86.2196936798282,81.79549352801405,922,884,0.6454349293247805,0.6454349315190908
Gilbert,15,,0.25,7,17,56.61906479881145,47.48567101615481,768,612,0.7400158866719225,0.8691876053572518
Gilbert,15,,0.25,7,18,99.0075888459105,91.90941971796565,1034,982,0.8576099654696464,0.8398828183503027
Gilbert,15,,0.25,7,19,69.85667449096218,69.8944682511501,796,796,0.5121518413574607,0.5121518666292678
Gilbert,15,,0.25,8,0,77.49788559507579,118.73296697810292,1054,1488,0.7098681722504819,0.8406009958446793
Gilbert,15,,0.25,8,1,72.47283643693663,23.22165350592695,1196,382,0.8862722681953089,0.9895036494511223
Gilbert,15,,0.25,8,2,93.90627256501466,59.93652644986287,1228,886,0.6900344341327306,0.7458702739049888
Gilbert,15,,0.25,8,3,66.29113799217157,75.83875305298716,928,1090,0.7687862302603783,0.7073556319011011
Gilbert,15,,0.25,8,4,96.28890244290233,105.62723439093679,1182,1288,0.7277779100084031,0.6471863279710377
Gilbert,15,,0.25,8,5,68.6459776298143,66.16442113299854,1010,1030,0.8212591069553722,0.8499071202370156
Gilbert,15,,0.25,8,6,140.83331067999825,97.5882379738614,1506,1120,0.742225177755676,0.6520723440270153
Gilbert,15,,0.25,8,7,74.36237502284348,103.97026996989734,930,1190,0.6148629648251235,0.840972247838946
Gilbert,15,,0.25,8,8,108.11826728610322,82.46002007997595,1244,1036,0.8300974518928117,0.8073289851780501
Gilbert,15,,0.25,8,9,83.92292258399539,93.59674678207375,986,1088,0.4923742048232941,0.7726881191820266
Gilbert,15,,0.25,8,10,70.00382273620926,127.39638237608597,808,1320,0.6701063708145276,0.7531927141680361
Gilbert,15,,0.25,8,11,106.85446095908992,103.9401224150788,1160,1120,0.8161878288885056,0.8024771346352924
Gilbert,15,,0.25,8,12,84.2472158758901,122.89630210306495,1124,1536,0.7627101107366719,0.6594207385400226
Gilbert,15,,0.25,8,13,85.35220943996683,92.22033225395717,1010,1070,0.6026738135956171,0.6026738080044244
Gilbert,15,,0.25,8,14,101.93528937106021,106.95645425003022,1140,1204,0.7182641363500082,0.7007175724406167
Gilbert,15,,0.25,8,15,66.37574477191083,97.18736079800874,782,1002,0.7015410854677048,0.7452767655587941
Gilbert,15,,0.25,8,16,124.8360304730013,122.47311210911721,1184,1164,0.6634692760667532,0.6634692712341782
Gilbert,15,,0.25,8,17,98.97140383906662,74.42167929303832,1112,828,0.815801739829346,0.6918291797779382
Gilbert,15,,0.25,8,18,156.21197242406197,139.20637225918472,1440,1332,0.8763879257260785,0.8415148704846764
Gilbert,15,,0.25,8,19,100.73142988001928,99.88696059188806,1026,1020,0.5267929730265157,0.5267929882092723
Gilbert,15,,0.25,9,0,140.11944169201888,194.474167709006,1626,2122,0.8414685254285098,0.6556521396298808
Gilbert,15,,0.25,9,1,94.05793836899102,31.82559889787808,1412,468,0.9031920305909845,0.9933581872908795
Gilbert,15,,0.25,9,2,115.4121742779389,98.48141202703118,1414,1230,0.7217036900576687,0.8036119478382382
Gilbert,15,,0.25,9,3,106.83147243689746,117.31345147197135,1284,1446,0.6009683754810258,0.550981050547202
Gilbert,15,,0.25,9,4,141.16708165616728,140.04876076499932,1558,1568,0.7097182702116972,0.6296520754289833
Gilbert,15,,0.25,9,5,105.66940119606443,80.69554656301625,1360,1164,0.8555807843456285,0.8460720584986903
Gilbert,15,,0.25,9,6,184.05805716803297,190.31466235313565,1800,1818,0.7124742079987921,0.7782924668009074
Gilbert,15,,0.25,9,7,136.9118698539678,138.90719882189296,1418,1456,0.7659803656260714,0.8585408783992866
Gilbert,15,,0.25,9,8,142.09462526091374,97.07878563902341,1428,1152,0.7948514506155098,0.8359045716458853
Gilbert,15,,0.25,9,9,148.53121714410372,153.45082270703278,1460,1546,0.8125517519743916,0.8000436059979285
Gilbert,15,,0.25,9,10,151.1918266909197,176.07831905712374,1368,1662,0.7170901015537169,0.7179063767830244
Gilbert,15,,0.25,9,11,151.10617343196645,147.2435524230823,1466,1426,0.8177153846959899,0.8340865491714385
Gilbert,15,,0.25,9,12,132.02865311992355,159.8308420649264,1506,1840,0.7292216064039873,0.6968559572343727
Gilbert,15,,0.25,9,13,145.35359229287133,143.62255770200863,1454,1462,0.5884143606467529,0.5884143101353425
Gilbert,15,,0.25,9,14,171.65095511404797,173.84837413206697,1638,1676,0.6995389980238337,0.7409014848931985
Gilbert,15,,0.25,9,15,112.71442571189255,121.36899452400394,1118,1178,0.7667709030498651,0.7653312145013557
Gilbert,15,,0.25,9,16,176.5353975908365,195.06995752709918,1490,1606,0.7089960245109808,0.6762143841534473
Gilbert,15,,0.25,9,17,189.6192938319873,143.2414124191273,1738,1310,0.8422049602503023,0.9046022328644349
Gilbert,15,,0.25,9,18,205.13797582499683,203.28869608510286,1734,1724,0.8705051009014512,0.8423536820434181
Gilbert,15,,0.25,9,19,167.39684503502212,170.39030738105066,1452,1466,0.5190414778914125,0.519041455338759
Gilbert,15,,0.25,10,0,201.60962108406238,291.41998775908723,2064,2848,0.7797913840371052,0.7939188925418659
Gilbert,15,,0.25,10,1,124.77097113803029,41.73343541007489,1688,556,0.919291170599051,0.9953384913344544
Gilbert,15,,0.25,10,2,183.73273541009985,134.34797999006696,1970,1520,0.7846224706758775,0.8099201144586756
Gilbert,15,,0.25,10,3,172.55116404802538,189.19315495993942,1798,1888,0.7159861993484683,0.6652656377209994
Gilbert,15,,0.25,10,4,211.65089088701643,173.74959057499655,2062,1812,0.7719839761106534,0.633850722731272
Gilbert,15,,0.25,10,5,131.5171590470709,96.84114313218743,1580,1302,0.8659086061336676,0.8542172284228654
Gilbert,15,,0.25,10,6,329.7740643010475,250.42965364293195,2694,2082,0.7709261019383323,0.5278721987521301
Gilbert,15,,0.25,10,7,231.1864475540351,195.40234257210977,2066,1848,0.7545120523153751,0.8866074974504146
Gilbert,15,,0.25,10,8,172.90409800200723,122.791908927029,1698,1324,0.8485673446430465,0.8482203064193098
Gilbert,15,,0.25,10,9,212.93317439802922,237.69195706094615,1896,2104,0.7488287777824559,0.8200715207665991
Gilbert,15,,0.25,10,10,223.25600228994153,250.38345208601095,1824,2126,0.7535521718844307,0.8107108591580309
Gilbert,15,,0.25,10,11,189.53399201505817,211.5093570780009,1704,1820,0.8334590167803967,0.8416353338175838
Gilbert,15,,0.25,10,12,191.5370786790736,195.2006718730554,1954,2088,0.733098303873869,0.7031965159035979
Gilbert,15,,0.25,10,13,293.3790788219776,340.41839358303696,2444,2778,0.6166003927235904,0.7189780327996127
Gilbert,15,,0.25,10,14,206.46945278020576,260.15630035707727,1870,2250,0.7573002787474327,0.7099143302523006
Gilbert,15,,0.25,10,15,145.2319794180803,195.773267718032,1334,1592,0.7096160189092774,0.7846815731320133
Gilbert,15,,0.25,10,16,222.84347065910697,265.7069769760128,1742,1976,0.7535832895899185,0.6707596317179872
Gilbert,15,,0.25,10,17,248.069200667087,189.66857222211547,2118,1608,0.8236468272143861,0.9069352986425532
Gilbert,15,,0.25,10,18,245.4402152269613,279.13882551086135,1978,2152,0.8688094881779025,0.906746471731404
Gilbert,15,,0.25,10,19,365.1059534449596,269.1202610488981,2604,2044,0.6131566664135893,0.5152299199817453
DRegular,5,2,,1,0,0.7351552471518517,0.2355311056599021,20,20,0.7712509435331887,0.7712509435331885
DRegular,5,2,,1,1,0.2344146529212594,0.23769360966980457,20,20,0.7712509435331886,0.7712509435331887
DRegular,5,2,,1,2,0.2340338258072734,0.2351211979985237,20,20,0.7712509435331886,0.7712509435331883
DRegular,5,2,,1,3,0.2352226683869958,0.23638855665922165,20,20,0.7712509435331886,0.7712509435331883
DRegular,5,2,,1,4,0.23445858247578144,0.23461906984448433,20,20,0.7712509435331887,0.7712509435331885
DRegular,5,2,,1,5,0.2338641183450818,0.2370861154049635,20,20,0.7712509435331887,0.7712509435331883
DRegular,5,2,,1,6,0.23397005163133144,0.23373884614557028,20,20,0.7712509435331886,0.7712509435331887
DRegular,5,2,,1,7,0.23527859058231115,0.23505014833062887,20,20,0.7712509435331886,0.7712509435331887
DRegular,5,2,,1,8,0.234545536339283,0.23563806992024183,20,20,0.7712509435331886,0.7712509435331887
DRegular,5,2,,1,9,0.2339696129783988,0.23434885498136282,20,20,0.7712509435331887,0.7712509435331885
DRegular,5,2,,1,10,0.23566976469010115,0.23543487302958965,20,20,0.7712509435331887,0.7712509435331883
DRegular,5,2,,1,11,0.23510196898132563,0.23685664124786854,20,20,0.7712509435331886,0.7712509435331883
DRegular,5,2,,1,12,0.23400734551250935,0.23341437987983227,20,20,0.7712509435331887,0.7712509435331883
DRegular,5,2,,1,13,0.2319407882168889,0.23720823973417282,20,20,0.7712509435331881,0.7712509435331883
DRegular,5,2,,1,14,0.23500084318220615,0.23142393771559,20,20,0.7712509435331881,0.7712509435331886
DRegular,5,2,,1,15,0.23742993641644716,0.2362110037356615,20,20,0.7712509435331886,0.7712509435331887
DRegular,5,2,,1,16,0.23722894303500652,0.2365105366334319,20,20,0.7712509435331881,0.7712509435331883
DRegular,5,2,,1,17,0.2321932427585125,0.23608990758657455,20,20,0.7712509435331881,0.7712509435331886
DRegular,5,2,,1,18,0.23813309520483017,0.23495939932763577,20,20,0.7712509435331886,0.7712509435331887
DRegular,5,2,,1,19,0.23426674399524927,0.23175410367548466,20,20,0.7712509435331887,0.7712509435331885
DRegular,5,2,,2,0,0.6963049480691552,0.7078096168115735,88,88,0.8105727957762873,0.8105727957762869
DRegular,5,2,,2,1,0.7081387937068939,0.7111934516578913,88,88,0.8105727957762872,0.810572795776286
DRegular,5,2,,2,2,0.7855094941332936,0.790640807710588,88,88,0.810572795776287,0.810572795776286
DRegular,5,2,,2,3,0.7130641806870699,0.7145729949697852,88,88,0.810572795776287,0.810572795776286
DRegular,5,2,,2,4,0.8010364631190896,0.70635143853724,88,88,0.8105727957762873,0.8105727957762869
DRegular,5,2,,2,5,0.7173690153285861,0.7170633850619197,88,88,0.8105727957762866,0.8105727957762864
DRegular,5,2,,2,6,0.7199292052537203,0.8147244527935982,88,88,0.8105727957762864,0.8105727957762865
DRegular,5,2,,2,7,0.7144779562950134,0.7103827083483338,88,88,0.8105727957762864,0.8105727957762865
DRegular,5,2,,2,8,0.7145516807213426,0.7089573154225945,88,88,0.8105727957762864,0.8105727957762865
DRegular,5,2,,2,9,0.7084623863920569,0.7031170455738902,88,88,0.8105727957762873,0.8105727957762869
DRegular,5,2,,2,10,0.7146672932431102,0.7100841794162989,88,88,0.8105727957762866,0.8105727957762864
DRegular,5,2,,2,11,0.7158784056082368,0.8312347354367375,88,88,0.810572795776287,0.810572795776286
DRegular,5,2,,2,12,0.7102444432675838,0.7054912345483899,88,88,0.8105727957762869,0.8105727957762866
DRegular,5,2,,2,13,0.8390763076022267,0.7051728637889028,88,88,0.8105727957762867,0.8105727957762869
DRegular,5,2,,2,14,0.8439389150589705,0.845902418717742,88,88,0.8105727957762869,0.810572795776287
DRegular,5,2,,2,15,0.8491626670584083,0.7058118274435401,88,88,0.8105727957762872,0.810572795776286
DRegular,5,2,,2,16,0.7079097926616669,0.8593413792550564,88,88,0.8105727957762867,0.8105727957762869
DRegular,5,2,,2,17,0.8578226827085018,0.8613902227953076,88,88,0.8105727957762869,0.810572795776287
DRegular,5,2,,2,18,0.7090725749731064,0.7048190087080002,88,88,0.8105727957762872,0.810572795776286
DRegular,5,2,,2,19,0.7029980728402734,0.8727640891447663,88,88,0.8105727957762865,0.8105727957762865
DRegular,5,2,,3,0,1.6611808920279145,1.6451003924012184,178,178,0.9658732966804406,0.9658732966804177
DRegular,5,2,,3,1,1.728354130871594,1.7153671272099018,178,178,0.9658732966804072,0.9658732966804051
DRegular,5,2,,3,2,1.679844819009304,1.6740932147949934,178,178,0.9658732966804306,0.9658732966804067
DRegular,5,2,,3,3,1.6694832425564528,1.7588767893612385,178,178,0.9658732966804306,0.9658732966804067
DRegular,5,2,,3,4,1.6891383277252316,1.667859056033194,178,178,0.9658732966804406,0.9658732966804177
DRegular,5,2,,3,5,1.7711034221574664,1.696538556367159,178,178,0.9658732966804308,0.9658732966804523
DRegular,5,2,,3,6,1.7599917007610202,1.690106714144349,178,178,0.9658732966804461,0.9658732966804509
DRegular,5,2,,3,7,1.6847699182108045,1.7868990721181035,178,178,0.9658732966804461,0.9658732966804509
DRegular,5,2,,3,8,1.6897982014343143,1.6892464393749833,178,178,0.9658732966804461,0.9658732966804509
DRegular,5,2,,3,9,1.7020896384492517,1.5698055876418948,178,178,0.9658732966804406,0.9658732966804177
DRegular,5,2,,3,10,1.6988234352320433,1.6903061708435416,178,178,0.9658732966804308,0.9658732966804523
DRegular,5,2,,3,11,1.7015529414638877,1.5715558482334018,178,178,0.9658732966804306,0.9658732966804067
DRegular,5,2,,3,12,1.7031964026391506,1.702794318087399,178,178,0.9658732966804195,0.9658732966804098
DRegular,5,2,,3,13,1.5892414273694158,1.722880395129323,178,178,0.9658732966804221,0.965873296680422
DRegular,5,2,,3,14,1.589032594114542,1.7198956497013569,178,178,0.9658732966804107,0.9658732966804374
DRegular,5,2,,3,15,1.7354462407529354,1.720078500919044,178,178,0.9658732966804072,0.9658732966804051
DRegular,5,2,,3,16,1.7270256765186787,1.573664303869009,178,178,0.9658732966804221,0.965873296680422
DRegular,5,2,,3,17,1.747283697128296,1.5765350554138422,178,178,0.9658732966804107,0.9658732966804374
DRegular,5,2,,3,18,1.741063391789794,1.734305264428258,178,178,0.9658732966804072,0.9658732966804051
DRegular,5,2,,3,19,1.5717578558251262,1.5835682908073068,178,178,0.9658732966804249,0.9658732966804149
DRegular,5,2,,4,0,2.5430324031040072,2.6591053046286106,248,248,0.9907588999710685,0.9907588999710611
DRegular,5,2,,4,1,2.6355910366401076,2.636354344896972,248,248,0.9907588999710577,0.9907588999710573
DRegular,5,2,,4,2,2.667946037836373,2.66031251847744,248,248,0.990758899971067,0.9907588999710577
DRegular,5,2,,4,3,2.6652325643226504,2.6154773039743304,248,248,0.990758899971067,0.9907588999710577
DRegular,5,2,,4,4,2.6882649045437574,2.6975837079808116,248,248,0.9907588999710685,0.9907588999710611
DRegular,5,2,,4,5,2.6310156220570207,2.7461347822099924,248,248,0.9907588999710654,0.9907588999710728
DRegular,5,2,,4,6,2.64880177564919,2.623156533576548,248,248,0.990758899971071,0.9907588999710726
DRegular,5,2,,4,7,2.7494372418150306,2.656232235021889,248,248,0.990758899971071,0.9907588999710726
DRegular,5,2,,4,8,2.6599836871027946,2.7458844389766455,248,248,0.990758899971071,0.9907588999710726
DRegular,5,2,,4,9,2.6693705478683114,2.745975526049733,248,248,0.9907588999710685,0.9907588999710611
DRegular,5,2,,4,10,2.6790702855214477,2.6668245708569884,248,248,0.9907588999710654,0.9907588999710728
DRegular,5,2,,4,11,2.662830335088074,2.674816934391856,248,248,0.990758899971067,0.9907588999710577
DRegular,5,2,,4,12,2.7008212376385927,2.6965090623125434,248,248,0.9907588999710619,0.9907588999710577
DRegular,5,2,,4,13,2.706965586170554,2.715722283348441,248,248,0.9907588999710631,0.9907588999710619
DRegular,5,2,,4,14,2.71961129270494,2.5758512374013662,248,248,0.9907588999710617,0.990758899971068
DRegular,5,2,,4,15,2.5859535420313478,2.7369879130274057,248,248,0.9907588999710577,0.9907588999710573
DRegular,5,2,,4,16,2.7419647155329585,2.7237352710217237,248,248,0.9907588999710631,0.9907588999710619
DRegular,5,2,,4,17,2.7558601573109627,2.7436422565951943,248,248,0.9907588999710617,0.990758899971068
DRegular,5,2,,4,18,2.766638271510601,2.774649079889059,248,248,0.9907588999710577,0.9907588999710573
DRegular,5,2,,4,19,2.7572893667966127,2.767551618628204,248,248,0.9907588999710643,0.9907588999710616
DRegular,5,2,,5,0,6.988980294205248,7.171125935390592,534,530,0.9977862412422365,0.9977862413566359
DRegular,5,2,,5,1,7.231896011158824,7.153155078180134,534,524,0.997786240753417,0.9977862403647866
DRegular,5,2,,5,2,7.246381833218038,7.288416901603341,526,530,0.997786239914525,0.9977862411007167
DRegular,5,2,,5,3,7.322638353332877,7.431692900136113,526,530,0.997786239914525,0.9977862411007167
DRegular,5,2,,5,4,7.470814960077405,7.383898017928004,534,530,0.9977862412422365,0.9977862413566359
DRegular,5,2,,5,5,7.69584294129163,7.847915336489677,542,548,0.997786241241431,0.9977862410179263
DRegular,5,2,,5,6,7.689197232015431,7.743130850605667,536,540,0.9977862412850187,0.9977862411155627
DRegular,5,2,,5,7,7.6397214056923985,7.660418312996626,536,540,0.9977862412850187,0.9977862411155627
DRegular,5,2,,5,8,7.705188665539026,7.6439197631552815,536,540,0.9977862412850187,0.9977862411155627
DRegular,5,2,,5,9,7.542811136692762,7.485204182565212,534,530,0.9977862412422365,0.9977862413566359
DRegular,5,2,,5,10,7.765243201516569,7.86095374263823,542,548,0.997786241241431,0.9977862410179263
DRegular,5,2,,5,11,7.5948586240410805,7.639149386435747,526,530,0.997786239914525,0.9977862411007167
DRegular,5,2,,5,12,7.435960785485804,7.439600017853081,524,524,0.9977862401679692,0.9977862413742827
DRegular,5,2,,5,13,7.710936254821718,7.8371542589738965,532,540,0.9977862402206494,0.9977862413549231
DRegular,5,2,,5,14,7.668246424756944,7.704524785280228,528,534,0.9977862412357397,0.9977862405701493
DRegular,5,2,,5,15,7.778447054326534,7.50653060618788,534,524,0.997786240753417,0.9977862403647866
DRegular,5,2,,5,16,7.643801485188305,7.7613225020468235,532,540,0.9977862402206494,0.9977862413549231
DRegular,5,2,,5,17,7.675406428985298,7.74014266114682,528,534,0.9977862412357397,0.9977862405701493
DRegular,5,2,,5,18,7.790133289061487,7.442446881905198,534,524,0.997786240753417,0.9977862403647866
DRegular,5,2,,5,19,7.78626221511513,7.694037447683513,530,524,0.9977862398518438,0.9977862404756614
DRegular,5,2,,6,0,14.20155593007803,13.36198065429926,916,854,0.9994354648104231,0.9997532977661959
DRegular,5,2,,6,1,12.82020216062665,13.699147675186396,814,856,0.9994354625555243,0.9994354652950016
DRegular,5,2,,6,2,12.280978569760919,14.559053977951407,782,902,0.999753296252014,0.9994354643535304
DRegular,5,2,,6,3,12.296714330092072,14.76517857145518,782,902,0.999753296252014,0.9994354643535304
DRegular,5,2,,6,4,14.913875591009855,13.86625250428915,916,854,0.9994354648104231,0.9997532977661959
DRegular,5,2,,6,5,15.149554912932217,15.82621706277132,914,936,0.9994354423531513,0.9997532938367829
DRegular,5,2,,6,6,13.2429612679407,11.910807054489851,812,748,0.9997532999116354,0.9993465897616067
DRegular,5,2,,6,7,13.250913890078664,12.04232751019299,812,748,0.9997532999116354,0.9993465897616067
DRegular,5,2,,6,8,13.437922777608037,12.092226607725024,812,748,0.9997532999116354,0.9993465897616067
DRegular,5,2,,6,9,15.609858836978674,14.109751511365175,916,854,0.9994354648104231,0.9997532977661959
DRegular,5,2,,6,10,15.555025132372975,16.048980844207108,914,936,0.9994354423531513,0.9997532938367829
DRegular,5,2,,6,11,12.662743809632957,14.924581558443606,782,902,0.999753296252014,0.9994354643535304
DRegular,5,2,,6,12,14.031264550983906,12.80315989907831,830,778,0.9994354642301994,0.9997532994872822
DRegular,5,2,,6,13,14.684976479038596,15.047008189372718,858,878,0.9994354647740857,0.999753299440273
DRegular,5,2,,6,14,17.137777847237885,14.563000881113112,974,868,0.9994353404939769,0.9994354649901966
DRegular,5,2,,6,15,13.835978822782636,14.478548008948565,814,856,0.9994354625555243,0.9994354652950016
DRegular,5,2,,6,16,14.734134216792881,15.05539726652205,858,878,0.9994354647740857,0.999753299440273
DRegular,5,2,,6,17,17.45240392908454,15.1292241550982,974,868,0.9994353404939769,0.9994354649901966
DRegular,5,2,,6,18,13.550760479643941,14.580047715455294,814,856,0.9994354625555243,0.9994354652950016
DRegular,5,2,,6,19,15.59375996235758,12.79539166111499,910,764,0.9997532926289174,0.9997532998901554
DRegular,5,2,,7,0,23.48086332436651,25.33369031921029,1356,1398,0.9999999221435897,0.9999342515794725
DRegular,5,2,,7,1,22.13476484734565,24.74800730869174,1214,1360,0.9999906905850355,0.9997801939560959
DRegular,5,2,,7,2,23.567183452658355,25.54703369922936,1266,1392,0.9999327520485315,0.999883241601571
DRegular,5,2,,7,3,23.357160495594144,25.66743242368102,1266,1392,0.9999327520485315,0.999883241601571
DRegular,5,2,,7,4,25.088195538148284,26.493968054652214,1356,1398,0.9999999221435897,0.9999342515794725
DRegular,5,2,,7,5,25.933686263859272,28.953496024943888,1352,1490,0.9998832368896171,0.9999342545878057
DRegular,5,2,,7,6,28.17767427675426,26.148801633156836,1432,1330,0.9999342590726239,0.9999852613411597
DRegular,5,2,,7,7,28.381762019358575,25.692267140373588,1432,1330,0.9999342590726239,0.9999852613411597
DRegular,5,2,,7,8,28.0239771977067,25.726368421688676,1432,1330,0.9999342590726239,0.9999852613411597
DRegular,5,2,,7,9,25.83552427124232,26.86008787341416,1356,1398,0.9999999221435897,0.9999342515794725
DRegular,5,2,,7,10,26.051745500415564,29.30269965901971,1352,1490,0.9998832368896171,0.9999342545878057
DRegular,5,2,,7,11,24.551179617643356,27.38460031989962,1266,1392,0.9999327520485315,0.999883241601571
DRegular,5,2,,7,12,22.331928544677794,25.338841245509684,1172,1298,0.9999906386303854,0.9999342123674666
DRegular,5,2,,7,13,24.84963171556592,28.879416572861373,1258,1430,0.9999999684245265,0.9995087937943575
DRegular,5,2,,7,14,24.449877751991153,26.56630772911012,1276,1334,0.9996319536948015,0.999780108783795
DRegular,5,2,,7,15,23.977833376266062,27.389071735553443,1214,1360,0.9999906905850355,0.9997801939560959
DRegular,5,2,,7,16,24.154664338566363,28.14137257449329,1258,1430,0.9999999684245265,0.9995087937943575
DRegular,5,2,,7,17,25.064679498784244,26.50790262874216,1276,1334,0.9996319536948015,0.999780108783795
DRegular,5,2,,7,18,23.807046569883823,26.866300396621227,1214,1360,0.9999906905850355,0.9997801939560959
DRegular,5,2,,7,19,27.467615079134703,22.778962060809135,1396,1162,0.9999339239229296,0.9999320603861026
DRegular,5,2,,8,0,33.9020081711933,36.475978440605104,1752,1840,0.99999916221756,0.9999999810803638
DRegular,5,2,,8,1,31.96832934115082,35.02277918718755,1622,1752,0.9999997915629794,0.9999997901494162
DRegular,5,2,,8,2,27.487871063873172,34.279150852933526,1432,1730,0.9999999992299162,0.9999983940817295
DRegular,5,2,,8,3,28.155474429950118,34.64882361609489,1432,1730,0.9999999992299162,0.9999983940817295
DRegular,5,2,,8,4,35.72775951959193,38.36682546325028,1752,1840,0.99999916221756,0.9999999810803638
DRegular,5,2,,8,5,35.914081152528524,41.44409591332078,1726,1974,0.9999993864223152,0.9999999776064515
DRegular,5,2,,8,6,39.39566211774945,31.52454625815153,1864,1536,0.9999999773936559,0.9999999976770982
DRegular,5,2,,8,7,40.04233876429498,31.296696017496288,1864,1536,0.9999999773936559,0.9999999976770982
DRegular,5,2,,8,8,40.12971157301217,31.356915679760277,1864,1536,0.9999999773936559,0.9999999976770982
DRegular,5,2,,8,9,36.95127023756504,39.405965252779424,1752,1840,0.99999916221756,0.9999999810803638
DRegular,5,2,,8,10,36.38535015657544,42.85971497744322,1726,1974,0.9999993864223152,0.9999999776064515
DRegular,5,2,,8,11,29.181757879443467,36.63893246371299,1432,1730,0.9999999992299162,0.9999983940817295
DRegular,5,2,,8,12,29.135811924934387,38.01584984641522,1430,1754,0.9999996120198293,0.999999995035034
DRegular,5,2,,8,13,35.39924727007747,36.94100995268673,1654,1734,0.9999994943959164,0.9999999940869164
DRegular,5,2,,8,14,37.94858914986253,35.69104430358857,1756,1666,0.9999999943694968,0.9999998981208225
DRegular,5,2,,8,15,34.71158751565963,38.60303335823119,1622,1752,0.9999997915629794,0.9999997901494162
DRegular,5,2,,8,16,35.95916913822293,37.169741686433554,1654,1734,0.9999994943959164,0.9999999940869164
DRegular,5,2,,8,17,38.5644243452698,36.03695003222674,1756,1666,0.9999999943694968,0.9999998981208225
DRegular,5,2,,8,18,35.372666945680976,38.15088075213134,1622,1752,0.9999997915629794,0.9999997901494162
DRegular,5,2,,8,19,39.77979093324393,30.487711869180202,1824,1446,0.9999999615948343,0.9999999944999935
DRegular,5,2,,9,0,39.15795420855284,39.718471673317254,1944,1956,0.9999983219577977,0.9999999996864076
DRegular,5,2,,9,1,51.463982311077416,46.06426418945193,2304,2164,0.9999989311785318,0.9999999966570364
DRegular,5,2,,9,2,35.138761513866484,46.786667896434665,1702,2162,0.9999999839222597,0.9999995666105093
DRegular,5,2,,9,3,35.577338428236544,47.232761829160154,1702,2162,0.9999999839222597,0.9999995666105093
DRegular,5,2,,9,4,41.346511541865766,41.52702527586371,1944,1956,0.9999983219577977,0.9999999996864076
DRegular,5,2,,9,5,44.69362751580775,45.711107530631125,2018,2112,0.999999986514643,0.9999999991315456
DRegular,5,2,,9,6,44.776174190454185,41.21677951980382,2034,1858,0.9999999999129201,0.9999999899362495
DRegular,5,2,,9,7,44.39277741778642,40.74033862259239,2034,1858,0.9999999999129201,0.9999999899362495
DRegular,5,2,,9,8,44.903225489892066,41.58796915784478,2034,1858,0.9999999999129201,0.9999999899362495
DRegular,5,2,,9,9,42.87557289004326,43.016911117359996,1944,1956,0.9999983219577977,0.9999999996864076
DRegular,5,2,,9,10,45.77259421721101,46.547802267596126,2018,2112,0.999999986514643,0.9999999991315456
DRegular,5,2,,9,11,36.810554086230695,49.18127328809351,1702,2162,0.9999999839222597,0.9999995666105093
DRegular,5,2,,9,12,36.76575437746942,49.802214982919395,1682,2108,0.9999999764262406,0.9999999826782432
DRegular,5,2,,9,13,49.89126811735332,47.30340062174946,2086,2036,0.9999999809111277,0.9999999746632544
DRegular,5,2,,9,14,51.482817648909986,48.824508557096124,2180,2082,0.9999999981954619,0.9999999938120511
DRegular,5,2,,9,15,58.21922452375293,51.188181925565004,2304,2164,0.9999989311785318,0.9999999966570364
DRegular,5,2,,9,16,49.04722705949098,46.830200540833175,2086,2036,0.9999999809111277,0.9999999746632544
DRegular,5,2,,9,17,50.838468327187,49.47989122569561,2180,2082,0.9999999981954619,0.9999999938120511
DRegular,5,2,,9,18,58.072983167134225,50.05192446615547,2304,2164,0.9999989311785318,0.9999999966570364
DRegular,5,2,,9,19,47.840436774306,43.18128901254386,2062,1846,0.999999997307274,0.9999999959581689
DRegular,5,2,,10,0,45.19380965735763,48.11031830124557,2134,2216,0.9999999946013586,0.9999999988556189
DRegular,5,2,,10,1,60.46960906405002,56.0336443958804,2604,2470,0.9999999926040747,0.9999995992103088
DRegular,5,2,,10,2,39.7104479521513,53.608819709159434,1840,2382,0.9999999984688228,0.999999963752649
DRegular,5,2,,10,3,40.06448650080711,53.96137457154691,1840,2382,0.9999999984688228,0.999999963752649
DRegular,5,2,,10,4,48.255949502810836,50.16623574309051,2134,2216,0.9999999946013586,0.9999999988556189
DRegular,5,2,,10,5,52.2691216384992,52.367045829072595,2236,2320,0.9999987588689894,0.9999999990127595
DRegular,5,2,,10,6,54.65272427350283,51.78303457517177,2328,2172,0.9999999899391318,0.9999999912538454
DRegular,5,2,,10,7,55.309601127170026,51.35608690511435,2328,2172,0.9999999899391318,0.9999999912538454
DRegular,5,2,,10,8,54.22815320920199,51.46102610696107,2328,2172,0.9999999899391318,0.9999999912538454
DRegular,5,2,,10,9,49.36147443205118,51.458102867007256,2134,2216,0.9999999946013586,0.9999999988556189
DRegular,5,2,,10,10,53.13405443355441,54.32927366346121,2236,2320,0.9999987588689894,0.9999999990127595
DRegular,5,2,,10,11,41.765623888000846,57.38020444102585,1840,2382,0.9999999984688228,0.999999963752649
DRegular,5,2,,10,12,44.775360180065036,54.96136384643614,1902,2286,0.9999999065954625,0.9999999986263541
DRegular,5,2,,10,13,65.86290971748531,52.42535686958581,2546,2198,0.999999910665029,0.9999999968350903
DRegular,5,2,,10,14,59.507408840581775,61.28332618251443,2406,2428,0.9999999996693735,0.9999999810192012
DRegular,5,2,,10,15,67.47703679278493,61.28952849190682,2604,2470,0.9999999926040747,0.9999995992103088
DRegular,5,2,,10,16,65.29916477855295,52.57167865987867,2546,2198,0.999999910665029,0.9999999968350903
DRegular,5,2,,10,17,62.84628105908632,62.11302270460874,2406,2428,0.9999999996693735,0.9999999810192012
DRegular,5,2,,10,18,68.88722489960492,62.041961149312556,2604,2470,0.9999999926040747,0.9999995992103088
DRegular,5,2,,10,19,53.59147085621953,46.053651612252,2228,1942,0.9999999992545814,0.9999999995073396
DRegular,6,2,,1,0,0.4352954812347889,0.24000622797757387,22,22,0.7806188858051828,0.7806188858051823
DRegular,6,2,,1,1,0.29662701953202486,0.2485457845032215,20,20,0.6170007548265509,0.6534659776008461
DRegular,6,2,,1,2,0.2634506141766906,0.24658135510981083,22,22,0.7806188858051826,0.7806188858051822
DRegular,6,2,,1,3,0.2478169584646821,0.2575483648106456,22,22,0.7806188858051827,0.7806188858051825
DRegular,6,2,,1,4,0.23953785561025143,0.22952362056821585,20,20,0.6170007548265509,0.6534659776008461
DRegular,6,2,,1,5,0.25704481825232506,0.2503610523417592,20,20,0.6170007548265506,0.6534659776008459
DRegular,6,2,,1,6,0.2535539697855711,0.23431438487023115,20,20,0.6170007548265507,0.6534659776008457
DRegular,6,2,,1,7,0.2691652122884989,0.24192381650209427,22,22,0.7806188858051827,0.7806188858051823
DRegular,6,2,,1,8,0.2325788578018546,0.24916021339595318,20,20,0.6170007548265509,0.653465977600846
DRegular,6,2,,1,9,0.2521992176771164,0.251656879670918,20,20,0.6170007548265507,0.6534659776008457
DRegular,6,2,,1,10,0.2340459944680333,0.2353576486930251,20,20,0.6170007548265506,0.6534659776008459
DRegular,6,2,,1,11,0.26806255988776684,0.24575790390372276,22,22,0.7806188858051827,0.7806188858051823
DRegular,6,2,,1,12,0.23491313494741917,0.23514930717647076,20,20,0.6170007548265507,0.6534659776008458
DRegular,6,2,,1,13,0.25565167609602213,0.25186066795140505,20,20,0.6170007548265508,0.6534659776008458
DRegular,6,2,,1,14,0.26907507982105017,0.350719447247684,22,22,0.7806188858051826,0.7806188858051823
DRegular,6,2,,1,15,0.23525832034647465,0.23561370186507702,20,20,0.6170007548265507,0.6534659776008459
DRegular,6,2,,1,16,0.2533109011128545,0.25183230359107256,20,20,0.6170007548265509,0.6534659776008461
DRegular,6,2,,1,17,0.25703460816293955,0.2518329154700041,20,20,0.6170007548265507,0.6534659776008458
DRegular,6,2,,1,18,0.25640557892620564,0.25082318391650915,20,20,0.6170007548265506,0.6534659776008459
DRegular,6,2,,1,19,0.25495813973248005,0.25550731271505356,20,20,0.6170007548265507,0.6534659776008458
DRegular,6,2,,2,0,0.49688238371163607,0.5552558749914169,52,52,0.9023379891609249,0.902337989160925
DRegular,6,2,,2,1,0.6539301266893744,0.4854408549144864,70,50,0.7021778912678845,0.8147711857542369
DRegular,6,2,,2,2,0.5557185644283891,0.568605656735599,52,52,0.902337989160925,0.9023379891609248
DRegular,6,2,,2,3,0.5020029842853546,0.49434313271194696,52,52,0.9023379891609248,0.9023379891609247
DRegular,6,2,,2,4,0.7343873176723719,0.5501160947605968,70,50,0.702177891267885,0.8147711857542372
DRegular,6,2,,2,5,0.6650686003267765,0.4840940237045288,70,50,0.7021778912678847,0.8147711857542376
DRegular,6,2,,2,6,0.6736231716349721,0.4946257807314396,70,50,0.7021778912678847,0.8147711857542377
DRegular,6,2,,2,7,0.5094838747754693,0.49408696964383125,52,52,0.9023379891609248,0.9023379891609251
DRegular,6,2,,2,8,0.6513413283973932,0.4850972378626466,70,50,0.7021778912678851,0.814771185754238
DRegular,6,2,,2,9,0.7386662466451526,0.4990798272192478,70,50,0.7021778912678847,0.8147711857542368
DRegular,6,2,,2,10,0.7571748606860638,0.5873197447508574,70,50,0.7021778912678848,0.8147711857542372
DRegular,6,2,,2,11,0.5088527211919427,0.5110765909776092,52,52,0.9023379891609248,0.9023379891609251
DRegular,6,2,,2,12,0.6755802724510431,0.6004316182807088,70,50,0.7021778912678848,0.8147711857542371
DRegular,6,2,,2,13,0.6661248560994864,0.5026955921202898,70,50,0.702177891267885,0.8147711857542376
DRegular,6,2,,2,14,0.6150470711290836,0.5102831237018108,52,52,0.9023379891609249,0.9023379891609248
DRegular,6,2,,2,15,0.7848179740831256,0.49711539037525654,70,50,0.7021778912678851,0.8147711857542371
DRegular,6,2,,2,16,0.7864305265247822,0.6046094680204988,70,50,0.702177891267885,0.8147711857542372
DRegular,6,2,,2,17,0.7835393417626619,0.4980707364156842,70,50,0.7021778912678847,0.8147711857542376
DRegular,6,2,,2,18,0.6756951101124287,0.4962949864566326,70,50,0.7021778912678845,0.8147711857542368
DRegular,6,2,,2,19,0.788482241332531,0.49598014913499355,70,50,0.7021778912678847,0.8147711857542372
DRegular,6,2,,3,0,1.8804019317030907,1.8652659095823765,164,164,0.9999999999904575,0.9999999999904556
DRegular,6,2,,3,1,1.2915048282593489,1.4424277823418379,116,124,0.810346280559702,0.9866731723417251
DRegular,6,2,,3,2,1.9511047210544348,1.894269366748631,164,164,0.9999999999904556,0.9999999999904549
DRegular,6,2,,3,3,1.8993470408022404,1.932583942078054,164,164,0.999999999990455,0.9999999999904569
DRegular,6,2,,3,4,1.2462712284177542,1.3948118221014738,116,124,0.8103462805597027,0.9866731723417238
DRegular,6,2,,3,5,1.3394446149468422,1.465038743801415,116,124,0.8103462805597026,0.9866731723417246
DRegular,6,2,,3,6,1.270001039840281,1.481657600030303,116,124,0.8103462805597018,0.9866731723417247
DRegular,6,2,,3,7,1.9403006248176098,2.0039341021329165,164,164,0.9999999999904551,0.9999999999904551
DRegular,6,2,,3,8,1.2559856697916985,1.406943124718964,116,124,0.8103462805597027,0.9866731723417249
DRegular,6,2,,3,9,1.2737991567701101,1.4427440371364355,116,124,0.8103462805597018,0.9866731723417242
DRegular,6,2,,3,10,1.2194082932546735,1.4566313978284597,116,124,0.8103462805597029,0.9866731723417234
DRegular,6,2,,3,11,2.016344165429473,1.9940666072070599,164,164,0.9999999999904551,0.9999999999904551
DRegular,6,2,,3,12,1.3119913283735514,1.4640585575252771,116,124,0.8103462805597023,0.9866731723417246
DRegular,6,2,,3,13,1.3154896283522248,1.4536303263157606,116,124,0.8103462805597031,0.9866731723417246
DRegular,6,2,,3,14,2.04219698254019,1.928174652159214,164,164,0.9999999999904552,0.9999999999904566
DRegular,6,2,,3,15,1.321823031641543,1.480916847474873,116,124,0.8103462805597023,0.986673172341724
DRegular,6,2,,3,16,1.3250216264277697,1.479357810690999,116,124,0.8103462805597027,0.9866731723417238
DRegular,6,2,,3,17,1.3283024402335286,1.4884377513080835,116,124,0.8103462805597031,0.9866731723417234
DRegular,6,2,,3,18,1.3285546163097024,1.470097447745502,116,124,0.8103462805597027,0.9866731723417242
DRegular,6,2,,3,19,1.3390102917328477,1.5005294485017657,116,124,0.810346280559702,0.9866731723417247
DRegular,6,2,,4,0,2.487894061021507,2.5035920245572925,202,202,0.9999999998435739,0.9999999998435734
DRegular,6,2,,4,1,1.8128233402967453,2.1479290733113885,152,172,0.9755806067160173,0.973266763599684
DRegular,6,2,,4,2,2.480504765175283,2.533850258216262,202,202,0.9999999998435725,0.9999999998435745
DRegular,6,2,,4,3,2.5744743198156357,2.5052141696214676,202,202,0.9999999998435729,0.9999999998435735
DRegular,6,2,,4,4,1.8218752732500434,2.2023050347343087,152,172,0.975580606716019,0.9732667635996831
DRegular,6,2,,4,5,1.8517248863354325,2.269562308676541,152,172,0.9755806067160187,0.9732667635996846
DRegular,6,2,,4,6,1.9165306510403752,2.250477726571262,152,172,0.9755806067160182,0.9732667635996838
DRegular,6,2,,4,7,2.60430374648422,2.5459775403141975,202,202,0.9999999998435734,0.9999999998435738
DRegular,6,2,,4,8,1.940437308512628,2.2666293419897556,152,172,0.9755806067160173,0.9732667635996846
DRegular,6,2,,4,9,2.0160035947337747,2.230463957414031,152,172,0.9755806067160187,0.9732667635996823
DRegular,6,2,,4,10,1.9277464812621474,2.2445750944316387,152,172,0.9755806067160209,0.9732667635996846
DRegular,6,2,,4,11,2.6771773425862193,2.643145357258618,202,202,0.9999999998435734,0.9999999998435738
DRegular,6,2,,4,12,1.9428943879902363,2.3381881853565574,152,172,0.9755806067160187,0.9732667635996831
DRegular,6,2,,4,13,1.9603659994900227,2.3644869225099683,152,172,0.9755806067160183,0.9732667635996842
DRegular,6,2,,4,14,2.6355970967561007,2.694342358969152,202,202,0.9999999998435728,0.9999999998435734
DRegular,6,2,,4,15,1.955976577475667,2.425526742823422,152,172,0.9755806067160169,0.9732667635996841
DRegular,6,2,,4,16,1.980736244469881,2.280197731219232,152,172,0.975580606716019,0.9732667635996831
DRegular,6,2,,4,17,1.9903308199718595,2.323767107911408,152,172,0.9755806067160191,0.9732667635996832
DRegular,6,2,,4,18,1.9807601105421782,2.421583325602114,152,172,0.9755806067160191,0.9732667635996851
DRegular,6,2,,4,19,2.0102765122428536,2.4553779512643814,152,172,0.9755806067160182,0.9732667635996864
DRegular,6,2,,5,0,3.311778581701219,3.3075519809499383,244,244,0.9999999999295415,0.999999999929541
DRegular,6,2,,5,1,2.9792666137218475,6.092476295307279,210,372,0.9949818558336435,0.9999999859068875
DRegular,6,2,,5,2,3.3859814116731286,3.3175262846052647,244,244,0.9999999999295408,0.9999999999295416
DRegular,6,2,,5,3,3.354498155415058,3.316823692061007,244,244,0.9999999999295424,0.9999999999295422
DRegular,6,2,,5,4,3.0477132368832827,6.340967375785112,210,376,0.994981855833645,0.9999999918785335
DRegular,6,2,,5,5,3.0369761288166046,6.340892629697919,210,376,0.9949818558336435,0.9999999898808002
DRegular,6,2,,5,6,3.0466925986111164,6.241295305080712,210,370,0.9949818558336462,0.9999999873318371
DRegular,6,2,,5,7,3.4952229019254446,3.3952406151220202,244,244,0.9999999999295418,0.9999999999295397
DRegular,6,2,,5,8,3.0093376142904162,6.129486449062824,210,366,0.9949818558336454,0.9999999843256443
DRegular,6,2,,5,9,3.1036788783967495,6.393180081620812,210,370,0.9949818558336466,0.9999999871032318
DRegular,6,2,,5,10,3.1868484849110246,6.486871086992323,210,370,0.9949818558336446,0.9999999832388293
DRegular,6,2,,5,11,3.505376122891903,3.512647734954953,244,244,0.9999999999295418,0.9999999999295397
DRegular,6,2,,5,12,3.1487486455589533,6.49852133821696,210,374,0.9949818558336451,0.9999999898163935
DRegular,6,2,,5,13,3.1803046008571982,6.267192049883306,210,362,0.994981855833646,0.9999999783942085
DRegular,6,2,,5,14,3.558896760456264,3.5827653547748923,244,244,0.9999999999295434,0.9999999999295427
DRegular,6,2,,5,15,3.0964186564087868,6.616126149892807,210,374,0.994981855833645,0.9999999923960211
DRegular,6,2,,5,16,3.1164374155923724,6.771653321571648,210,376,0.994981855833645,0.9999999918785335
DRegular,6,2,,5,17,3.1330421194434166,6.628787568770349,210,364,0.9949818558336467,0.9999999790817333
DRegular,6,2,,5,18,3.1579480627551675,6.747456240467727,210,382,0.9949818558336435,0.9999999971836736
DRegular,6,2,,5,19,3.1652081487700343,12.293455083854496,210,366,0.9949818558336462,0.9999999795005784
DRegular,6,2,,6,0,4.199661381542683,4.1916964100673795,284,284,0.9999999999923108,0.9999999999923119
DRegular,6,2,,6,1,5.167701750993729,10.078797120600939,308,546,0.9997336606893082,0.9838872632139637
DRegular,6,2,,6,2,4.257028857246041,4.218670421279967,284,284,0.9999999999923106,0.9999999999923117
DRegular,6,2,,6,3,4.307554494589567,4.251327944919467,284,284,0.9999999999923108,0.9999999999923108
DRegular,6,2,,6,4,5.312470821663737,17.33321270532906,308,858,0.9997336606893062,0.9985394963822435
DRegular,6,2,,6,5,5.325601545162499,10.33831147570163,308,544,0.9997336606893068,0.9838872630603377
DRegular,6,2,,6,6,5.302364599891007,11.428796929307282,308,598,0.9997336606893064,0.9951387405186963
DRegular,6,2,,6,7,4.326281660236418,4.379991557449102,284,284,0.9999999999923112,0.9999999999923109
DRegular,6,2,,6,8,5.3811382772400975,11.842645173892379,308,604,0.9997336606893077,0.9951387339500849
DRegular,6,2,,6,9,5.509379765950143,9.856752946041524,308,512,0.9997336606893067,0.9369705143777343
DRegular,6,2,,6,10,5.431471437215805,11.88850462809205,308,592,0.9997336606893065,0.995138741447236
DRegular,6,2,,6,11,4.555543017573655,4.600306612439454,284,284,0.9999999999923112,0.9999999999923109
DRegular,6,2,,6,12,5.652664416469634,13.996112275868654,308,664,0.9997336606893046,0.9951387390985625
DRegular,6,2,,6,13,5.570154571905732,10.972857153043151,308,550,0.9997336606893062,0.9996165027864996
DRegular,6,2,,6,14,4.556145418435335,4.662258953787386,284,284,0.9999999999923115,0.9999999999923095
DRegular,6,2,,6,15,5.656444028019905,10.568152475170791,308,532,0.9997336606893047,0.9890145628197011
DRegular,6,2,,6,16,5.681738798506558,18.295558641664684,308,858,0.9997336606893062,0.9985394963822435
DRegular,6,2,,6,17,5.615798531100154,13.228469301946461,308,632,0.9997336606893077,0.9951387414385359
DRegular,6,2,,6,18,5.808094088919461,13.094937146641314,308,626,0.9997336606893095,0.9885118689321247
DRegular,6,2,,6,19,5.678155921399593,11.304155317135155,308,556,0.9997336606893096,0.999615586862039
DRegular,6,2,,7,0,5.360643371939659,5.389560641720891,328,328,0.9999999999733145,0.9999999999733141
DRegular,6,2,,7,1,17.94925962947309,23.644415852613747,808,1078,0.9999772191787747,0.9999887664708679
DRegular,6,2,,7,2,5.46413944195956,5.4276883425191045,328,328,0.9999999999733156,0.9999999999733143
DRegular,6,2,,7,3,5.429662368260324,5.410793020389974,328,328,0.9999999999733136,0.9999999999733139
DRegular,6,2,,7,4,18.412217874079943,21.2455138489604,804,1010,0.9999772313759058,0.9999988159932741
DRegular,6,2,,7,5,19.003411666490138,27.769795585423708,812,1226,0.9999772782162948,0.9999916892813867
DRegular,6,2,,7,6,17.43101988080889,22.755300445482135,756,1020,0.9999772603270355,0.9960402026681132
DRegular,6,2,,7,7,5.523421085439622,5.542102875187993,328,328,0.9999999999733152,0.9999999999733137
DRegular,6,2,,7,8,18.383040700107813,22.51114794705063,782,996,0.9999772570134499,0.9960401957590044
DRegular,6,2,,7,9,19.569590002298355,14.84779730066657,836,686,0.9999772656818481,0.9783477837521805
DRegular,6,2,,7,10,19.26827140059322,22.52148535195738,800,974,0.9999772704904331,0.9960401109876694
DRegular,6,2,,7,11,5.821786619722843,5.777218256145716,328,328,0.9999999999733152,0.9999999999733137
DRegular,6,2,,7,12,21.662476344034076,24.298699150793254,864,1016,0.9999772881019653,0.9960402095699751
DRegular,6,2,,7,13,20.176988700404763,18.5076321689412,808,812,0.999977186692175,0.9739175280283074
DRegular,6,2,,7,14,6.097907037474215,5.937953450717032,328,328,0.999999999973315,0.9999999999733145
DRegular,6,2,,7,15,20.709104073233902,23.776050976477563,842,976,0.999977286212705,0.999997590320373
DRegular,6,2,,7,16,20.089622852392495,22.731441732496023,804,1010,0.9999772313759058,0.9999988159932741
DRegular,6,2,,7,17,22.664200455881655,26.50757247209549,874,1044,0.9999772775218626,0.9960402038287005
DRegular,6,2,,7,18,20.029325088486075,27.193005312234163,794,1102,0.9999772820012552,0.9926849935542369
DRegular,6,2,,7,19,19.084692309610546,23.12967855297029,754,952,0.9999771826300842,0.9999995335194379
DRegular,6,2,,8,0,6.7455362547189,6.674873097799718,372,372,0.9999999999995359,0.9999999999995335
DRegular,6,2,,8,1,27.023908597417176,41.22594644315541,1098,1658,0.9999999467784081,0.9999835768685149
DRegular,6,2,,8,2,6.765241186134517,6.827910657040775,372,372,0.9999999999995334,0.9999999999995333
DRegular,6,2,,8,3,6.882088135927916,6.801366034895182,372,372,0.9999999999995326,0.999999999999534
DRegular,6,2,,8,4,27.96049844287336,34.48563689459115,1104,1430,0.9999999868911417,0.9999992109426099
DRegular,6,2,,8,5,29.220949722453952,40.8402519878,1128,1652,0.9999999713932582,0.9995821679835618
DRegular,6,2,,8,6,27.532626411877573,39.62637271732092,1082,1556,0.999999990222821,0.997895158506605
DRegular,6,2,,8,7,7.03444717079401,6.905466592870653,372,372,0.9999999999995346,0.9999999999995323
DRegular,6,2,,8,8,28.780532249249518,44.963005845434964,1102,1692,0.9999997189339985,0.9978951599124021
DRegular,6,2,,8,9,28.830293801613152,20.43854501657188,1090,858,0.999999229794724,0.9968087064185104
DRegular,6,2,,8,10,26.374784169718623,40.114490867592394,1010,1514,0.9999984044582874,0.9978952015018457
DRegular,6,2,,8,11,7.455689145252109,7.288885925896466,372,372,0.9999999999995346,0.9999999999995323
DRegular,6,2,,8,12,34.18120784498751,43.900977841578424,1216,1632,0.9999999751610812,0.9978952019917776
DRegular,6,2,,8,13,30.411379858851433,62.536357870325446,1120,2098,0.9999999715512892,0.9999998242174565
DRegular,6,2,,8,14,7.292939970269799,7.524132912047207,372,372,0.9999999999995343,0.9999999999995314
DRegular,6,2,,8,15,29.259257808327675,30.91869439277798,1086,1196,0.9999992026569805,0.9999792425284438
DRegular,6,2,,8,16,32.13010590709746,37.84408148750663,1104,1430,0.9999999868911417,0.9999992109426099
DRegular,6,2,,8,17,32.85204674862325,46.48793158773333,1182,1656,0.999999717512318,0.9978952077272636
DRegular,6,2,,8,18,30.786910077556968,68.94696075841784,1094,2342,0.9999999827281862,0.9994071655864233
DRegular,6,2,,8,19,31.78535269200802,29.86537808459252,1128,1142,0.9999999311028026,0.9999993085070864
DRegular,6,2,,9,0,7.845623495057225,7.7631098153069615,406,406,0.9999999999830731,0.9999999999830741
DRegular,6,2,,9,1,37.13629693072289,73.0070988368243,1404,2596,0.9999998852018926,0.9999393693762778
DRegular,6,2,,9,2,7.990971712395549,8.058037645183504,406,406,0.9999999999830749,0.9999999999830724
DRegular,6,2,,9,3,7.930315685458481,7.910013876855373,406,406,0.9999999999830732,0.9999999999830742
DRegular,6,2,,9,4,39.27366496808827,37.98080959264189,1444,1540,0.9999999313799292,0.9999981934641501
DRegular,6,2,,9,5,41.968763125129044,46.828489978797734,1506,1812,0.999999696894581,0.9999983975123311
DRegular,6,2,,9,6,35.851293911226094,52.607013021595776,1322,1942,0.9999999837917017,0.99790405886854
DRegular,6,2,,9,7,8.363248630426824,8.175008225254714,406,406,0.9999999999830751,0.9999999999830718
DRegular,6,2,,9,8,37.46001476980746,58.551526044495404,1362,2086,0.9999949963177449,0.9979042515744424
DRegular,6,2,,9,9,35.44492141157389,37.149685613811016,1274,1328,0.9999961271166465,0.9994045375933522
DRegular,6,2,,9,10,35.65568923763931,54.595786734484136,1276,1886,0.9999999893634773,0.9979042277931064
DRegular,6,2,,9,11,8.481243985705078,8.497995634563267,406,406,0.9999999999830751,0.9999999999830718
DRegular,6,2,,9,12,40.49607937783003,57.589961199089885,1410,1986,0.9999994298333457,0.9979040550593336
DRegular,6,2,,9,13,38.28909245040268,69.05520944297314,1350,2278,0.999999997314785,0.9999997734498852
DRegular,6,2,,9,14,8.615547817200422,8.68637786898762,406,406,0.9999999999830731,0.9999999999830735
DRegular,6,2,,9,15,45.26045541185886,41.82311764732003,1494,1448,0.9999968899064992,0.9999988056549519
DRegular,6,2,,9,16,44.64565650001168,42.320581396110356,1444,1540,0.9999999313799292,0.9999981934641501
DRegular,6,2,,9,17,43.29295095521957,61.51878366526216,1408,2044,0.9999956652859745,0.9979041349945481
DRegular,6,2,,9,18,36.14813503809273,99.21209854539484,1278,3144,0.9999993431869797,0.9998618928530041
DRegular,6,2,,9,19,40.86721933167428,63.61315757967532,1370,2014,0.9999996628397473,0.9999987092424402
DRegular,6,2,,10,0,9.167959173209965,9.188461487181485,442,442,0.9999999999999876,0.9999999999999865
DRegular,6,2,,10,1,41.78655635472387,83.51882398221642,1532,2894,0.9999991954015365,0.9999998164388169
DRegular,6,2,,10,2,9.325103664770722,9.279747101478279,442,442,0.9999999999999867,0.9999999999999845
DRegular,6,2,,10,3,9.356678401120007,9.405288737267256,442,442,0.9999999999999877,0.9999999999999873
DRegular,6,2,,10,4,46.883991678245366,80.03478306997567,1638,2642,0.9999990507338766,0.999935145837048
DRegular,6,2,,10,5,51.13360729254782,56.42382891662419,1740,2056,0.9999998074705939,0.9999983703587655
DRegular,6,2,,10,6,43.40001984871924,86.99546094518155,1528,2828,0.9999993313288286,0.999195048810923
DRegular,6,2,,10,7,9.70041333604604,9.609409293159842,442,442,0.9999999999999888,0.9999999999999889
DRegular,6,2,,10,8,48.408414580859244,91.23964856658131,1632,2902,0.9999997503692715,0.9991950229799106
DRegular,6,2,,10,9,46.199076347984374,57.52072740159929,1534,1822,0.9999996714038866,0.9999996208218592
DRegular,6,2,,10,10,47.999971001408994,81.32805520109832,1586,2522,0.999998719320017,0.999194384512207
DRegular,6,2,,10,11,10.057377074845135,10.027686133980751,442,442,0.9999999999999888,0.9999999999999889
DRegular,6,2,,10,12,52.11661462672055,95.58948890026659,1704,2880,0.9999992280779585,0.9991949384726594
DRegular,6,2,,10,13,53.63871567323804,81.23212871141732,1708,2588,0.9999995197147031,0.9999978889961371
DRegular,6,2,,10,14,10.10038809478283,10.157189570367336,442,442,0.9999999999999875,0.999999999999986
DRegular,6,2,,10,15,58.46586513519287,55.10302721429616,1810,1816,0.9999991283127532,0.9999994645951804
DRegular,6,2,,10,16,50.79634730517864,87.14494089316577,1638,2642,0.9999990507338766,0.999935145837048
DRegular,6,2,,10,17,54.97689703479409,90.61887636128813,1704,2752,0.9999997668263719,0.9991946057683542
DRegular,6,2,,10,18,48.010065915063024,140.48266908619553,1556,4064,0.9999975246116243,0.9989835588919589
DRegular,6,2,,10,19,56.08406711462885,86.86494350805879,1724,2572,0.9999991857904477,0.9999978132903485
DRegular,6,3,,1,0,1.4292871140060015,0.22306976199615747,16,16,0.5882903014589441,0.5882903014589445
DRegular,6,3,,1,1,0.22838184400461614,0.27013584098313004,14,20,0.42858054490977593,0.670066031292659
DRegular,6,3,,1,2,0.22304288699524477,0.24124549597036093,16,16,0.588290301458944,0.5882903014589443
DRegular,6,3,,1,3,0.24542610201751813,0.22350689000450075,16,16,0.588290301458944,0.5882903014589443
DRegular,6,3,,1,4,0.2427676470251754,0.22205128602217883,16,16,0.5882903014589442,0.5882903014589443
DRegular,6,3,,1,5,0.24180033698212355,0.22092632402200252,16,16,0.588290301458944,0.5882903014589443
DRegular,6,3,,1,6,0.22333294298732653,0.22459995100507513,16,16,0.5882903014589442,0.5882903014589442
DRegular,6,3,,1,7,0.2258537050220184,0.22286721301497892,16,16,0.588290301458944,0.5882903014589445
DRegular,6,3,,1,8,0.2310169049887918,0.2709580449736677,14,20,0.428580544909776,0.6700660312926591
DRegular,6,3,,1,9,0.22318516398081556,0.22194667905569077,16,16,0.588290301458944,0.5882903014589443
DRegular,6,3,,1,10,0.31568553001852706,0.308955553045962,16,16,0.5882903014589441,0.5882903014589442
DRegular,6,3,,1,11,0.24090532603440806,0.24043085402809083,16,16,0.588290301458944,0.5882903014589442
DRegular,6,3,,1,12,0.22449514199979603,0.2429190569673665,16,16,0.5882903014589441,0.5882903014589443
DRegular,6,3,,1,13,0.22310905304038897,0.2227428819751367,16,16,0.588290301458944,0.5882903014589442
DRegular,6,3,,1,14,0.23649219697108492,0.22369198902742937,16,16,0.5882903014589441,0.5882903014589443
DRegular,6,3,,1,15,0.24224856396904215,0.24035412701778114,16,16,0.588290301458944,0.5882903014589443
DRegular,6,3,,1,16,0.22343955299584195,0.24058470403542742,16,16,0.5882903014589442,0.5882903014589443
DRegular,6,3,,1,17,0.22418278199620545,0.22373804001836106,16,16,0.5882903014589439,0.5882903014589441
DRegular,6,3,,1,18,0.24165312596596777,0.22320824000053108,16,16,0.588290301458944,0.5882903014589446
DRegular,6,3,,1,19,0.23906088899821043,0.2225437820306979,16,16,0.5882903014589439,0.5882903014589441
DRegular,6,3,,2,0,0.4762199969845824,0.5424757879809476,42,42,0.7261547825744521,0.7261547825744514
DRegular,6,3,,2,1,0.574030768009834,0.6533890750142746,44,54,0.6540790111135178,0.8045360386015563
DRegular,6,3,,2,2,0.482483911968302,0.549593547009863,42,42,0.7261547825744522,0.7261547825744521
DRegular,6,3,,2,3,0.547713431995362,0.48156639898661524,42,42,0.7261547825744523,0.7261547825744522
DRegular,6,3,,2,4,0.5597246889956295,0.5611572630004957,42,42,0.7261547825744523,0.7261547825744523
DRegular,6,3,,2,5,0.4820117569761351,0.4824709590175189,42,42,0.7261547825744521,0.726154782574452
DRegular,6,3,,2,6,0.5602990110055543,0.4835916589945555,42,42,0.7261547825744523,0.7261547825744517
DRegular,6,3,,2,7,0.4848061840166338,0.5641539500211366,42,42,0.7261547825744521,0.7261547825744514
DRegular,6,3,,2,8,0.5978707050089724,0.5897076629917137,44,54,0.654079011113518,0.8045360386015549
DRegular,6,3,,2,9,0.5660703089670278,0.5665698410011828,42,42,0.7261547825744523,0.7261547825744522
DRegular,6,3,,2,10,0.4842817589524202,0.4840056480024941,42,42,0.7261547825744524,0.7261547825744519
DRegular,6,3,,2,11,0.5626241270219907,0.4832317190011963,42,42,0.7261547825744521,0.7261547825744519
DRegular,6,3,,2,12,0.5666600090335123,0.4786747350008227,42,42,0.7261547825744523,0.7261547825744523
DRegular,6,3,,2,13,0.47965355101041496,0.47992305300431326,42,42,0.7261547825744521,0.7261547825744518
DRegular,6,3,,2,14,0.48164128500502557,0.5787095749983564,42,42,0.7261547825744524,0.7261547825744519
DRegular,6,3,,2,15,0.4827848320128396,0.4813397959806025,42,42,0.7261547825744522,0.7261547825744521
DRegular,6,3,,2,16,0.4830633259844035,0.4832524269586429,42,42,0.7261547825744523,0.7261547825744523
DRegular,6,3,,2,17,0.48090269800741225,0.47857747896341607,42,42,0.7261547825744524,0.7261547825744518
DRegular,6,3,,2,18,0.5861369599588215,0.5878681880421937,42,42,0.7261547825744522,0.7261547825744517
DRegular,6,3,,2,19,0.591419198026415,0.4874275060137734,42,42,0.7261547825744524,0.7261547825744518
DRegular,6,3,,3,0,1.3019711439847015,1.3306507979868911,98,98,0.839494001895589,0.8394940018955905
DRegular,6,3,,3,1,1.9946344519848935,1.432937484991271,144,108,0.6291842383619185,0.5495225995784091
DRegular,6,3,,3,2,1.3420629969914444,1.2929557720199227,98,98,0.8394940018955876,0.8394940018955881
DRegular,6,3,,3,3,1.3607502760132775,1.3548497449955903,98,98,0.8394940018955892,0.8394940018955905
DRegular,6,3,,3,4,1.3179578090202995,1.358333178970497,98,98,0.8394940018955885,0.8394940018955872
DRegular,6,3,,3,5,1.2997897869790904,1.3677364899776876,98,98,0.8394940018955905,0.8394940018955908
DRegular,6,3,,3,6,1.307534018997103,1.3924173429841176,98,98,0.8394940018955872,0.8394940018955905
DRegular,6,3,,3,7,1.398097205965314,1.321828554966487,98,98,0.8394940018955888,0.8394940018955892
DRegular,6,3,,3,8,2.035586304962635,1.4655607919557951,144,108,0.6291842383619173,0.5495225995784088
DRegular,6,3,,3,9,1.324808870034758,1.317748012021184,98,98,0.8394940018955892,0.8394940018955905
DRegular,6,3,,3,10,1.308089493017178,1.3103938329732046,98,98,0.8394940018955881,0.8394940018955899
DRegular,6,3,,3,11,1.326003689027857,1.4241715230164118,98,98,0.8394940018955881,0.8394940018955881
DRegular,6,3,,3,12,1.3460249819909222,1.3937649340368807,98,98,0.8394940018955881,0.8394940018955874
DRegular,6,3,,3,13,1.322328852955252,1.31997023394797,98,98,0.8394940018955879,0.8394940018955883
DRegular,6,3,,3,14,1.4218268109834753,1.3313280079746619,98,98,0.8394940018955883,0.8394940018955892
DRegular,6,3,,3,15,1.339659369958099,1.3270623389980756,98,98,0.8394940018955908,0.8394940018955892
DRegular,6,3,,3,16,1.3324705850100145,1.4331804400426336,98,98,0.8394940018955885,0.8394940018955872
DRegular,6,3,,3,17,1.3448833990260027,1.4465400910121389,98,98,0.8394940018955883,0.8394940018955888
DRegular,6,3,,3,18,1.3548459050361998,1.3456281279795803,98,98,0.8394940018955894,0.8394940018955885
DRegular,6,3,,3,19,1.356798399996478,1.3496171300066635,98,98,0.8394940018955883,0.8394940018955888
DRegular,6,3,,4,0,2.3206904680118896,2.302159801009111,152,152,0.8349481491528468,0.834948149152849
DRegular,6,3,,4,1,3.6780461790040135,5.099638718005735,232,304,0.7130157035684396,0.9994524203331484
DRegular,6,3,,4,2,2.360007585026324,2.3679461710271426,152,152,0.8349481491528479,0.8349481491528479
DRegular,6,3,,4,3,2.400999049015809,2.3951911039766856,152,152,0.8349481491528481,0.8349481491528497
DRegular,6,3,,4,4,2.393188212008681,2.3436901359818876,152,152,0.8349481491528497,0.8349481491528465
DRegular,6,3,,4,5,2.403903993021231,2.342867671046406,152,152,0.8349481491528492,0.8349481491528481
DRegular,6,3,,4,6,2.4310333330067806,2.3592397600295953,152,152,0.8349481491528472,0.8349481491528474
DRegular,6,3,,4,7,2.424702661985066,2.4360814790125005,152,152,0.834948149152849,0.8349481491528499
DRegular,6,3,,4,8,3.7746167620061897,5.266325466975104,232,306,0.7130157035684399,0.9994524181772432
DRegular,6,3,,4,9,2.4549043310107663,2.381045214016922,152,152,0.8349481491528481,0.8349481491528497
DRegular,6,3,,4,10,2.5186095850076526,2.447524508985225,152,152,0.8349481491528465,0.8349481491528485
DRegular,6,3,,4,11,2.3856181600131094,2.3957704000058584,152,152,0.8349481491528497,0.8349481491528494
DRegular,6,3,,4,12,2.4480610040482134,2.410046131000854,152,152,0.8349481491528479,0.8349481491528501
DRegular,6,3,,4,13,2.505027670005802,2.4248617659904994,152,152,0.8349481491528483,0.8349481491528497
DRegular,6,3,,4,14,2.4516959479660727,2.4447090799803846,152,152,0.8349481491528468,0.8349481491528485
DRegular,6,3,,4,15,2.4591838530031964,2.460459718015045,152,152,0.8349481491528463,0.8349481491528485
DRegular,6,3,,4,16,2.469287790998351,2.3437871130299754,152,152,0.8349481491528497,0.8349481491528465
DRegular,6,3,,4,17,2.458500266948249,2.46128840604797,152,152,0.834948149152849,0.8349481491528492
DRegular,6,3,,4,18,2.471621839038562,2.465814016002696,152,152,0.8349481491528488,0.8349481491528474
DRegular,6,3,,4,19,2.492825585009996,2.507615584996529,152,152,0.834948149152849,0.8349481491528492
DRegular,6,3,,5,0,4.630721144028939,4.7369954630266875,258,258,0.9329653424323474,0.9329653424323554
DRegular,6,3,,5,1,5.523121202015318,6.821335076994728,312,378,0.8872210174222696,0.8201296603592398
DRegular,6,3,,5,2,4.849257234018296,4.849858744011726,258,258,0.9329653424323496,0.9329653424323536
DRegular,6,3,,5,3,4.80389365600422,4.811178261996247,258,258,0.9329653424323461,0.9329653424323474
DRegular,6,3,,5,4,4.886241881991737,4.903283514024224,258,258,0.9329653424323496,0.9329653424323521
DRegular,6,3,,5,5,4.858160845993552,4.9435157319530845,258,258,0.9329653424323454,0.9329653424323492
DRegular,6,3,,5,6,4.882561478007119,4.936369783012196,258,258,0.9329653424323536,0.9329653424323474
DRegular,6,3,,5,7,4.871351182984654,4.949588507995941,258,258,0.9329653424323539,0.9329653424323516
DRegular,6,3,,5,8,5.63346363796154,7.111225538013969,312,384,0.8872210174222815,0.8201296607302889
DRegular,6,3,,5,9,4.891997840022668,4.921450226975139,258,258,0.9329653424323461,0.9329653424323474
DRegular,6,3,,5,10,4.956676235015038,4.888799381966237,258,258,0.9329653424323479,0.9329653424323543
DRegular,6,3,,5,11,4.943062709004153,4.990052018023562,258,258,0.9329653424323443,0.9329653424323472
DRegular,6,3,,5,12,5.127597346960101,4.9724261030205525,258,258,0.9329653424323503,0.9329653424323499
DRegular,6,3,,5,13,4.942618689034134,5.024197109043598,258,258,0.9329653424323516,0.9329653424323434
DRegular,6,3,,5,14,5.069207051012199,4.977680412994232,258,258,0.9329653424323483,0.9329653424323432
DRegular,6,3,,5,15,5.110854920989368,5.089066043961793,258,258,0.9329653424323461,0.9329653424323447
DRegular,6,3,,5,16,5.044312430021819,4.9927274659858085,258,258,0.9329653424323496,0.9329653424323521
DRegular,6,3,,5,17,5.074340196966659,5.060633918037638,258,258,0.9329653424323492,0.9329653424323494
DRegular,6,3,,5,18,5.092420058033895,5.103667434013914,258,258,0.9329653424323492,0.9329653424323527
DRegular,6,3,,5,19,5.104452031024266,4.994400897005107,258,258,0.9329653424323492,0.9329653424323494
DRegular,6,3,,6,0,9.486108787998091,9.483972916030325,438,436,0.8620686956125472,0.8620686971701303
DRegular,6,3,,6,1,8.559377262950875,10.300708970986307,424,504,0.8872214956062079,0.7960796009789416
DRegular,6,3,,6,2,10.025221439020243,9.994678815011866,444,444,0.862068695839739,0.8620686945063822
DRegular,6,3,,6,3,10.48079206602415,10.066304670006502,454,440,0.8620686963811357,0.8620686958538439
DRegular,6,3,,6,4,10.008780933974776,9.775102093000896,440,436,0.8620686951409811,0.8620686960492072
DRegular,6,3,,6,5,10.214970157016069,9.981909993977752,452,444,0.8620686969889457,0.862068694614784
DRegular,6,3,,6,6,10.052140625019092,9.90094353799941,446,440,0.8620686946196092,0.8620686933346271
DRegular,6,3,,6,7,10.478996040008496,10.559985514963046,444,444,0.8620686952852237,0.8620686965372022
DRegular,6,3,,6,8,8.962857538019307,10.750419516989496,424,512,0.8872214956078607,0.7960796022791126
DRegular,6,3,,6,9,10.784412839042488,10.322076785028912,454,440,0.8620686963811357,0.8620686958538439
DRegular,6,3,,6,10,10.281469781009946,10.24875075899763,450,444,0.8620686957110639,0.8620686954285763
DRegular,6,3,,6,11,10.467364720010664,10.154512285022065,448,444,0.8620686966459783,0.8620686971248679
DRegular,6,3,,6,12,11.766118500032462,10.278172736987472,444,438,0.8620686955441754,0.8620686956605623
DRegular,6,3,,6,13,10.161700155003928,10.177579990006052,444,444,0.8620686964162825,0.8620686968485258
DRegular,6,3,,6,14,10.569988704985008,10.193396823015064,438,436,0.8620686956478527,0.8620686964444835
DRegular,6,3,,6,15,10.398820585978683,10.797950653010048,442,438,0.8620686958799524,0.8620686952091456
DRegular,6,3,,6,16,10.493722282000817,10.52538128301967,440,436,0.8620686951409811,0.8620686960492072
DRegular,6,3,,6,17,10.371066810039338,10.27895027998602,438,444,0.862068695632326,0.8620686967778868
DRegular,6,3,,6,18,10.515701755008195,10.525088932015933,438,444,0.8620686956286301,0.862068696577853
DRegular,6,3,,6,19,10.533467038010713,11.250115979986731,438,444,0.862068695632326,0.8620686967778868
DRegular,6,3,,7,0,13.860876007995103,14.374117559986189,578,592,0.859514470597206,0.8595144726571864
DRegular,6,3,,7,1,15.488374440988991,13.471337469003629,646,598,0.9986486593967214,0.9301737196435308
DRegular,6,3,,7,2,14.196399607055355,14.487453264009673,584,592,0.8595144714379033,0.8595144620999129
DRegular,6,3,,7,3,15.09683438099455,14.430851362994872,598,582,0.8595144729040733,0.8595144725977395
DRegular,6,3,,7,4,14.469791000999976,14.091922653024085,576,570,0.8595144689825946,0.859514472155696
DRegular,6,3,,7,5,14.998649916029535,14.627653703966644,594,578,0.8595144712544238,0.8595144723854464
DRegular,6,3,,7,6,14.696337950008456,15.1360759389936,574,586,0.8595144671468173,0.8595144701173372
DRegular,6,3,,7,7,14.928868415998295,14.84537931199884,576,586,0.8595144729806274,0.859514472649878
DRegular,6,3,,7,8,16.153626704995986,13.787510383990593,648,602,0.9986486573002872,0.9301737167440773
DRegular,6,3,,7,9,15.519746909965761,14.910711748991162,598,582,0.8595144729040733,0.8595144725977395
DRegular,6,3,,7,10,15.41322627000045,14.759239278966561,594,586,0.8595144717351146,0.8595144723678982
DRegular,6,3,,7,11,15.510134619020391,15.180007075017784,602,584,0.8595144696050383,0.8595144703922013
DRegular,6,3,,7,12,15.311535696033388,14.561960702005308,594,572,0.8595144712728577,0.8595144704530133
DRegular,6,3,,7,13,15.577504960005172,15.02962431195192,584,590,0.8595144725468167,0.8595144724234554
DRegular,6,3,,7,14,14.85635881201597,15.678883595974185,564,586,0.8595144704631854,0.8595144700718285
DRegular,6,3,,7,15,15.836428412003443,15.595661016996019,592,578,0.8595144715958876,0.8595144719706094
DRegular,6,3,,7,16,15.245258691953495,15.283068430959247,576,570,0.8595144689825946,0.859514472155696
DRegular,6,3,,7,17,15.46087930095382,15.405767608026508,570,588,0.8595144724655435,0.8595144710922031
DRegular,6,3,,7,18,14.712948372005485,15.893400644999929,564,596,0.8595144721289001,0.8595144721284116
DRegular,6,3,,7,19,14.913837164000142,15.412383913004305,570,588,0.8595144724655435,0.8595144710922031
DRegular,6,3,,8,0,21.137634965998586,21.230094572005328,784,790,0.8999588772324087,0.8999588773078675
DRegular,6,3,,8,1,28.34015071997419,17.78843356500147,1000,724,0.9966623013647622,0.9364117211177602
DRegular,6,3,,8,2,22.677376208011992,24.651943773031235,806,866,0.899958878080501,0.9723647853726909
DRegular,6,3,,8,3,22.040493995009456,21.981859416002408,790,780,0.8999588762988899,0.8999588768721865
DRegular,6,3,,8,4,22.831629354972392,22.45081571000628,796,792,0.8999588771946911,0.9414116146968488
DRegular,6,3,,8,5,23.079105749959126,23.57679308799561,812,812,0.9414116150272682,0.9414116108078672
DRegular,6,3,,8,6,23.973133332969155,23.975281440012623,820,822,0.9414116071994336,0.9414116112262996
DRegular,6,3,,8,7,22.602907189982943,22.332522736047395,780,774,0.8999588730040353,0.8999588737362751
DRegular,6,3,,8,8,33.106214028957766,18.737689004046842,1098,734,0.9999156921054713,0.9364117196667379
DRegular,6,3,,8,9,22.87086501601152,22.351711266033817,790,780,0.8999588762988899,0.8999588768721865
DRegular,6,3,,8,10,23.65714210201986,23.136471947014797,812,796,0.8999588778330814,0.8999588762532718
DRegular,6,3,,8,11,24.92246764700394,22.729409719002433,836,786,0.9414116128643597,0.8999588762125406
DRegular,6,3,,8,12,24.598441976006143,24.296000689966604,828,820,0.9414116107852408,0.9532431882243446
DRegular,6,3,,8,13,23.694667819014285,23.957218917028513,788,800,0.8999588756031105,0.9414116111265325
DRegular,6,3,,8,14,23.196450910996646,23.86953203502344,772,790,0.8999588787161839,0.9414116051442589
DRegular,6,3,,8,15,24.241648269002326,23.643879540031776,794,778,0.8999588736655881,0.8999588766593685
DRegular,6,3,,8,16,24.21754180995049,23.552972570003476,796,792,0.8999588771946911,0.9414116146968488
DRegular,6,3,,8,17,22.968424011021852,23.001689824974164,780,784,0.8999588772551488,0.8999588750363134
DRegular,6,3,,8,18,22.16633597901091,24.102137689013034,752,808,0.899958876063681,0.8999588783596846
DRegular,6,3,,8,19,23.660700540000107,23.68664385197917,780,784,0.8999588772551488,0.8999588750363134
DRegular,6,3,,9,0,26.925344645045698,27.030257424979936,932,934,0.9197144248655162,0.919714423763814
DRegular,6,3,,9,1,54.69133834296372,27.452281403995585,1648,958,0.9999896930489115,0.962544281111518
DRegular,6,3,,9,2,28.481298414000776,40.9060707220342,950,1274,0.9197144241917798,0.9865220992110613
DRegular,6,3,,9,3,28.418284691986628,27.828183935023844,944,924,0.9197144249253053,0.9197144248732132
DRegular,6,3,,9,4,28.750540458015166,31.901631035027094,948,1028,0.9197144266025756,0.9715386023970651
DRegular,6,3,,9,5,33.87376959103858,33.786155640962534,1068,1056,0.9548053037080662,0.9548053093735596
DRegular,6,3,,9,6,36.7034236540203,35.40727388794767,1116,1092,0.9715386187560959,0.9715386142886941
DRegular,6,3,,9,7,29.187165206996724,29.129782026982866,940,932,0.9197144258396679,0.9197144213462853
DRegular,6,3,,9,8,48.28150490898406,27.92816342000151,1462,956,0.9999999912715648,0.9625442938088108
DRegular,6,3,,9,9,29.636284373991657,27.96981106500607,944,924,0.9197144249253053,0.9197144248732132
DRegular,6,3,,9,10,30.166545736021362,28.86853042099392,970,940,0.9197144258927832,0.9197144250540557
DRegular,6,3,,9,11,35.12785430502845,29.124440372979734,1074,932,0.9548053099625022,0.9197144254786866
DRegular,6,3,,9,12,34.33127671998227,30.671396413003094,1050,974,0.9715386159123265,0.9879667379077166
DRegular,6,3,,9,13,30.22655925998697,35.9802275429829,944,1080,0.919714425763565,0.9417887942400054
DRegular,6,3,,9,14,29.65634352795314,34.316518260980956,920,1032,0.9197144249632305,0.971538607556667
DRegular,6,3,,9,15,31.0003420500434,29.72374809696339,944,920,0.9197144263970829,0.9197144246960198
DRegular,6,3,,9,16,31.07492483902024,34.77997085696552,948,1028,0.9197144266025756,0.9715386023970651
DRegular,6,3,,9,17,30.49883666500682,30.453354663972277,928,942,0.9197144239102846,0.9197144230837646
DRegular,6,3,,9,18,29.25239831698127,31.855790060013533,894,960,0.919714412546649,0.9197144231680956
DRegular,6,3,,9,19,30.374204723979346,30.864151589979883,928,942,0.9197144239102846,0.9197144230837646
DRegular,6,3,,10,0,34.912362584029324,35.24213545600651,1110,1118,0.994955405759627,0.9949554014235402
DRegular,6,3,,10,1,76.33607315894915,37.04311280295951,2134,1172,0.9999765074151864,0.9791431166938973
DRegular,6,3,,10,2,36.41004010400502,67.41842657199595,1130,1840,0.9949553997660998,0.975815621631654
DRegular,6,3,,10,3,36.49120105296606,35.69692926603602,1122,1092,0.9949554075106031,0.9949554109418521
DRegular,6,3,,10,4,36.743678016006015,51.03689789399505,1122,1448,0.9949554107410064,0.9615400035924833
DRegular,6,3,,10,5,42.20703240099829,42.59410600794945,1250,1238,0.9961407321552174,0.9961407305000636
DRegular,6,3,,10,6,54.705119613034185,54.077651656989474,1504,1486,0.9817133124338171,0.981713378568934
DRegular,6,3,,10,7,37.06906428304501,38.37602924898965,1104,1124,0.9949553974664227,0.9949554103651603
DRegular,6,3,,10,8,75.47546820895514,39.87033679801971,2032,1210,0.9999999630176172,0.9712017814914303
DRegular,6,3,,10,9,37.96954917901894,36.67038137599593,1122,1092,0.9949554075106031,0.9949554109418521
DRegular,6,3,,10,10,38.9056105199852,37.92557616200065,1146,1110,0.9949554041242672,0.9949554075729456
DRegular,6,3,,10,11,44.40958584001055,37.59532055497402,1266,1114,0.9961407321833529,0.9949554087915418
DRegular,6,3,,10,12,73.57077479804866,49.30177033902146,1842,1348,0.983471927548877,0.9699728746438883
DRegular,6,3,,10,13,38.240528191032354,48.574387127009686,1112,1332,0.9949553855669706,0.968135665739382
DRegular,6,3,,10,14,38.44943484599935,47.131580238987226,1096,1280,0.9949554093097068,0.9755403199510551
DRegular,6,3,,10,15,40.25668084999779,39.10668850102229,1128,1098,0.9949554094360513,0.9949554057280925
DRegular,6,3,,10,16,39.48370771802729,56.02077021700097,1122,1448,0.9949554107410064,0.9615400035924833
DRegular,6,3,,10,17,39.06091545696836,38.744573046977166,1098,1110,0.9949554053283747,0.9949553987429247
DRegular,6,3,,10,18,38.32383150199894,40.18390537798405,1070,1136,0.9949554113985188,0.994955394441922
DRegular,6,3,,10,19,39.0914089899743,39.15714448399376,1098,1110,0.9949554053283747,0.9949553987429247
DRegular,7,2,,1,0,0.4262376446276903,0.2689091572538018,20,20,0.7198342139643091,0.7198342139643091
DRegular,7,2,,1,1,0.2717435210943222,0.25623571034520864,20,18,0.6589347092850583,0.685864250911802
DRegular,7,2,,1,2,0.2488393085077405,0.2542744753882289,20,18,0.6589347092850582,0.685864250911802
DRegular,7,2,,1,3,0.3044129069894552,0.27105334494262934,20,20,0.7198342139643095,0.7198342139643091
DRegular,7,2,,1,4,0.26905650552362204,0.27028398122638464,20,20,0.7198342139643091,0.7198342139643091
DRegular,7,2,,1,5,0.2702725389972329,0.2588057992979884,20,18,0.6589347092850583,0.685864250911802
DRegular,7,2,,1,6,0.24999287631362677,0.25293439626693726,20,18,0.6589347092850582,0.685864250911802
DRegular,7,2,,1,7,0.26706068497151136,0.2693734848871827,20,20,0.7198342139643091,0.719834213964309
DRegular,7,2,,1,8,0.26945019513368607,0.25753434281796217,20,18,0.6589347092850583,0.685864250911802
DRegular,7,2,,1,9,0.26628564577549696,0.2514803158119321,20,18,0.6589347092850582,0.685864250911802
DRegular,7,2,,1,10,0.2671658582985401,0.25754637364298105,20,18,0.6589347092850583,0.6858642509118021
DRegular,7,2,,1,11,0.26547056529670954,0.25769835524261,20,18,0.6589347092850584,0.685864250911802
DRegular,7,2,,1,12,0.2666134098544717,0.2560413805767894,20,18,0.6589347092850583,0.6858642509118024
DRegular,7,2,,1,13,0.2704754788428545,0.2530801622197032,20,18,0.6589347092850582,0.685864250911802
DRegular,7,2,,1,14,0.2644144920632243,0.2732615163549781,20,20,0.7198342139643091,0.719834213964309
DRegular,7,2,,1,15,0.2714037112891674,0.2687723347917199,20,20,0.7198342139643094,0.7198342139643094
DRegular,7,2,,1,16,0.3848165664821863,0.25602741818875074,20,18,0.6589347092850583,0.6858642509118024
DRegular,7,2,,1,17,0.26509374380111694,0.26914475951343775,20,20,0.7198342139643091,0.719834213964309
DRegular,7,2,,1,18,0.2690235888585448,0.27029802184551954,20,20,0.7198342139643095,0.719834213964309
DRegular,7,2,,1,19,0.2657623300328851,0.2539422223344445,20,18,0.6589347092850583,0.6858642509118024
DRegular,7,2,,2,0,0.7465669922530651,0.7896505212411284,70,70,0.8192075398125321,0.8192075398125326
DRegular,7,2,,2,1,0.7918070331215858,0.6130913710221648,70,56,0.7519756901952244,0.6174349388479234
DRegular,7,2,,2,2,0.7913549765944481,0.6609263867139816,70,56,0.7519756901952253,0.617434938847924
DRegular,7,2,,2,3,0.7505396651104093,0.7424382837489247,70,70,0.8192075398125324,0.8192075398125326
DRegular,7,2,,2,4,0.7507232585921884,0.7986118607223034,70,70,0.8192075398125321,0.819207539812532
DRegular,7,2,,2,5,0.8116104789078236,0.6109870029613376,70,56,0.751975690195224,0.6174349388479238
DRegular,7,2,,2,6,0.8095829412341118,0.6149912346154451,70,56,0.7519756901952251,0.6174349388479234
DRegular,7,2,,2,7,0.8118442920967937,0.7419330952689052,70,70,0.8192075398125326,0.8192075398125326
DRegular,7,2,,2,8,0.8206997467204928,0.6835627183318138,70,56,0.7519756901952235,0.617434938847924
DRegular,7,2,,2,9,0.7423371067270637,0.6917144302278757,70,56,0.7519756901952243,0.6174349388479234
DRegular,7,2,,2,10,0.8236545855179429,0.6139627015218139,70,56,0.7519756901952244,0.6174349388479237
DRegular,7,2,,2,11,0.7443688428029418,0.7018816163763404,70,56,0.7519756901952251,0.6174349388479236
DRegular,7,2,,2,12,0.8394238771870732,0.6135545037686825,70,56,0.7519756901952244,0.6174349388479234
DRegular,7,2,,2,13,0.7419270100072026,0.6103296549990773,70,56,0.7519756901952253,0.617434938847924
DRegular,7,2,,2,14,0.7432571230456233,0.8471520831808448,70,70,0.8192075398125321,0.8192075398125325
DRegular,7,2,,2,15,0.8509607724845409,0.749843068420887,70,70,0.8192075398125328,0.8192075398125324
DRegular,7,2,,2,16,0.7443710938096046,0.6068783635273576,70,56,0.7519756901952244,0.6174349388479237
DRegular,7,2,,2,17,0.750129809603095,0.7318119313567877,70,70,0.8192075398125324,0.8192075398125326
DRegular,7,2,,2,18,0.862550756894052,0.9116991804912686,70,70,0.8192075398125321,0.8192075398125321
DRegular,7,2,,2,19,0.7290158858522773,0.6007419135421515,70,56,0.7519756901952231,0.6174349388479241
DRegular,7,2,,3,0,1.3987526716664433,1.42990405485034,116,116,0.9039736559925883,0.9039736559925894
DRegular,7,2,,3,1,1.3247565496712923,1.123348657041788,110,88,0.9242070823897001,0.7958920300880377
DRegular,7,2,,3,2,1.3329065944999456,1.0893290098756552,110,88,0.9242070823897001,0.7958920300880382
DRegular,7,2,,3,3,1.4653405556455255,1.4682606840506196,116,116,0.9039736559925867,0.90397365599259
DRegular,7,2,,3,4,1.4730178695172071,1.4154826141893864,116,116,0.9039736559925892,0.9039736559925879
DRegular,7,2,,3,5,1.3503866735845804,1.1005643578246236,110,88,0.9242070823896996,0.7958920300880384
DRegular,7,2,,3,6,1.3586541870608926,1.1024955185130239,110,88,0.9242070823897003,0.7958920300880375
DRegular,7,2,,3,7,1.4804210299625993,1.4868289418518543,116,116,0.9039736559925888,0.9039736559925892
DRegular,7,2,,3,8,1.352636657655239,1.1164580518379807,110,88,0.9242070823896994,0.7958920300880369
DRegular,7,2,,3,9,1.3534858198836446,1.1175950756296515,110,88,0.9242070823896995,0.7958920300880378
DRegular,7,2,,3,10,1.3627240061759949,1.1189040802419186,110,88,0.9242070823897001,0.795892030088038
DRegular,7,2,,3,11,1.4422122901305556,1.133243621326983,110,88,0.9242070823896995,0.7958920300880381
DRegular,7,2,,3,12,1.384570650756359,1.1308255568146706,110,88,0.9242070823896998,0.7958920300880375
DRegular,7,2,,3,13,1.3718808870762587,1.1365358717739582,110,88,0.9242070823897001,0.7958920300880382
DRegular,7,2,,3,14,1.5537444669753313,1.4621873497962952,116,116,0.9039736559925889,0.9039736559925879
DRegular,7,2,,3,15,1.477544791996479,1.5638574892655015,116,116,0.9039736559925888,0.9039736559925898
DRegular,7,2,,3,16,1.396646300330758,1.15089837834239,110,88,0.9242070823897004,0.7958920300880378
DRegular,7,2,,3,17,1.472433383576572,1.487164200283587,116,116,0.9039736559925888,0.9039736559925894
DRegular,7,2,,3,18,1.4840805307030678,1.5056527499109507,116,116,0.9039736559925885,0.9039736559925893
DRegular,7,2,,3,19,1.4087817072868347,1.1820277757942677,110,88,0.9242070823897001,0.7958920300880387
DRegular,7,2,,4,0,2.567326022312045,2.5332491360604763,178,178,0.9362052980348784,0.9362052980348775
DRegular,7,2,,4,1,2.9630456613376737,3.987449043430388,196,246,0.9175421560430106,0.9473152469579369
DRegular,7,2,,4,2,2.9938511941581964,4.044549121521413,196,246,0.9175421560430106,0.9473152469579311
DRegular,7,2,,4,3,2.596182055771351,2.6140571050345898,178,178,0.9362052980348802,0.93620529803488
DRegular,7,2,,4,4,2.609352187253535,2.6301059294492006,178,178,0.9362052980348787,0.9362052980348791
DRegular,7,2,,4,5,3.004542197100818,4.145951288752258,196,246,0.9175421560430103,0.9473152469579498
DRegular,7,2,,4,6,3.0219278670847416,4.10997402202338,196,246,0.9175421560430127,0.9473152469579388
DRegular,7,2,,4,7,2.6454961551353335,2.6565271988511086,178,178,0.9362052980348787,0.9362052980348791
DRegular,7,2,,4,8,3.075403232127428,4.1334471153095365,196,246,0.9175421560430105,0.9473152469579306
DRegular,7,2,,4,9,3.0293295457959175,4.164096638560295,196,246,0.917542156043012,0.9473152469579414
DRegular,7,2,,4,10,3.1472123181447387,4.217057376168668,196,246,0.9175421560430101,0.9473152469579359
DRegular,7,2,,4,11,3.0862399134784937,4.230207124724984,196,246,0.9175421560430106,0.9473152469579343
DRegular,7,2,,4,12,3.101277715526521,4.344620586372912,196,246,0.9175421560430109,0.9473152469579285
DRegular,7,2,,4,13,3.1234894962981343,4.263203037902713,196,246,0.9175421560430106,0.9473152469579311
DRegular,7,2,,4,14,2.7192348865792155,2.7229687068611383,178,178,0.9362052980348791,0.9362052980348778
DRegular,7,2,,4,15,2.732025102712214,2.7315379828214645,178,178,0.9362052980348787,0.9362052980348791
DRegular,7,2,,4,16,3.1803582618013024,4.3249086029827595,196,246,0.9175421560430115,0.9473152469579307
DRegular,7,2,,4,17,2.8510814756155014,2.8162675108760595,178,178,0.9362052980348784,0.9362052980348787
DRegular,7,2,,4,18,2.678277026861906,2.8656921153888106,178,178,0.9362052980348784,0.9362052980348793
DRegular,7,2,,4,19,3.1784124625846744,4.503854063339531,196,246,0.9175421560430107,0.9473152469579409
DRegular,7,2,,5,0,4.578087713569403,4.6608026176691055,270,270,0.9904566708468647,0.9904566708468653
DRegular,7,2,,5,1,5.67322704102844,5.892910193651915,318,330,0.9806826415432986,0.9614581328157333
DRegular,7,2,,5,2,5.6986280381679535,5.886400907300413,318,330,0.9806826415432974,0.9614581328157393
DRegular,7,2,,5,3,4.762520148418844,4.6911246459931135,270,270,0.9904566708468647,0.9904566708468633
DRegular,7,2,,5,4,4.750191939994693,4.7514309687539935,270,270,0.9904566708468616,0.9904566708468644
DRegular,7,2,,5,5,5.823083246126771,5.990045748651028,318,330,0.9806826415432973,0.9614581328157351
DRegular,7,2,,5,6,5.844916885718703,6.1107446029782295,318,330,0.9806826415432942,0.9614581328157371
DRegular,7,2,,5,7,4.804991685785353,4.779463200829923,270,270,0.9904566708468612,0.990456670846864
DRegular,7,2,,5,8,5.979640764184296,6.103433492593467,318,330,0.9806826415432973,0.9614581328157383
DRegular,7,2,,5,9,5.999244241975248,6.109510159119964,318,330,0.9806826415432958,0.9614581328157371
DRegular,7,2,,5,10,5.930477736517787,6.295360257849097,318,330,0.9806826415432979,0.9614581328157364
DRegular,7,2,,5,11,6.073086950927973,6.181379863992333,318,330,0.9806826415432961,0.9614581328157376
DRegular,7,2,,5,12,6.022526405751705,6.286465530283749,318,330,0.980682641543296,0.9614581328157373
DRegular,7,2,,5,13,6.079689992591739,6.344023046083748,318,330,0.9806826415432974,0.9614581328157393
DRegular,7,2,,5,14,4.991410359740257,4.992046851664782,270,270,0.9904566708468665,0.990456670846864
DRegular,7,2,,5,15,4.924289779737592,4.96809390373528,270,270,0.9904566708468652,0.9904566708468628
DRegular,7,2,,5,16,6.090416667051613,6.317263047210872,318,330,0.9806826415432961,0.9614581328157391
DRegular,7,2,,5,17,5.002749787643552,5.234070950187743,270,270,0.9904566708468647,0.9904566708468651
DRegular,7,2,,5,18,5.057903034612536,5.0297667579725385,270,270,0.990456670846863,0.9904566708468647
DRegular,7,2,,5,19,6.418670350685716,6.628239871934056,318,330,0.9806826415432978,0.961458132815737
DRegular,7,2,,6,0,11.014508708380163,10.840525581501424,510,510,0.9977682819564723,0.9977682819565095
DRegular,7,2,,6,1,9.264213395304978,10.37132565677166,454,498,0.9962438868828523,0.9638055675747129
DRegular,7,2,,6,2,9.315226742066443,10.399968233890831,454,498,0.9962438868835304,0.963805567564795
DRegular,7,2,,6,3,11.142503819428384,11.126766943372786,510,510,0.9977682819564612,0.9977682819564678
DRegular,7,2,,6,4,11.143034846521914,11.081524707376957,510,510,0.9977682819564547,0.9977682819565015
DRegular,7,2,,6,5,9.623285869136453,10.462954143062234,454,498,0.9962438868825837,0.9638055675155309
DRegular,7,2,,6,6,9.705070332624018,10.610412837006152,454,498,0.9962438868816966,0.963805567541256
DRegular,7,2,,6,7,11.392623078078032,11.470168785192072,510,510,0.9977682819564643,0.9977682819564619
DRegular,7,2,,6,8,9.584426979534328,10.73492746707052,454,498,0.9962438868836517,0.9638055675905269
DRegular,7,2,,6,9,9.8922235108912,10.877836131490767,454,498,0.9962438868824525,0.9638055675246463
DRegular,7,2,,6,10,9.906687084585428,10.780585787259042,454,498,0.9962438868833213,0.9638055675629681
DRegular,7,2,,6,11,9.71731936559081,11.379899923689663,454,498,0.9962438868839324,0.9638055675641618
DRegular,7,2,,6,12,9.918241497129202,11.253955695778131,454,498,0.9962438868838941,0.9638055675977598
DRegular,7,2,,6,13,10.449439237825572,10.750233308412135,454,498,0.9962438868835304,0.963805567564795
DRegular,7,2,,6,14,11.912415629252791,12.350382969714701,510,510,0.9977682819564614,0.9977682819564734
DRegular,7,2,,6,15,11.839996230788529,11.576000223867595,510,510,0.9977682819565082,0.997768281956476
DRegular,7,2,,6,16,9.88945961277932,11.069886450655758,454,498,0.9962438868826761,0.9638055675951888
DRegular,7,2,,6,17,11.854626532644033,12.513165624812245,510,510,0.997768281956458,0.9977682819564663
DRegular,7,2,,6,18,11.67978438641876,12.340132766403258,510,510,0.9977682819564482,0.9977682819564823
DRegular,7,2,,6,19,10.364209271967411,11.759233989752829,454,498,0.9962438868834808,0.9638055675283428
DRegular,7,2,,7,0,17.569921674206853,17.740263544023037,732,744,0.9997867127589647,0.9997867124013525
DRegular,7,2,,7,1,29.361345537938178,13.793177745305002,1106,614,0.9994347559878077,0.9942751473589783
DRegular,7,2,,7,2,25.1199893578887,14.12477017659694,962,616,0.9994345169823199,0.9942751468557463
DRegular,7,2,,7,3,17.997169315814972,18.193890530616045,728,738,0.9997867141973287,0.9997867103096477
DRegular,7,2,,7,4,18.6555790072307,18.0057701067999,756,730,0.9997867173446003,0.9997867139594305
DRegular,7,2,,7,5,25.768949360586703,14.111712726764381,972,612,0.9994347704574368,0.9942751458872521
DRegular,7,2,,7,6,25.352006522007287,14.36671410407871,948,618,0.999788316381118,0.9942751457224072
DRegular,7,2,,7,7,18.310011755675077,19.399574861861765,728,756,0.9997867161482428,0.9997867155390746
DRegular,7,2,,7,8,29.971346116624773,14.654372036457062,1078,614,0.999434774606294,0.9942751462312724
DRegular,7,2,,7,9,27.167143183760345,14.84851277898997,976,614,0.9994347595058732,0.9942751464978202
DRegular,7,2,,7,10,29.63259792048484,14.553117297589779,1046,616,0.9994347245246135,0.9942751468328895
DRegular,7,2,,7,11,31.309030280448496,15.357794578187168,1096,616,0.9994347715278362,0.9942751468612823
DRegular,7,2,,7,12,29.413433677516878,15.147040626965463,1022,610,0.9994347511637574,0.9942751469004133
DRegular,7,2,,7,13,27.407780895009637,15.620198641903698,962,616,0.9994345169823199,0.9942751468557463
DRegular,7,2,,7,14,19.83912859018892,19.10763477999717,740,722,0.9997867148450226,0.9997867122249547
DRegular,7,2,,7,15,19.584935343824327,19.23406000994146,732,720,0.9997867063245275,0.999786714804373
DRegular,7,2,,7,16,29.534539098851383,15.221102305687964,1022,614,0.9994347640780177,0.9942751469106691
DRegular,7,2,,7,17,20.941113005392253,20.715319528244436,740,740,0.9997867127808426,0.9997867165094313
DRegular,7,2,,7,18,19.541038546711206,20.734758641570807,724,748,0.9997867104040901,0.9997867159237696
DRegular,7,2,,7,19,32.79790789633989,15.908015527762473,1058,614,0.9994347745842104,0.9942751444736292
DRegular,7,2,,8,0,23.639180598780513,23.436516280286014,908,896,0.9947866770086642,0.9947866631407218
DRegular,7,2,,8,1,36.92152527254075,22.489380840212107,1320,858,0.9478699772351963,0.997905105147797
DRegular,7,2,,8,2,36.994343060068786,22.71871270146221,1296,860,0.9999202259946357,0.997905105712289
DRegular,7,2,,8,3,23.546436802484095,23.712060837075114,884,892,0.9947866745856911,0.9947866749323593
DRegular,7,2,,8,4,24.3663610778749,23.930152376182377,904,896,0.9947866737347809,0.9947866764993508
DRegular,7,2,,8,5,33.638239569962025,22.816143080592155,1192,850,0.9478699754441428,0.9979051053448599
DRegular,7,2,,8,6,34.29787041246891,23.83916116785258,1194,872,0.9981822103869327,0.9979051061294744
DRegular,7,2,,8,7,24.293223710730672,24.506865169852972,886,896,0.9947866662640882,0.9947866752236916
DRegular,7,2,,8,8,45.27915002126247,23.721076767891645,1480,852,0.9999357434598979,0.9979051062478276
DRegular,7,2,,8,9,37.87479541823268,24.042374132201076,1266,860,0.9955983506973446,0.9979051068893551
DRegular,7,2,,8,10,45.97578613366932,24.82074949424714,1480,876,0.9999999988957741,0.9979051070735001
DRegular,7,2,,8,11,56.9571647522971,24.85386216454208,1744,860,0.9999259318509314,0.997905105843329
DRegular,7,2,,8,12,50.74037097580731,24.960598692297935,1574,862,0.9999998681759222,0.9979051050054948
DRegular,7,2,,8,13,40.462314615026116,25.023839332163334,1296,860,0.9999202259946357,0.997905105712289
DRegular,7,2,,8,14,27.252630728296936,25.79777503758669,914,894,0.9947866756294338,0.9947866749415497
DRegular,7,2,,8,15,26.81785230524838,25.51469394657761,900,860,0.9947866772055743,0.9947866763779221
DRegular,7,2,,8,16,43.554065010510385,25.13529376592487,1356,866,0.9999831218931611,0.9979051062173006
DRegular,7,2,,8,17,27.54324963968247,27.538744007237256,906,914,0.9947866589253014,0.9947866729149059
DRegular,7,2,,8,18,26.17954999394715,27.655378052964807,866,900,0.9947866719416784,0.9947866560343801
DRegular,7,2,,8,19,50.908623897470534,28.18740683514625,1472,876,0.9999357492616813,0.997905106994322
DRegular,7,2,,9,0,41.826970539055765,46.81092231627554,1370,1514,0.9998401453950146,0.9998357214867225
DRegular,7,2,,9,1,45.109854619950056,34.468643095344305,1536,1168,0.9999999831934087,0.9994041986186738
DRegular,7,2,,9,2,46.88529303576797,34.94867493305355,1552,1166,0.9999999788283057,0.9994041879051356
DRegular,7,2,,9,3,53.8916573273018,47.75961464829743,1664,1504,0.9998785231838224,0.9998397682937776
DRegular,7,2,,9,4,43.9257368510589,71.36904542613775,1396,2094,0.9998398345137224,0.9998785270805857
DRegular,7,2,,9,5,42.56909818109125,34.70986349321902,1402,1152,0.9999999983500326,0.999404204925817
DRegular,7,2,,9,6,42.971597406081855,36.312209595926106,1402,1186,0.9999999991303543,0.9994042045808292
DRegular,7,2,,9,7,56.040441828779876,45.005053794011474,1654,1388,0.9998341531727598,0.9998394328803776
DRegular,7,2,,9,8,56.75478043127805,39.36412416212261,1758,1228,0.9999999883661919,0.9994495448879985
DRegular,7,2,,9,9,44.83148493524641,35.79633384011686,1418,1138,0.9999999948782241,0.9994042053564843
DRegular,7,2,,9,10,53.160726346075535,37.68445369414985,1650,1172,0.9999999964678792,0.9994042049165043
DRegular,7,2,,9,11,83.43932597711682,37.7019490422681,2364,1168,0.9999999938687033,0.9994042055809222
DRegular,7,2,,9,12,60.553949331864715,37.41454648133367,1784,1158,0.9999999646493655,0.9994042043175954
DRegular,7,2,,9,13,52.2413395345211,38.3082975698635,1552,1166,0.9999999788283057,0.9994041879051356
DRegular,7,2,,9,14,48.50374184269458,53.13427361100912,1402,1492,0.9998340980022995,0.9998392645174384
DRegular,7,2,,9,15,56.84618572425097,47.16143633238971,1580,1366,0.9998345344624017,0.9998399761034031
DRegular,7,2,,9,16,70.84985240455717,38.92953380104154,1982,1174,0.9999999766457087,0.9994042036808902
DRegular,7,2,,9,17,59.63717168755829,60.04133107326925,1584,1668,0.9998384856466624,0.9998343299840361
DRegular,7,2,,9,18,54.70570855680853,76.6174693973735,1534,1910,0.9998397374858882,0.9998786328735164
DRegular,7,2,,9,19,64.97232280299067,41.29670001193881,1764,1168,0.9999999980301962,0.9994042055701082
DRegular,7,2,,10,0,71.05935793370008,76.49093370791525,2066,2212,0.9998447951457603,0.9998413702516107
DRegular,7,2,,10,1,71.10686689056456,50.084752270020545,2128,1526,0.9999999929438456,0.9999588034356203
DRegular,7,2,,10,2,54.256221590563655,51.561237645335495,1706,1560,0.9999999936625449,0.9999587709426933
DRegular,7,2,,10,3,88.0369863230735,76.43983415327966,2432,2138,0.9999783357945153,0.9999994670615946
DRegular,7,2,,10,4,67.56130656599998,99.79578019399196,1942,2728,0.999999436588194,0.9999780835755444
DRegular,7,2,,10,5,67.5450247162953,50.34260771702975,1970,1496,0.9999999863301557,0.9999587945642784
DRegular,7,2,,10,6,51.6021908596158,52.87640496622771,1596,1548,0.9999999910298514,0.9999587950630899
DRegular,7,2,,10,7,104.6661215107888,76.98180855624378,2710,2100,0.9999801703952906,0.9999879299724154
DRegular,7,2,,10,8,63.804209663532674,53.002055617049336,1912,1506,0.9999999940078047,0.9999999912710335
DRegular,7,2,,10,9,50.56803517229855,52.47579325269908,1548,1494,0.9999999970102104,0.999958790881163
DRegular,7,2,,10,10,62.32791832089424,56.48977065272629,1828,1564,0.9999999976838035,0.9999587987815807
DRegular,7,2,,10,11,90.42719230894,55.51290424633771,2504,1524,0.999999885896282,0.9999588017080949
DRegular,7,2,,10,12,67.72666378412396,56.38462578877807,1936,1534,0.9999999989337293,0.9999587685950976
DRegular,7,2,,10,13,59.683541759848595,57.985384673811495,1706,1560,0.9999999936625449,0.9999587709426933
DRegular,7,2,,10,14,95.75036272779107,85.32925793714821,2366,2160,0.9999808121624639,0.9999995125407515
DRegular,7,2,,10,15,128.51010692026466,87.36711972858757,3018,2182,0.9999724726138659,0.9999873472521784
DRegular,7,2,,10,16,82.08942827116698,58.291611935943365,2196,1564,0.9999999934513949,0.9999587134439153
DRegular,7,2,,10,17,130.30777475703508,131.91941592749208,2940,3072,0.9999937411219691,0.9999749279499454
DRegular,7,2,,10,18,82.9471859773621,111.73319625295699,2080,2580,0.9999966671340469,0.9999802234668006
DRegular,7,2,,10,19,72.21479067672044,62.28750279918313,1894,1562,0.9999999962344567,0.9999587990254839
DRegular,8,2,,1,0,0.4711801167577505,0.2595846066251397,20,20,0.6170007548265506,0.6534659776008459
DRegular,8,2,,1,1,0.30956657137721777,0.3794119507074356,24,24,0.7602262625967766,0.7602262625967772
DRegular,8,2,,1,2,0.30963208340108395,0.30787001829594374,24,24,0.7602262625967766,0.7602262625967772
DRegular,8,2,,1,3,0.28448169957846403,0.3237799871712923,20,20,0.6170007548265508,0.6534659776008458
DRegular,8,2,,1,4,0.2890536533668637,0.3069759113714099,24,24,0.7602262625967766,0.7602262625967772
DRegular,8,2,,1,5,0.3101953864097595,0.3086703522130847,24,24,0.7602262625967766,0.7602262625967772
DRegular,8,2,,1,6,0.2848238777369261,0.3630787590518594,20,20,0.6170007548265506,0.6534659776008456
DRegular,8,2,,1,7,0.2842768970876932,0.280190615914762,20,20,0.6170007548265509,0.6534659776008461
DRegular,8,2,,1,8,0.2811291040852666,3.7326599350199103,20,20,0.6170007548265506,0.6534659776008458
DRegular,8,2,,1,9,0.2812529234215617,0.29020395781844854,20,20,0.6170007548265509,0.6534659776008456
DRegular,8,2,,1,10,0.2845970066264272,0.2859339499846101,20,20,0.6170007548265506,0.6534659776008462
DRegular,8,2,,1,11,0.28538351878523827,0.2828334318473935,20,20,0.6170007548265508,0.6534659776008456
DRegular,8,2,,1,12,0.285479954443872,0.4033024003729224,20,20,0.6170007548265507,0.6534659776008461
DRegular,8,2,,1,13,0.43418120220303535,0.31366193760186434,24,24,0.7602262625967766,0.7602262625967772
DRegular,8,2,,1,14,0.3259079810231924,0.31204306334257126,24,24,0.7602262625967766,0.7602262625967772
DRegular,8,2,,1,15,0.2855661176145077,0.28277669940143824,20,20,0.6170007548265507,0.6534659776008458
DRegular,8,2,,1,16,0.3134095761924982,0.31091186963021755,24,24,0.7602262625967766,0.7602262625967772
DRegular,8,2,,1,17,0.28377278335392475,0.2832494555041194,20,20,0.6170007548265507,0.6534659776008458
DRegular,8,2,,1,18,0.2838777778670192,0.2825186140835285,20,20,0.6170007548265506,0.653465977600846
DRegular,8,2,,1,19,0.28162342868745327,0.30903074238449335,20,20,0.6170007548265506,0.6534659776008459
DRegular,8,2,,2,0,0.8028983175754547,0.6406771317124367,70,50,0.7021778912678849,0.8147711857542371
DRegular,8,2,,2,1,0.7883704686537385,0.7231127265840769,64,64,0.8250119238265298,0.8250119238265303
DRegular,8,2,,2,2,0.8016903167590499,0.7993855616077781,64,64,0.8250119238265299,0.8250119238265304
DRegular,8,2,,2,3,0.717252871952951,0.5698917927220464,56,48,0.904898708092217,0.8120872499982343
DRegular,8,2,,2,4,0.8255288247019053,0.8071306459605694,64,64,0.8250119238265302,0.8250119238265302
DRegular,8,2,,2,5,0.7256217850372195,0.7210249025374651,64,64,0.8250119238265302,0.8250119238265304
DRegular,8,2,,2,6,0.9341911496594548,0.5977543517947197,70,50,0.7021778912678847,0.8147711857542367
DRegular,8,2,,2,7,0.927733251824975,0.5850513679906726,70,50,0.7021778912678851,0.8147711857542377
DRegular,8,2,,2,8,0.7631999170407653,0.5655950177460909,56,48,0.9048987080922163,0.8120872499982359
DRegular,8,2,,2,9,0.9458334175869823,0.5941436132416129,70,50,0.7021778912678847,0.8147711857542379
DRegular,8,2,,2,10,0.9135949807241559,0.6938648074865341,70,50,0.7021778912678847,0.8147711857542373
DRegular,8,2,,2,11,0.9257003925740719,0.7034605843946338,70,50,0.7021778912678851,0.8147711857542375
DRegular,8,2,,2,12,0.9288461757823825,0.5970512181520462,70,50,0.7021778912678847,0.8147711857542366
DRegular,8,2,,2,13,0.7410238031297922,0.8533269995823503,64,64,0.82501192382653,0.8250119238265304
DRegular,8,2,,2,14,0.8849407229572535,0.8613692205399275,64,64,0.8250119238265299,0.8250119238265304
DRegular,8,2,,2,15,0.9499559504911304,0.5991284400224686,70,50,0.7021778912678851,0.8147711857542375
DRegular,8,2,,2,16,0.8773467224091291,0.7319526541978121,64,64,0.8250119238265299,0.8250119238265304
DRegular,8,2,,2,17,0.8190351519733667,0.5962721994146705,70,50,0.7021778912678851,0.8147711857542371
DRegular,8,2,,2,18,0.817892543040216,0.5937451245263219,70,50,0.7021778912678847,0.8147711857542377
DRegular,8,2,,2,19,0.8111510993912816,0.5992055041715503,70,50,0.7021778912678851,0.8147711857542368
DRegular,8,2,,3,0,1.619804622605443,1.7471938347443938,118,118,0.7803314794704945,0.9866571250176199
DRegular,8,2,,3,1,2.0251630414277315,2.0197468949481845,140,140,0.8848924479358994,0.884892447935898
DRegular,8,2,,3,2,2.0436722692102194,2.051077510230243,140,140,0.8848924479358979,0.8848924479358988
DRegular,8,2,,3,3,1.6214498905465007,1.616262786090374,112,110,0.9670094394422062,0.8663608285340361
DRegular,8,2,,3,4,2.090424149297178,2.081288524903357,140,140,0.8848924479358992,0.8848924479358985
DRegular,8,2,,3,5,2.1034263987094164,2.1239472329616547,140,140,0.8848924479358992,0.8848924479358976
DRegular,8,2,,3,6,1.7338579446077347,1.7827227069064975,118,118,0.7803314794704944,0.9866571250176204
DRegular,8,2,,3,7,1.7460195580497384,1.7912297006696463,118,118,0.7803314794704944,0.9866571250176203
DRegular,8,2,,3,8,1.7074883207678795,1.6970820743590593,112,110,0.9670094394422079,0.8663608285340365
DRegular,8,2,,3,9,1.6425740458071232,1.8191541815176606,118,118,0.7803314794704949,0.9866571250176219
DRegular,8,2,,3,10,1.7522040382027626,1.8450110284611583,118,118,0.7803314794704943,0.9866571250176199
DRegular,8,2,,3,11,1.7749049300327897,1.849118959158659,118,118,0.7803314794704944,0.9866571250176199
DRegular,8,2,,3,12,1.7733015147969127,1.8542803525924683,118,118,0.7803314794704949,0.9866571250176204
DRegular,8,2,,3,13,2.1331423968076706,2.1396066742017865,140,140,0.884892447935898,0.8848924479358976
DRegular,8,2,,3,14,2.196843766607344,2.1419820599257946,140,140,0.8848924479358988,0.8848924479358998
DRegular,8,2,,3,15,1.6830732263624668,1.9004765441641212,118,118,0.780331479470495,0.9866571250176204
DRegular,8,2,,3,16,2.180222349241376,2.1702457815408707,140,140,0.8848924479358978,0.8848924479358984
DRegular,8,2,,3,17,1.8297744896262884,1.9058940960094333,118,118,0.7803314794704954,0.9866571250176213
DRegular,8,2,,3,18,1.8414120953530073,1.9206525767222047,118,118,0.7803314794704949,0.9866571250176186
DRegular,8,2,,3,19,1.6855928050354123,2.0157751524820924,118,118,0.7803314794704949,0.9866571250176204
DRegular,8,2,,4,0,3.7650533681735396,2.8517030430957675,218,172,0.8564742772518024,0.9731234875985282
DRegular,8,2,,4,1,4.299785383976996,4.314726570621133,244,244,0.9722072913804075,0.9722072913804102
DRegular,8,2,,4,2,4.265505759045482,4.28379727806896,244,244,0.9722072913804084,0.9722072913804093
DRegular,8,2,,4,3,2.835511048324406,2.94757954031229,168,172,0.9999885160201281,0.8774994701484897
DRegular,8,2,,4,4,4.502468290738761,4.384267119690776,244,244,0.9722072913804077,0.9722072913804075
DRegular,8,2,,4,5,4.505811112932861,4.504697670228779,244,244,0.9722072913804108,0.9722072913804095
DRegular,8,2,,4,6,4.021485432982445,2.9656379157677293,218,172,0.8564742772518014,0.9731234875985276
DRegular,8,2,,4,7,4.025435123592615,3.1245426749810576,218,172,0.8564742772518037,0.9731234875985285
DRegular,8,2,,4,8,2.9943002332001925,3.1037800684571266,168,172,0.9999885160201272,0.8774994701484905
DRegular,8,2,,4,9,4.117365176789463,3.139516092836857,218,172,0.8564742772518026,0.9731234875985254
DRegular,8,2,,4,10,3.868425556458533,3.060481791384518,218,172,0.8564742772518033,0.9731234875985266
DRegular,8,2,,4,11,4.128211657516658,3.094543233513832,218,172,0.8564742772518017,0.9731234875985293
DRegular,8,2,,4,12,3.929579003714025,3.017858094535768,218,172,0.8564742772518033,0.9731234875985283
DRegular,8,2,,4,13,4.731344759464264,4.7146792113780975,244,244,0.9722072913804086,0.97220729138041
DRegular,8,2,,4,14,4.749467943795025,4.511537069454789,244,244,0.9722072913804074,0.9722072913804068
DRegular,8,2,,4,15,4.244024653919041,3.219528304412961,218,172,0.8564742772518038,0.973123487598527
DRegular,8,2,,4,16,4.6095019821077585,4.530087269842625,244,244,0.9722072913804082,0.9722072913804091
DRegular,8,2,,4,17,4.062934964895248,3.114398580044508,218,172,0.8564742772518051,0.9731234875985277
DRegular,8,2,,4,18,4.091719199903309,3.105610018596053,218,172,0.8564742772518035,0.9731234875985265
DRegular,8,2,,4,19,4.215112795121968,3.19968902412802,218,172,0.856474277251804,0.9731234875985267
DRegular,8,2,,5,0,5.109503351151943,9.658880756236613,268,440,0.8899363130544073,0.9999999980613496
DRegular,8,2,,5,1,10.272315382957458,10.43527227267623,472,478,0.9925030427535729,0.9925030425854766
DRegular,8,2,,5,2,10.463376979343593,10.59283138718456,476,482,0.9925030422505596,0.9925030427198771
DRegular,8,2,,5,3,4.318191242404282,5.871134465560317,222,284,0.9999980300103664,0.8740021567908869
DRegular,8,2,,5,4,10.657164944335818,10.518518049269915,472,472,0.9925030417102434,0.9925030417903681
DRegular,8,2,,5,5,10.732034351676702,10.867173925973475,472,486,0.9925030422359654,0.9925030429112575
DRegular,8,2,,5,6,5.565720466896892,9.652880498208106,268,428,0.889936313054407,0.9999999954392926
DRegular,8,2,,5,7,5.5884342873468995,10.700754933059216,268,444,0.8899363130544085,0.9999999966127205
DRegular,8,2,,5,8,15.5785927567631,6.043866446241736,222,284,0.9999980300103621,0.874002156790887
DRegular,8,2,,5,9,5.579550470225513,10.564732705242932,268,448,0.8899363130544086,0.9999999932269252
DRegular,8,2,,5,10,5.518272399902344,10.19544380530715,268,436,0.8899363130544063,0.9999999840213176
DRegular,8,2,,5,11,5.507191710174084,10.506736762821674,268,432,0.8899363130544087,0.9999999946434757
DRegular,8,2,,5,12,5.544614226557314,10.545506477355957,268,434,0.8899363130544082,0.9999999912975925
DRegular,8,2,,5,13,10.989149964414537,11.127081856131554,474,470,0.9925030422614399,0.9925030425544642
DRegular,8,2,,5,14,11.517232378013432,11.05720273964107,470,470,0.9925030419064563,0.9925030423826456
DRegular,8,2,,5,15,5.545435617677867,10.035156014375389,268,432,0.8899363130544085,0.9999999965848922
DRegular,8,2,,5,16,11.686869350261986,11.27560633327812,480,474,0.9925030418578918,0.9925030421545058
DRegular,8,2,,5,17,5.498509735800326,10.978147967718542,268,444,0.8899363130544071,0.9999999915926583
DRegular,8,2,,5,18,5.558067754842341,11.060142890550196,268,444,0.8899363130544088,0.9999999984594515
DRegular,8,2,,5,19,5.7111431853845716,11.134045496582985,268,436,0.8899363130544093,0.9999999975260137
DRegular,8,2,,6,0,7.193870141170919,20.50754799786955,338,784,0.9620093259897076,0.9999998357161886
DRegular,8,2,,6,1,16.627651251852512,16.25219838693738,674,666,0.99836788762568,0.9983678934418293
DRegular,8,2,,6,2,17.289812030270696,17.12148740608245,686,690,0.9983678940867304,0.9983678912756603
DRegular,8,2,,6,3,11.714291506446898,13.17595562338829,464,520,0.9999998709102285,0.9989489328847735
DRegular,8,2,,6,4,16.95857759565115,17.811854026280344,660,692,0.9983678952882652,0.9983678887214098
DRegular,8,2,,6,5,17.243128758855164,18.160365720279515,674,714,0.9983678952279226,0.9983678920502639
DRegular,8,2,,6,6,7.775643454864621,13.774170050397515,338,544,0.9620093259897066,0.9762915253809559
DRegular,8,2,,6,7,7.929670791141689,32.96757077239454,338,1098,0.962009325989706,0.9999999550837146
DRegular,8,2,,6,8,13.02770646288991,14.59126458875835,468,520,0.999999872684179,0.9989489328856402
DRegular,8,2,,6,9,7.732805746607482,30.072986464947462,338,994,0.9620093259897045,0.9999999920904714
DRegular,8,2,,6,10,7.788898474536836,18.264714123681188,338,668,0.9620093259897056,0.9999998923898761
DRegular,8,2,,6,11,8.03750604391098,16.549507275223732,338,610,0.9620093259897053,0.9911059381185764
DRegular,8,2,,6,12,8.02551496308297,18.941252561286092,338,676,0.9620093259897055,0.999998765928221
DRegular,8,2,,6,13,17.93220866099,18.743323097005486,674,676,0.9983678867788232,0.9983678957632126
DRegular,8,2,,6,14,18.199991956353188,17.879221598617733,666,666,0.9983678941582834,0.998367892545203
DRegular,8,2,,6,15,8.172591800801456,18.070241920650005,338,648,0.962009325989704,0.999990895481874
DRegular,8,2,,6,16,18.688188155181706,18.174073613248765,688,668,0.9983678947289044,0.9983678915606711
DRegular,8,2,,6,17,8.36002635024488,25.11900336947292,338,840,0.9620093259897069,0.9999998669661988
DRegular,8,2,,6,18,8.167403059080243,17.23217249289155,338,630,0.9620093259897068,0.9764714910290457
DRegular,8,2,,6,19,8.037926696240902,17.401474742218852,338,618,0.9620093259897061,0.9911059352241545
DRegular,8,2,,7,0,16.74753729440272,42.55852113291621,606,1400,0.9975419926291469,0.9999458803923759
DRegular,8,2,,7,1,30.20871329586953,31.857571984641254,1042,1098,0.999289361598754,0.9992893438732287
DRegular,8,2,,7,2,34.49608050379902,33.45259443577379,1158,1130,0.9992893612235729,0.9992893633711297
DRegular,8,2,,7,3,13.519567764364183,30.643693088553846,512,1002,0.9999975842118334,0.9999999952929615
DRegular,8,2,,7,4,32.407055533491075,33.784768843092024,1068,1114,0.9992893675631992,0.9992893709384291
DRegular,8,2,,7,5,35.369142305105925,31.346759485080838,1146,1066,0.999318687854637,0.999289346944204
DRegular,8,2,,7,6,18.925312699750066,19.414058457128704,614,688,0.9975419929836454,0.9371962032090899
DRegular,8,2,,7,7,18.170274863019586,44.33021678868681,600,1384,0.997541992550001,0.9999998558576921
DRegular,8,2,,7,8,14.849292090162635,33.915951545350254,516,1004,0.9999974260844119,0.9999999731640175
DRegular,8,2,,7,9,19.161046019755304,36.840431791730225,608,1192,0.9975419932380465,0.9999999821973162
DRegular,8,2,,7,10,19.548228590749204,36.84956984128803,614,1122,0.9975419920997316,0.9999996060510508
DRegular,8,2,,7,11,18.61841898597777,27.401784718967974,604,876,0.9975419921222691,0.9999997966906666
DRegular,8,2,,7,12,19.216376017779112,32.27170362044126,610,1008,0.997541992799194,0.9999999532640235
DRegular,8,2,,7,13,36.50662214215845,31.841932128183544,1116,994,0.9992893594618316,0.999289321603093
DRegular,8,2,,7,14,33.76867724303156,34.224593120627105,1040,1062,0.9992891844511093,0.9992893541873819
DRegular,8,2,,7,15,19.089756364934146,41.18609682191163,610,1208,0.9975419930702927,0.999342654402099
DRegular,8,2,,7,16,34.25959478132427,35.08655451890081,1072,1072,0.9992893610174364,0.9992893695145457
DRegular,8,2,,7,17,19.347819407470524,33.527761867269874,612,1044,0.9975419928236586,0.9999999739877763
DRegular,8,2,,7,18,19.635867588222027,42.94343653600663,608,1234,0.9975419927970823,0.9998638070094058
DRegular,8,2,,7,19,19.395385896787047,46.32238556351513,604,1320,0.9975419919679455,0.9999984550634534
DRegular,8,2,,8,0,24.16439337376505,64.054200056009,790,1936,0.9814584348732684,0.9994902607358966
DRegular,8,2,,8,1,50.31897046696395,56.20634618960321,1544,1700,0.9999164154120197,0.9999165840730931
DRegular,8,2,,8,2,63.3447071807459,52.449564709328115,1834,1604,0.9999216791711514,0.9999162761751964
DRegular,8,2,,8,3,18.37212318275124,39.30087549705058,628,1210,0.9999995081810891,0.999999998336
DRegular,8,2,,8,4,56.1403674306348,53.57148812804371,1606,1570,0.9999182050209758,0.9999163560249739
DRegular,8,2,,8,5,85.29435871634632,54.74420163780451,2272,1610,0.9999590003653801,0.999917215460456
DRegular,8,2,,8,6,24.215687124058604,31.692008882761,752,976,0.9814583920358212,0.9999980105156818
DRegular,8,2,,8,7,24.216954448260367,65.96121912170202,730,1858,0.9814584460601605,0.9988209522582334
DRegular,8,2,,8,8,22.42991190869361,46.54547133948654,632,1264,0.9999993892171695,0.9999999912916051
DRegular,8,2,,8,9,25.383770003914833,51.30090839974582,742,1518,0.9814584324898183,0.9999989794742185
DRegular,8,2,,8,10,28.007484749890864,56.458974556066096,806,1552,0.9814584352351867,0.9999829574781449
DRegular,8,2,,8,11,24.637283515185118,42.97714294027537,732,1208,0.9814582418128168,0.999975342173689
DRegular,8,2,,8,12,25.008794856257737,52.977952242828906,742,1462,0.9814584450720104,0.9999995387858664
DRegular,8,2,,8,13,61.2438138499856,57.406503181904554,1654,1530,0.9999215363476281,0.999917321639851
DRegular,8,2,,8,14,57.52183215972036,55.53204243630171,1560,1520,0.9999165784183841,0.9999163814435148
DRegular,8,2,,8,15,25.563000987283885,63.9018796114251,742,1688,0.9814584211872927,0.9999862073595451
DRegular,8,2,,8,16,59.369358335621655,57.24157474655658,1582,1546,0.9999167881008081,0.9999161879544148
DRegular,8,2,,8,17,26.300998834893107,54.6539321243763,754,1466,0.9814584521475309,0.9999379240267191
DRegular,8,2,,8,18,25.911926759406924,55.4813966806978,744,1504,0.981458442675388,0.9999986892129771
DRegular,8,2,,8,19,26.901413428597152,77.30383583903313,734,1938,0.9814584324833537,0.9995648900535977
DRegular,8,2,,9,0,44.03009841777384,106.2927673496306,1226,2860,0.9999999941811242,0.9999998082727964
DRegular,8,2,,9,1,140.32317356485873,106.41728712711483,3476,2760,0.999991589539865,0.9999452164206096
DRegular,8,2,,9,2,138.5930245872587,109.42745130509138,3448,2866,0.9999912819732412,0.9999870030972052
DRegular,8,2,,9,3,22.28253583982587,49.79954127315432,714,1432,0.9999992147456668,0.9999999732411432
DRegular,8,2,,9,4,131.10011992417276,115.56448734086007,3156,2822,0.9999917954725017,0.9999863307725194
DRegular,8,2,,9,5,131.7621213104576,125.46888148970902,3158,3046,0.9999950656401743,0.999991720263921
DRegular,8,2,,9,6,78.72081819921732,49.155501659959555,1858,1326,0.9999994776945085,0.9999985250707734
DRegular,8,2,,9,7,69.63896440062672,94.51372548844665,1604,2412,0.9999973356448613,0.9991410083735723
DRegular,8,2,,9,8,27.67962055467069,67.10968964453787,724,1668,0.9999991001489785,0.9999994830450477
DRegular,8,2,,9,9,69.91764718852937,79.19326188694686,1582,2030,0.9999993341243003,0.9999993854289146
DRegular,8,2,,9,10,67.91846725344658,124.08728375006467,1568,2858,0.9999975199276124,0.9999680166341934
DRegular,8,2,,9,11,48.52197376266122,84.3555303812027,1192,1970,0.999999840250068,0.9999925768142132
DRegular,8,2,,9,12,71.4127088189125,71.25744501315057,1618,1810,0.9999983676748924,0.9999993249798531
DRegular,8,2,,9,13,88.46385059319437,101.03571563959122,2184,2328,0.9999088462628567,0.9999457308310232
DRegular,8,2,,9,14,107.90248220972717,129.1502434629947,2516,2912,0.9999465342254973,0.9999858162762688
DRegular,8,2,,9,15,66.96836899872869,83.94978563021868,1520,2062,0.9999990779309584,0.9999995891558098
DRegular,8,2,,9,16,134.2757139839232,106.29124106094241,3018,2470,0.9999907791535403,0.999999244818215
DRegular,8,2,,9,17,63.3006347687915,91.47811406943947,1436,2170,0.9999991142308964,0.9998294945862798
DRegular,8,2,,9,18,69.49328920803964,72.74585905764252,1550,1818,0.9999986051376296,0.9999896140352384
DRegular,8,2,,9,19,62.25230257026851,101.57529085036367,1356,2410,0.9999994811287478,0.9999949808677471
DRegular,8,2,,10,0,52.69192922394723,122.71836575027555,1402,3182,0.9999938835500196,0.9999865361338527
DRegular,8,2,,10,1,177.58058754354715,154.50333855394274,4208,3670,0.9999847563827293,0.9999898889368142
DRegular,8,2,,10,2,164.32802611216903,164.10888440534472,3904,3934,0.999998507353336,0.999983480946247
DRegular,8,2,,10,3,29.494234185665846,54.450162313878536,854,1522,0.9999999095897643,0.9999999984540318
DRegular,8,2,,10,4,170.4001847282052,155.07867809664458,3828,3498,0.999985168863789,0.9999703842801223
DRegular,8,2,,10,5,172.78304361645132,185.2638786379248,3878,4150,0.9999933296901049,0.999997057407242
DRegular,8,2,,10,6,106.22934220079333,65.4476832812652,2362,1624,0.9988891037894071,0.999998601088958
DRegular,8,2,,10,7,98.92301410157233,132.98985160142183,2104,3060,0.9999981359039158,0.9999995168468003
DRegular,8,2,,10,8,35.484188684262335,72.65431798994541,864,1740,0.9999999177002484,0.999999996689066
DRegular,8,2,,10,9,84.96293010376394,88.95827070251107,1816,2192,0.9999991770809802,0.9999994866205691
DRegular,8,2,,10,10,92.21048523019999,142.12557265348732,1998,3184,0.9999999398321928,0.9999997551012982
DRegular,8,2,,10,11,56.86905554123223,107.32148876134306,1330,2374,0.9999973407991803,0.9999998273394519
DRegular,8,2,,10,12,87.95653073582798,83.84962317626923,1902,2026,0.9999997640951608,0.9999987546100779
DRegular,8,2,,10,13,156.9017381425947,125.12204195652157,3316,2722,0.9999999083033044,0.9999943669184419
DRegular,8,2,,10,14,133.0262050954625,184.7124149342999,2932,3812,0.9999951213064212,0.9999807024829082
DRegular,8,2,,10,15,79.17893260717392,109.57017808035016,1714,2496,0.99999938308393,0.9999997945041241
DRegular,8,2,,10,16,157.33809289429337,169.47299749217927,3372,3488,0.9999960380745962,0.9999829188109347
DRegular,8,2,,10,17,80.10158113669604,133.84833304211497,1714,2870,0.9999995653556162,0.9999991272745594
DRegular,8,2,,10,18,88.49517267476767,88.62237267196178,1856,2088,0.9999999463677558,0.9999997163470735
DRegular,8,2,,10,19,83.17236282397062,158.23694077041,1664,3312,0.9999998629237714,0.9999999476827754
DRegular,8,3,,1,0,0.3349762730067596,0.32939044502563775,16,16,0.5335324205007383,0.5335324205007387
DRegular,8,3,,1,1,0.33311873103957623,0.3333813429926522,16,16,0.5335324205007385,0.533532420500738
DRegular,8,3,,1,2,0.2725826079840772,0.3371078879572451,16,16,0.5335324205007385,0.5335324205007387
DRegular,8,3,,1,3,0.3555720109725371,0.2858290579752065,18,18,0.551243068680789,0.5512430686807894
DRegular,8,3,,1,4,0.34595531603554264,0.34439519298030064,16,16,0.5335324205007385,0.5335324205007379
DRegular,8,3,,1,5,0.35300055699190125,0.3453905680216849,16,16,0.5335324205007385,0.5335324205007387
DRegular,8,3,,1,6,0.25578000402310863,0.254968196968548,14,14,0.5038567249169638,0.5038567249169646
DRegular,8,3,,1,7,0.3591612189775333,0.27043174899881706,16,16,0.5335324205007383,0.5335324205007387
DRegular,8,3,,1,8,0.25646680901991203,0.3384724379866384,14,14,0.5038567249169638,0.5038567249169646
DRegular,8,3,,1,9,0.3643990220152773,0.36295448400778696,16,16,0.5335324205007385,0.5335324205007389
DRegular,8,3,,1,10,0.25500913901487365,0.25658405502326787,14,14,0.5714407265463678,0.5714407265463685
DRegular,8,3,,1,11,0.2568553389864974,0.2553752259700559,14,14,0.5714407265463678,0.5714407265463685
DRegular,8,3,,1,12,0.27180275501450524,0.38125602598302066,16,16,0.5335324205007383,0.533532420500738
DRegular,8,3,,1,13,0.2722337240120396,0.27060253702802584,16,16,0.5335324205007383,0.5335324205007388
DRegular,8,3,,1,14,0.2741233989945613,0.274982285045553,16,16,0.5335324205007385,0.5335324205007389
DRegular,8,3,,1,15,0.28764407301787287,0.26606582204112783,18,18,0.691779467435061,0.6917794674350619
DRegular,8,3,,1,16,0.251788062043488,0.2716324020293541,16,16,0.5335324205007385,0.5335324205007389
DRegular,8,3,,1,17,0.27261677401838824,0.27337438298854977,16,16,0.5335324205007385,0.5335324205007389
DRegular,8,3,,1,18,0.25655427295714617,0.25475585903041065,14,14,0.5038567249169638,0.5038567249169646
DRegular,8,3,,1,19,0.25736333697568625,0.25640796503284946,14,14,0.5038567249169638,0.5038567249169635
DRegular,8,3,,2,0,0.6806161790154874,0.7423083779867738,50,50,0.654219727328107,0.6542197273281074
DRegular,8,3,,2,1,0.6816565140034072,0.7418302070000209,50,50,0.6542197273281077,0.6542197273281075
DRegular,8,3,,2,2,0.7455826520454139,0.67839550296776,50,50,0.6542197273281066,0.6542197273281077
DRegular,8,3,,2,3,0.6547819150146097,0.722253980988171,48,48,0.6892337180101746,0.6892337180101756
DRegular,8,3,,2,4,0.683882761048153,0.6831770819844678,50,50,0.6542197273281082,0.654219727328108
DRegular,8,3,,2,5,0.7569895370397717,0.6805377450073138,50,50,0.6542197273281071,0.6542197273281075
DRegular,8,3,,2,6,0.855459289974533,0.8536365239997394,56,56,0.5840535588515597,0.5840535588515604
DRegular,8,3,,2,7,0.6829077629954554,0.7645645369775593,50,50,0.6542197273281068,0.6542197273281077
DRegular,8,3,,2,8,0.8574554800288752,0.7706774389953353,56,56,0.5840535588515595,0.5840535588515586
DRegular,8,3,,2,9,0.683407537988387,0.6803125820006244,50,50,0.6542197273281071,0.6542197273281075
DRegular,8,3,,2,10,0.7093124969978817,0.7043629010440782,44,44,0.7250358822361135,0.7250358822361144
DRegular,8,3,,2,11,0.6203602569876239,0.7165921260020696,44,44,0.725035882236113,0.7250358822361139
DRegular,8,3,,2,12,0.7897880030213855,0.6854846570058726,50,50,0.6542197273281068,0.6542197273281078
DRegular,8,3,,2,13,0.6861094029736705,0.6834042639820836,50,50,0.654219727328108,0.6542197273281075
DRegular,8,3,,2,14,0.7999810960027389,0.8010258380090818,50,50,0.654219727328107,0.6542197273281075
DRegular,8,3,,2,15,0.8201661120401695,0.8211795759852976,52,52,0.8498662683556382,0.849866268355636
DRegular,8,3,,2,16,0.8049680449767038,0.681706684990786,50,50,0.6542197273281071,0.6542197273281074
DRegular,8,3,,2,17,0.8047042929683812,0.8119282349944115,50,50,0.6542197273281082,0.6542197273281077
DRegular,8,3,,2,18,0.8985838629887439,0.8972281299647875,56,56,0.5840535588515601,0.5840535588515606
DRegular,8,3,,2,19,0.9069682380068116,0.7677588800434023,56,56,0.58405355885156,0.584053558851561
DRegular,8,3,,3,0,2.0357420439831913,1.9921216379734688,118,118,0.716562398082094,0.7165623980820942
DRegular,8,3,,3,1,2.0528130650054663,1.9959810079890303,118,118,0.7165623980820978,0.716562398082095
DRegular,8,3,,3,2,2.0823576059774496,2.0952180409803987,118,118,0.7165623980820971,0.7165623980820989
DRegular,8,3,,3,3,1.9187986809993163,1.873606956040021,108,108,0.7405808267311526,0.7405808267311503
DRegular,8,3,,3,4,2.133535742003005,2.098497833008878,118,118,0.7165623980820958,0.7165623980820968
DRegular,8,3,,3,5,2.0694496739888564,2.1487823859788477,118,118,0.7165623980820973,0.7165623980820942
DRegular,8,3,,3,6,2.0834811300155707,2.0958856630022638,120,120,0.7301045860994152,0.7301045860994133
DRegular,8,3,,3,7,2.094994668965228,2.0899387619574554,118,118,0.7165623980820964,0.7165623980820945
DRegular,8,3,,3,8,2.123075034993235,2.213040473056026,120,120,0.730104586099417,0.7301045860994154
DRegular,8,3,,3,9,2.1281173120369203,2.1246745259850286,118,118,0.7165623980820968,0.7165623980820971
DRegular,8,3,,3,10,1.927460269012954,1.9195157020003535,108,108,0.8168094963461553,0.8168094963461532
DRegular,8,3,,3,11,2.001291077991482,1.9200877170078456,108,108,0.8168094963461558,0.8168094963461546
DRegular,8,3,,3,12,2.178378885029815,2.166795311961323,118,118,0.7165623980820975,0.7165623980820931
DRegular,8,3,,3,13,2.195377215044573,2.1815052509773523,118,118,0.7165623980820938,0.7165623980820959
DRegular,8,3,,3,14,2.085589214984793,2.0852030680398457,118,118,0.7165623980820951,0.7165623980820984
DRegular,8,3,,3,15,1.6283831520122476,1.729470617021434,98,98,0.7419586736196732,0.741958673619673
DRegular,8,3,,3,16,2.097656729980372,2.209114508004859,118,118,0.7165623980820972,0.7165623980820967
DRegular,8,3,,3,17,2.2364560709684156,2.116686968016438,118,118,0.7165623980820955,0.716562398082094
DRegular,8,3,,3,18,2.139460225997027,2.1307502709678374,120,120,0.7301045860994148,0.7301045860994155
DRegular,8,3,,3,19,2.180944880004972,2.300959049956873,120,120,0.7301045860994176,0.730104586099415
DRegular,8,3,,4,0,3.6502748249913566,3.645556043018587,182,182,0.6090618329462346,0.6090618329462328
DRegular,8,3,,4,1,3.6911946419859305,3.7011030959547497,182,182,0.6090618329462316,0.6090618329462335
DRegular,8,3,,4,2,3.6816577370045707,3.6669003919814713,182,182,0.6090618329462343,0.6090618329462304
DRegular,8,3,,4,3,4.346462549001444,4.333941960008815,204,204,0.6463501583806303,0.6463501583806277
DRegular,8,3,,4,4,3.7593570089666173,3.739001636975445,182,182,0.6090618329462328,0.6090618329462331
DRegular,8,3,,4,5,3.8024376279790886,3.690832903026603,182,182,0.609061832946232,0.609061832946234
DRegular,8,3,,4,6,4.413446764985565,4.340712218952831,208,208,0.7172868040220483,0.7172868040220459
DRegular,8,3,,4,7,3.767672022979241,3.7256678179837763,182,182,0.6090618329462311,0.6090618329462335
DRegular,8,3,,4,8,4.405047967040446,4.336463637999259,208,208,0.7172868040220469,0.7172868040220496
DRegular,8,3,,4,9,3.8529127439833246,3.78916007198859,182,182,0.6090618329462312,0.6090618329462324
DRegular,8,3,,4,10,3.096321815974079,3.104959614982363,150,150,0.838306207761527,0.8383062077615291
DRegular,8,3,,4,11,3.1313457150245085,3.139481133024674,150,150,0.8383062077615296,0.838306207761529
DRegular,8,3,,4,12,3.868805281003006,3.8669234880362637,182,182,0.6090618329462312,0.6090618329462334
DRegular,8,3,,4,13,3.9191056560375728,3.8990083259996027,182,182,0.6090618329462298,0.6090618329462328
DRegular,8,3,,4,14,3.952981185982935,3.9746574299642816,182,182,0.6090618329462337,0.6090618329462316
DRegular,8,3,,4,15,4.398021105967928,4.236875784990843,192,192,0.9999999999008959,0.9999999999008924
DRegular,8,3,,4,16,3.9697595829493366,3.8245193099719472,182,182,0.6090618329462291,0.6090618329462321
DRegular,8,3,,4,17,3.8745119150262326,3.8737202060292475,182,182,0.6090618329462361,0.609061832946232
DRegular,8,3,,4,18,4.5718567639705725,4.547747377015185,208,208,0.7172868040220465,0.7172868040220504
DRegular,8,3,,4,19,4.647703261987772,4.67378325300524,208,208,0.7172868040220527,0.7172868040220468
DRegular,8,3,,5,0,7.7392931210342795,7.718358373967931,316,316,0.7507326879517158,0.7507326880374778
DRegular,8,3,,5,1,7.816976403992157,7.7834969570394605,316,316,0.7507326879429034,0.7507326879857241
DRegular,8,3,,5,2,7.788991540030111,7.841016625985503,316,316,0.7507326880029187,0.7507326879296837
DRegular,8,3,,5,3,7.681441577035002,7.717128610005602,312,312,0.7950291487601174,0.7950291487600764
DRegular,8,3,,5,4,7.970041776949074,7.9197007159818895,316,316,0.750732688057071,0.7507326880163793
DRegular,8,3,,5,5,7.945943424012512,8.003946117009036,316,316,0.7507326880575,0.7507326880024595
DRegular,8,3,,5,6,8.925357892992906,8.983094285998959,352,352,0.7941602809747551,0.7941602809747509
DRegular,8,3,,5,7,8.06934992101742,8.08338723599445,316,316,0.7507326879509616,0.7507326880820222
DRegular,8,3,,5,8,9.05074502696516,9.146767392987385,352,352,0.7941602809747601,0.7941602809747527
DRegular,8,3,,5,9,8.23382563504856,8.262721902050544,316,316,0.7507326879761868,0.7507326880093047
DRegular,8,3,,5,10,7.2797266519628465,7.258431472990196,276,276,0.8780246563663425,0.8780246563663917
DRegular,8,3,,5,11,7.326361445011571,7.304576279013418,276,276,0.8780246563663522,0.8780246563663624
DRegular,8,3,,5,12,8.428637489036191,8.329532601987012,316,316,0.7507326880540015,0.7507326879418258
DRegular,8,3,,5,13,8.371341975987889,8.419220810988918,316,316,0.750732687959832,0.7507326880220667
DRegular,8,3,,5,14,8.395610254025087,8.421494776033796,316,316,0.7507326880016906,0.7507326880442192
DRegular,8,3,,5,15,6.122633867023978,6.131849784986116,246,246,0.9999999981648755,0.9999999981648291
DRegular,8,3,,5,16,8.559642278007232,8.418110098980833,316,316,0.7507326880838138,0.7507326880070054
DRegular,8,3,,5,17,8.53782719996525,8.482942311966326,316,316,0.7507326880255504,0.7507326880222326
DRegular,8,3,,5,18,9.591559208987746,9.479073335998692,352,352,0.7941602809747522,0.794160280974752
DRegular,8,3,,5,19,9.76055968599394,9.789263485989068,352,352,0.794160280974756,0.7941602809747482
DRegular,8,3,,6,0,13.913222584000323,14.518599252973218,486,506,0.8656600830646037,0.8656600812348016
DRegular,8,3,,6,1,14.319140592997428,14.66904169600457,498,508,0.8656600801378892,0.8656600832811147
DRegular,8,3,,6,2,14.81735003401991,14.31069675902836,508,492,0.8656600832719324,0.8656600831957931
DRegular,8,3,,6,3,12.809343321016058,12.202575408970006,448,436,0.896273924313868,0.8962739238896503
DRegular,8,3,,6,4,15.039237302029505,14.565594510000665,508,496,0.8656600822500821,0.8656600833519145
DRegular,8,3,,6,5,14.71144430199638,15.218338512000628,498,508,0.8656600829457369,0.8656600828064437
DRegular,8,3,,6,6,13.159084784972947,13.238019576994702,466,466,0.35223267579808987,0.35223267579809464
DRegular,8,3,,6,7,14.76492413500091,15.12832758098375,494,504,0.8656600833666599,0.865660083180451
DRegular,8,3,,6,8,13.488857941003516,13.415917559002992,466,466,0.3522326757980896,0.35223267579809336
DRegular,8,3,,6,9,15.742947392980568,15.26312344300095,510,496,0.8656600817095578,0.8656600825952503
DRegular,8,3,,6,10,12.70126619801158,12.687286752974615,410,412,0.5570481525471588,0.557048152820632
DRegular,8,3,,6,11,12.545594494964462,12.732347606972326,410,410,0.5570481525113871,0.5570481524058577
DRegular,8,3,,6,12,15.877459779963829,15.48487164202379,504,496,0.8656600833278572,0.8656600816135077
DRegular,8,3,,6,13,15.646988213004079,15.752358508994803,496,496,0.8656600835552922,0.8656600833614801
DRegular,8,3,,6,14,16.074199647991918,15.849909694050439,508,502,0.8656600822614685,0.8656600821308724
DRegular,8,3,,6,15,10.250317874946631,10.426074097049423,346,350,0.9999999996896354,0.9999999999806046
DRegular,8,3,,6,16,15.872564976976719,15.717890471976716,500,496,0.8656600832010185,0.8656600817922095
DRegular,8,3,,6,17,15.742079222982284,15.740749249991495,492,494,0.8656600820920017,0.8656600825239305
DRegular,8,3,,6,18,14.237737325020134,14.212471740029287,466,466,0.3522326757980927,0.3522326757980922
DRegular,8,3,,6,19,14.504346871981397,14.501269667001907,466,466,0.3522326757980896,0.35223267579809137
DRegular,8,3,,7,0,23.97689386503771,26.134632975968998,728,786,0.9247146345887157,0.924714638194378
DRegular,8,3,,7,1,24.2829828709946,25.024484271008987,734,752,0.9247146355587983,0.9247146361398965
DRegular,8,3,,7,2,24.34615361102624,23.43679454503581,730,710,0.9247146379181653,0.9247146380125374
DRegular,8,3,,7,3,20.81864905700786,20.26304572704248,632,626,0.905912527325687,0.9059125295222511
DRegular,8,3,,7,4,27.351518353971187,24.702541893988382,788,732,0.9247146382425036,0.9247146384077722
DRegular,8,3,,7,5,25.157580258965027,27.758260296017397,736,802,0.9247146346678353,0.9247146392561595
DRegular,8,3,,7,6,19.31475435302127,19.20829583198065,604,602,0.8340798124670393,0.8340798117938757
DRegular,8,3,,7,7,25.32812737498898,26.270541568053886,730,754,0.9247146363738415,0.9247146361615396
DRegular,8,3,,7,8,19.74269977095537,19.77749996399507,604,602,0.8340798124550325,0.8340798117580334
DRegular,8,3,,7,9,26.94368895300431,25.717654555977788,754,722,0.9247146362460931,0.924714635705128
DRegular,8,3,,7,10,24.948735542944632,27.25378978200024,674,724,0.8467477593256215,0.9059390979877365
DRegular,8,3,,7,11,28.25446240796009,25.0748020579922,742,676,0.8998426570603013,0.8467477532736969
DRegular,8,3,,7,12,26.827963684976567,25.28662432101555,738,702,0.9247146384372149,0.9247146385857835
DRegular,8,3,,7,13,28.14284334902186,26.77097536396468,758,730,0.9247146370104448,0.9247146394598325
DRegular,8,3,,7,14,27.264496307994705,28.0665743839927,742,752,0.9247146348050523,0.9247146388774364
DRegular,8,3,,7,15,12.847892286954448,13.183666521974374,402,410,0.9999999999743048,0.9999999994251247
DRegular,8,3,,7,16,26.83420527196722,26.779340545996092,722,726,0.9247146241149357,0.9247146368341225
DRegular,8,3,,7,17,26.524111940001603,28.19756895804312,714,756,0.9247146353766923,0.9247146346320437
DRegular,8,3,,7,18,20.75471071503125,20.67836477601668,602,602,0.834079811798099,0.83407981174925
DRegular,8,3,,7,19,21.558255082985852,21.08993531903252,604,602,0.8340798124155108,0.8340798117548408
DRegular,8,3,,8,0,41.47763826296432,42.470581504981965,1098,1124,0.8861941459915057,0.8861941076653911
DRegular,8,3,,8,1,41.89243796200026,38.718567740987055,1096,1038,0.886194142231446,0.8717845399574142
DRegular,8,3,,8,2,39.75373190495884,44.96539888496045,1054,1092,0.8861941445514471,0.8861941443747748
DRegular,8,3,,8,3,34.17193936998956,33.236143211019225,910,888,0.9591571552747862,0.959157093249778
DRegular,8,3,,8,4,45.97144798998488,42.05776257999241,1170,1078,0.8861941429438246,0.8861941439684727
DRegular,8,3,,8,5,41.82960562896915,46.33724462601822,1074,1168,0.8861941424051664,0.8861941320983385
DRegular,8,3,,8,6,44.61813068803167,59.83676435297821,1096,1392,0.671412413215903,0.7761721723748666
DRegular,8,3,,8,7,42.557053341006394,44.666651666979305,1066,1114,0.8861941178175105,0.8861941427657393
DRegular,8,3,,8,8,38.21664595796028,46.50929765601177,956,1114,0.8366639320419017,0.8310505492976447
DRegular,8,3,,8,9,46.72046088799834,44.69534491200466,1128,1082,0.8861941442679563,0.8861941447075953
DRegular,8,3,,8,10,36.43732723797439,37.270813616982196,884,904,0.5823099270549991,0.9490158657369229
DRegular,8,3,,8,11,65.67711093300022,37.628928033984266,1440,914,0.9661985379956263,0.5823099265115433
DRegular,8,3,,8,12,46.21208480396308,46.56498009595089,1094,1096,0.8861941454875429,0.8861941232897244
DRegular,8,3,,8,13,47.385421432962175,46.82458769402001,1116,1094,0.8861941449975941,0.8861941451637357
DRegular,8,3,,8,14,50.07546532701235,47.667945833993144,1150,1110,0.886194142342402,0.8861941463466096
DRegular,8,3,,8,15,16.963877413014416,16.549730696016923,474,470,0.9999999999040137,0.9999999999093994
DRegular,8,3,,8,16,46.537406591989566,53.357450616022106,1080,1098,0.8861941453045667,0.886194144091082
DRegular,8,3,,8,17,45.468667510023806,47.974033057980705,1058,1112,0.8861941364658752,0.8861941328746208
DRegular,8,3,,8,18,35.99642075895099,46.3733552939957,872,1054,0.9041162141517325,0.5926306849929796
DRegular,8,3,,8,19,41.713424187968485,62.13503922300879,958,1336,0.821852582971415,0.8166292339924256
DRegular,8,3,,9,0,53.75508884299779,58.963640436006244,1336,1432,0.9477049427653519,0.9348263183938003
DRegular,8,3,,9,1,54.36650803597877,51.54802481899969,1332,1280,0.9477049533912085,0.9209879401586302
DRegular,8,3,,9,2,53.24675201601349,66.31207128695678,1302,1530,0.9477049556385556,0.944926545954099
DRegular,8,3,,9,3,52.272910624044016,53.246950892033055,1244,1252,0.951957168988869,0.9519571564896147
DRegular,8,3,,9,4,77.3634260869585,56.65289683098672,1722,1346,0.9290940161081812,0.9477049546839308
DRegular,8,3,,9,5,54.53746191400569,69.45549529697746,1298,1580,0.9477049590676808,0.9546835445118083
DRegular,8,3,,9,6,94.98107571701985,92.97286290000193,2004,1986,0.8161750972774359,0.9377134566555657
DRegular,8,3,,9,7,55.47949538001558,59.72273768199375,1296,1370,0.9477049551970844,0.9477049493702806
DRegular,8,3,,9,8,57.447557555977255,69.2285817420343,1286,1504,0.8974126950629197,0.8518716870100652
DRegular,8,3,,9,9,59.21346820396138,59.80533464503242,1336,1328,0.9477049575180746,0.9477049522939475
DRegular,8,3,,9,10,48.659769333025906,48.98022776900325,1090,1104,0.5699652654204774,0.9510032804677886
DRegular,8,3,,9,11,79.66804191697156,49.761274395976216,1670,1112,0.9577600265190639,0.5699652695347196
DRegular,8,3,,9,12,62.94779808400199,61.85384107497521,1366,1348,0.9477049363851142,0.9477049563749712
DRegular,8,3,,9,13,63.30665228201542,63.18327944196062,1372,1356,0.9477049586459726,0.9477049553216146
DRegular,8,3,,9,14,66.27579470002092,76.32013080397155,1416,1576,0.9477049476865381,0.9403179569943144
DRegular,8,3,,9,15,20.178531098004896,19.290821592963766,524,514,0.9999999995354223,0.9999999999404499
DRegular,8,3,,9,16,71.15594496997073,71.05333567195339,1476,1484,0.9379144385078851,0.9379144188017962
DRegular,8,3,,9,17,71.23163257300621,81.31184645101894,1466,1652,0.9449265460514038,0.9403179578931923
DRegular,8,3,,9,18,57.55393204203574,70.96795903105522,1220,1448,0.926148086083598,0.45892672795720485
DRegular,8,3,,9,19,65.42546483600745,105.56847388198366,1320,2014,0.9090762211658522,0.7753433463235684
DRegular,8,3,,10,0,76.64792185102124,74.96976678899955,1716,1706,0.9467357401409938,0.9522187171569024
DRegular,8,3,,10,1,81.5396864740178,76.03580149798654,1786,1702,0.9467357494619185,0.9564855574987576
DRegular,8,3,,10,2,79.33360234595602,86.35462612198899,1734,1872,0.9467357496276602,0.9561595626810252
DRegular,8,3,,10,3,73.74406625400297,73.24215454998193,1578,1574,0.9776546044307497,0.9776546211172107
DRegular,8,3,,10,4,116.1656027029967,85.92784681997728,2362,1820,0.954519554847603,0.9467357324352991
DRegular,8,3,,10,5,82.64994258398656,106.74860504100798,1740,2192,0.9467357505610597,0.9491772717132491
DRegular,8,3,,10,6,116.1075476030237,131.06392295501428,2330,2588,0.8689951778518131,0.9192068799569268
DRegular,8,3,,10,7,81.76414519699756,87.77526959200623,1688,1788,0.946735756232039,0.9467357401260504
DRegular,8,3,,10,8,78.2556525390246,128.68067833199166,1604,2392,0.8377278956873696,0.9126189865599884
DRegular,8,3,,10,9,87.47801812598482,86.55064258800121,1758,1728,0.9467357418377266,0.9467357546593167
DRegular,8,3,,10,10,72.58431949099759,83.86868295597378,1446,1628,0.6095523644918842,0.9728246499785068
DRegular,8,3,,10,11,112.73157106497092,73.01869531301782,2148,1450,0.9850033366016421,0.6095523651147167
DRegular,8,3,,10,12,91.35044237598777,92.50326361501357,1790,1796,0.946735736527489,0.9467357536719904
DRegular,8,3,,10,13,93.83003379398724,86.81146336602978,1806,1706,0.946735758517776,0.9467356984997702
DRegular,8,3,,10,14,94.2567882600124,102.81135685095796,1810,1958,0.9467357664265766,0.9318853311003363
DRegular,8,3,,10,15,23.03639729099814,22.912681368004996,566,568,0.9999999991591662,0.9999999999576059
DRegular,8,3,,10,16,104.33766491897404,106.46775778400479,1954,2000,0.9543208453678794,0.9543208486078809
DRegular,8,3,,10,17,103.75096810702235,110.98944412602577,1930,2074,0.9484146792764548,0.9357046302866734
DRegular,8,3,,10,18,89.9766359119676,99.66210046299966,1682,1866,0.8909213009104321,0.8593753916028591
DRegular,8,3,,10,19,89.49466691794805,119.19842549099121,1656,2220,0.919223357875185,0.5050053714379229
DRegular,9,2,,1,0,0.5493133207783103,0.29739329032599926,22,20,0.6463524590050962,0.6758706530701346
DRegular,9,2,,1,1,0.33218905236572027,0.2975390274077654,22,20,0.6463524590050962,0.6758706530701345
DRegular,9,2,,1,2,0.27766897436231375,0.29544632975012064,20,20,0.6941258491798699,0.6831277214132654
DRegular,9,2,,1,3,0.2778774043545127,0.29927216470241547,20,20,0.6941258491798699,0.6941258491798694
DRegular,9,2,,1,4,0.3134256433695555,0.29801528993994,22,20,0.6463524590050962,0.6758706530701346
DRegular,9,2,,1,5,0.2931512277573347,0.2972142482176423,20,20,0.6941258491798699,0.6941258491798694
DRegular,9,2,,1,6,0.36217690352350473,0.29689814895391464,20,20,0.6941258491798696,0.6941258491798694
DRegular,9,2,,1,7,0.2980370372533798,0.29799990728497505,20,20,0.6941258491798699,0.6941258491798699
DRegular,9,2,,1,8,0.38053558114916086,0.297975673340261,22,20,0.6463524590050962,0.6758706530701347
DRegular,9,2,,1,9,0.31313150096684694,0.29597052559256554,22,20,0.6463524590050963,0.6758706530701346
DRegular,9,2,,1,10,0.2985681528225541,0.36730286851525307,20,20,0.6941258491798699,0.6831277214132654
DRegular,9,2,,1,11,0.2926228763535619,0.29784569796174765,22,20,0.6463524590050962,0.6758706530701346
DRegular,9,2,,1,12,0.29873981047421694,0.2959991255775094,20,20,0.6941258491798699,0.6941258491798694
DRegular,9,2,,1,13,0.2977136392146349,0.3768276013433933,20,20,0.6941258491798696,0.6941258491798694
DRegular,9,2,,1,14,0.29698082711547613,0.2951481519266963,20,20,0.6941258491798699,0.6941258491798694
DRegular,9,2,,1,15,0.3140811622142792,0.29614470060914755,22,20,0.6463524590050962,0.6758706530701348
DRegular,9,2,,1,16,0.29967678152024746,0.29633798263967037,20,20,0.6941258491798699,0.6941258491798694
DRegular,9,2,,1,17,0.299854701384902,0.29928765911608934,20,20,0.6941258491798696,0.6941258491798694
DRegular,9,2,,1,18,0.29833773989230394,0.296178724616766,20,20,0.6941258491798699,0.6941258491798694
DRegular,9,2,,1,19,0.30928667075932026,0.29814152140170336,22,20,0.6463524590050962,0.6758706530701346
DRegular,9,2,,2,0,0.9305825931951404,0.8787359148263931,70,66,0.7081542354973231,0.7179250219874524
DRegular,9,2,,2,1,0.9215340185910463,0.8785927938297391,70,66,0.7081542354973234,0.7179250219874524
DRegular,9,2,,2,2,1.0854220194742084,0.6911494471132755,82,50,0.8266240161660601,0.6552498665257924
DRegular,9,2,,2,3,0.940542358905077,0.9399929186329246,70,70,0.7899501276763703,0.7899501276763703
DRegular,9,2,,2,4,0.9304635524749756,0.8903230633586645,70,66,0.7081542354973237,0.7179250219874524
DRegular,9,2,,2,5,0.943671534769237,0.946735474281013,70,70,0.7899501276763703,0.7899501276763704
DRegular,9,2,,2,6,0.9512486672028899,0.9503356758505106,70,70,0.7899501276763707,0.7899501276763703
DRegular,9,2,,2,7,0.9564732722938061,0.9485609605908394,70,70,0.7899501276763703,0.7899501276763703
DRegular,9,2,,2,8,0.8800924839451909,0.907687739469111,70,66,0.7081542354973234,0.7179250219874524
DRegular,9,2,,2,9,0.9536100905388594,0.9057995425537229,70,66,0.7081542354973231,0.717925021987452
DRegular,9,2,,2,10,1.1093010818585753,0.645167144946754,82,50,0.826624016166062,0.6552498665257924
DRegular,9,2,,2,11,0.8737050788477063,0.8991899890825152,70,66,0.7081542354973238,0.717925021987452
DRegular,9,2,,2,12,0.9772367440164089,0.9635621979832649,70,70,0.7899501276763704,0.7899501276763703
DRegular,9,2,,2,13,0.9738576235249639,0.8834598213434219,70,70,0.7899501276763709,0.7899501276763703
DRegular,9,2,,2,14,0.8859600769355893,0.9719826178625226,70,70,0.7899501276763704,0.7899501276763703
DRegular,9,2,,2,15,0.9649048298597336,0.9287943430244923,70,66,0.7081542354973231,0.7179250219874523
DRegular,9,2,,2,16,0.9935570694506168,0.9801060613244772,70,70,0.7899501276763703,0.7899501276763703
DRegular,9,2,,2,17,0.9907202506437898,0.9779721368104219,70,70,0.7899501276763709,0.7899501276763703
DRegular,9,2,,2,18,1.0360425021499395,0.9831513492390513,70,70,0.7899501276763703,0.7899501276763703
DRegular,9,2,,2,19,1.002500819042325,0.8438744526356459,70,66,0.7081542354973231,0.7179250219874524
DRegular,9,2,,3,0,1.94686883315444,1.8642364544793963,126,122,0.8153119657719972,0.8070427580342152
DRegular,9,2,,3,1,1.9256268879398704,1.8798479596152902,126,122,0.8153119657719985,0.8070427580342153
DRegular,9,2,,3,2,1.931519695557654,1.4660691553726792,128,94,0.9046462108730416,0.7523188996361095
DRegular,9,2,,3,3,1.8172756135463715,1.81887296307832,118,118,0.8778729144043061,0.8778729144043059
DRegular,9,2,,3,4,1.9928778549656272,1.9136413428932428,126,122,0.8153119657719985,0.8070427580342169
DRegular,9,2,,3,5,1.8355324817821383,1.8336688578128815,118,118,0.8778729144043065,0.8778729144043068
DRegular,9,2,,3,6,1.8124384842813015,1.8493581749498844,118,118,0.8778729144043064,0.8778729144043057
DRegular,9,2,,3,7,1.818983349017799,1.8609875617548823,118,118,0.8778729144043058,0.8778729144043059
DRegular,9,2,,3,8,1.997246821410954,1.966727478429675,126,122,0.8153119657719976,0.8070427580342164
DRegular,9,2,,3,9,1.9515676610171795,1.898359877988696,126,122,0.8153119657719983,0.8070427580342155
DRegular,9,2,,3,10,1.9513106662780046,1.5089528672397137,128,94,0.904646210873042,0.7523188996361094
DRegular,9,2,,3,11,2.020646173506975,1.92082410864532,126,122,0.8153119657719984,0.8070427580342147
DRegular,9,2,,3,12,1.8628723975270987,1.8503269786015153,118,118,0.8778729144043067,0.8778729144043064
DRegular,9,2,,3,13,1.8503605760633945,1.9439744772389531,118,118,0.877872914404307,0.8778729144043061
DRegular,9,2,,3,14,1.9443467687815428,1.9550585066899657,118,118,0.8778729144043061,0.877872914404306
DRegular,9,2,,3,15,2.0717864902690053,2.0586311304941773,126,122,0.8153119657719976,0.8070427580342157
DRegular,9,2,,3,16,1.8793604243546724,1.894251055084169,118,118,0.8778729144043067,0.8778729144043065
DRegular,9,2,,3,17,1.8891715127974749,1.7894067335873842,118,118,0.8778729144043064,0.8778729144043057
DRegular,9,2,,3,18,1.9308809023350477,1.8852241979911923,118,118,0.8778729144043058,0.8778729144043061
DRegular,9,2,,3,19,2.101960653439164,2.058511294424534,126,122,0.8153119657719977,0.8070427580342154
DRegular,9,2,,4,0,2.9099285127595067,2.9195027090609074,168,166,0.8822675161070094,0.8749175658463368
DRegular,9,2,,4,1,2.9200606904923916,2.9277663184329867,168,166,0.8822675161070074,0.8749175658463356
DRegular,9,2,,4,2,3.6923368694260716,3.0578767731785774,202,162,0.912613759120769,0.709858014944956
DRegular,9,2,,4,3,3.219043751247227,3.2711761612445116,178,178,0.9062870697035802,0.9062870697035809
DRegular,9,2,,4,4,2.920544220134616,2.9181835427880287,168,166,0.8822675161070085,0.8749175658463362
DRegular,9,2,,4,5,3.2467474648728967,3.2380810417234898,178,178,0.9062870697035798,0.906287069703582
DRegular,9,2,,4,6,3.2846206463873386,3.272196442820132,178,178,0.9062870697035775,0.9062870697035785
DRegular,9,2,,4,7,3.298232206143439,3.259220840409398,178,178,0.9062870697035792,0.9062870697035793
DRegular,9,2,,4,8,3.0085810916498303,3.0025940854102373,168,166,0.8822675161070066,0.8749175658463346
DRegular,9,2,,4,9,3.0479706646874547,3.020429201424122,168,166,0.882267516107008,0.8749175658463356
DRegular,9,2,,4,10,4.34331741835922,3.1903354385867715,202,162,0.9126137591207681,0.7098580149449556
DRegular,9,2,,4,11,3.0400894545018673,3.032479103654623,168,166,0.8822675161070062,0.8749175658463336
DRegular,9,2,,4,12,3.3465523635968566,3.345236971974373,178,178,0.9062870697035771,0.9062870697035788
DRegular,9,2,,4,13,3.3708641473203897,3.3690734822303057,178,178,0.9062870697035765,0.9062870697035793
DRegular,9,2,,4,14,3.380561492405832,3.385760825127363,178,178,0.9062870697035831,0.9062870697035765
DRegular,9,2,,4,15,3.0572851840406656,3.080716446042061,168,166,0.8822675161070064,0.8749175658463346
DRegular,9,2,,4,16,3.4265629816800356,3.324896446429193,178,178,0.9062870697035786,0.9062870697035809
DRegular,9,2,,4,17,3.3575705057010055,3.4251559395343065,178,178,0.9062870697035819,0.9062870697035824
DRegular,9,2,,4,18,3.4316649166867137,3.360584252513945,178,178,0.9062870697035807,0.9062870697035816
DRegular,9,2,,4,19,3.255597638897598,3.222493566572666,168,166,0.8822675161070075,0.8749175658463334
DRegular,9,2,,5,0,4.234572282992303,4.4204327473416924,214,220,0.9533679932329789,0.9436428677617843
DRegular,9,2,,5,1,4.238897885195911,4.456812790594995,214,220,0.9533679932329818,0.9436428677617834
DRegular,9,2,,5,2,5.441058081574738,5.557759243994951,264,248,0.9599095469827367,0.7605505521191345
DRegular,9,2,,5,3,5.189203783869743,5.127171453088522,244,244,0.9547018242524639,0.9547018242524644
DRegular,9,2,,5,4,4.303183873184025,4.539362628012896,214,220,0.9533679932329832,0.9436428677617854
DRegular,9,2,,5,5,5.2015893580392,5.2713488554582,244,244,0.9547018242524635,0.9547018242524639
DRegular,9,2,,5,6,5.222436589188874,5.196917779743671,244,244,0.9547018242524622,0.9547018242524619
DRegular,9,2,,5,7,5.229570670053363,5.236894368194044,244,244,0.9547018242524625,0.9547018242524634
DRegular,9,2,,5,8,4.385836623609066,4.632513552904129,214,220,0.9533679932329785,0.9436428677617842
DRegular,9,2,,5,9,4.406242702156305,4.611848403699696,214,220,0.9533679932329812,0.9436428677617836
DRegular,9,2,,5,10,5.703949935734272,5.806283701211214,264,248,0.9599095469827367,0.7605505521191356
DRegular,9,2,,5,11,4.350737107917666,4.636464563198388,214,220,0.9533679932329794,0.9436428677617855
DRegular,9,2,,5,12,5.407860219478607,5.327929486520588,244,244,0.9547018242524613,0.9547018242524627
DRegular,9,2,,5,13,5.497579924762249,5.359085022471845,244,244,0.9547018242524629,0.9547018242524636
DRegular,9,2,,5,14,5.527986573986709,5.443297126330435,244,244,0.9547018242524619,0.9547018242524656
DRegular,9,2,,5,15,4.508001946844161,4.788376656360924,214,220,0.953367993232979,0.9436428677617841
DRegular,9,2,,5,16,5.530047503300011,5.461672547273338,244,244,0.9547018242524641,0.954701824252463
DRegular,9,2,,5,17,5.569141619838774,5.851602595299482,244,244,0.9547018242524613,0.9547018242524645
DRegular,9,2,,5,18,5.5624723406508565,5.5027469377964735,244,244,0.9547018242524655,0.9547018242524632
DRegular,9,2,,5,19,4.907482882961631,5.053768405690789,214,220,0.953367993232981,0.9436428677617846
DRegular,9,2,,6,0,7.279482084326446,6.964633698575199,306,294,0.9548835423094609,0.9522693623800681
DRegular,9,2,,6,1,7.349637161940336,6.95709406863898,306,294,0.9548835423094333,0.9522693623800669
DRegular,9,2,,6,2,10.175659236498177,7.611683605238795,402,308,0.9655244440705527,0.7998444223175573
DRegular,9,2,,6,3,10.418371725827456,10.466788349673152,398,400,0.9871097620209679,0.9871097620039367
DRegular,9,2,,6,4,7.420820906758308,6.987279236316681,306,294,0.9548835423094645,0.9522693623800672
DRegular,9,2,,6,5,10.635570750571787,10.549200208857656,400,400,0.9871097620030308,0.987109762002828
DRegular,9,2,,6,6,10.70281456131488,10.792385391891003,400,400,0.9871097620030953,0.9871097620034943
DRegular,9,2,,6,7,10.697330794297159,10.734476504847407,400,400,0.9871097620037005,0.9871097620021303
DRegular,9,2,,6,8,7.6563146049156785,7.327453684061766,306,294,0.9548835423094322,0.9522693623800648
DRegular,9,2,,6,9,7.759273536503315,7.314714832231402,306,294,0.9548835423094637,0.9522693623800694
DRegular,9,2,,6,10,10.702510236762464,8.02095188666135,402,308,0.9655244440705522,0.7998444223175566
DRegular,9,2,,6,11,7.796055911108851,7.459549540653825,306,294,0.9548835423094402,0.9522693623800671
DRegular,9,2,,6,12,11.272806813940406,11.086432857438922,400,400,0.9871097620029639,0.9871097620030164
DRegular,9,2,,6,13,11.156553721986711,11.20656090695411,398,400,0.9871097620212052,0.9871097620023495
DRegular,9,2,,6,14,11.23255609255284,11.29833135008812,400,400,0.9871097620019685,0.987109762003426
DRegular,9,2,,6,15,8.080806454643607,7.612375826574862,306,294,0.9548835423094135,0.9522693623800687
DRegular,9,2,,6,16,11.435647571459413,11.301129888743162,400,400,0.9871097620022949,0.9871097620011962
DRegular,9,2,,6,17,12.26919076219201,12.090844978578389,400,400,0.9871097620028286,0.9871097620020737
DRegular,9,2,,6,18,11.560011573135853,11.361548004671931,400,400,0.987109762001448,0.9871097620024512
DRegular,9,2,,6,19,8.549771905876696,7.805510067380965,306,294,0.9548835423094632,0.9522693623800681
DRegular,9,2,,7,0,14.951368902809918,12.119201997295022,502,430,0.9933445612246153,0.948062019932957
DRegular,9,2,,7,1,15.099263035692275,12.223733530379832,506,430,0.9933445611294937,0.9480620199329556
DRegular,9,2,,7,2,24.275489474646747,13.414587774313986,776,458,0.9993762793238088,0.9416689988204221
DRegular,9,2,,7,3,16.245166026055813,15.979980669915676,546,540,0.9966649083926764,0.9966649078949467
DRegular,9,2,,7,4,15.155636878684163,12.472319406457245,500,430,0.9933445604286494,0.9480620199329569
DRegular,9,2,,7,5,16.187490710057318,16.04397814720869,540,538,0.9966649083824479,0.9966649077569905
DRegular,9,2,,7,6,16.350836494006217,16.273045064881444,540,538,0.9966649086563615,0.9966649066817661
DRegular,9,2,,7,7,16.430645879358053,16.36727393604815,538,542,0.9966649076773698,0.9966649078698162
DRegular,9,2,,7,8,15.716668603941798,12.813999169506133,504,430,0.9933445606174024,0.9480620199329556
DRegular,9,2,,7,9,15.851704558357596,13.012086803093553,500,430,0.9933445602974016,0.9480620199329542
DRegular,9,2,,7,10,27.259342251345515,14.21249557286501,806,458,0.9993763269343299,0.9416689988204247
DRegular,9,2,,7,11,15.922153399325907,13.283317516557872,502,430,0.9933445611165528,0.9480620199329542
DRegular,9,2,,7,12,17.09440714586526,17.170860805548728,540,540,0.9966649080501351,0.9966649083216508
DRegular,9,2,,7,13,17.773077719844878,17.182704465463758,548,538,0.9966649086347755,0.9966649072211582
DRegular,9,2,,7,14,17.649667782709002,17.419041755609214,544,540,0.9966649080832887,0.996664906981787
DRegular,9,2,,7,15,16.716744729317725,13.651318526826799,500,430,0.9933445614537244,0.9480620199329591
DRegular,9,2,,7,16,17.475660433992743,17.35445475950837,540,540,0.9966649082279031,0.9966649033435508
DRegular,9,2,,7,17,18.74967559799552,18.60379930306226,538,542,0.9966649078745216,0.9966649074983346
DRegular,9,2,,7,18,18.017929214052856,19.338848321698606,542,538,0.9966649070438606,0.9966649057258599
DRegular,9,2,,7,19,18.732002204284072,13.810482932254672,500,430,0.993344560328929,0.9480620199329571
DRegular,9,2,,8,0,20.237848602235317,28.187649937346578,626,798,0.9941626709361092,0.9988183868317176
DRegular,9,2,,8,1,20.90644180867821,28.58309054095298,640,802,0.99416266881172,0.9988183687519439
DRegular,9,2,,8,2,40.506572756916285,17.72623542882502,1140,554,0.9986769058332683,0.9593905314215398
DRegular,9,2,,8,3,31.620260846801102,33.60709980502725,890,928,0.9968727073450102,0.9968727070569796
DRegular,9,2,,8,4,20.833883920684457,31.536375186406076,624,852,0.9941626697334922,0.9988183809203539
DRegular,9,2,,8,5,31.83343962393701,31.57004621438682,884,876,0.9968727074494952,0.9968727036866724
DRegular,9,2,,8,6,31.88972298335284,33.66108504962176,878,906,0.9968727063364461,0.9968727073506076
DRegular,9,2,,8,7,31.60468054190278,33.85771075729281,862,910,0.9968727015771817,0.9968727075010194
DRegular,9,2,,8,8,21.79317761771381,30.226027774624527,632,796,0.9941626707939799,0.9988183756582101
DRegular,9,2,,8,9,22.241503857076168,32.669333879835904,636,846,0.9941626709261313,0.9988183910404548
DRegular,9,2,,8,10,41.953618539497256,19.20363015215844,1098,554,0.9986952103332967,0.9593905314212875
DRegular,9,2,,8,11,21.35960420873016,32.49790065083653,616,816,0.9941626702512639,0.9988183904186072
DRegular,9,2,,8,12,34.064083504490554,33.821909258142114,880,878,0.9968727072391363,0.9968727072971164
DRegular,9,2,,8,13,35.32304483093321,33.53613856434822,904,860,0.9968727052493062,0.9968727074087149
DRegular,9,2,,8,14,35.294552435167134,33.505644294433296,902,868,0.9968727065383755,0.9968727072304544
DRegular,9,2,,8,15,22.473321948200464,31.825313880108297,622,794,0.9941626704307864,0.9988183821254227
DRegular,9,2,,8,16,35.281564923003316,34.650174857117236,886,876,0.9968727060004595,0.9968727005263739
DRegular,9,2,,8,17,37.30996735394001,36.95111854374409,872,868,0.99687270743879,0.996872704578962
DRegular,9,2,,8,18,36.65224946197122,38.20223988965154,896,886,0.9968727066684788,0.9968727071556942
DRegular,9,2,,8,19,26.05370380822569,32.74698339775205,634,796,0.9941626705546303,0.9988183889629055
DRegular,9,2,,9,0,35.28808294702321,39.561639874242246,926,1030,0.9999047926998142,0.9969845271194365
DRegular,9,2,,9,1,36.40302942041308,39.07932642381638,952,1014,0.9999047597694934,0.9969845296168569
DRegular,9,2,,9,2,63.87330364063382,28.46162791363895,1604,768,0.999951407236814,0.9684273295578899
DRegular,9,2,,9,3,46.981693231500685,46.769663649611175,1192,1194,0.9986469428975059,0.9986469467180137
DRegular,9,2,,9,4,36.70810526330024,42.742093259468675,932,1068,0.999904733373718,0.9969845095990297
DRegular,9,2,,9,5,45.99329672474414,44.13564085587859,1158,1122,0.9986468991609733,0.9986469100147342
DRegular,9,2,,9,6,44.64440960530192,47.959634772501886,1120,1178,0.9986469139431516,0.9986469233095784
DRegular,9,2,,9,7,44.59881289862096,50.299103293567896,1122,1240,0.998646916409286,0.9986469386439017
DRegular,9,2,,9,8,37.44082282483578,42.347603529691696,934,1026,0.9999047921087234,0.9969845236711035
DRegular,9,2,,9,9,37.845349280163646,46.18722751084715,930,1090,0.9999047725974957,0.9969845309911692
DRegular,9,2,,9,10,88.68256465811282,30.27996647171676,2000,760,0.9999513652760846,0.9684273297414576
DRegular,9,2,,9,11,35.87078143469989,45.17036199197173,894,1064,0.9999047788184691,0.9969845264157062
DRegular,9,2,,9,12,47.28939595539123,50.1364046279341,1128,1172,0.9986469024646256,0.9986469322037114
DRegular,9,2,,9,13,49.11303468979895,49.17550266813487,1154,1162,0.9986468539734941,0.9986469080888458
DRegular,9,2,,9,14,51.47652146033943,48.431050348095596,1194,1122,0.9986468910463759,0.9986469102442231
DRegular,9,2,,9,15,40.29413499496877,45.651988632045686,934,1050,0.9999047815268298,0.9969845301340561
DRegular,9,2,,9,16,50.99192499089986,50.376326641999185,1166,1144,0.9986469413473879,0.9986469409666558
DRegular,9,2,,9,17,54.466896722093225,53.779105285182595,1138,1134,0.9986468448391013,0.9986469428662837
DRegular,9,2,,9,18,51.005353366956115,55.867842588573694,1166,1170,0.9986469288954406,0.9986469426722852
DRegular,9,2,,9,19,41.19497324246913,46.701834965497255,890,1034,0.9999047734299267,0.9969845175801688
DRegular,9,2,,10,0,77.43829756136984,54.47432729508728,1700,1302,0.9998699661153564,0.9742603970779814
DRegular,9,2,,10,1,76.75943094212562,54.43216648604721,1684,1290,0.9998699361712655,0.9742603979270309
DRegular,9,2,,10,2,107.35743163805455,40.58553847670555,2384,988,0.9999853566969628,0.9842984224792569
DRegular,9,2,,10,3,70.41347465198487,69.38553040195256,1606,1588,0.9995429120324453,0.9995429048666064
DRegular,9,2,,10,4,80.32497264258564,58.60032154433429,1708,1348,0.9998699500982657,0.9742603998943407
DRegular,9,2,,10,5,66.56089015491307,65.48383870348334,1522,1500,0.9995428770078729,0.9995429072999229
DRegular,9,2,,10,6,68.40913975425065,70.50723393727094,1522,1574,0.9995429253441469,0.9995429152858973
DRegular,9,2,,10,7,62.04867330938578,74.6528642391786,1414,1664,0.9995427639817247,0.9995429229256607
DRegular,9,2,,10,8,77.71879490558058,58.84168468788266,1622,1304,0.999869949077998,0.9742603955168498
DRegular,9,2,,10,9,77.45605607051402,62.424551404081285,1582,1358,0.9998698645007154,0.9742603989622812
DRegular,9,2,,10,10,117.72291228920221,42.20487622451037,2434,970,0.999832285950077,0.9897176635856415
DRegular,9,2,,10,11,79.32363948691636,61.54200929682702,1608,1320,0.9998699164512457,0.9742603975195303
DRegular,9,2,,10,12,66.13556568790227,76.45727138780057,1412,1594,0.9995427782281975,0.9995429308278431
DRegular,9,2,,10,13,71.88291434012353,79.21316716540605,1500,1628,0.9995428352518889,0.999542923502698
DRegular,9,2,,10,14,76.47947148606181,72.4364889068529,1580,1526,0.999542902866246,0.9995429032839418
DRegular,9,2,,10,15,90.8632655730471,63.65425100270659,1720,1336,0.9998699626565624,0.9742603992143689
DRegular,9,2,,10,16,76.76019697356969,77.7129495376721,1552,1578,0.9995428654228382,0.9995429276966603
DRegular,9,2,,10,17,77.09619546867907,83.57261482998729,1564,1544,0.9995428892256677,0.9995429105013304
DRegular,9,2,,10,18,82.15279755461961,82.85028012748808,1626,1576,0.9995429236215921,0.9995429323679474
DRegular,9,2,,10,19,93.37369902990758,64.2640001391992,1630,1308,0.9998699376871691,0.9742603908608702
DRegular,10,2,,1,0,0.40155028458684683,0.2912658443674445,20,20,0.6170007548265506,0.6534659776008459
DRegular,10,2,,1,1,0.33353072218596935,0.2945040501654148,22,18,0.6865690365171884,0.7077485034110356
DRegular,10,2,,1,2,0.32588718831539154,0.3296596994623542,22,22,0.7226948595790361,0.7226948595790361
DRegular,10,2,,1,3,0.32966244872659445,0.3328955126926303,22,22,0.7226948595790361,0.7226948595790361
DRegular,10,2,,1,4,0.3289348902180791,0.32828065659850836,22,22,0.7226948595790361,0.7226948595790361
DRegular,10,2,,1,5,0.3143702130764723,0.29286039527505636,20,20,0.6170007548265509,0.6534659776008462
DRegular,10,2,,1,6,0.33033164124935865,0.33175934199243784,22,22,0.7226948595790361,0.722694859579036
DRegular,10,2,,1,7,0.39276530873030424,0.29100743494927883,20,20,0.6170007548265509,0.6534659776008456
DRegular,10,2,,1,8,0.31184039264917374,0.2915438739582896,20,20,0.6170007548265509,0.6534659776008458
DRegular,10,2,,1,9,0.3136630756780505,0.2886284086853266,20,20,0.6170007548265504,0.6534659776008458
DRegular,10,2,,1,10,0.3147796969860792,0.30959375482052565,20,20,0.6170007548265504,0.6534659776008462
DRegular,10,2,,1,11,0.31382896564900875,0.3867360185831785,20,20,0.6170007548265509,0.6534659776008457
DRegular,10,2,,1,12,0.3129952559247613,0.40627265628427267,20,20,0.6170007548265509,0.6534659776008463
DRegular,10,2,,1,13,0.3132007820531726,0.2908312752842903,20,20,0.6170007548265509,0.6534659776008457
DRegular,10,2,,1,14,0.3131354069337249,0.2917900951579213,20,20,0.6170007548265509,0.6534659776008458
DRegular,10,2,,1,15,0.31484358943998814,0.2902376614511013,20,20,0.6170007548265509,0.6534659776008459
DRegular,10,2,,1,16,0.3342012884095311,0.3288289550691843,22,22,0.7226948595790361,0.722694859579037
DRegular,10,2,,1,17,0.33151654712855816,0.32961086090654135,22,22,0.7226948595790361,0.722694859579037
DRegular,10,2,,1,18,0.330621600151062,0.29586881026625633,22,18,0.6865690365171884,0.7077485034110356
DRegular,10,2,,1,19,0.3108185660094023,0.3282608734443784,20,20,0.6170007548265507,0.6534659776008457
DRegular,10,2,,2,0,0.9642293937504292,0.7364946072921157,70,50,0.7021778912678851,0.8147711857542379
DRegular,10,2,,2,1,0.9512614971026778,0.9591427007690072,66,66,0.7506345633703598,0.6285347496063829
DRegular,10,2,,2,2,0.9816758325323462,0.9813726367428899,66,66,0.7947440434164138,0.7947440434164139
DRegular,10,2,,2,3,0.9911388326436281,0.9853381430730224,66,66,0.7947440434164136,0.7947440434164139
DRegular,10,2,,2,4,0.9587215222418308,0.9576585758477449,66,66,0.7947440434164138,0.7947440434164139
DRegular,10,2,,2,5,1.0888125225901604,0.7361018117517233,74,48,0.6504915610792203,0.813642444867608
DRegular,10,2,,2,6,0.9780876087024808,1.0426848037168384,66,66,0.7947440434164138,0.7947440434164134
DRegular,10,2,,2,7,1.0474118199199438,0.7802226105704904,70,50,0.7021778912678847,0.8147711857542372
DRegular,10,2,,2,8,1.0462560700252652,0.7718425625935197,70,50,0.7021778912678847,0.8147711857542379
DRegular,10,2,,2,9,1.0544908763840795,0.6985196294263005,70,50,0.7021778912678851,0.8147711857542378
DRegular,10,2,,2,10,1.1239626882597804,0.7673488510772586,74,48,0.6504915610792217,0.813642444867608
DRegular,10,2,,2,11,1.0690139243379235,0.695479828864336,70,50,0.7021778912678847,0.8147711857542387
DRegular,10,2,,2,12,1.117009999230504,0.6660955548286438,74,48,0.6504915610792205,0.8136424448676072
DRegular,10,2,,2,13,1.0644934168085456,0.6972006540745497,70,50,0.7021778912678847,0.8147711857542376
DRegular,10,2,,2,14,1.074163781479001,0.8123898813501,70,50,0.7021778912678851,0.8147711857542378
DRegular,10,2,,2,15,1.0909189963713288,0.8218009108677506,70,50,0.7021778912678847,0.8147711857542381
DRegular,10,2,,2,16,1.0222843904048204,1.0358117194846272,66,66,0.7947440434164137,0.7947440434164139
DRegular,10,2,,2,17,0.9025082439184189,0.9057349879294634,66,66,0.7947440434164138,0.7947440434164134
DRegular,10,2,,2,18,0.9013808574527502,1.0679649971425533,66,66,0.7506345633703598,0.6285347496063831
DRegular,10,2,,2,19,0.9547652900218964,0.8298471253365278,70,50,0.7021778912678853,0.8147711857542379
DRegular,10,2,,3,0,1.9842351702973247,2.091141321696341,118,118,0.7803314794704945,0.9866571250176175
DRegular,10,2,,3,1,1.9729359960183501,1.629009465686977,116,98,0.9060461771176872,0.7777186753896859
DRegular,10,2,,3,2,2.0538331866264343,2.0591568676754832,122,122,0.8873919556499243,0.8873919556499243
DRegular,10,2,,3,3,2.112956536002457,2.1271496061235666,122,122,0.8873919556499245,0.8873919556499238
DRegular,10,2,,3,4,2.1311745271086693,2.141305908560753,122,122,0.8873919556499259,0.8873919556499235
DRegular,10,2,,3,5,2.3303027506917715,2.1149265402927995,132,116,0.8854169095396168,0.9871484271543827
DRegular,10,2,,3,6,2.1458204425871372,2.0851609678938985,122,122,0.8873919556499251,0.8873919556499236
DRegular,10,2,,3,7,2.070974988862872,2.175062967464328,118,118,0.7803314794704947,0.9866571250176192
DRegular,10,2,,3,8,2.09903003834188,2.205187696032226,118,118,0.7803314794704944,0.9866571250176186
DRegular,10,2,,3,9,2.106321692466736,2.184070480056107,118,118,0.7803314794704941,0.9866571250176213
DRegular,10,2,,3,10,2.372170845977962,2.2056407434865832,132,116,0.8854169095396159,0.9871484271543821
DRegular,10,2,,3,11,2.147593194618821,2.238492856733501,118,118,0.7803314794704941,0.9866571250176195
DRegular,10,2,,3,12,2.392133876681328,2.2058451920747757,132,116,0.8854169095396129,0.9871484271543831
DRegular,10,2,,3,13,2.0593190491199493,2.2752119563519955,118,118,0.7803314794704941,0.9866571250176184
DRegular,10,2,,3,14,2.1808062121272087,2.170092709362507,118,118,0.7803314794704954,0.9866571250176193
DRegular,10,2,,3,15,2.0941104348748922,2.1961787240579724,118,118,0.7803314794704945,0.9866571250176209
DRegular,10,2,,3,16,2.1783200027421117,2.187377822585404,122,122,0.8873919556499249,0.8873919556499237
DRegular,10,2,,3,17,2.3147558979690075,2.3204852817580104,122,122,0.8873919556499237,0.8873919556499236
DRegular,10,2,,3,18,2.097632466815412,1.662909704260528,116,98,0.9060461771176888,0.7777186753896869
DRegular,10,2,,3,19,2.1039467956870794,2.232408160343766,118,118,0.7803314794704942,0.9866571250176204
DRegular,10,2,,4,0,3.696977832354605,3.5552655225619674,184,174,0.8056139758796149,0.9731235374917894
DRegular,10,2,,4,1,4.014432437717915,4.510164860635996,190,210,0.9226840387351638,0.9336596256416239
DRegular,10,2,,4,2,4.801513711921871,4.781247274018824,230,230,0.9450960492314345,0.9450960492314351
DRegular,10,2,,4,3,4.9721451215445995,5.036540027707815,230,230,0.9450960492314344,0.945096049231431
DRegular,10,2,,4,4,4.949495874345303,4.989426123909652,230,230,0.9450960492314344,0.9450960492314322
DRegular,10,2,,4,5,3.9431863967329264,3.4914283016696572,192,168,0.9665824364111739,0.9752985912056029
DRegular,10,2,,4,6,5.075276367366314,5.171425535343587,230,230,0.9450960492314351,0.9450960492314358
DRegular,10,2,,4,7,3.8280003974214196,3.6981218960136175,184,174,0.8056139758796157,0.9731235374917908
DRegular,10,2,,4,8,3.8880780693143606,3.728504164144397,184,174,0.805613975879616,0.9731235374917884
DRegular,10,2,,4,9,3.850362902507186,3.7610230147838593,184,174,0.805613975879617,0.9731235374917899
DRegular,10,2,,4,10,4.152703294530511,3.6815604120492935,192,168,0.9665824364111731,0.9752985912056026
DRegular,10,2,,4,11,4.0010580169036984,3.748098728246987,184,174,0.8056139758796149,0.9731235374917884
DRegular,10,2,,4,12,4.0880993735045195,3.7185135455802083,192,168,0.9665824364111725,0.9752985912056017
DRegular,10,2,,4,13,4.009766862727702,3.8907764786854386,184,174,0.8056139758796161,0.9731235374917884
DRegular,10,2,,4,14,3.9654948096722364,3.9336560731753707,184,174,0.8056139758796139,0.9731235374917919
DRegular,10,2,,4,15,4.012663200497627,3.8481869250535965,184,174,0.8056139758796135,0.9731235374917905
DRegular,10,2,,4,16,5.321404449641705,5.044020247645676,230,230,0.9450960492314361,0.9450960492314331
DRegular,10,2,,4,17,5.020266463980079,5.375001298263669,230,230,0.945096049231435,0.9450960492314344
DRegular,10,2,,4,18,4.219835692085326,5.065607043914497,190,210,0.9226840387351648,0.933659625641626
DRegular,10,2,,4,19,4.231540977023542,3.965500974096358,184,174,0.8056139758796157,0.9731235374917888
DRegular,10,2,,5,0,5.445226372219622,10.068346661515534,240,380,0.8677647755068971,0.9999997999070427
DRegular,10,2,,5,1,5.947589047253132,7.0119597893208265,252,290,0.9924188322733656,0.8887164631278899
DRegular,10,2,,5,2,9.465794906951487,9.48906509578228,374,374,0.9751434809487157,0.9751434809492715
DRegular,10,2,,5,3,9.551942689344287,9.96291804406792,374,374,0.9751434809488357,0.9751434809480328
DRegular,10,2,,5,4,9.665965741500258,9.658985070884228,374,374,0.9751434809487272,0.9751434809481939
DRegular,10,2,,5,5,6.245439021848142,19.21168286073953,262,648,0.9610045628031486,0.9999999816543301
DRegular,10,2,,5,6,9.931433823890984,9.840374841354787,374,374,0.975143480948856,0.9751434809490304
DRegular,10,2,,5,7,5.831990499049425,11.020602931268513,240,390,0.8677647755068957,0.9999999989924078
DRegular,10,2,,5,8,5.875905708409846,11.004907720722258,240,382,0.8677647755068971,0.9999999377005855
DRegular,10,2,,5,9,5.925440862774849,10.978066444396973,240,380,0.8677647755068978,0.9999998427907592
DRegular,10,2,,5,10,6.476959225721657,17.61951393634081,262,570,0.9610045628031438,0.999860967225672
DRegular,10,2,,5,11,5.954292922280729,11.417706084437668,240,390,0.8677647755068971,0.9999999726531037
DRegular,10,2,,5,12,6.482557587325573,19.74290183186531,262,628,0.9610045628031468,0.9999999855212245
DRegular,10,2,,5,13,5.99981565028429,11.103813936002553,240,378,0.8677647755068998,0.9999997515874561
DRegular,10,2,,5,14,6.0774715431034565,10.912630219012499,240,376,0.8677647755068978,0.9999998298805775
DRegular,10,2,,5,15,6.190134074538946,11.056130674667656,240,370,0.8677647755068998,0.9999997702226903
DRegular,10,2,,5,16,10.697909821756184,10.588469776324928,374,374,0.9751434809489044,0.9751434809490808
DRegular,10,2,,5,17,10.719777976162732,10.484795798547566,374,374,0.9751434809488764,0.9751434809492249
DRegular,10,2,,5,18,6.612785913981497,7.842954819090664,252,290,0.9924188322733647,0.8887164631278863
DRegular,10,2,,5,19,5.946191171184182,11.34411208331585,240,386,0.8677647755068983,0.9999999924619534
DRegular,10,2,,6,0,7.1584986774250865,24.666183927096426,286,776,0.9496581288638632,0.9999999244120966
DRegular,10,2,,6,1,11.351119359955192,10.354503823444247,396,378,0.9966936808836915,0.9505975267307278
DRegular,10,2,,6,2,16.328583724796772,16.616886920295656,558,564,0.9932241540841816,0.9932241467070541
DRegular,10,2,,6,3,16.660305691882968,16.606758971698582,560,536,0.9932241485117782,0.9932241310655981
DRegular,10,2,,6,4,16.18206329923123,17.250296621583402,540,568,0.9932241150702001,0.9932241519745045
DRegular,10,2,,6,5,9.269186964258552,37.57923747226596,340,1112,0.987860990852702,0.9999998553049938
DRegular,10,2,,6,6,16.502919601276517,18.17217773105949,538,578,0.9932241126097392,0.9932241522863008
DRegular,10,2,,6,7,7.585316197015345,29.52759936079383,286,846,0.9496581288638632,0.9998520193073098
DRegular,10,2,,6,8,7.720632569864392,38.99533462896943,286,1058,0.9496581288638639,0.9996235871471997
DRegular,10,2,,6,9,7.952063367702067,20.127620472572744,286,602,0.9496581288638648,0.9999931941370157
DRegular,10,2,,6,10,9.90191190969199,29.331981076858938,340,850,0.9878609908527005,0.9905567506306948
DRegular,10,2,,6,11,7.942337951622903,31.086799891665578,286,854,0.9496581288638634,0.9996235725556886
DRegular,10,2,,6,12,9.72392933536321,34.39683461468667,340,976,0.9878609908527002,0.999999976202257
DRegular,10,2,,6,13,8.11736118979752,20.395498141646385,286,594,0.9496581288638668,0.999991643593976
DRegular,10,2,,6,14,8.026391400024295,22.94934410136193,286,652,0.9496581288638625,0.9997596669574002
DRegular,10,2,,6,15,8.174557840451598,31.471119449473917,286,842,0.9496581288638619,0.9997599679734644
DRegular,10,2,,6,16,17.777807284146547,18.245877006091177,540,558,0.993224132044124,0.9932241535903458
DRegular,10,2,,6,17,17.711527708917856,18.260983107611537,538,554,0.9932241114541144,0.9932241164103286
DRegular,10,2,,6,18,12.901923477649689,11.70232362113893,396,378,0.9966936808837247,0.9505975267307322
DRegular,10,2,,6,19,7.995184186846018,42.582836251705885,286,1098,0.9496581288638637,0.9998559432138517
DRegular,10,2,,7,0,9.482359702698886,39.76389047689736,340,1130,0.9747708059136576,0.999768137560267
DRegular,10,2,,7,1,17.91847050562501,15.594240783713758,550,500,0.9968090837484598,0.9785643199567737
DRegular,10,2,,7,2,32.62179953418672,31.830620291642845,930,912,0.9909107886258945,0.9909107850472698
DRegular,10,2,,7,3,32.05415497813374,33.15817900188267,910,924,0.990910786981408,0.9909107609456116
DRegular,10,2,,7,4,32.4203284336254,34.45928034372628,904,954,0.9909107861774585,0.9909107871577473
DRegular,10,2,,7,5,14.56269318331033,53.56861385051161,456,1458,0.9933529761986005,0.9985512008802871
DRegular,10,2,,7,6,34.521085483022034,34.94131200294942,922,940,0.990910782728716,0.9909107812840025
DRegular,10,2,,7,7,10.357328942976892,49.9334479207173,340,1274,0.9747708059136541,0.9999998994902157
DRegular,10,2,,7,8,10.344142968766391,96.33036414068192,340,2246,0.9747708059136551,0.9999999801412557
DRegular,10,2,,7,9,10.439151898957789,36.20109860599041,340,934,0.9747708059136533,0.999965553813141
DRegular,10,2,,7,10,15.589276315644383,50.2344682617113,456,1274,0.9933529761985984,0.9999999353508496
DRegular,10,2,,7,11,10.430457283742726,46.71233991999179,340,1182,0.9747708059136526,0.9996397278727354
DRegular,10,2,,7,12,15.454378892667592,55.51873509865254,456,1416,0.993352976198597,0.9998899844402425
DRegular,10,2,,7,13,10.666559484787285,62.997253567911685,340,1462,0.9747708059136567,0.9999215969085548
DRegular,10,2,,7,14,10.709784757345915,62.04420027229935,340,1446,0.9747708059136538,0.9999542042650876
DRegular,10,2,,7,15,10.76338797621429,56.368813175708055,340,1332,0.9747708059136553,0.9999244835406564
DRegular,10,2,,7,16,35.996701567433774,34.84489241056144,902,876,0.9909107852567531,0.9909107833341344
DRegular,10,2,,7,17,36.03142190631479,36.68854989297688,904,914,0.9909107870926517,0.9909107829095098
DRegular,10,2,,7,18,20.64517800696194,17.771867855452,548,500,0.9968090783005179,0.9785643199567687
DRegular,10,2,,7,19,10.817427321337163,61.21897234860808,340,1468,0.9747708059136576,0.9993259886393847
DRegular,10,2,,8,0,13.615974175743759,69.96471510641277,422,1736,0.9934230988615791,0.9999786610576656
DRegular,10,2,,8,1,37.88672986719757,22.864218534901738,956,648,0.9998043960200834,0.9810818665278553
DRegular,10,2,,8,2,63.70323984604329,59.551600040867925,1558,1464,0.9967766617176949,0.9967766619469847
DRegular,10,2,,8,3,63.7239533662796,59.21542963106185,1536,1444,0.9967766622668097,0.9967766584623604
DRegular,10,2,,8,4,64.6844182498753,67.0362413879484,1534,1588,0.9967766584200304,0.9967766613913583
DRegular,10,2,,8,5,20.22437122836709,63.71732976194471,560,1654,0.9951314971801762,0.9999993033448475
DRegular,10,2,,8,6,67.78788878582418,69.57818523421884,1532,1578,0.996776662026957,0.9967766536147156
DRegular,10,2,,8,7,14.799999410286546,171.16380238719285,422,3464,0.9934230988615791,0.9998844311787758
DRegular,10,2,,8,8,14.952591268345714,106.20899382885545,422,2424,0.9934230988615781,0.9999990532080826
DRegular,10,2,,8,9,15.07794298324734,57.96655155532062,422,1318,0.9934230988615788,0.9999998668988003
DRegular,10,2,,8,10,21.345303980633616,70.55519587919116,560,1634,0.9951314971801747,0.9999997808991093
DRegular,10,2,,8,11,15.16626721341163,87.70917757507414,422,1890,0.9934230988615823,0.9986998744195723
DRegular,10,2,,8,12,21.436307003721595,78.7811679681763,560,1826,0.9951314971801792,0.9999892116993088
DRegular,10,2,,8,13,15.467022596858442,96.55078408867121,422,2046,0.9934230988615799,0.9992399931139342
DRegular,10,2,,8,14,15.453638087958097,89.85419734288007,422,1898,0.9934230988615799,0.9999999840030185
DRegular,10,2,,8,15,15.616069429554045,100.8884456474334,422,2106,0.9934230988615782,0.9999050184914392
DRegular,10,2,,8,16,73.4542504362762,69.91250719781965,1538,1476,0.9967766539950212,0.9967766315210543
DRegular,10,2,,8,17,70.08669680263847,70.21875429525971,1476,1482,0.9967763918518133,0.9967766524672076
DRegular,10,2,,8,18,41.50516087561846,26.882277491502464,898,648,0.9998044187620102,0.9810818665278669
DRegular,10,2,,8,19,15.762807396240532,82.39430480729789,422,1836,0.9934230988615772,0.998315746820062
DRegular,10,2,,9,0,20.795859564095736,97.27763625513762,556,2242,0.9980516426817545,0.99999890809593
DRegular,10,2,,9,1,51.466936288401484,33.74418022483587,1200,844,0.9999999897502047,0.9989659284022223
DRegular,10,2,,9,2,90.58805250190198,73.48616941366345,2040,1716,0.9975745688738135,0.9241875521487282
DRegular,10,2,,9,3,131.1101977750659,94.87533000577241,2726,2070,0.9986909227660236,0.9980091378961834
DRegular,10,2,,9,4,107.67428523581475,106.2559335147962,2276,2260,0.9976548046284262,0.9982727074462167
DRegular,10,2,,9,5,29.76839212793857,162.35153067670763,722,3320,0.9974493171054437,0.9994945346284165
DRegular,10,2,,9,6,121.46519455034286,118.66812224779278,2418,2374,0.99947522052497,0.9981111249889055
DRegular,10,2,,9,7,23.07261618040502,232.48933023773134,556,4460,0.9980516426817555,0.9999439718397293
DRegular,10,2,,9,8,23.721442583948374,185.8316453853622,556,3666,0.9980516426817532,0.9999949821235632
DRegular,10,2,,9,9,23.630310827866197,94.40577604901046,556,1900,0.998051642681757,0.9999818095968085
DRegular,10,2,,9,10,31.875744299031794,102.38842905592173,722,2120,0.9974493171030904,0.9999990980480611
DRegular,10,2,,9,11,23.903100604191422,148.3536402033642,556,2840,0.9980516426817561,0.9989795077574183
DRegular,10,2,,9,12,31.77097109053284,109.44586151372641,722,2302,0.9974493171011571,0.9999965078497282
DRegular,10,2,,9,13,24.281745872460306,115.34794315788895,556,2330,0.998051642681754,0.9999990248003542
DRegular,10,2,,9,14,24.381292847916484,106.01247018761933,556,2156,0.998051642681759,0.9999997424865088
DRegular,10,2,,9,15,24.542614401318133,149.79926203936338,556,2854,0.9980516426817581,0.999943262438209
DRegular,10,2,,9,16,131.1039033792913,106.5505362842232,2390,2032,0.9982727928562448,0.9980091640539664
DRegular,10,2,,9,17,88.3170063579455,152.4134525852278,1752,2742,0.9241875531673667,0.9971291397938828
DRegular,10,2,,9,18,59.75000120140612,38.586207976564765,1174,830,0.9999999958520132,0.9989659138177321
DRegular,10,2,,9,19,24.734581693075597,165.44250153563917,556,3052,0.9980516426817555,0.9998846897606886
DRegular,10,2,,10,0,38.0159872462973,149.19166511390358,840,3086,0.999566683627571,0.9999950302186192
DRegular,10,2,,10,1,64.18516327627003,57.90455686673522,1410,1244,0.9999999982181522,0.999999240037065
DRegular,10,2,,10,2,163.54522575158626,95.10298513341695,3224,2062,0.998941611928858,0.9882983640835089
DRegular,10,2,,10,3,190.54141432791948,134.28738973289728,3640,2686,0.9992828757538915,0.9994492438049473
DRegular,10,2,,10,4,161.663336917758,133.04305893555284,3116,2656,0.9994570059515191,0.9622621572503132
DRegular,10,2,,10,5,48.665099832229316,293.58269837871194,1014,5268,0.9995554921011127,0.9999364028087371
DRegular,10,2,,10,6,193.03987087029964,240.96501405723393,3484,4162,0.9995610777303439,0.9993360076873338
DRegular,10,2,,10,7,45.24659136403352,276.90850297920406,876,5100,0.9995666924347976,0.9999996282186737
DRegular,10,2,,10,8,42.84238648135215,220.40773575846106,838,4174,0.9995666731598603,0.9999951915078601
DRegular,10,2,,10,9,46.201251280494034,175.7863238537684,872,3050,0.9995666945236511,0.9999990264065325
DRegular,10,2,,10,10,54.12059211730957,141.53697118349373,1038,2690,0.9995554780470165,0.9999972552492661
DRegular,10,2,,10,11,45.41642042808235,211.17796559352428,864,3720,0.9995666890054725,0.9999821321418564
DRegular,10,2,,10,12,51.99401396047324,124.95791025087237,1008,2518,0.9995554992633757,0.999999555181257
DRegular,10,2,,10,13,46.59627892635763,139.93921206519008,866,2662,0.9995666887075053,0.9999997438809458
DRegular,10,2,,10,14,47.67315232753754,164.39855212159455,874,2960,0.9995666932142783,0.9999950903443467
DRegular,10,2,,10,15,44.806460961699486,239.34621939156204,834,4070,0.9995666343763666,0.999934813745261
DRegular,10,2,,10,16,158.1824425617233,152.5971634760499,2768,2644,0.9622621588031545,0.9994493029891184
DRegular,10,2,,10,17,112.35735917650163,223.58862462174147,2072,3660,0.9882983574353548,0.999406462571794
DRegular,10,2,,10,18,77.40177649259567,76.5139339165762,1408,1342,0.9999999941924809,0.9999995525223668
DRegular,10,2,,10,19,82.4301879722625,242.46155165601522,908,4058,0.9995666948195927,0.9999979908692935
DRegular,10,3,,1,0,0.40942693199031055,0.29800423502456397,16,16,0.49398413420280607,0.4939841342028063
DRegular,10,3,,1,1,0.3414887989638373,0.29716572200413793,16,16,0.48273654705927627,0.48273654705927604
DRegular,10,3,,1,2,0.36811099998885766,0.321854050969705,18,18,0.5203791621230661,0.5203791621230675
DRegular,10,3,,1,3,0.3810172639787197,0.31954492098884657,18,18,0.520379162123066,0.5203791621230675
DRegular,10,3,,1,4,0.28151214600075036,0.3550391910248436,14,14,0.5357256811372196,0.5357256811372202
DRegular,10,3,,1,5,0.27977668697712943,0.35961363703245297,14,14,0.5357256811372196,0.5357256811372202
DRegular,10,3,,1,6,0.29898838500957936,0.3022680869908072,16,16,0.48273654705927627,0.48273654705927593
DRegular,10,3,,1,7,0.38505646400153637,0.3918477860279381,16,16,0.506571281992595,0.5065712819925949
DRegular,10,3,,1,8,0.3224418490426615,0.3177519479650073,18,18,0.520379162123066,0.5203791621230676
DRegular,10,3,,1,9,0.2826272519887425,0.2819287730380893,14,14,0.5357256811372196,0.5357256811372202
DRegular,10,3,,1,10,0.2998253039550036,0.2981133779976517,16,16,0.5065712819925946,0.5065712819925952
DRegular,10,3,,1,11,0.280505818023812,0.2780091520398855,14,14,0.5357256811372196,0.5357256811372202
DRegular,10,3,,1,12,0.29859362001297995,0.29944246204104275,16,16,0.4941197816781958,0.49411978167819626
DRegular,10,3,,1,13,0.3010489320149645,0.29814500600332394,16,16,0.5065712819925948,0.5065712819925949
DRegular,10,3,,1,14,0.29852929298067465,0.2974040699773468,16,16,0.48261184048935213,0.4826118404893529
DRegular,10,3,,1,15,0.31676871702075005,0.3183388609904796,18,18,0.520379162123067,0.5203791621230676
DRegular,10,3,,1,16,0.29796330799581483,0.30023325100773945,16,16,0.5065712819925948,0.5065712819925952
DRegular,10,3,,1,17,0.42558898497372866,0.2992964339791797,16,16,0.5065712819925946,0.5065712819925949
DRegular,10,3,,1,18,0.27764286199817434,0.27938678802456707,14,14,0.5357256811372196,0.5357256811372202
DRegular,10,3,,1,19,0.45272243703948334,0.2980893420171924,16,16,0.5065712819925949,0.5065712819925954
DRegular,10,3,,2,0,0.7067486540181562,0.6875506770447828,40,40,0.5904884317376798,0.5904884317376796
DRegular,10,3,,2,1,0.7833757949993014,0.7842516840319149,46,46,0.5659087331427353,0.5659087331427364
DRegular,10,3,,2,2,0.8489615010330454,0.8430138179683127,50,50,0.6419881011213304,0.6419881011213284
DRegular,10,3,,2,3,0.8306689549935982,0.8006992589798756,46,46,0.6640126223087133,0.6640126223087127
DRegular,10,3,,2,4,0.802790465997532,0.7966011660173535,44,44,0.6753227127854841,0.675322712785483
DRegular,10,3,,2,5,0.7289573849993758,0.7960343490121886,44,44,0.6753227127854836,0.6753227127854848
DRegular,10,3,,2,6,0.8353819889598526,0.8269389499910176,46,46,0.565908733142735,0.5659087331427357
DRegular,10,3,,2,7,0.8460326769854873,0.825475070043467,46,46,0.6234002574960915,0.6234002574960913
DRegular,10,3,,2,8,0.8846090839942917,0.8835600979509763,50,50,0.6419881011213299,0.6419881011213283
DRegular,10,3,,2,9,0.8123134240158834,0.7190149360103533,44,44,0.6753227127854841,0.6753227127854846
DRegular,10,3,,2,10,0.8329690600512549,0.8272807429893874,46,46,0.6234002574960915,0.6234002574960902
DRegular,10,3,,2,11,0.7213814369752072,0.8122261360404082,44,44,0.6753227127854841,0.6753227127854844
DRegular,10,3,,2,12,0.7756476670037955,0.6761009080219083,42,42,0.586000279781283,0.5860002797812847
DRegular,10,3,,2,13,0.7441516689723358,0.8623691370012239,46,46,0.6234002574960915,0.6234002574960904
DRegular,10,3,,2,14,0.7458498799824156,0.7384276239899918,46,46,0.5522775619166266,0.5522775619166274
DRegular,10,3,,2,15,0.7278166589676403,0.7295615220209584,46,46,0.6640126223087125,0.6640126223087126
DRegular,10,3,,2,16,0.9179992690333165,0.9183278849814087,50,50,0.6309614139579455,0.630961413957944
DRegular,10,3,,2,17,0.8016666499897838,0.9277326950104907,50,50,0.6121485601188871,0.6121485601188851
DRegular,10,3,,2,18,0.8420692139770836,0.7186099769896828,44,44,0.6661954090268153,0.6661954090268156
DRegular,10,3,,2,19,0.7527577090077102,0.7396873620455153,46,46,0.6234002574960916,0.6234002574960905
DRegular,10,3,,3,0,2.097565775969997,2.0957641979912296,100,100,0.6606195080291212,0.6606195080291171
DRegular,10,3,,3,1,4.061632841010578,4.363557246979326,186,198,0.6586262535322067,0.662212647957725
DRegular,10,3,,3,2,2.3130556859541684,2.3810606349725276,112,112,0.6968765098992169,0.6968765098992199
DRegular,10,3,,3,3,2.11473221500637,2.1460772319696844,98,98,0.7068979763481645,0.7068979763481605
DRegular,10,3,,3,4,2.0659478649613447,1.9817825390491635,94,94,0.7222561556769314,0.7222561556769287
DRegular,10,3,,3,5,2.1225530790397897,1.990266372973565,94,94,0.722256155676929,0.7222561556769296
DRegular,10,3,,3,6,4.855327797995415,4.526245153974742,204,198,0.6622126479450238,0.6622126479233479
DRegular,10,3,,3,7,2.5851582369650714,2.495238828996662,114,114,0.6800114108771205,0.6800114108771208
DRegular,10,3,,3,8,2.4686399159836583,2.4441391800064594,112,112,0.6968765098992171,0.696876509899218
DRegular,10,3,,3,9,2.055915864009876,2.0357269200030714,94,94,0.7222561556769295,0.722256155676927
DRegular,10,3,,3,10,2.544453123002313,2.6228796759969555,114,114,0.6800114108771187,0.6800114108771188
DRegular,10,3,,3,11,2.154030503006652,2.0703351909760386,94,94,0.7222561556769311,0.7222561556769284
DRegular,10,3,,3,12,3.050123946974054,3.0501812209840864,130,130,0.6854598324437571,0.6854598324437573
DRegular,10,3,,3,13,2.7009863200364634,2.510383719985839,114,114,0.6800114108771192,0.6800114108771191
DRegular,10,3,,3,14,2.6144906010013074,2.6091823449824005,114,114,0.6398340706923726,0.6398340706923731
DRegular,10,3,,3,15,2.1609829870285466,2.17501240799902,98,98,0.706897976348161,0.7068979763481609
DRegular,10,3,,3,16,2.599521512980573,2.489813633961603,112,112,0.6823572894193917,0.6823572894193913
DRegular,10,3,,3,17,4.75556768901879,4.662121572007891,196,196,0.6595723743771723,0.6595723743884199
DRegular,10,3,,3,18,3.2871627190033905,3.404659277002793,140,140,0.7166796607119663,0.7166796607134566
DRegular,10,3,,3,19,2.8398608720162883,2.717899921000935,114,114,0.6800114108771198,0.6800114108771198
DRegular,10,3,,4,0,8.315868271980435,8.561822405958083,308,314,0.7041203957282784,0.7041203958496711
DRegular,10,3,,4,1,7.8713565460057,7.886636726965662,312,314,0.6476761740425171,0.732477422758193
DRegular,10,3,,4,2,7.464790635975078,7.411608761001844,278,278,0.7268751440143153,0.7268751440504186
DRegular,10,3,,4,3,7.379452813998796,7.40466587402625,260,264,0.8139970993085605,0.8139970991153826
DRegular,10,3,,4,4,5.331206650997046,5.287831371999346,194,194,0.8084032387053396,0.8084032387053381
DRegular,10,3,,4,5,5.317276774032507,5.321164347988088,194,194,0.8084032387053373,0.8084032387053398
DRegular,10,3,,4,6,8.605620679969434,8.739094525983091,322,322,0.7324774227597309,0.7324774227579484
DRegular,10,3,,4,7,4.905644104001112,4.966318760009017,186,186,0.5802535800395725,0.5802535800395725
DRegular,10,3,,4,8,8.034024635970127,8.121252454991918,278,278,0.7268751442393658,0.726875144272902
DRegular,10,3,,4,9,5.477032196009532,5.39176133699948,194,194,0.8084032387053383,0.8084032387053388
DRegular,10,3,,4,10,4.963112082972657,4.91445347503759,186,186,0.5802535800395735,0.5802535800395705
DRegular,10,3,,4,11,5.383130719012115,5.368866716977209,194,194,0.8084032387053373,0.8084032387053409
DRegular,10,3,,4,12,7.848981422022916,7.980936531967018,274,274,0.6875848384210711,0.6875848384210381
DRegular,10,3,,4,13,4.997375687991735,5.141242901037913,186,186,0.5802535800395713,0.5802535800395743
DRegular,10,3,,4,14,5.062178724969272,4.882117511995602,182,182,0.611599309728878,0.6115993097288651
DRegular,10,3,,4,15,8.208844143955503,7.970839704037644,272,266,0.8053684485546303,0.8053684485637037
DRegular,10,3,,4,16,7.259202854998875,7.2941201299545355,250,250,0.715832659814067,0.7158326598140662
DRegular,10,3,,4,17,7.1697017949773,7.167361208994407,266,266,0.6952808638912773,0.6952808638861198
DRegular,10,3,,4,18,8.767701541015413,8.660991474986076,292,284,0.7509786064074297,0.7509786064342374
DRegular,10,3,,4,19,5.423957924009301,5.106167962017935,186,186,0.5802535800395723,0.5802535800395734
DRegular,10,3,,5,0,12.615164499962702,12.87073737703031,424,434,0.7075038323890388,0.7075038325264305
DRegular,10,3,,5,1,15.759574970055837,12.706055900955107,526,444,0.7527636037926111,0.7404200868404591
DRegular,10,3,,5,2,10.877254171995446,11.042207995953504,370,372,0.8307068444995264,0.8307068441518967
DRegular,10,3,,5,3,12.197721924982034,12.087964207981713,380,382,0.8565970848306774,0.8565970849218951
DRegular,10,3,,5,4,13.18428711296292,12.966245785006322,390,388,0.8724012327890884,0.8724012328352813
DRegular,10,3,,5,5,13.222229409962893,13.091178529022727,392,390,0.8724012330623294,0.8724012327799637
DRegular,10,3,,5,6,15.059675846016034,13.584840125986375,480,444,0.7404200868674476,0.7404200861931496
DRegular,10,3,,5,7,10.279406942019705,10.16191925102612,314,314,0.7115570157532844,0.7115570157532711
DRegular,10,3,,5,8,11.746178433997557,11.744452023995109,368,368,0.8307068446387619,0.830706844210565
DRegular,10,3,,5,9,13.55728808400454,13.582434291951358,390,392,0.8724012318208338,0.8724012331591411
DRegular,10,3,,5,10,10.332813082961366,10.30185704602627,314,314,0.7115570157532727,0.7115570157532872
DRegular,10,3,,5,11,13.751743533008266,13.858747271995526,390,392,0.8724012330843811,0.8724012331090452
DRegular,10,3,,5,12,12.672142573981546,12.848951928026509,388,388,0.6819511869519009,0.6819511871178742
DRegular,10,3,,5,13,10.605469763977453,10.423366767994594,314,314,0.711557015753278,0.7115570157532863
DRegular,10,3,,5,14,8.555176276015118,8.456049681990407,264,264,0.7287917505044214,0.7287917505043471
DRegular,10,3,,5,15,12.689238895021845,12.666367953002919,378,374,0.8285910657576665,0.8285910657598463
DRegular,10,3,,5,16,12.063038186985068,11.789585268008523,354,354,0.8292156760454614,0.8292156760454548
DRegular,10,3,,5,17,12.472093474003486,12.159678420983255,386,378,0.7847375220193362,0.7847375260197991
DRegular,10,3,,5,18,12.667651115974877,12.955507655977271,384,374,0.8605364329822378,0.860536433007923
DRegular,10,3,,5,19,10.905285143002402,10.875410620996263,314,314,0.7115570157532791,0.7115570157532771
DRegular,10,3,,6,0,19.55497848900268,19.828331791970413,584,590,0.7839578204741883,0.7839578198401409
DRegular,10,3,,6,1,21.364477504976094,19.238329589017667,654,594,0.6803651329005073,0.757481752152457
DRegular,10,3,,6,2,23.357296752976254,23.92233281105291,654,666,0.8362795378400366,0.8362795339978304
DRegular,10,3,,6,3,18.324192959000356,18.5233878219733,514,518,0.9223375429684357,0.9223375431113696
DRegular,10,3,,6,4,18.010237736045383,17.624215529009234,494,486,0.8196945285670321,0.8196945287470154
DRegular,10,3,,6,5,17.83382525201887,17.923536370974034,488,490,0.819694528442404,0.8196945285012491
DRegular,10,3,,6,6,24.25027543399483,21.853145506000146,674,614,0.7574817573520559,0.7574817533872071
DRegular,10,3,,6,7,17.462903357984032,16.97919989901129,460,454,0.8221824522331223,0.8221824499356806
DRegular,10,3,,6,8,25.362872296012938,24.94424911699025,642,628,0.8362795378694625,0.8362795379230873
DRegular,10,3,,6,9,18.62237177498173,18.176529437012505,494,484,0.8196945291528258,0.8196945267959329
DRegular,10,3,,6,10,17.47272595699178,17.592623692995403,456,460,0.8221824515801163,0.8221824522299982
DRegular,10,3,,6,11,18.455695440992713,18.936289072968066,488,496,0.8196945292780455,0.8196945294473511
DRegular,10,3,,6,12,28.73498600302264,26.353985311987344,708,652,0.7669894579557448,0.7669894571366087
DRegular,10,3,,6,13,17.59216043294873,17.924695335968863,454,456,0.8221824490785177,0.8221824494453367
DRegular,10,3,,6,14,20.406503952050116,20.8901443919749,500,508,0.7479685830917626,0.7479685762081127
DRegular,10,3,,6,15,21.287693954014685,21.532512975973077,544,542,0.8949693133368835,0.8949693135274304
DRegular,10,3,,6,16,19.893370862992015,20.371995979978237,506,510,0.8421448758163572,0.8421448760227039
DRegular,10,3,,6,17,21.15717052097898,19.70357295096619,552,522,0.795337411286938,0.7953374051046215
DRegular,10,3,,6,18,27.793259278987534,29.00740396603942,666,656,0.8612710283730654,0.8612710265329104
DRegular,10,3,,6,19,17.727316101954784,18.297795867023524,452,456,0.8221824518439492,0.8221824497825739
DRegular,10,3,,7,0,33.75453810195904,32.86345789098414,866,850,0.687471732675254,0.714253996993566
DRegular,10,3,,7,1,29.44037716696039,28.360605486028362,812,774,0.5021457603235266,0.7778546688693525
DRegular,10,3,,7,2,31.80436341703171,32.08780029998161,818,820,0.8861723753365016,0.886172376408475
DRegular,10,3,,7,3,25.373157929978333,25.96791599196149,640,652,0.927873537102532,0.9278735405793701
DRegular,10,3,,7,4,35.17525970097631,33.760304957977496,800,782,0.9110398187480677,0.9110398024716326
DRegular,10,3,,7,5,33.904113201017026,34.107797764998395,776,784,0.911039817232822,0.9110398153645998
DRegular,10,3,,7,6,33.285149902978446,30.23953215702204,830,766,0.7778546671366707,0.7778546698345257
DRegular,10,3,,7,7,29.321577293041628,29.04397830698872,674,664,0.8334174131791812,0.8334174146891545
DRegular,10,3,,7,8,34.26513178402092,34.09377544600284,792,796,0.8861723772950294,0.886172375989045
DRegular,10,3,,7,9,35.963351719023194,35.568473715975415,790,784,0.9110398168614342,0.9110398169891922
DRegular,10,3,,7,10,29.442675611993764,29.214939938974567,666,658,0.8334174156964498,0.8334174154416959
DRegular,10,3,,7,11,38.291156464023516,32.70752633595839,818,728,0.9110398174370324,0.9110398165618381
DRegular,10,3,,7,12,42.28983680898091,39.53169659600826,932,874,0.8024749262089618,0.8024749240234925
DRegular,10,3,,7,13,30.143429271993227,30.640259895008057,656,670,0.8334174035075377,0.8334174148099035
DRegular,10,3,,7,14,40.08248064701911,37.55137674504658,824,786,0.7685193914290779,0.7677114998271045
DRegular,10,3,,7,15,44.87725743098417,46.124403854017146,932,950,0.9202801313008186,0.9249721233050661
DRegular,10,3,,7,16,32.16063170495909,32.11827174498467,702,706,0.8427968911853226,0.8427968868815721
DRegular,10,3,,7,17,36.211401787004434,33.247761546983384,794,748,0.8229759949381207,0.8229759902942017
DRegular,10,3,,7,18,41.148287952004466,49.34797349496512,884,968,0.8869822923756181,0.8913166025073469
DRegular,10,3,,7,19,31.54826008703094,32.06674231798388,660,670,0.8334174121818624,0.8334174135111455
DRegular,10,3,,8,0,65.90310827200301,45.01878497400321,1430,1066,0.8190740737511412,0.7905903164120718
DRegular,10,3,,8,1,42.555700762954075,59.833456331980415,1038,1312,0.7974245942736206,0.7347298037082924
DRegular,10,3,,8,2,53.28897275903728,50.742372637963854,1184,1144,0.8920299531600571,0.8898988666752596
DRegular,10,3,,8,3,41.73511241801316,44.230137026985176,906,948,0.9234608878225181,0.9513917215977281
DRegular,10,3,,8,4,44.98129654000513,43.59060590103036,964,938,0.8908614309808958,0.8908614380627677
DRegular,10,3,,8,5,44.457019341003615,45.461331864993554,950,964,0.8908614364267662,0.8908614381283528
DRegular,10,3,,8,6,64.82762772002025,63.929967064992525,1322,1290,0.7347298043937005,0.7347298036878389
DRegular,10,3,,8,7,45.09373429999687,45.10415090696188,916,906,0.8239166022018212,0.8239166010256241
DRegular,10,3,,8,8,55.66583592799725,55.87903232499957,1114,1122,0.8898988572573174,0.8889372054928988
DRegular,10,3,,8,9,47.55252655700315,48.02957329998026,960,970,0.8908614266243438,0.8908614406451645
DRegular,10,3,,8,10,45.21001694095321,45.09857174998615,894,898,0.8239165922110345,0.8239166049452677
DRegular,10,3,,8,11,49.107095990970265,43.14008439995814,982,886,0.8908614407532165,0.890861438596861
DRegular,10,3,,8,12,86.69949288101634,84.83171944500646,1582,1540,0.7959067695105445,0.7864920184806719
DRegular,10,3,,8,13,45.7976168479654,48.07342804700602,886,916,0.8373854722786639,0.8239165891699752
DRegular,10,3,,8,14,69.50272249802947,64.45816718798596,1254,1176,0.768882956477134,0.7681899960022243
DRegular,10,3,,8,15,75.34724826004822,67.49363873200491,1368,1250,0.9230719218786938,0.9425969711333584
DRegular,10,3,,8,16,60.61248391401023,60.08210509602213,1106,1108,0.8650472844706745,0.8061170612327379
DRegular,10,3,,8,17,67.74091616901569,57.8717269449844,1242,1086,0.8305682397035482,0.8202246554195965
DRegular,10,3,,8,18,61.7677024769946,69.56558377895271,1172,1236,0.8842543431515617,0.8951282398279294
DRegular,10,3,,8,19,48.80185975600034,49.55896837695036,904,916,0.8239165964696022,0.8239166011642285
DRegular,10,3,,9,0,93.75037018902367,69.09644907998154,1862,1442,0.8756238105146115,0.8518914086055784
DRegular,10,3,,9,1,70.66830871300772,85.30456948600477,1476,1706,0.8028574813347429,0.8001865475908239
DRegular,10,3,,9,2,70.27867701795185,73.4370183920255,1436,1476,0.9001158580210029,0.8887882450984741
DRegular,10,3,,9,3,53.55001792201074,68.10656985099195,1070,1284,0.930007682733816,0.960419714797581
DRegular,10,3,,9,4,65.73386010498507,61.85960711503867,1248,1200,0.9486977494082403,0.9486977346769982
DRegular,10,3,,9,5,65.41474282898707,60.81090614100685,1236,1180,0.9486977523190772,0.948438765590732
DRegular,10,3,,9,6,111.27247491001617,126.64023602096131,1968,2152,0.8026722989649627,0.8063809601294962
DRegular,10,3,,9,7,82.19519546802621,74.81717420497444,1408,1310,0.8905074520943259,0.896583703605125
DRegular,10,3,,9,8,82.13660142198205,73.4627421059995,1460,1356,0.8887882491755428,0.9069257492432108
DRegular,10,3,,9,9,78.69262674200581,64.77157936204458,1372,1188,0.9518319997381028,0.948438713156617
DRegular,10,3,,9,10,86.81921207800042,73.1920667529921,1446,1264,0.8905074629672634,0.8776657981986098
DRegular,10,3,,9,11,75.61840744398069,66.4089723820216,1320,1182,0.9486977453880752,0.948697751344225
DRegular,10,3,,9,12,125.30838386702817,108.17009195301216,2074,1836,0.8046625811879201,0.7946836531921492
DRegular,10,3,,9,13,72.0597650979762,74.91171009402024,1212,1266,0.8915501221965672,0.8774499120067558
DRegular,10,3,,9,14,90.49854286300251,110.90465498104459,1518,1762,0.7695037791358387,0.7763640579477603
DRegular,10,3,,9,15,122.95747697702609,85.41129733598791,1958,1478,0.9546328307661893,0.9534302187278898
DRegular,10,3,,9,16,91.12635155499447,89.50903691496933,1484,1478,0.9252802214842968,0.9380305051498219
DRegular,10,3,,9,17,129.82664889801526,117.93816794099985,2012,1724,0.8555452946129525,0.8422461764188214
DRegular,10,3,,9,18,81.12759570701746,99.98677804501494,1414,1598,0.9042230284460828,0.9093769813024957
DRegular,10,3,,9,19,75.49957941001048,98.27606356801698,1230,1516,0.8906389611570693,0.8905074522771579
DRegular,10,3,,10,0,124.74916564003797,90.54367354599526,2294,1742,0.9041031543325895,0.8836313779241265
DRegular,10,3,,10,1,124.80852938402677,126.23849607101874,2228,2266,0.7987045471121609,0.8061254273215637
DRegular,10,3,,10,2,93.04037478601094,101.50234497600468,1750,1868,0.9267471393537801,0.926964810246296
DRegular,10,3,,10,3,66.01296584698139,123.21644559700508,1232,2004,0.9633644485538613,0.948141024224302
DRegular,10,3,,10,4,93.66299969999818,86.57272521499544,1620,1518,0.9330139808261135,0.9330140333036034
DRegular,10,3,,10,5,93.5524510939722,98.52174447500147,1602,1658,0.9330140368290738,0.9540781349822924
DRegular,10,3,,10,6,160.09388529101852,193.2086533610127,2560,2944,0.8062148304901737,0.8000933250600785
DRegular,10,3,,10,7,113.60266926995246,121.31191201601177,1806,1852,0.8963666196311622,0.9047596246257541
DRegular,10,3,,10,8,109.34553480899194,103.94748234201688,1790,1722,0.9256331915278855,0.9132735340999041
DRegular,10,3,,10,9,132.8373230699799,103.61210198100889,2020,1652,0.9383151958652844,0.9540781214794127
DRegular,10,3,,10,10,126.25116388703464,131.48383446101798,1916,1954,0.9113692088647347,0.8252929933261793
DRegular,10,3,,10,11,105.9976977930055,93.54818505898584,1690,1508,0.9330140260665505,0.9330140339957191
DRegular,10,3,,10,12,155.43707598204492,152.7164319519652,2434,2342,0.8175169457285841,0.821571981965274
DRegular,10,3,,10,13,158.85357206698973,126.9228172400035,2200,1842,0.899461916788193,0.8937785493059336
DRegular,10,3,,10,14,149.5360132389469,146.20980865403544,2188,2160,0.7784560542709419,0.7867476516620472
DRegular,10,3,,10,15,160.23536203696858,121.03933339600917,2384,1878,0.947290009372211,0.9466159699116399
DRegular,10,3,,10,16,114.01723795104772,118.8006136349868,1758,1802,0.9623972499878131,0.9353921466540434
DRegular,10,3,,10,17,179.0517678789911,145.03836711804615,2568,2134,0.8706768622579857,0.8509498025851081
DRegular,10,3,,10,18,105.48425920802401,124.36261677701259,1684,1870,0.9318767257696619,0.8905382301380662
DRegular,10,3,,10,19,112.62705002201255,139.73606710799504,1646,1962,0.9167852972642083,0.8963666228542728
DRegular,11,2,,1,0,0.5178776253014803,0.36941454466432333,22,20,0.6393275817735716,0.6703214630883386
DRegular,11,2,,1,1,0.3866490200161934,0.3263721736148,22,20,0.6393275817735716,0.6703214630883385
DRegular,11,2,,1,2,0.32692831847816706,0.325248952023685,20,20,0.6787008303092061,0.6787008303092056
DRegular,11,2,,1,3,0.34791741613298655,0.3707311311736703,22,20,0.6393275817735716,0.6703214630883385
DRegular,11,2,,1,4,0.3959886198863387,0.3445156402885914,22,22,0.7616844783511787,0.7616844783511776
DRegular,11,2,,1,5,0.3500185953453183,0.3912124251946807,22,20,0.6393275817735716,0.6703214630883385
DRegular,11,2,,1,6,0.3475140770897269,0.39018132630735636,22,20,0.6393275817735716,0.6703214630883386
DRegular,11,2,,1,7,0.3980730650946498,0.3266996508464217,20,20,0.6787008303092059,0.6787008303092057
DRegular,11,2,,1,8,0.3460313007235527,0.40034501533955336,22,20,0.6393275817735716,0.6703214630883385
DRegular,11,2,,1,9,0.46016696374863386,0.3283343641087413,22,20,0.6393275817735717,0.6703214630883386
DRegular,11,2,,1,10,0.32886091619729996,0.4034054847434163,20,20,0.6787008303092061,0.6787008303092057
DRegular,11,2,,1,11,0.33069945871829987,0.3261135471984744,20,20,0.678700830309206,0.6787008303092057
DRegular,11,2,,1,12,0.32796504255384207,0.3268251707777381,20,20,0.6787008303092057,0.6787008303092057
DRegular,11,2,,1,13,0.3490725373849273,0.33047282230108976,22,20,0.6393275817735716,0.6703214630883385
DRegular,11,2,,1,14,0.3452854407951236,0.32767367642372847,22,20,0.6393275817735716,0.6703214630883386
DRegular,11,2,,1,15,0.41931416001170874,0.4738427847623825,20,20,0.6787008303092061,0.670141293523671
DRegular,11,2,,1,16,0.5003903396427631,0.361283659003675,22,22,0.7616844783511787,0.7616844783511776
DRegular,11,2,,1,17,0.3273598179221153,0.3269289555028081,20,20,0.678700830309206,0.6787008303092057
DRegular,11,2,,1,18,0.33009911328554153,0.32677128352224827,20,20,0.6787008303092059,0.667773092431314
DRegular,11,2,,1,19,0.32389524672180414,0.3272513374686241,20,20,0.6787008303092061,0.6787008303092057
DRegular,11,2,,2,0,1.1288082618266344,0.9832501169294119,74,64,0.7710560192530299,0.7283034555421443
DRegular,11,2,,2,1,1.036982461810112,0.8674618387594819,68,56,0.7052340132238138,0.7284437757597066
DRegular,11,2,,2,2,1.126997740007937,1.1193777257576585,70,70,0.7723956803946732,0.7723956803946732
DRegular,11,2,,2,3,1.1437205681577325,0.999355798587203,74,64,0.7710560192530278,0.7283034555421437
DRegular,11,2,,2,4,1.05151005089283,1.044850510545075,68,68,0.814618245228033,0.8146182452280339
DRegular,11,2,,2,5,1.05830611102283,0.8906676080077887,68,56,0.7052340132238138,0.7284437757597066
DRegular,11,2,,2,6,1.0565074030309916,0.8950007995590568,68,56,0.7052340132238138,0.7284437757597072
DRegular,11,2,,2,7,1.104812934063375,1.0996308112517,70,70,0.7723956803946738,0.7723956803946732
DRegular,11,2,,2,8,1.0679262466728687,0.8995014512911439,68,56,0.7052340132238138,0.7284437757597071
DRegular,11,2,,2,9,1.1088981358334422,0.9002193612977862,68,56,0.7052340132238138,0.7284437757597065
DRegular,11,2,,2,10,1.11787517555058,1.1124805333092809,70,70,0.7723956803946732,0.7723956803946732
DRegular,11,2,,2,11,1.1120198545977473,1.1163030285388231,70,70,0.7723956803946732,0.7723956803946732
DRegular,11,2,,2,12,1.1196444928646088,1.126599295064807,70,70,0.7723956803946732,0.7723956803946732
DRegular,11,2,,2,13,1.0853225700557232,0.9233928686007857,68,56,0.7052340132238138,0.7284437757597064
DRegular,11,2,,2,14,1.100761474110186,0.911738489754498,68,56,0.7052340132238138,0.7284437757597065
DRegular,11,2,,2,15,1.2143116844817996,0.6571266055107117,76,44,0.7655330864128178,0.6281801435466722
DRegular,11,2,,2,16,0.9960359167307615,1.141812451183796,68,68,0.8146182452280324,0.8146182452280338
DRegular,11,2,,2,17,1.1834524190053344,1.1417354624718428,70,70,0.772395680394674,0.7723956803946732
DRegular,11,2,,2,18,1.2342166462913156,0.9123185034841299,76,54,0.715297027612636,0.6469776216944974
DRegular,11,2,,2,19,1.1962294457480311,1.1825082805007696,70,70,0.7723956803946732,0.7723956803946732
DRegular,11,2,,3,0,1.9048148337751627,2.5593081433326006,108,136,0.9404712140218183,0.8803350680784051
DRegular,11,2,,3,1,2.2400591606274247,2.370153591968119,122,124,0.791705710714005,0.8368255307981649
DRegular,11,2,,3,2,2.1580461943522096,2.156417343765497,118,118,0.8583646274175443,0.8583646274175439
DRegular,11,2,,3,3,1.937602904625237,2.596053348854184,108,136,0.9404712140218188,0.8803350680784021
DRegular,11,2,,3,4,3.71122925914824,3.752353102900088,188,188,0.9660556882975884,0.9660556882975895
DRegular,11,2,,3,5,2.318690943531692,2.4135555820539594,122,124,0.7917057107140046,0.8368255307981627
DRegular,11,2,,3,6,2.3052129559218884,2.4280704874545336,122,124,0.7917057107140055,0.8368255307981641
DRegular,11,2,,3,7,2.184321499429643,2.258423143066466,118,118,0.8583646274175445,0.8583646274175443
DRegular,11,2,,3,8,2.3573016803711653,2.476423908956349,122,124,0.7917057107140056,0.8368255307981622
DRegular,11,2,,3,9,2.367365127429366,2.395922373048961,122,124,0.7917057107140051,0.8368255307981627
DRegular,11,2,,3,10,2.2302613584324718,2.248494438827038,118,118,0.8583646274175443,0.8583646274175443
DRegular,11,2,,3,11,2.251285563223064,2.220750684849918,118,118,0.8583646274175436,0.8583646274175439
DRegular,11,2,,3,12,2.2460841443389654,2.254481644369662,118,118,0.8583646274175445,0.8583646274175443
DRegular,11,2,,3,13,2.3975101532414556,2.469855334609747,122,124,0.7917057107140045,0.8368255307981622
DRegular,11,2,,3,14,2.367039144039154,2.5558965131640434,122,124,0.7917057107140035,0.836825530798162
DRegular,11,2,,3,15,2.619007993489504,1.6253260122612119,136,78,0.8295635678728118,0.7185972750672509
DRegular,11,2,,3,16,4.263284981250763,4.111436855047941,188,188,0.9660556882975887,0.966055688297587
DRegular,11,2,,3,17,2.394693750888109,2.3046728698536754,118,118,0.8583646274175445,0.8583646274175439
DRegular,11,2,,3,18,2.5781392632052302,2.0935807898640633,132,102,0.901780697997431,0.746621623339558
DRegular,11,2,,3,19,4.4256955701857805,2.4799612816423178,118,118,0.8583646274175439,0.8583646274175443
DRegular,11,2,,4,0,3.8902171049267054,3.922873256728053,180,184,0.9468471401048465,0.9284637079052466
DRegular,11,2,,4,1,5.525271588936448,4.5252590412274,238,200,0.845842399925635,0.8424410434155425
DRegular,11,2,,4,2,4.08899109903723,4.006711916998029,184,184,0.8861753734675771,0.8861753734675772
DRegular,11,2,,4,3,3.981904923915863,3.9934845054522157,180,184,0.946847140104845,0.9284637079052466
DRegular,11,2,,4,4,5.656540181487799,5.6161989802494645,254,254,0.959617071305948,0.959617071305947
DRegular,11,2,,4,5,5.675230371765792,4.634087706916034,238,200,0.8458423999256357,0.842441043415542
DRegular,11,2,,4,6,5.726011341437697,4.622390082105994,238,200,0.8458423999256345,0.8424410434155403
DRegular,11,2,,4,7,4.180718081071973,4.176536518149078,184,184,0.886175373467578,0.8861753734675769
DRegular,11,2,,4,8,5.7960997531190515,5.00543961673975,238,200,0.8458423999256326,0.8424410434155435
DRegular,11,2,,4,9,6.022507353685796,4.745159268379211,238,200,0.8458423999256336,0.8424410434155419
DRegular,11,2,,4,10,4.283370189368725,4.208529426716268,184,184,0.886175373467578,0.8861753734675762
DRegular,11,2,,4,11,4.313829008489847,4.2933847568929195,184,184,0.8861753734675762,0.8861753734675787
DRegular,11,2,,4,12,4.320752486586571,4.2608959674835205,184,184,0.8861753734675766,0.8861753734675799
DRegular,11,2,,4,13,5.914686985313892,4.892505578696728,238,200,0.8458423999256321,0.8424410434155417
DRegular,11,2,,4,14,5.902372638694942,4.827600866556168,238,200,0.8458423999256361,0.8424410434155434
DRegular,11,2,,4,15,3.951766830869019,3.864704485051334,178,144,0.8955138571490954,0.8041666325662437
DRegular,11,2,,4,16,6.4232584135606885,10.067358846776187,254,254,0.9596170713059466,0.9596170713059514
DRegular,11,2,,4,17,4.539581319317222,4.322055169381201,184,184,0.886175373467578,0.8861753734675748
DRegular,11,2,,4,18,5.488347825594246,3.7269971119239926,224,158,0.9522894271508713,0.8296209428300372
DRegular,11,2,,4,19,4.655026567168534,4.619403581134975,184,184,0.8861753734675771,0.8861753734675762
DRegular,11,2,,5,0,6.754601154476404,6.65896425023675,262,262,0.9936736010939334,0.880039092999842
DRegular,11,2,,5,1,10.24169822409749,8.133048525080085,372,304,0.8605054458050834,0.8887052395793613
DRegular,11,2,,5,2,6.237622679211199,6.240346934646368,246,246,0.948146102378115,0.9481461023781144
DRegular,11,2,,5,3,6.895612739957869,6.717413530685008,262,262,0.9936736010939313,0.8800390929998411
DRegular,11,2,,5,4,9.939609018154442,9.960890855640173,374,374,0.9550958349962684,0.9550958349962713
DRegular,11,2,,5,5,10.589283184148371,8.431362485513091,372,304,0.8605054458050141,0.8887052395793535
DRegular,11,2,,5,6,10.561691374517977,8.490860746242106,372,304,0.860505445805033,0.8887052395793484
DRegular,11,2,,5,7,6.490504910238087,6.485891070216894,246,246,0.948146102378115,0.9481461023781179
DRegular,11,2,,5,8,10.798456287942827,9.227491567842662,372,304,0.8605054458045377,0.8887052395793631
DRegular,11,2,,5,9,10.952596195973456,8.68267350178212,372,304,0.8605054458048966,0.8887052395793578
DRegular,11,2,,5,10,6.62144433055073,6.764025165699422,246,246,0.9481461023781158,0.9481461023781126
DRegular,11,2,,5,11,6.702277421019971,6.636930045671761,246,246,0.9481461023781156,0.948146102378114
DRegular,11,2,,5,12,6.582937581464648,6.710447723977268,246,246,0.9481461023781128,0.9481461023781137
DRegular,11,2,,5,13,11.093286178074777,8.920082186348736,372,304,0.8605054458049228,0.8887052395793574
DRegular,11,2,,5,14,11.278931480832398,8.941424296237528,372,304,0.860505445805058,0.8887052395793639
DRegular,11,2,,5,15,5.710013162344694,8.303521210327744,222,246,0.9532881400639107,0.8969831863616529
DRegular,11,2,,5,16,11.678032868541777,11.569944265298545,374,374,0.9550958349962723,0.9550958349962709
DRegular,11,2,,5,17,8.697684926912189,6.797206809744239,246,246,0.9481461023781156,0.9481461023781155
DRegular,11,2,,5,18,11.140282745473087,10.277326923795044,368,302,0.9458848292621568,0.8744671713454688
DRegular,11,2,,5,19,7.310499443672597,7.335044341161847,246,246,0.9481461023781165,0.9481461023781144
DRegular,11,2,,6,0,15.08144573867321,9.849085811525583,468,342,0.9925430801119461,0.8926756022627795
DRegular,11,2,,6,1,14.19989171717316,14.720355592668056,470,466,0.9389934931565055,0.9317039660570021
DRegular,11,2,,6,2,9.813406452536583,9.640770028345287,330,330,0.9655616774622493,0.965561677462252
DRegular,11,2,,6,3,15.37772288825363,10.117009494453669,466,342,0.9925430809262824,0.8926756022627778
DRegular,11,2,,6,4,17.339630922302604,17.408238210715353,550,554,0.9942653204529851,0.9942653227770508
DRegular,11,2,,6,5,14.702193967066705,15.263576871715486,470,466,0.938993493156512,0.93170396614516
DRegular,11,2,,6,6,14.824071125127375,15.43590070027858,470,466,0.93899349315651,0.9317039661434354
DRegular,11,2,,6,7,10.21509048808366,10.14521930553019,330,330,0.9655616774622494,0.9655616774622514
DRegular,11,2,,6,8,15.228793831542134,16.972352277487516,470,466,0.9389934931565722,0.9317039660449968
DRegular,11,2,,6,9,15.28005197364837,17.240246358327568,470,466,0.9389934931565254,0.9317039660935009
DRegular,11,2,,6,10,10.439447473734617,10.400288454256952,330,330,0.9655616774622542,0.965561677462253
DRegular,11,2,,6,11,10.460964294150472,10.30834843032062,330,330,0.9655616774622533,0.9655616774622484
DRegular,11,2,,6,12,10.635059701278806,10.58636512979865,330,330,0.9655616774622462,0.9655616774622491
DRegular,11,2,,6,13,15.539855828508735,16.364392383024096,470,466,0.9389934931565256,0.9317039661189593
DRegular,11,2,,6,14,15.789531769230962,16.276692437008023,470,466,0.9389934931565079,0.9317039660578275
DRegular,11,2,,6,15,12.750000632368028,13.447153410874307,350,350,0.9803266036524094,0.9713995452428567
DRegular,11,2,,6,16,20.978184109553695,23.030823646113276,556,558,0.9942653224070549,0.9942653227375939
DRegular,11,2,,6,17,10.879922764375806,10.849964716471732,330,330,0.9655616774622591,0.9655616774622441
DRegular,11,2,,6,18,25.309121575206518,15.01190563198179,668,390,0.9745349363379535,0.8224160481411806
DRegular,11,2,,6,19,12.05533191934228,11.830941058695316,330,330,0.9655616774622506,0.9655616774622514
DRegular,11,2,,7,0,32.17583881132305,13.704815160483122,830,422,0.9987259986846257,0.9232923564351079
DRegular,11,2,,7,1,18.90291413012892,26.05640587862581,572,704,0.960330612802571,0.9605404701885281
DRegular,11,2,,7,2,20.4202573383227,20.249412092380226,554,550,0.9896919796317315,0.9896919787117373
DRegular,11,2,,7,3,37.3342024628073,13.968247096054256,924,422,0.9987260106398788,0.9232923564351074
DRegular,11,2,,7,4,48.21427403669804,38.72040782216936,1186,988,0.9982139889717472,0.998908895848084
DRegular,11,2,,7,5,19.907180636189878,26.171857364475727,572,684,0.960330612806397,0.9605404683911655
DRegular,11,2,,7,6,20.0608832789585,26.716992573812604,572,688,0.9603306128053853,0.9605404726629334
DRegular,11,2,,7,7,21.35858730506152,21.904571816325188,550,558,0.9896919805206366,0.9896919803986404
DRegular,11,2,,7,8,20.41442922037095,29.451617473736405,572,682,0.9603306128330138,0.9605404730516227
DRegular,11,2,,7,9,20.608953091315925,27.527783603407443,572,680,0.9603306128128285,0.9605404674872812
DRegular,11,2,,7,10,22.02075747679919,22.717721045017242,552,560,0.9896919799555025,0.9896919796367991
DRegular,11,2,,7,11,22.477311950176954,22.18058854714036,556,548,0.9896919802222925,0.9896919795203288
DRegular,11,2,,7,12,22.278242137283087,22.532015529461205,548,560,0.9896919801368298,0.9896919795381329
DRegular,11,2,,7,13,21.14930401928723,27.208324016071856,572,670,0.9603306128114999,0.9605404709280254
DRegular,11,2,,7,14,21.204504643566906,28.54842613171786,572,692,0.9603306128039945,0.9605404670192457
DRegular,11,2,,7,15,26.537095371633768,25.23096787184477,580,548,0.9903256041497552,0.9592310914842475
DRegular,11,2,,7,16,51.37154130730778,50.48439858760685,1052,1010,0.9989088981561748,0.9989089119596481
DRegular,11,2,,7,17,23.577014189213514,22.806337640620768,560,548,0.989691979954336,0.9896919802959128
DRegular,11,2,,7,18,34.5624292967841,19.914025884121656,834,476,0.9087856014934921,0.8663798031648055
DRegular,11,2,,7,19,27.0964393094182,25.194188966415823,550,550,0.9896919799153336,0.9896919794522973
DRegular,11,2,,8,0,47.46088481787592,24.563360519707203,1120,628,0.9990157870834683,0.9915068611864054
DRegular,11,2,,8,1,29.220932513475418,51.173862006515265,762,1174,0.987581855575597,0.9794688234968465
DRegular,11,2,,8,2,35.3610649863258,34.008295823819935,822,804,0.9911709299525221,0.9911709287896254
DRegular,11,2,,8,3,57.71924623847008,25.327831817790866,1290,628,0.99999999918188,0.9915068643746462
DRegular,11,2,,8,4,58.784885194152594,62.607184551656246,1374,1418,0.972060227994252,0.9994234760666619
DRegular,11,2,,8,5,30.3846348375082,51.972821263596416,760,1138,0.9875818544861179,0.9970705086158856
DRegular,11,2,,8,6,31.284610953181982,54.83379810862243,768,1176,0.9875818538621968,0.997070553799564
DRegular,11,2,,8,7,36.243257083930075,37.09198562707752,800,822,0.9911709103823843,0.9911709308358052
DRegular,11,2,,8,8,32.67981322109699,48.493622744455934,776,974,0.9875818562606197,0.9900087456264348
DRegular,11,2,,8,9,31.88896536268294,43.54905616864562,764,952,0.9875818550526183,0.9819826425038002
DRegular,11,2,,8,10,35.977685399353504,39.341017469763756,784,844,0.9911708987495798,0.9911709291899143
DRegular,11,2,,8,11,37.873852755874395,37.097181354649365,812,800,0.9911709276205857,0.991170926115891
DRegular,11,2,,8,12,37.39682330749929,39.221165088005364,798,826,0.991170928538579,0.9911709288344092
DRegular,11,2,,8,13,33.0088244555518,59.62773843947798,760,1192,0.9875818545183318,0.9970705529192646
DRegular,11,2,,8,14,33.80138490907848,45.7066031973809,774,978,0.9875818548642574,0.9819826609757722
DRegular,11,2,,8,15,43.26515673939139,35.67530422192067,820,696,0.993690156797775,0.9166669585570053
DRegular,11,2,,8,16,82.79149802681059,80.40383029729128,1502,1454,0.9994234783630688,0.9994234808576079
DRegular,11,2,,8,17,40.437240075320005,40.83689824305475,826,802,0.9911709239706236,0.9911709190095245
DRegular,11,2,,8,18,54.617961848154664,26.72972958907485,1116,566,0.9872373346377998,0.8731135177466328
DRegular,11,2,,8,19,48.574788270518184,43.19352482724935,824,806,0.9911709281396568,0.9911709246752134
DRegular,11,2,,9,0,64.21680819895118,36.06970491819084,1394,818,0.9999968393071519,0.9975600005595091
DRegular,11,2,,9,1,71.47873391211033,86.88555092737079,1464,1762,0.9927516733724395,0.9998779969407728
DRegular,11,2,,9,2,50.82154178060591,51.09174148645252,1080,1080,0.9963615225512676,0.9963615249896393
DRegular,11,2,,9,3,87.95550917740911,37.52958056144416,1786,828,0.9999999948992494,0.9975600038110783
DRegular,11,2,,9,4,127.57996376976371,92.82308546826243,2482,1898,0.9997661782691738,0.9997208039707541
DRegular,11,2,,9,5,79.30793586652726,84.84040453657508,1522,1650,0.9927516658291571,0.9989993124124361
DRegular,11,2,,9,6,70.3670801948756,96.30389644484967,1372,1818,0.992751661474659,0.9989994438337938
DRegular,11,2,,9,7,54.31020788475871,56.98224698193371,1082,1118,0.996361530051705,0.996361508056436
DRegular,11,2,,9,8,81.0227364487946,84.39882786013186,1512,1458,0.9927516747915487,0.9959239509109986
DRegular,11,2,,9,9,74.24757544416934,68.07584880758077,1394,1308,0.9927516748598535,0.9988208883804253
DRegular,11,2,,9,10,55.22626990173012,58.40989120025188,1066,1110,0.9963615257600452,0.9963615205644004
DRegular,11,2,,9,11,57.368509797379375,55.21120236814022,1090,1074,0.9963615311416776,0.9963614986987646
DRegular,11,2,,9,12,56.266895327717066,57.022951532155275,1068,1090,0.9963615087974211,0.9963615267629355
DRegular,11,2,,9,13,88.55964696779847,98.76671495009214,1558,1760,0.9927516662320512,0.998999142369436
DRegular,11,2,,9,14,92.7030210038647,75.50593408383429,1604,1396,0.9927516708822226,0.998820893341964
DRegular,11,2,,9,15,65.67893215175718,60.20728783681989,1110,1006,0.998746356098691,0.9858151789118441
DRegular,11,2,,9,16,113.20781367551535,105.55964393634349,1858,1788,0.9968541025714271,0.9968541056443042
DRegular,11,2,,9,17,58.24802789557725,63.967047560960054,1084,1104,0.9963615251348367,0.996361524018042
DRegular,11,2,,9,18,77.69730812311172,48.25801160465926,1466,840,0.992111628800162,0.9258952027417017
DRegular,11,2,,9,19,67.96705546043813,65.38714471552521,1094,1078,0.9963615296105802,0.9963615283071012
DRegular,11,2,,10,0,87.70431701466441,56.74211666639894,1752,1134,0.9999999920630781,0.9999822642106679
DRegular,11,2,,10,1,110.08163753058761,112.61431155819446,2044,2150,0.998249825257761,0.9975516920516055
DRegular,11,2,,10,2,73.70008868910372,73.29376397933811,1410,1414,0.9985651081936803,0.9985651219976301
DRegular,11,2,,10,3,113.54292205255479,57.99607361108065,2150,1126,0.9999999702747969,0.9999822725177021
DRegular,11,2,,10,4,186.60312143620104,126.30812376737595,3338,2382,0.9999959212472935,0.9978823779481765
DRegular,11,2,,10,5,115.89424198307097,123.08399802353233,2050,2192,0.9982498090406029,0.9985042232887377
DRegular,11,2,,10,6,111.4610857386142,131.66877254843712,1948,2306,0.9982497787089286,0.9985042024290454
DRegular,11,2,,10,7,80.26127303019166,72.92315313965082,1430,1342,0.9985651092836416,0.9985642207121576
DRegular,11,2,,10,8,113.35396225191653,148.1132267974317,1930,2240,0.9978618171000709,0.9994212393971436
DRegular,11,2,,10,9,107.90627302508801,94.04376412089914,1836,1664,0.9978619160262496,0.998498254300529
DRegular,11,2,,10,10,74.25443877838552,77.82536454405636,1312,1376,0.9985650690131169,0.9985651298279166
DRegular,11,2,,10,11,74.83649718482047,79.92880743462592,1338,1390,0.9985650385708222,0.9985651079275222
DRegular,11,2,,10,12,75.41059370711446,80.72600256744772,1318,1402,0.9985650853355381,0.9985651161723424
DRegular,11,2,,10,13,134.55958798341453,134.36791377793998,2142,2196,0.9997081343275571,0.9985042234645075
DRegular,11,2,,10,14,130.40578431729227,101.06971143838018,2114,1736,0.998249822313628,0.9984982555495925
DRegular,11,2,,10,15,100.66443197615445,87.78640545997769,1492,1328,0.9982092386418147,0.9849079739927337
DRegular,11,2,,10,16,211.9101999429986,194.91979191731662,2892,2756,0.999999837984435,0.9999998819425537
DRegular,11,2,,10,17,86.15687939245254,79.56903815548867,1424,1342,0.998565122888753,0.9985649755881537
DRegular,11,2,,10,18,132.27664279565215,65.67860617116094,2112,1030,0.9965638716712363,0.9549712356326129
DRegular,11,2,,10,19,90.85903453920037,88.94964786339551,1360,1344,0.9985649949632762,0.9985648684540817
DRegular,12,2,,1,0,0.518655770458281,0.3385046301409602,20,20,0.6170007548265509,0.6534659776008463
DRegular,12,2,,1,1,0.38982749730348587,0.33827613946050406,20,20,0.6170007548265505,0.6534659776008457
DRegular,12,2,,1,2,0.39351546578109264,0.3405923265963793,20,20,0.7404009057918606,0.7404009057918606
DRegular,12,2,,1,3,0.7209032848477364,0.39165627863258123,20,20,0.6170007548265505,0.6534659776008463
DRegular,12,2,,1,4,0.6548714833334088,0.37547528091818094,20,18,0.6696462735121271,0.6943702528014924
DRegular,12,2,,1,5,0.3581995414569974,0.3609577612951398,22,22,0.7005757958798257,0.7005757958798244
DRegular,12,2,,1,6,0.34335192292928696,0.43159749265760183,20,20,0.6170007548265505,0.6534659776008463
DRegular,12,2,,1,7,0.3376149404793978,0.44431168772280216,20,20,0.6170007548265505,0.6534659776008462
DRegular,12,2,,1,8,0.3417751435190439,0.3393679456785321,20,20,0.7404009057918606,0.7404009057918606
DRegular,12,2,,1,9,0.345153677277267,0.33816216606646776,20,20,0.740400905791861,0.7404009057918609
DRegular,12,2,,1,10,0.34153022710233927,0.3364208685234189,20,20,0.6170007548265505,0.6534659776008457
DRegular,12,2,,1,11,0.34179787058383226,0.41396963875740767,20,18,0.6696462735121264,0.6943702528014924
DRegular,12,2,,1,12,0.36128174513578415,0.34093390218913555,22,20,0.7005757958798255,0.7010949476438422
DRegular,12,2,,1,13,0.3404071480035782,0.32025507371872663,20,18,0.6696462735121271,0.6943702528014924
DRegular,12,2,,1,14,0.34003512281924486,0.33986084908246994,20,20,0.6170007548265509,0.6534659776008463
DRegular,12,2,,1,15,0.3469821475446224,0.34378667548298836,20,20,0.6170007548265509,0.6534659776008462
DRegular,12,2,,1,16,0.48958050087094307,0.3394164526835084,20,20,0.6170007548265505,0.6534659776008457
DRegular,12,2,,1,17,0.3419863060116768,0.3386708181351423,20,20,0.6170007548265505,0.6534659776008463
DRegular,12,2,,1,18,0.3635753784328699,0.493161522783339,22,22,0.7005757958798257,0.7005757958798244
DRegular,12,2,,1,19,0.34400530718266964,0.33953244984149933,20,20,0.6170007548265505,0.6534659776008463
DRegular,12,2,,2,0,1.229624742642045,0.799766706302762,70,48,0.6500934237511955,0.8138251934414148
DRegular,12,2,,2,1,1.1859387326985598,0.8690619161352515,70,50,0.7021778912678854,0.8147711857542372
DRegular,12,2,,2,2,1.2275509890168905,1.18202143907547,72,72,0.835682970978796,0.8356829709787951
DRegular,12,2,,2,3,1.351324294693768,0.8473352054134011,70,50,0.7021778912678845,0.8147711857542372
DRegular,12,2,,2,4,1.220869337208569,1.0224304050207138,62,60,0.7209547213377193,0.6175779643009823
DRegular,12,2,,2,5,1.0175441121682525,1.0260527757927775,60,60,0.7747994451525788,0.77479944515258
DRegular,12,2,,2,6,1.2804202605038881,0.8749244306236506,70,50,0.7021778912678847,0.8147711857542365
DRegular,12,2,,2,7,1.195783500559628,0.8490903731435537,70,48,0.6500934237511956,0.8138251934414152
DRegular,12,2,,2,8,1.2861172650009394,1.2287998842075467,72,72,0.8356829709787957,0.8356829709787952
DRegular,12,2,,2,9,1.3679560963064432,1.2364361388608813,72,72,0.8356829709787957,0.8356829709787951
DRegular,12,2,,2,10,1.3378695622086525,0.8756973445415497,70,50,0.7021778912678847,0.814771185754238
DRegular,12,2,,2,11,1.080599406734109,3.052594831213355,62,60,0.7209547213377194,0.6175779643009823
DRegular,12,2,,2,12,1.0806372975930572,0.8779341597110033,62,48,0.7958131021489641,0.6716511720624503
DRegular,12,2,,2,13,1.102172958664596,1.2272437140345573,62,60,0.7209547213377193,0.6175779643009822
DRegular,12,2,,2,14,1.3817062331363559,0.9048227928578854,70,48,0.6500934237511955,0.8138251934414154
DRegular,12,2,,2,15,1.3998763831332326,0.942265790887177,70,50,0.7021778912678847,0.8147711857542381
DRegular,12,2,,2,16,1.2629124587401748,0.9445057669654489,70,50,0.7021778912678847,0.8147711857542359
DRegular,12,2,,2,17,1.2798445047810674,0.9522152990102768,70,50,0.7021778912678847,0.8147711857542381
DRegular,12,2,,2,18,0.9478568788617849,0.9390148036181927,60,60,0.7747994451525788,0.7747994451525795
DRegular,12,2,,2,19,1.2709520142525434,0.9587338026612997,70,50,0.7021778912678854,0.8147711857542358
DRegular,12,2,,3,0,2.7863329546526074,2.474427867680788,134,118,0.8218290804572478,0.9870465949082118
DRegular,12,2,,3,1,2.343695622868836,2.453873608261347,118,118,0.7803314794704935,0.9866571250176185
DRegular,12,2,,3,2,2.5161419473588467,2.561177469789982,126,126,0.8995790535669496,0.8995790535669492
DRegular,12,2,,3,3,2.4908202681690454,2.4910743525251746,118,118,0.7803314794704944,0.98665712501762
DRegular,12,2,,3,4,3.0819093994796276,1.8964137453585863,138,94,0.8211936603106093,0.763403461025225
DRegular,12,2,,3,5,2.5625308845192194,2.5421704864129424,118,118,0.8696575352387509,0.8696575352387501
DRegular,12,2,,3,6,2.5399150121957064,2.6400614557787776,118,118,0.7803314794704944,0.9866571250176185
DRegular,12,2,,3,7,2.884945446625352,2.62870991230011,134,118,0.8218290804572459,0.9870465949082113
DRegular,12,2,,3,8,2.6524211345240474,2.6837169332429767,126,126,0.8995790535669483,0.8995790535669499
DRegular,12,2,,3,9,2.735855672508478,2.810735512524843,126,126,0.8995790535669477,0.8995790535669496
DRegular,12,2,,3,10,2.5855245757848024,2.6135547859594226,118,118,0.7803314794704946,0.9866571250176205
DRegular,12,2,,3,11,3.1013561179861426,2.0804160060361028,138,94,0.8211936603106054,0.7634034610252239
DRegular,12,2,,3,12,2.5226079374551773,1.7551498766988516,116,82,0.8913421243496922,0.786648658699141
DRegular,12,2,,3,13,3.257453778758645,1.9775524828583002,138,94,0.8211936603106086,0.7634034610252238
DRegular,12,2,,3,14,3.066608532331884,2.829881572164595,134,118,0.8218290804572447,0.9870465949082124
DRegular,12,2,,3,15,2.5495850639417768,2.9766919231042266,116,124,0.8103462805597003,0.9866731723417258
DRegular,12,2,,3,16,2.6180958803743124,2.843882408924401,118,118,0.7803314794704944,0.9866571250176205
DRegular,12,2,,3,17,2.6137212589383125,2.7391995610669255,118,118,0.780331479470494,0.9866571250176203
DRegular,12,2,,3,18,2.7209698548540473,2.913554829545319,118,118,0.8696575352387516,0.8696575352387501
DRegular,12,2,,3,19,2.8027967642992735,2.9295914601534605,118,118,0.7803314794704947,0.9866571250176189
DRegular,12,2,,4,0,4.946802129969001,4.386718682013452,204,180,0.9131671531502864,0.9748462727315297
DRegular,12,2,,4,1,4.400639669038355,4.190271053463221,184,174,0.8056139758796169,0.9731235374917855
DRegular,12,2,,4,2,5.324728195555508,5.324897767044604,216,216,0.9497422803512408,0.9497422803512385
DRegular,12,2,,4,3,4.59237377345562,4.296264249831438,184,174,0.8056139758796164,0.9731235374917917
DRegular,12,2,,4,4,4.558649570681155,6.369291787967086,184,236,0.8710311362751575,0.9421541564225568
DRegular,12,2,,4,5,6.272710179910064,6.412057915702462,230,230,0.9261405291355356,0.9261405291355317
DRegular,12,2,,4,6,4.729116189293563,4.454346474260092,184,174,0.8056139758796123,0.9731235374917883
DRegular,12,2,,4,7,5.322094188071787,4.874546277336776,204,180,0.9131671531502842,0.9748462727315327
DRegular,12,2,,4,8,5.664964408613741,5.6150566302239895,216,216,0.9497422803512418,0.94974228035124
DRegular,12,2,,4,9,6.030803300440311,5.910700712352991,216,216,0.9497422803512396,0.9497422803512426
DRegular,12,2,,4,10,4.873483030125499,4.560028591193259,184,174,0.8056139758796129,0.973123537491789
DRegular,12,2,,4,11,6.619860153645277,7.1909558810293674,184,236,0.8710311362751586,0.9421541564225613
DRegular,12,2,,4,12,5.164794968441129,4.612937420606613,186,160,0.9110816473081883,0.8500067129997044
DRegular,12,2,,4,13,4.970872282981873,7.188698622398078,184,236,0.8710311362751579,0.9421541564225585
DRegular,12,2,,4,14,5.6539262887090445,5.115503190085292,204,180,0.9131671531502845,0.9748462727315337
DRegular,12,2,,4,15,3.82466727681458,4.75219312030822,152,172,0.9755806067160154,0.9732667635996833
DRegular,12,2,,4,16,5.009208375588059,4.768620020709932,184,174,0.8056139758796131,0.9731235374917874
DRegular,12,2,,4,17,5.185070770792663,4.880726623348892,184,174,0.8056139758796181,0.973123537491788
DRegular,12,2,,4,18,6.631820996291935,6.991012813523412,230,230,0.9261405291355336,0.926140529135532
DRegular,12,2,,4,19,5.164146627299488,4.81852525472641,184,174,0.8056139758796169,0.973123537491789
DRegular,12,2,,5,0,7.645115044899285,12.73744416423142,272,404,0.8917701203785167,0.999902793401554
DRegular,12,2,,5,1,6.690026759169996,15.096787055954337,244,406,0.8635180862448437,0.9999999852075102
DRegular,12,2,,5,2,10.738328005187213,10.765283082611859,358,358,0.9865302824445787,0.9865302824445792
DRegular,12,2,,5,3,6.939196999184787,13.451716382056475,244,412,0.8635180862448477,0.9999999959516458
DRegular,12,2,,5,4,6.723372865468264,11.522125527262688,240,354,0.9370586646115292,0.9758642878772606
DRegular,12,2,,5,5,12.141656536608934,12.412970023229718,374,376,0.9281438803273254,0.9281438805137654
DRegular,12,2,,5,6,7.254215129651129,14.241715948097408,244,408,0.863518086244846,0.9999999849604458
DRegular,12,2,,5,7,10.112688047811389,14.40483044181019,272,404,0.8917701203785183,0.9999027933994863
DRegular,12,2,,5,8,11.455885998904705,11.595280013047159,358,358,0.9865302824445784,0.9865302824445827
DRegular,12,2,,5,9,12.137417082674801,12.289868123829365,358,358,0.986530282444581,0.9865302824445802
DRegular,12,2,,5,10,9.72904086112976,14.636983535252512,244,412,0.8635180862448498,0.9999999860855596
DRegular,12,2,,5,11,7.05122887622565,12.50387034472078,240,354,0.9370586646115335,0.975864287877459
DRegular,12,2,,5,12,9.093263518996537,7.1717722015455365,272,216,0.9759249808365347,0.8465126336159596
DRegular,12,2,,5,13,7.453451148234308,12.61569938249886,240,354,0.937058664611533,0.975864287877253
DRegular,12,2,,5,14,8.819923339411616,15.44142016582191,272,404,0.8917701203785197,0.9999027934000199
DRegular,12,2,,5,15,6.731318566948175,14.38492523226887,210,380,0.9949818558336445,0.9999999967124477
DRegular,12,2,,5,16,8.06834710855037,15.403432989493012,244,402,0.8635180862448456,0.999999977215421
DRegular,12,2,,5,17,7.931845724582672,15.917300257831812,244,404,0.8635180862448487,0.9999999753705872
DRegular,12,2,,5,18,13.238016647286713,13.898564234375954,376,376,0.9281438805096499,0.9281438805127123
DRegular,12,2,,5,19,7.989812845364213,16.143252277746797,244,406,0.8635180862448495,0.999999983010723
DRegular,12,2,,6,0,12.288434938527644,20.94911811966449,374,590,0.9501772314212071,0.9999999148494534
DRegular,12,2,,6,1,10.188306392170489,16.91505527216941,322,498,0.8786240700620844,0.9776204796922309
DRegular,12,2,,6,2,22.63768236618489,22.338575389236212,620,614,0.9802375818396352,0.9802375790051627
DRegular,12,2,,6,3,10.524372533895075,24.206371466629207,322,644,0.878624070062084,0.9999994712180457
DRegular,12,2,,6,4,12.22404951788485,16.043169774115086,358,446,0.9466827507682456,0.9089691998857816
DRegular,12,2,,6,5,17.611825910396874,17.832339798100293,484,488,0.9556443861453221,0.9556443877099461
DRegular,12,2,,6,6,11.146616966463625,26.56461676955223,322,654,0.8786240700620839,0.999999041655207
DRegular,12,2,,6,7,13.444444635882974,24.609290132299066,374,620,0.9501772314212117,0.9999999819859852
DRegular,12,2,,6,8,24.517636599950492,25.25948114041239,622,634,0.9802375817700858,0.9802375817728016
DRegular,12,2,,6,9,25.987253938801587,27.229990365915,616,636,0.9802375809537718,0.980237581094405
DRegular,12,2,,6,10,11.436408434063196,20.57204927597195,322,532,0.8786240700620859,0.9776204887752772
DRegular,12,2,,6,11,13.106121001765132,17.515040253289044,358,446,0.9466827507682396,0.9089691998855717
DRegular,12,2,,6,12,24.17790919635445,14.206557558849454,546,342,0.9471561075347431,0.9107194648229446
DRegular,12,2,,6,13,14.086405685171485,17.84370490629226,358,446,0.9466827507682403,0.90896919988579
DRegular,12,2,,6,14,14.352072381414473,28.133214597590268,374,596,0.9501772314212076,0.9999999792668809
DRegular,12,2,,6,15,12.079491307027638,24.6538377283141,308,560,0.9997336606893095,0.9369705165629955
DRegular,12,2,,6,16,12.34188695345074,22.681705956347287,322,524,0.8786240700620827,0.9776204886812905
DRegular,12,2,,6,17,12.350202481262386,20.63670525792986,322,502,0.8786240700620862,0.977620464125363
DRegular,12,2,,6,18,19.676659071817994,19.72467546723783,494,480,0.9556443881704088,0.9556443882081951
DRegular,12,2,,6,19,12.580316320061684,46.052709638141096,322,934,0.8786240700620849,0.9999890696725658
DRegular,12,2,,7,0,25.405090457759798,43.901586686261,584,1040,0.9548004697239775,0.9984649844819393
DRegular,12,2,,7,1,18.017549220472574,33.04398051369935,472,806,0.9306145360697128,0.9986058696416172
DRegular,12,2,,7,2,41.81053616292775,39.49380103871226,984,936,0.9889747471972207,0.9889747355970571
DRegular,12,2,,7,3,18.61358003411442,41.698979462496936,472,972,0.9306145359248563,0.9999966583182385
DRegular,12,2,,7,4,33.49216815736145,27.46537779364735,752,648,0.9922520393114269,0.9896355069887457
DRegular,12,2,,7,5,29.222791770473123,29.075459394603968,688,676,0.9857906716290659,0.9857906668932568
DRegular,12,2,,7,6,20.46858460921794,47.67949610296637,474,1016,0.9306145362299004,0.9999988815148718
DRegular,12,2,,7,7,26.484279921278358,45.95407470408827,590,1004,0.9548004730522122,0.9984649381723912
DRegular,12,2,,7,8,46.16444519627839,46.02255726605654,998,986,0.9889747483018969,0.988974742955857
DRegular,12,2,,7,9,49.60746030136943,53.643235077150166,996,1070,0.9889747463378358,0.9889747375590285
DRegular,12,2,,7,10,22.560425830073655,36.954370935447514,474,804,0.930614536284749,0.9986062083700498
DRegular,12,2,,7,11,37.12614702433348,30.518423221074045,756,650,0.992252037231202,0.9896358777018228
DRegular,12,2,,7,12,53.64063664153218,25.63530108705163,1000,518,0.9887819119599703,0.8843008010629404
DRegular,12,2,,7,13,41.337874508462846,30.66555079910904,774,646,0.9922520384240989,0.9896348267580379
DRegular,12,2,,7,14,28.702212846837938,45.97317152284086,590,902,0.9548004749784011,0.9984649487427597
DRegular,12,2,,7,15,42.47903528623283,35.258311765268445,772,722,0.9999772046914456,0.9783477845486416
DRegular,12,2,,7,16,22.627316149882972,39.135518674738705,474,778,0.9306145362651833,0.9986054209440828
DRegular,12,2,,7,17,22.697074135765433,39.20773071516305,474,796,0.9306145356876185,0.9986057644058696
DRegular,12,2,,7,18,33.11700924858451,35.308458887040615,702,706,0.9857906717741812,0.9857906721979794
DRegular,12,2,,7,19,22.637865789234638,64.75585367437452,472,1210,0.9306145358335017,0.9999998643139599
DRegular,12,2,,8,0,38.17002076655626,60.154901249334216,826,1316,0.9317326572311487,0.9999998815639105
DRegular,12,2,,8,1,23.098442100919783,68.33572212606668,526,1414,0.9811855016145329,0.9995118379297452
DRegular,12,2,,8,2,74.84564680047333,89.80978102236986,1542,1786,0.9939365922484795,0.996621268241136
DRegular,12,2,,8,3,21.83152551576495,49.34179953858256,526,1096,0.981185501615463,0.9999988014432118
DRegular,12,2,,8,4,46.702221292071044,56.131367955356836,966,1094,0.9813167810999592,0.9992209035873862
DRegular,12,2,,8,5,56.554522852413356,62.98299627471715,1090,1188,0.997127451878234,0.9979879328200765
DRegular,12,2,,8,6,23.79570176359266,56.66853975504637,528,1146,0.9811855016148279,0.9999999654184767
DRegular,12,2,,8,7,40.08804283197969,70.12715180963278,792,1374,0.9317326541613071,0.9999987255119241
DRegular,12,2,,8,8,116.74063677433878,88.53226562868804,2070,1634,0.999407076028716,0.9939367987045813
DRegular,12,2,,8,9,137.37592596840113,125.79268124327064,2194,2068,0.9994070748535592,0.9953900878576792
DRegular,12,2,,8,10,23.86058116145432,84.9878046726808,528,1520,0.9811855016151626,0.9995120366282392
DRegular,12,2,,8,11,54.5324377566576,61.82298026140779,952,1068,0.981316773290654,0.9992209095315566
DRegular,12,2,,8,12,68.91138729266822,38.42817058041692,1210,694,0.9413183960881633,0.9442196573230109
DRegular,12,2,,8,13,57.60110486112535,61.57668185979128,998,1068,0.9813167761146833,0.9992209112790246
DRegular,12,2,,8,14,45.90882494021207,73.89820083975792,820,1264,0.9317326568885692,0.9999995613183708
DRegular,12,2,,8,15,64.7219770187512,47.840230287984014,1060,884,0.9999999954073854,0.9968087112842635
DRegular,12,2,,8,16,26.89147988334298,77.141188448295,528,1280,0.9811855016149164,0.9991854204232453
DRegular,12,2,,8,17,26.829147375188768,85.35145016666502,528,1436,0.9811855016147518,0.9995119496741373
DRegular,12,2,,8,18,69.6395504437387,70.8333392161876,1204,1166,0.9979879348386504,0.9971415932777564
DRegular,12,2,,8,19,27.055331632494926,99.96425995603204,526,1654,0.9811855016154927,0.9998366286061994
DRegular,12,2,,9,0,61.830703559331596,74.26557530090213,1206,1526,0.969915672384687,0.9999996180542544
DRegular,12,2,,9,1,26.060751484706998,95.21438116300851,598,1808,0.9879292051899999,0.9999999552213805
DRegular,12,2,,9,2,121.39614686835557,159.55016417242587,2230,2810,0.9947967085324407,0.9990576207950745
DRegular,12,2,,9,3,26.995751375332475,80.93851382564753,598,1560,0.9879292051867665,0.999936360463288
DRegular,12,2,,9,4,91.55500855669379,96.70591956470162,1616,1650,0.9982394286485763,0.9999367009844896
DRegular,12,2,,9,5,132.0092985201627,97.51397165935487,2108,1648,0.9980486431077246,0.9931727505957427
DRegular,12,2,,9,6,28.97317506466061,81.32926796749234,600,1440,0.9879292051876534,0.9999964828964961
DRegular,12,2,,9,7,76.18103390745819,79.2310959463939,1254,1502,0.9699156707424598,0.999999019232842
DRegular,12,2,,9,8,148.68040935881436,138.85802945774049,2498,2278,0.9986167715517817,0.9970394499036341
DRegular,12,2,,9,9,168.0423752227798,178.43936894182116,2594,2706,0.9986167619215698,0.994188635714238
DRegular,12,2,,9,10,31.656873761676252,115.3560297274962,600,1904,0.9879292051863523,0.9999987128131491
DRegular,12,2,,9,11,89.38492000196129,121.67965234536678,1396,1782,0.9981421288197506,0.9997439454948905
DRegular,12,2,,9,12,116.58638724219054,48.81267368327826,1756,814,0.9949082734584822,0.9779413266395387
DRegular,12,2,,9,13,108.43499260768294,150.9704671986401,1588,2102,0.9992607193537248,0.9997482839572218
DRegular,12,2,,9,14,79.95066377706826,96.06815373990685,1218,1482,0.969915664258045,0.9999993767417591
DRegular,12,2,,9,15,78.74840338900685,90.09198615606874,1224,1382,0.9999996501643715,0.9994089063769711
DRegular,12,2,,9,16,33.11867117602378,105.4880664581433,600,1592,0.9879292051902225,0.9999995152030805
DRegular,12,2,,9,17,33.28213138319552,111.49357111658901,600,1754,0.9879292051891598,0.9999998034807337
DRegular,12,2,,9,18,107.85582629218698,110.08080636244267,1662,1602,0.9931727364546642,0.9848247689606812
DRegular,12,2,,9,19,33.334538948722184,127.20773026999086,598,1958,0.9879292051843057,0.999999566626137
DRegular,12,2,,10,0,100.70485983416438,124.43799717258662,1748,2222,0.9835939479202737,0.9999997680681266
DRegular,12,2,,10,1,34.23866976238787,145.41593653149903,712,2506,0.995753709723457,0.9999995910851927
DRegular,12,2,,10,2,171.16476158052683,226.90494717191905,2902,3718,0.9992827317526174,0.9989429279453009
DRegular,12,2,,10,3,35.31972548365593,96.97235383745283,712,1768,0.9957537097234176,0.9999988211553098
DRegular,12,2,,10,4,138.63540598750114,119.12223702855408,2230,1898,0.9872749319446082,0.999029197025331
DRegular,12,2,,10,5,165.2943392265588,149.85844594985247,2510,2274,0.9963322144862028,0.9789453384678859
DRegular,12,2,,10,6,38.56692823767662,121.66065781097859,714,1874,0.9957537097234147,0.9999999932015435
DRegular,12,2,,10,7,125.2760233329609,102.36142034642398,1830,1776,0.9835939443421854,0.9999994763781043
DRegular,12,2,,10,8,233.3808617349714,157.85893756058067,3514,2510,0.999571040764418,0.9362833996135329
DRegular,12,2,,10,9,252.90577054861933,255.56411390472203,3548,3454,0.9995710541478742,0.9991969483387944
DRegular,12,2,,10,10,43.017128471285105,314.97622550465167,714,4086,0.9957537097234117,0.9995157803170936
DRegular,12,2,,10,11,150.51492961216718,272.7589042596519,2044,3424,0.9994472783305769,0.999774187438609
DRegular,12,2,,10,12,178.0146847339347,70.90666459966451,2430,1046,0.9948352322114256,0.9887822363436449
DRegular,12,2,,10,13,168.24943898711354,164.34376281686127,2190,2272,0.9944909606507103,0.9183753384041289
DRegular,12,2,,10,14,148.1273809429258,119.75884149689227,1928,1758,0.9908643070824588,0.9999998368555582
DRegular,12,2,,10,15,100.38169802445918,140.71161268278956,1430,1888,0.9999986138329993,0.9999997557854398
DRegular,12,2,,10,16,44.49020174425095,121.59101585112512,714,1756,0.9957537097234561,0.9999999577374562
DRegular,12,2,,10,17,44.67545141931623,240.41922795493156,714,3116,0.9957537097234251,0.9999897502428926
DRegular,12,2,,10,18,158.6416991027072,168.8334364760667,2194,2174,0.9903130216410467,0.9977623826578934
DRegular,12,2,,10,19,45.486014357768,164.4141203602776,712,2328,0.9957537097234254,0.9999986791272031
DRegular,12,3,,1,0,0.5214543329784647,0.38738127204123884,18,18,0.5019118833402677,0.5019118833402673
DRegular,12,3,,1,1,0.32626423001056537,0.3269704059930518,16,16,0.4905739961592202,0.4905739961592211
DRegular,12,3,,1,2,0.32642300700536,0.32444423297420144,16,16,0.47042112093306665,0.47042112093306737
DRegular,12,3,,1,3,0.33001036604400724,0.325943739968352,16,16,0.49057399615922026,0.49057399615922115
DRegular,12,3,,1,4,0.32673011999577284,0.3891977110179141,16,16,0.49057399615922026,0.4905739961592211
DRegular,12,3,,1,5,0.3476783010410145,0.3486286479746923,18,18,0.5019118833402677,0.5019118833402674
DRegular,12,3,,1,6,0.3475962150259875,0.35723398497793823,18,18,0.5019118833402677,0.5019118833402673
DRegular,12,3,,1,7,0.37263482599519193,0.3015189840225503,14,14,0.5142966538917307,0.5142966538917313
DRegular,12,3,,1,8,0.32733107201056555,0.4017343810410239,16,16,0.49057399615922026,0.49057399615922115
DRegular,12,3,,1,9,0.4310194000136107,0.3452126909978688,18,18,0.5019118833402677,0.5019118833402673
DRegular,12,3,,1,10,0.34923503099707887,0.35028353496454656,18,18,0.4904535421636532,0.4904535421636521
DRegular,12,3,,1,11,0.42056056804722175,0.452069481019862,16,16,0.4905739961592202,0.49057399615922115
DRegular,12,3,,1,12,0.3032726559904404,0.30344429903198034,14,14,0.5142966538917307,0.5142966538917314
DRegular,12,3,,1,13,0.33223198499763384,0.3249586360179819,16,16,0.48006620398241867,0.4800662039824187
DRegular,12,3,,1,14,0.32910034398082644,0.32754762400873005,16,16,0.4801791784506654,0.48017917845066516
DRegular,12,3,,1,15,0.46139151899842545,0.3464480409747921,18,18,0.5019118833402677,0.5019118833402674
DRegular,12,3,,1,16,0.328389659000095,0.3239322839654051,16,16,0.4801791784506654,0.4801791784506652
DRegular,12,3,,1,17,0.3017030900227837,0.303180941962637,14,14,0.5142966538917307,0.5142966538917314
DRegular,12,3,,1,18,0.3252557879895903,0.3262446220032871,16,16,0.49057399615922026,0.49057399615922115
DRegular,12,3,,1,19,0.34615663200384006,0.3565907609881833,18,18,0.5019118833402676,0.5019118833402674
DRegular,12,3,,2,0,0.9180268519558012,0.9154248359845951,48,48,0.6235691667264469,0.6235691667264471
DRegular,12,3,,2,1,0.9288279240136035,0.9582631549565122,48,48,0.6127222910911945,0.6127222910911945
DRegular,12,3,,2,2,0.8266290100291371,0.8196748900227249,42,42,0.5506597777098372,0.5506597777098369
DRegular,12,3,,2,3,0.9363918390008621,0.9853503580088727,48,48,0.6099597812013068,0.6099597812013086
DRegular,12,3,,2,4,1.0206059949705377,1.0195427839644253,52,52,0.5978961377161969,0.5978961377161964
DRegular,12,3,,2,5,0.8959209750173613,0.9549401779659092,46,46,0.615008339634329,0.6150083396343257
DRegular,12,3,,2,6,0.9609988480224274,0.9452675909851678,46,46,0.615008339634329,0.615008339634327
DRegular,12,3,,2,7,0.9011255690129474,0.8979285830282606,44,44,0.6353384697552186,0.6353384697552169
DRegular,12,3,,2,8,1.0241717569879256,0.9621197179658338,48,48,0.6041731174315064,0.6041731174315103
DRegular,12,3,,2,9,0.9540529859950766,0.945702695986256,48,48,0.6220708905465354,0.6220708905465379
DRegular,12,3,,2,10,1.0348602529847994,1.0350310900248587,52,52,0.5912693099415699,0.5912693099415683
DRegular,12,3,,2,11,0.9819769939640537,1.0184850959922187,48,48,0.6099597812013067,0.6099597812013086
DRegular,12,3,,2,12,0.9263336969888769,0.925503988051787,44,44,0.6635960997004103,0.6635960997004101
DRegular,12,3,,2,13,0.9882478479994461,0.9817978360224515,48,48,0.577425195290332,0.5774251952903338
DRegular,12,3,,2,14,0.845686639950145,0.8418957900139503,40,40,0.5796154462018163,0.5796154462018133
DRegular,12,3,,2,15,0.9437113630119711,0.9434761900338344,46,46,0.6357573135217656,0.6357573135217669
DRegular,12,3,,2,16,0.8509244039887562,0.8483975129784085,40,40,0.5796154462018162,0.5796154462018133
DRegular,12,3,,2,17,0.9420206610229798,0.9446209019515663,44,44,0.6480953382179911,0.6480953382179898
DRegular,12,3,,2,18,1.0068332420196384,1.0048915310180746,48,48,0.6154813125677353,0.6154813125677355
DRegular,12,3,,2,19,1.0550955919898115,1.041402778995689,48,48,0.622070890546536,0.6220708905465375
DRegular,12,3,,3,0,2.724451034970116,2.7060106429853477,112,112,0.6730739054918583,0.6730739054918559
DRegular,12,3,,3,1,2.8294410000089556,2.797180626017507,114,114,0.6615915419751076,0.661591541975109
DRegular,12,3,,3,2,2.8314963309676386,2.824490039027296,112,112,0.6264098360045869,0.6264098360045894
DRegular,12,3,,3,3,2.7129729819716886,2.659421132004354,108,108,0.6598388225331716,0.6598388225331739
DRegular,12,3,,3,4,2.6523844759794883,2.6954387049772777,108,108,0.6558920772127209,0.6558920772127192
DRegular,12,3,,3,5,2.797362482000608,2.7526378229958937,110,110,0.6703953069366102,0.6703953069366057
DRegular,12,3,,3,6,2.780749932047911,2.944991761993151,110,110,0.6703953069366106,0.6703953069366066
DRegular,12,3,,3,7,2.91197606298374,3.037840574979782,114,114,0.686733391868213,0.686733391868211
DRegular,12,3,,3,8,2.7529901179950684,2.800544600991998,108,108,0.658056610485905,0.6580566104859036
DRegular,12,3,,3,9,2.8138144990080036,2.8019228220218793,110,110,0.6725353208888285,0.6725353208888316
DRegular,12,3,,3,10,3.9906324159819633,4.001021847012453,148,148,0.6710361631797872,0.6710361631797872
DRegular,12,3,,3,11,2.843850503966678,2.9826809549704194,108,108,0.6598388225331696,0.6598388225331743
DRegular,12,3,,3,12,2.1885584329720587,2.1929369610152207,84,84,0.7014211890971905,0.7014211890971905
DRegular,12,3,,3,13,2.533164607011713,2.5377632890013047,98,98,0.6417424462477619,0.6417424462477557
DRegular,12,3,,3,14,3.03381247096695,3.099221888987813,110,110,0.6418156975751421,0.6418156975751371
DRegular,12,3,,3,15,2.2717633610009216,2.3668838680023327,90,90,0.6788967396486661,0.6788967396486651
DRegular,12,3,,3,16,3.067540245014243,3.0493714859476313,110,110,0.6418156975751446,0.6418156975751412
DRegular,12,3,,3,17,2.4841628180001862,2.499933156010229,92,92,0.6942266485928628,0.6942266485928625
DRegular,12,3,,3,18,3.104502799047623,3.08248621301027,112,112,0.6614049524546031,0.6614049524546045
DRegular,12,3,,3,19,3.121481098001823,3.120431852992624,110,110,0.6725353208888295,0.6725353208888316
DRegular,12,3,,4,0,5.555773490050342,5.613052733009681,192,192,0.603241834001454,0.6032418340014527
DRegular,12,3,,4,1,8.950239980011247,9.101892442035023,284,290,0.6959799460314737,0.6959799460856699
DRegular,12,3,,4,2,6.170474944985472,6.200270690023899,204,204,0.6043911173923268,0.6043911173923227
DRegular,12,3,,4,3,8.00555240601534,8.072695927985478,254,254,0.6671654170444257,0.6671654170444281
DRegular,12,3,,4,4,6.060033616959117,5.993551921972539,198,198,0.5724232018322483,0.572423201832251
DRegular,12,3,,4,5,10.233304913970642,10.763160738977604,310,324,0.7650401177699852,0.7650401178149447
DRegular,12,3,,4,6,11.10107708297437,11.212971950997598,328,316,0.7650401177722512,0.7650401178082962
DRegular,12,3,,4,7,9.426058812008705,9.397196486999746,282,282,0.7187943019226128,0.7187943019226143
DRegular,12,3,,4,8,5.851585515018087,5.882282890030183,188,188,0.575367028852585,0.5753670288525798
DRegular,12,3,,4,9,6.050612855004147,6.058810196002014,192,192,0.5958755975407778,0.5958755975407758
DRegular,12,3,,4,10,6.005305077997036,6.018450281000696,198,198,0.680935294531894,0.6809352945318871
DRegular,12,3,,4,11,8.80561535799643,9.051060106023215,254,254,0.6671654170444243,0.667165417044429
DRegular,12,3,,4,12,5.903299800993409,5.815816602029372,174,174,0.8215652310130566,0.8215652310130525
DRegular,12,3,,4,13,6.425200112978928,6.260033914993983,190,190,0.5645029262848034,0.5645029262847966
DRegular,12,3,,4,14,5.886434108018875,5.778759518987499,178,178,0.6734163109481418,0.6734163109481333
DRegular,12,3,,4,15,7.694785105006304,7.782125381985679,222,222,0.7092409855817022,0.7092409855815947
DRegular,12,3,,4,16,5.877613530028611,5.8406018179957755,178,178,0.6734163109481356,0.673416310948134
DRegular,12,3,,4,17,7.297754276019987,7.303615738055669,206,206,0.8274390705839831,0.8274390705839869
DRegular,12,3,,4,18,6.016613990999758,6.113949852006044,184,184,0.6003597553931769,0.600359755393176
DRegular,12,3,,4,19,6.83681390597485,6.522148842050228,192,192,0.5958755975407799,0.5958755975407724
DRegular,12,3,,5,0,11.58902960200794,11.629406152991578,330,330,0.7347148812960018,0.7347148812959985
DRegular,12,3,,5,1,13.133770187036134,13.118008528021164,378,380,0.7968121537367632,0.7968121548464332
DRegular,12,3,,5,2,10.114480029034894,10.157084595994093,292,292,0.7215442382760621,0.7215442382761157
DRegular,12,3,,5,3,12.225750742014498,12.281128427013755,346,346,0.7850626186179694,0.7850626186179699
DRegular,12,3,,5,4,10.66864261700539,10.691094006993808,300,300,0.7029629696759851,0.7029629696760222
DRegular,12,3,,5,5,15.138754621031694,15.92997858201852,416,436,0.7867592771514801,0.7867592772838808
DRegular,12,3,,5,6,15.960102278972045,15.506026791001204,434,420,0.7867592765824863,0.7867592775585235
DRegular,12,3,,5,7,13.533101813984104,13.702491605014075,372,372,0.8230178188609887,0.8230178188610336
DRegular,12,3,,5,8,12.056161437008996,12.042438322037924,316,316,0.7155514676305883,0.7155514676304833
DRegular,12,3,,5,9,11.41979023796739,11.303271354991011,300,300,0.7283910089873631,0.7283910089873646
DRegular,12,3,,5,10,11.976054672966711,11.956039604963735,316,316,0.7496082827367865,0.7496082827367891
DRegular,12,3,,5,11,13.437996088003274,13.610730140993837,346,346,0.7850626186179719,0.785062618617973
DRegular,12,3,,5,12,9.462589128001127,9.458595434029121,246,246,0.8478648334184526,0.8478648334184594
DRegular,12,3,,5,13,10.059884005982894,10.052680836000945,264,264,0.6886857622526528,0.6886857622526403
DRegular,12,3,,5,14,13.983246049960144,13.816106161975767,336,336,0.7282345422314617,0.7282345422410792
DRegular,12,3,,5,15,18.901593492017128,18.697403514990583,440,436,0.8191775321219643,0.8191775348546727
DRegular,12,3,,5,16,14.24515190598322,14.049881190003362,336,336,0.7282345422310497,0.7282345422512856
DRegular,12,3,,5,17,12.702981336973608,12.675303606025409,312,312,0.8331525940326461,0.8331525940326523
DRegular,12,3,,5,18,10.745620734000113,10.580718100012746,272,272,0.7267082201218086,0.7267082201218125
DRegular,12,3,,5,19,13.16059334599413,12.351954795012716,300,300,0.7283910089873606,0.728391008987362
DRegular,12,3,,6,0,27.930917599005625,28.983961643010844,648,664,0.8437219234728908,0.8437219209983204
DRegular,12,3,,6,1,21.656411084986757,23.908539968018886,542,586,0.7225862368272086,0.7619419570478106
DRegular,12,3,,6,2,21.468674116011243,22.007127713994123,508,516,0.7470075853003919,0.7470075896235013
DRegular,12,3,,6,3,20.179455406032503,20.84275590395555,496,506,0.8269162731913464,0.8269162816899993
DRegular,12,3,,6,4,18.964929046982434,18.94727334799245,452,452,0.7787370318535947,0.7787370319205452
DRegular,12,3,,6,5,21.810867196007166,22.283005483972374,536,554,0.8230651227572221,0.8230651225446242
DRegular,12,3,,6,6,22.86252676701406,22.71916187397437,556,548,0.8230651224751636,0.8230651214778062
DRegular,12,3,,6,7,31.332416795019526,35.04444789298577,682,748,0.8262022990265866,0.8262022947256955
DRegular,12,3,,6,8,30.692069304001052,30.661878301994875,640,640,0.7725459693516376,0.7725459628906324
DRegular,12,3,,6,9,26.718659918988124,26.726236677961424,562,560,0.8262541421219864,0.8262541416173311
DRegular,12,3,,6,10,22.907865029992536,22.732843972975388,500,498,0.7568483912224508,0.7568483799362387
DRegular,12,3,,6,11,23.11206910799956,23.10704439104302,506,506,0.8269162795306026,0.8269162787157542
DRegular,12,3,,6,12,19.695901394996326,19.581820269988384,412,412,0.8569717290001162,0.856971729000074
DRegular,12,3,,6,13,19.787334116001148,19.90942384902155,422,422,0.7666297240739454,0.7666297240729717
DRegular,12,3,,6,14,21.76589151797816,21.48464497301029,464,462,0.7205774218312616,0.7205774212027738
DRegular,12,3,,6,15,29.130526727007236,30.763770068995655,604,628,0.7939211154511927,0.7939211150562162
DRegular,12,3,,6,16,22.08206559502287,21.80971524195047,464,460,0.7205774218276059,0.7205774217341322
DRegular,12,3,,6,17,29.2417228060076,28.752772154984996,574,564,0.8352727085703824,0.8295357671612427
DRegular,12,3,,6,18,19.635758610034827,19.6145270250272,414,414,0.8004504148628759,0.8004504148629896
DRegular,12,3,,6,19,30.375903749023564,29.082400607003365,558,564,0.8262541415509623,0.8262541406922601
DRegular,12,3,,7,0,41.50056905404199,41.585028610017616,874,874,0.8617605470722284,0.8617605488472646
DRegular,12,3,,7,1,37.46296774799703,35.66157606896013,804,778,0.8128929778594982,0.8095914442650607
DRegular,12,3,,7,2,28.266645332041662,28.717599334020633,616,624,0.7976866664294675,0.797686666832887
DRegular,12,3,,7,3,32.36353756103199,32.48499552899739,690,690,0.7954456934631112,0.7954456931962964
DRegular,12,3,,7,4,28.876968853990547,28.6971731929807,608,606,0.7974274658308529,0.7974274640976718
DRegular,12,3,,7,5,29.090976013045292,29.800545656995382,652,672,0.8323576046680708,0.8323576024637701
DRegular,12,3,,7,6,30.61800606799079,30.756162438017782,678,672,0.8323576018739139,0.8323576030419183
DRegular,12,3,,7,7,43.62287570501212,47.92472715297481,876,942,0.844105299847266,0.8441053113035915
DRegular,12,3,,7,8,45.67412368999794,43.87539160903543,862,830,0.8313781275562035,0.8313781286713118
DRegular,12,3,,7,9,41.06232031295076,40.365694342995994,772,758,0.8377665804405048,0.83776657911387
DRegular,12,3,,7,10,31.92912627698388,34.48055732494686,632,668,0.774225198120746,0.7742253333362272
DRegular,12,3,,7,11,37.380345523997676,37.01672079897253,706,700,0.7954456961461187,0.7954456968579118
DRegular,12,3,,7,12,34.24247503100196,38.6806878799689,622,678,0.8752488267344007,0.9117746806315647
DRegular,12,3,,7,13,30.36855120200198,30.449009757954627,572,572,0.7861387218621871,0.786138722551778
DRegular,12,3,,7,14,32.969946087978315,33.35509622999234,614,624,0.7859767729691217,0.7859767767630104
DRegular,12,3,,7,15,49.771335371013265,49.130870358028915,886,878,0.875434967036756,0.8664651313589337
DRegular,12,3,,7,16,34.95516824896913,32.41312842199113,636,606,0.7859767770689301,0.7859767816379287
DRegular,12,3,,7,17,42.72098872298375,43.82369029696565,760,774,0.8606334800117489,0.8154241839229478
DRegular,12,3,,7,18,30.936304881004617,30.66839687502943,566,564,0.8217665105581661,0.8217665105195906
DRegular,12,3,,7,19,46.8989401999861,42.59718832396902,754,742,0.8377665798547949,0.8377665750322778
DRegular,12,3,,8,0,59.17894900403917,58.16621833096724,1134,1116,0.8864781088383282,0.8864781088614191
DRegular,12,3,,8,1,67.14215822797269,51.69233043497661,1234,1010,0.8082405431530685,0.8648310683196204
DRegular,12,3,,8,2,39.955027731950395,39.926913028000854,782,786,0.8408894906254499,0.8408894855785034
DRegular,12,3,,8,3,61.114799240021966,61.80499284696998,1102,1104,0.8455742618395282,0.8532563606273879
DRegular,12,3,,8,4,41.529274126980454,41.37687962298514,786,780,0.7935264109584296,0.7935264153935
DRegular,12,3,,8,5,49.31563921098132,56.00426933099516,928,1028,0.8068458978765445,0.8068456458746756
DRegular,12,3,,8,6,58.658001584990416,60.412218097015284,1056,1074,0.8068459017720031,0.8645560895839672
DRegular,12,3,,8,7,74.3199483800563,70.89279536902905,1278,1242,0.8802035999453276,0.7917748862383986
DRegular,12,3,,8,8,71.19185240095248,69.63206342700869,1196,1170,0.8186007200823349,0.8186007200446772
DRegular,12,3,,8,9,54.71489575598389,51.46508121001534,946,896,0.8502864215867023,0.850286417489721
DRegular,12,3,,8,10,49.59678148396779,51.54141152900411,850,878,0.7830332656883096,0.7830332506067034
DRegular,12,3,,8,11,75.59058443602407,71.76554717501858,1180,1130,0.8532563567472152,0.8532563636480495
DRegular,12,3,,8,12,56.5301388700027,56.10483258502791,888,892,0.8975031970516045,0.9185670589003561
DRegular,12,3,,8,13,50.040047788992524,50.212969258020166,804,810,0.8305981639389378,0.8305981618579297
DRegular,12,3,,8,14,61.54072017798899,61.460282171028666,958,964,0.7703573104504219,0.7703573032296992
DRegular,12,3,,8,15,71.95195180602605,76.40250531298807,1156,1210,0.8672103407054355,0.8524054014493307
DRegular,12,3,,8,16,62.60775934200501,58.32590199797414,962,916,0.7703573065422796,0.7703573092301148
DRegular,12,3,,8,17,57.16150620800909,77.87978177797049,924,1170,0.893253171112625,0.8990341857639544
DRegular,12,3,,8,18,53.13281640998321,51.82975279202219,824,816,0.8725253668254126,0.8725253590906273
DRegular,12,3,,8,19,62.87383172794944,56.04663984302897,934,906,0.8502864116675719,0.8502864224528203
DRegular,12,3,,9,0,83.89464359596604,86.6043922410463,1456,1492,0.8451349275873195,0.8907941525225596
DRegular,12,3,,9,1,87.01380917499773,71.82382002996746,1494,1270,0.8636331448966891,0.8866877509407463
DRegular,12,3,,9,2,73.67074379796395,67.15397575299721,1210,1132,0.8508552188861002,0.852172861513315
DRegular,12,3,,9,3,86.73020672699204,113.84485149296233,1426,1758,0.8781510115685778,0.8271412784143578
DRegular,12,3,,9,4,57.43038931902265,57.21542747202329,982,978,0.8200226876908708,0.8200226909768883
DRegular,12,3,,9,5,74.76937393296976,81.78546350303805,1240,1340,0.8626343171116322,0.8432547715689445
DRegular,12,3,,9,6,81.82316990604158,84.15591761295218,1336,1360,0.8626343150053003,0.8259182086056102
DRegular,12,3,,9,7,97.48846039699856,101.77118468203116,1562,1612,0.9053669086204092,0.8785559594539561
DRegular,12,3,,9,8,118.77617314300733,97.39917275804328,1746,1482,0.8283447411079067,0.8619988935048001
DRegular,12,3,,9,9,89.17740185704315,83.88382577901939,1334,1266,0.8394953608856559,0.8910743589506195
DRegular,12,3,,9,10,83.524009138986,88.05569973401725,1230,1280,0.8110842523699855,0.8110842638288773
DRegular,12,3,,9,11,122.26426002202788,128.4942520110053,1686,1758,0.8271412754790717,0.8271413104686482
DRegular,12,3,,9,12,83.6026854889933,96.72598951205146,1188,1332,0.9505043662838041,0.9011243327308716
DRegular,12,3,,9,13,74.26866926299408,72.35837548499694,1070,1050,0.8701915853409228,0.8773929916747703
DRegular,12,3,,9,14,97.124965230003,100.50922615604941,1330,1386,0.7835042876120782,0.78350428977857
DRegular,12,3,,9,15,102.17294096201658,124.31894368299982,1472,1710,0.8981795474401102,0.8850395201177068
DRegular,12,3,,9,16,84.74584741803119,93.10503940097988,1198,1290,0.7882556665587245,0.7855472655217841
DRegular,12,3,,9,17,93.9891392540303,138.21491408895236,1312,1812,0.8867918261105483,0.9066721758546678
DRegular,12,3,,9,18,93.02608142996905,93.05428836296778,1244,1248,0.8995466086127003,0.8995465981206833
DRegular,12,3,,9,19,101.31324022897752,98.40527618804481,1274,1338,0.8383058848004363,0.8394953539069852
DRegular,12,3,,10,0,135.87345486902632,119.37675188202411,2068,1882,0.9072656734523175,0.9152573378415685
DRegular,12,3,,10,1,129.43095569999423,146.70828909002012,1984,2144,0.864993126098413,0.8576664819299055
DRegular,12,3,,10,2,121.63068860099884,93.24405979597941,1764,1432,0.8872728938653649,0.8597901859017721
DRegular,12,3,,10,3,121.32430535199819,149.5205537849688,1806,2154,0.861367361670011,0.9134205871830383
DRegular,12,3,,10,4,89.91973571799463,89.01405291899573,1348,1330,0.8563568865675306,0.8563568883132552
DRegular,12,3,,10,5,129.0922451869701,116.25232467602473,1834,1714,0.871688475676822,0.8263352902056542
DRegular,12,3,,10,6,139.97393521800404,132.81010280596092,1970,1886,0.8716884721893823,0.8723528653136036
DRegular,12,3,,10,7,140.17483610397903,124.43878047598992,2004,1844,0.9277811686954349,0.8754454997135293
DRegular,12,3,,10,8,188.91969856602373,125.2708841440035,2472,1776,0.865675456571028,0.8670483905409607
DRegular,12,3,,10,9,122.27227064897306,122.49332096497528,1680,1656,0.8676749457155506,0.9050574822426707
DRegular,12,3,,10,10,155.35965851001674,154.43834176001837,1948,1946,0.8350383519527794,0.8262256637736366
DRegular,12,3,,10,11,162.19199209997896,172.2089241129579,2084,2180,0.9134205885946638,0.9134205888626866
DRegular,12,3,,10,12,121.69764269597363,128.37998015602352,1556,1644,0.9248927057785693,0.9355469477363473
DRegular,12,3,,10,13,104.54348661896074,105.43269585503731,1364,1370,0.8335535231632006,0.834823852722181
DRegular,12,3,,10,14,143.59777862601914,150.3626406089752,1796,1874,0.7910729807956555,0.796734773879046
DRegular,12,3,,10,15,155.21371957601514,164.90207278600428,2010,2120,0.8950851424965887,0.8723265555244752
DRegular,12,3,,10,16,128.47928612102987,139.1488423149567,1626,1742,0.7970439210811302,0.7892640106938312
DRegular,12,3,,10,17,132.84992894297466,183.09228651603917,1680,2234,0.9219119573087184,0.9033691895225667
DRegular,12,3,,10,18,139.86012371000834,140.5464262329624,1688,1686,0.9023062798904664,0.9023062851824628
DRegular,12,3,,10,19,177.69990605901694,142.79430274502374,1956,1764,0.904056104276096,0.8693271936481626
DRegular,13,2,,1,0,0.5585027076303959,0.3538686828687787,20,20,0.6684174843954303,0.6630016279754475
DRegular,13,2,,1,1,0.35236880648881197,0.39949414506554604,20,20,0.6684174843954303,0.6684174843954297
DRegular,13,2,,1,2,0.376728605479002,0.3907390786334872,22,22,0.7618850228750581,0.761885022875058
DRegular,13,2,,1,3,0.4273308524861932,0.4143668981269002,20,20,0.6684174843954303,0.6684174843954297
DRegular,13,2,,1,4,0.46193526592105627,0.3587537156417966,20,20,0.6684174843954303,0.6580291409114766
DRegular,13,2,,1,5,0.35764650348573923,0.44954715203493834,20,20,0.6684174843954303,0.6684174843954297
DRegular,13,2,,1,6,0.37996632792055607,0.3564651422202587,22,20,0.6349041857292151,0.6668560659202204
DRegular,13,2,,1,7,0.4557315045967698,2.1276390249840915,20,20,0.6684174843954299,0.6580291409114775
DRegular,13,2,,1,8,2.1317804700229317,2.2186019599903375,20,20,0.6684174843954298,0.6630016279754477
DRegular,13,2,,1,9,2.1326704542152584,2.118666641879827,20,20,0.6684174843954298,0.6630016279754475
DRegular,13,2,,1,10,2.264979586005211,2.239044016925618,20,20,0.6684174843954303,0.6684174843954298
DRegular,13,2,,1,11,2.276875055860728,2.2307446780614555,22,20,0.704310990049346,0.7216740757628709
DRegular,13,2,,1,12,2.135380258085206,2.2321742030326277,20,20,0.6684174843954303,0.6684174843954297
DRegular,13,2,,1,13,2.1385993561707437,2.126335619017482,20,20,0.6684174843954303,0.6684174843954298
DRegular,13,2,,1,14,2.2791413569357246,2.127267910167575,22,20,0.6349041857292151,0.6668560659202205
DRegular,13,2,,1,15,2.2712628489825875,2.1224932591430843,22,20,0.634904185729215,0.6668560659202204
DRegular,13,2,,1,16,2.303788386983797,2.127230051206425,22,20,0.634904185729215,0.6668560659202205
DRegular,13,2,,1,17,2.1277519199065864,2.1173440078273416,20,20,0.6684174843954303,0.6582121619327729
DRegular,13,2,,1,18,2.2673581310082227,2.122447947971523,22,20,0.6349041857292151,0.6668560659202205
DRegular,13,2,,1,19,2.2708500360604376,2.1319090879987925,20,20,0.6684174843954298,0.6630016279754479
DRegular,13,2,,2,0,1.5594364469870925,1.0103474771603942,86,56,0.7061706893648149,0.6067235727057116
DRegular,13,2,,2,1,1.2613890236243606,1.2642790479585528,70,70,0.7606927155402085,0.7606927155402085
DRegular,13,2,,2,2,1.2145809698849916,1.2227286007255316,68,68,0.837247441914301,0.8372474419142986
DRegular,13,2,,2,3,1.2846499411389232,1.3300149599090219,70,70,0.7606927155402085,0.7606927155402085
DRegular,13,2,,2,4,1.3465792424976826,1.0364190815016627,70,52,0.7606927155402093,0.6244274393415226
DRegular,13,2,,2,5,1.3554998897016048,1.3504371093586087,70,70,0.7606927155402093,0.7606927155402085
DRegular,13,2,,2,6,1.2980548152700067,1.1967858662828803,66,60,0.7037193037613747,0.7383225322260306
DRegular,13,2,,2,7,1.3691808888688684,5.883100284030661,70,52,0.7606927155402093,0.6244274393415233
DRegular,13,2,,2,8,8.30820518010296,6.127203985815868,72,54,0.754868411876465,0.6058094971987976
DRegular,13,2,,2,9,8.309929233044386,6.170918825082481,72,54,0.754868411876465,0.6058094971987976
DRegular,13,2,,2,10,8.160318047972396,8.10831383895129,70,70,0.7606927155402093,0.7606927155402085
DRegular,13,2,,2,11,6.551102702971548,9.492398062953725,58,82,0.7569041664114877,0.6240394013244134
DRegular,13,2,,2,12,8.157749210949987,8.022318487986922,70,70,0.7606927155402085,0.7606927155402085
DRegular,13,2,,2,13,8.141067201970145,8.093899774132296,70,70,0.7606927155402085,0.7606927155402085
DRegular,13,2,,2,14,7.479978709015995,6.906487087951973,66,60,0.7037193037613748,0.7383225322260305
DRegular,13,2,,2,15,7.61718454095535,6.917350254021585,66,60,0.7037193037613747,0.7383225322260311
DRegular,13,2,,2,16,7.746663443045691,7.061667887028307,66,60,0.7037193037613747,0.7383225322260314
DRegular,13,2,,2,17,8.802584500052035,6.230588428908959,76,54,0.7041119443325533,0.6425957929638836
DRegular,13,2,,2,18,7.80861752294004,6.950941471150145,66,60,0.7037193037613747,0.738322532226031
DRegular,13,2,,2,19,8.362573094200343,6.223477420862764,72,54,0.7548684118764649,0.6058094971987994
DRegular,13,2,,3,0,3.3838014006614685,1.8339184150099754,154,88,0.8825357210748962,0.7829320591448664
DRegular,13,2,,3,1,2.5260622669011354,2.5192520963028073,118,118,0.8453591027597026,0.8453591027597026
DRegular,13,2,,3,2,2.6740853786468506,2.722164827398956,124,124,0.8935132083902229,0.8935132083902217
DRegular,13,2,,3,3,2.575806811451912,2.7138729132711887,118,118,0.8453591027597015,0.8453591027597023
DRegular,13,2,,3,4,2.751716300845146,1.8883328717201948,120,86,0.851108520261351,0.7134853156419997
DRegular,13,2,,3,5,2.69018426630646,2.6535919876769185,118,118,0.8453591027597028,0.8453591027597018
DRegular,13,2,,3,6,2.8719521164894104,4.145802655257285,124,168,0.7896858678933244,0.8644309035871119
DRegular,13,2,,3,7,18.137191239045933,11.580022185808048,120,86,0.8511085202613501,0.7134853156420015
DRegular,13,2,,3,8,15.91787261981517,12.474554107058793,118,92,0.8152819192099616,0.7603227458009112
DRegular,13,2,,3,9,15.986501310952008,12.603652297053486,118,92,0.8152819192099624,0.7603227458009122
DRegular,13,2,,3,10,16.14451040280983,15.973815595032647,118,118,0.8453591027597028,0.8453591027597019
DRegular,13,2,,3,11,18.334555950947106,20.814837699988857,128,150,0.8821594613122634,0.8801973014139737
DRegular,13,2,,3,12,16.17835150193423,16.130132721969858,118,118,0.8453591027597015,0.8453591027597014
DRegular,13,2,,3,13,16.205871829995885,16.0310174850747,118,118,0.8453591027597036,0.8453591027597026
DRegular,13,2,,3,14,17.29894968122244,25.114092192146927,124,168,0.7896858678933243,0.8644309035871137
DRegular,13,2,,3,15,17.204074170906097,25.240240218117833,124,168,0.789685867893323,0.8644309035871137
DRegular,13,2,,3,16,17.442742937942967,25.18283127178438,124,168,0.7896858678933226,0.8644309035871132
DRegular,13,2,,3,17,18.87515298393555,14.036013870034367,134,100,0.8872155257993981,0.7429378767835185
DRegular,13,2,,3,18,17.559681377839297,25.317242125049233,124,168,0.7896858678933212,0.8644309035871144
DRegular,13,2,,3,19,16.188501603202894,12.625109159154817,118,92,0.8152819192099612,0.7603227458009117
DRegular,13,2,,4,0,6.214032168500125,4.734022815711796,236,176,0.9594953577110577,0.8718571698576945
DRegular,13,2,,4,1,4.72493521310389,4.922494875267148,184,184,0.8727484738695829,0.8727484738695833
DRegular,13,2,,4,2,5.740705877542496,5.753586694598198,216,216,0.9700396294519689,0.9700396294519666
DRegular,13,2,,4,3,4.78398656565696,4.990747177042067,184,184,0.8727484738695838,0.8727484738695854
DRegular,13,2,,4,4,4.731009234674275,6.829113304615021,176,220,0.8912300843093006,0.887007103011836
DRegular,13,2,,4,5,5.02169297542423,5.150077228434384,184,184,0.8727484738695824,0.8727484738695823
DRegular,13,2,,4,6,7.067890235222876,7.177062092348933,238,246,0.8399008311974487,0.9056594028928044
DRegular,13,2,,4,7,28.303316485136747,40.05886230384931,176,220,0.8912300843092963,0.8870071030118366
DRegular,13,2,,4,8,33.59932794095948,27.75902630505152,200,164,0.8597645231918212,0.9106873242332975
DRegular,13,2,,4,9,33.43390122707933,27.947010443080217,200,164,0.859764523191822,0.9106873242332965
DRegular,13,2,,4,10,30.446771178860217,30.227896447991952,184,184,0.8727484738695847,0.872748473869584
DRegular,13,2,,4,11,35.45569511200301,39.622840052936226,208,238,0.8848404640001153,0.856172748829233
DRegular,13,2,,4,12,30.276750341057777,30.111920318799093,184,184,0.8727484738695863,0.8727484738695832
DRegular,13,2,,4,13,30.433628717903048,30.269034654134884,184,184,0.8727484738695835,0.8727484738695838
DRegular,13,2,,4,14,41.76953403209336,42.183938519097865,238,246,0.839900831197487,0.9056594028928046
DRegular,13,2,,4,15,42.02245488809422,42.26921577588655,238,246,0.8399008311974573,0.9056594028928094
DRegular,13,2,,4,16,42.55470482306555,42.28045534505509,238,246,0.8399008311975343,0.9056594028928074
DRegular,13,2,,4,17,37.329872662900016,27.7597751498688,218,164,0.9567869927486171,0.8228626519093373
DRegular,13,2,,4,18,42.965204992098734,42.525471983943135,238,246,0.8399008311975287,0.9056594028928004
DRegular,13,2,,4,19,33.99922142899595,28.082447302993387,200,164,0.8597645231918186,0.9106873242332915
DRegular,13,2,,5,0,10.847682400606573,7.224660977721214,352,236,0.959375483772276,0.8461322740802201
DRegular,13,2,,5,1,7.185881758108735,7.4960332391783595,244,244,0.9354779267652514,0.9354779267652525
DRegular,13,2,,5,2,12.433000184595585,12.421664743684232,378,378,0.9939073458308775,0.9939073458309
DRegular,13,2,,5,3,7.299187789671123,7.942982839420438,244,244,0.9354779267652503,0.9354779267652539
DRegular,13,2,,5,4,6.900688557885587,10.827371951192617,224,314,0.9516727636481875,0.8766136143401807
DRegular,13,2,,5,5,7.811738243326545,7.795764115639031,244,244,0.9354779267652485,0.9354779267652509
DRegular,13,2,,5,6,12.547562004067004,12.2674694750458,360,362,0.8449185494710939,0.9738580970156829
DRegular,13,2,,5,7,40.854922455968335,64.48039958998561,224,314,0.9516727636481908,0.8766136138432056
DRegular,13,2,,5,8,77.99964343896136,52.752349130110815,370,260,0.8975638049511918,0.9138182847855648
DRegular,13,2,,5,9,80.07542536105029,53.25622882298194,378,260,0.8975638049300909,0.913818284785567
DRegular,13,2,,5,10,46.85397190297954,45.692512191133574,244,244,0.9354779267652523,0.9354779267652541
DRegular,13,2,,5,11,66.28076046402566,65.14815026591532,326,336,0.9210867756890913,0.9663538420216199
DRegular,13,2,,5,12,46.21421495289542,45.876959685003385,244,244,0.9354779267652517,0.9354779267652495
DRegular,13,2,,5,13,46.20362231787294,45.89386543002911,244,244,0.9354779267652517,0.9354779267652501
DRegular,13,2,,5,14,73.84543223190121,73.02621456398629,360,362,0.844918549477034,0.9738580970159719
DRegular,13,2,,5,15,74.17471483699046,73.56622310192324,360,362,0.8449185494731223,0.9738580970151522
DRegular,13,2,,5,16,75.5180181839969,73.44366179197095,360,362,0.8449185494762256,0.9738580970157127
DRegular,13,2,,5,17,59.22250335616991,64.5806759078987,298,304,0.9330116354379511,0.8923830877973375
DRegular,13,2,,5,18,76.04208203079179,73.70084020285867,360,362,0.8449185494766681,0.9738580970167225
DRegular,13,2,,5,19,79.70253863814287,53.51904630800709,372,260,0.8975638012862422,0.9138182847855667
DRegular,13,2,,6,0,26.730079038999975,11.60578144621104,686,328,0.9620341819982005,0.9062907656463098
DRegular,13,2,,6,1,10.765836463309824,11.258269195444882,318,318,0.9517554703975272,0.9517554703975272
DRegular,13,2,,6,2,36.43313424102962,37.28011328820139,878,890,0.9993426715633505,0.999342669219376
DRegular,13,2,,6,3,10.95535592827946,11.550678787752986,318,318,0.9517554703975324,0.9517554703975323
DRegular,13,2,,6,4,14.57095521595329,19.41964694019407,368,474,0.9728523586925215,0.9003560414709132
DRegular,13,2,,6,5,11.688379980623722,11.809097326360643,318,318,0.9517554703975314,0.9517554703975271
DRegular,13,2,,6,6,18.959888646379113,27.541912583634257,478,636,0.8686812361018011,0.9772765837837308
DRegular,13,2,,6,7,85.27708354615606,109.51837960304692,368,460,0.9728523586926076,0.900356039838524
DRegular,13,2,,6,8,128.37478165794164,90.36569363204762,532,382,0.9428299287218328,0.9527425735318406
DRegular,13,2,,6,9,130.43572593387216,92.0435540350154,540,382,0.9428299295644854,0.9527425735318452
DRegular,13,2,,6,10,69.85911153908819,68.67787657887675,318,318,0.9517554703975316,0.9517554703975294
DRegular,13,2,,6,11,223.15175757510588,111.31525940285064,826,484,0.9884309196618755,0.9364251027566087
DRegular,13,2,,6,12,69.50389515887946,68.97387246298604,318,318,0.951755470397532,0.9517554703975278
DRegular,13,2,,6,13,69.53564255405217,69.01279084896669,318,318,0.9517554703975276,0.9517554703975312
DRegular,13,2,,6,14,111.12729607895017,168.36193391191773,478,662,0.8686812315465945,0.9772765856037325
DRegular,13,2,,6,15,110.5314934598282,161.3478866450023,476,638,0.8686812320266794,0.9772765651527081
DRegular,13,2,,6,16,114.09191368590109,164.0752371510025,480,646,0.8686812350871431,0.977276584599413
DRegular,13,2,,6,17,135.08043887792155,91.60520329815336,534,390,0.9748529468344224,0.9068496709653152
DRegular,13,2,,6,18,114.54844441008754,161.02479460509494,480,634,0.8686812351126836,0.9772765804045876
DRegular,13,2,,6,19,127.83763206307776,92.08399381907657,524,382,0.9428299295264586,0.9527425735318406
DRegular,13,2,,7,0,45.856373629532754,17.077289007604122,1032,426,0.9620119529883998,0.9167817320673839
DRegular,13,2,,7,1,18.49515096191317,19.296571199782193,456,456,0.9774969272453911,0.9774969272453816
DRegular,13,2,,7,2,64.89657353330404,63.48904250282794,1380,1348,0.9999189281896221,0.9999187398794586
DRegular,13,2,,7,3,18.894258006475866,19.94961603358388,456,456,0.9774969272453885,0.9774969272453996
DRegular,13,2,,7,4,23.34805313218385,25.548307105898857,512,572,0.9824482477111993,0.8923808274732209
DRegular,13,2,,7,5,20.51057088840753,20.417202208191156,456,456,0.9774969272453852,0.9774969272453925
DRegular,13,2,,7,6,28.667143931612372,37.00246966537088,630,790,0.8874566495876941,0.9709500770815783
DRegular,13,2,,7,7,140.97032468696125,146.3526733550243,524,564,0.9824482503912164,0.8923808284905771
DRegular,13,2,,7,8,167.73954408196732,146.0275750721339,642,538,0.9902158477557396,0.9538821038869808
DRegular,13,2,,7,9,169.58563957596198,147.81138581316918,650,538,0.9902158466066789,0.9538821038872226
DRegular,13,2,,7,10,120.36793910199776,118.03075612313114,456,456,0.9774969272453923,0.9774969272453822
DRegular,13,2,,7,11,360.33204250899144,163.3701280541718,1210,630,0.9945328205838105,0.9875709705263448
DRegular,13,2,,7,12,119.03255201806314,118.54148422996514,456,456,0.9774969272453976,0.9774969272453928
DRegular,13,2,,7,13,119.30178621597588,118.4147305379156,456,456,0.9774969272454,0.9774969272453862
DRegular,13,2,,7,14,177.95567044406198,224.43983836006373,664,816,0.8874568330819675,0.9709500809580605
DRegular,13,2,,7,15,159.54760190309025,214.25588809279725,612,780,0.887456686002441,0.9709500793034872
DRegular,13,2,,7,16,169.1977065941319,221.9702322022058,628,802,0.8874567342731107,0.9709500806159564
DRegular,13,2,,7,17,261.6939911991358,120.39579778001644,874,470,0.9908095467630202,0.8133632836541231
DRegular,13,2,,7,18,179.73926595388912,217.32529130997136,656,786,0.887456831361693,0.9709500778473735
DRegular,13,2,,7,19,167.89311484294012,148.68928167107515,634,538,0.990215848380496,0.9538821038869146
DRegular,13,2,,8,0,88.05601070914418,24.616711248643696,1708,546,0.9990622060854867,0.972450403380067
DRegular,13,2,,8,1,28.415227849036455,28.28064991813153,612,608,0.9753149762798946,0.975314971134749
DRegular,13,2,,8,2,138.09113805834204,95.41334822960198,2536,1848,0.9977154032776838,0.99735999529859
DRegular,13,2,,8,3,28.704018849879503,30.72717218939215,608,612,0.9753149720834271,0.9753149761770344
DRegular,13,2,,8,4,33.437670113518834,34.85451002698392,654,704,0.989244341337877,0.8727357540372213
DRegular,13,2,,8,5,31.25801480561495,31.371284130960703,608,608,0.9753149716222262,0.9753149718052985
DRegular,13,2,,8,6,54.553072633221745,53.54649995174259,986,1008,0.9284026629518639,0.9971681765780892
DRegular,13,2,,8,7,200.8775216981303,208.00936864805408,672,716,0.9892443392251878,0.8727357542100606
DRegular,13,2,,8,8,248.14085520990193,283.20973123190925,840,878,0.9846037303481189,0.9890553218627969
DRegular,13,2,,8,9,246.03117132605985,288.60605291300453,838,882,0.9846037468712372,0.9890553343618166
DRegular,13,2,,8,10,183.22211021115072,179.69338423479348,608,608,0.9753149716792678,0.9753149713004826
DRegular,13,2,,8,11,553.6432912398595,266.0005904210266,1680,882,0.9997983898540748,0.990204123792747
DRegular,13,2,,8,12,183.52653897018172,182.13374517997727,612,612,0.9753149762955635,0.9753149762007421
DRegular,13,2,,8,13,183.3165878271684,180.42308835312724,612,608,0.9753149762594076,0.9753149716394415
DRegular,13,2,,8,14,320.0433974498883,297.7913929100614,1010,1006,0.9284026623876519,0.9971681801717494
DRegular,13,2,,8,15,301.85393830388784,298.1147009250708,958,982,0.9069101897396381,0.997168178114905
DRegular,13,2,,8,16,301.71496475394815,312.03795396210626,942,1018,0.9069101891810538,0.9971681669410182
DRegular,13,2,,8,17,429.01262324582785,183.82116441917606,1266,624,0.9770565440079819,0.9467461306604834
DRegular,13,2,,8,18,343.7311546159908,290.54811521805823,1004,974,0.9284026645000655,0.9971681534787424
DRegular,13,2,,8,19,244.66978727607056,287.27323779813014,818,876,0.9846037457262661,0.9890553369865263
DRegular,13,2,,9,0,131.51509884372354,32.55139169935137,2316,656,0.9960798910813123,0.9609261999332571
DRegular,13,2,,9,1,65.37941402476281,67.56454857997596,1130,1164,0.9940464448235163,0.9940464447881917
DRegular,13,2,,9,2,180.51800445839763,117.9110153298825,3098,2150,0.9997609851488646,0.9953961499685547
DRegular,13,2,,9,3,69.59216123260558,69.55489166546613,1164,1102,0.9956752676934023,0.9940464455400164
DRegular,13,2,,9,4,50.63623191229999,56.80811520386487,870,982,0.9969235837552527,0.9167390791296658
DRegular,13,2,,9,5,67.95852063037455,76.7227009292692,1068,1174,0.9940464427254309,0.9953606599596411
DRegular,13,2,,9,6,85.96355115622282,67.98769862297922,1364,1190,0.9504545597403152,0.9506094721224999
DRegular,13,2,,9,7,311.4787625679746,347.64271971117705,916,1026,0.9969235784306063,0.9167390818865844
DRegular,13,2,,9,8,348.2301195100881,347.7928636299912,1060,1018,0.9972165006165756,0.9027654521147067
DRegular,13,2,,9,9,340.41438859980553,356.4933731588535,1046,1028,0.997216495694471,0.9027654496042027
DRegular,13,2,,9,10,429.17626794683747,413.7736508359667,1134,1126,0.9940464423653306,0.9940464446335965
DRegular,13,2,,9,11,790.0320374539588,453.96431996603496,2202,1296,0.9999999835194011,0.9998775424273966
DRegular,13,2,,9,12,416.24240807490423,433.0518328999169,1122,1164,0.9940464444511941,0.9953606475628421
DRegular,13,2,,9,13,414.45492547401227,366.03205679310486,1116,1016,0.9940464447656931,0.9940464452265118
DRegular,13,2,,9,14,506.1487460047938,465.9194137798622,1418,1374,0.950454556623786,0.9991565756587715
DRegular,13,2,,9,15,485.31185330892913,501.1965416618623,1356,1410,0.9746557143999888,0.9983184345733221
DRegular,13,2,,9,16,472.2685472650919,528.1468173600733,1300,1472,0.97398612719729,0.9983184504435507
DRegular,13,2,,9,17,774.2196276250761,259.0288504699711,1990,772,0.9963315856302325,0.9540590663323131
DRegular,13,2,,9,18,512.5673858348746,531.1994301860686,1388,1496,0.9504545589114998,0.9910223027954786
DRegular,13,2,,9,19,333.46541593410075,358.36486185900867,1010,1028,0.9972164966920607,0.9027654488113203
DRegular,13,2,,10,0,155.4779445938766,43.74775877222419,2624,800,0.9940402384258605,0.967107720351886
DRegular,13,2,,10,1,91.15761171281338,94.68233917281032,1458,1504,0.9933918041946614,0.9933918006419759
DRegular,13,2,,10,2,229.18789173290133,179.00984128378332,3734,2918,0.9999756318031073,0.9999051898973473
DRegular,13,2,,10,3,95.05954747181386,96.85804226528853,1482,1424,0.9945766594030454,0.9933918081824595
DRegular,13,2,,10,4,71.66301144007593,90.39848988503218,1106,1356,0.9982792457362984,0.9763598867668798
DRegular,13,2,,10,5,93.0172650301829,91.26749692391604,1352,1336,0.9933918056318767,0.9895477317165421
DRegular,13,2,,10,6,132.75417459290475,119.80354024004191,1884,1756,0.962194954192777,0.9967840782165266
DRegular,13,2,,10,7,438.82567788590677,555.7984665110707,1168,1440,0.9982792420476857,0.9763598858032198
DRegular,13,2,,10,8,469.2325141010806,632.2791229740251,1302,1592,0.989669069852576,0.9898278954664074
DRegular,13,2,,10,9,458.2650386930909,664.6496991619933,1278,1634,0.9896690556031175,0.9898278954978874
DRegular,13,2,,10,10,581.4443904350046,566.2479634389747,1436,1428,0.9933918025107419,0.9933918083622886
DRegular,13,2,,10,11,974.9785107399803,742.878590344917,2564,1868,0.9999999923104308,0.999999757372068
DRegular,13,2,,10,12,589.99268002389,529.3988309530541,1462,1342,0.9933918060745047,0.9895477214035552
DRegular,13,2,,10,13,594.9291401039809,517.5560806789435,1448,1314,0.9933917981196781,0.9933918070266388
DRegular,13,2,,10,14,794.9089996491093,1060.3394386079162,1984,2546,0.9621949476938352,0.9998584660355534
DRegular,13,2,,10,15,716.435618939111,892.5877017709427,1808,2168,0.9618879175165967,0.9998244990667344
DRegular,13,2,,10,16,660.3825035810005,847.2071954549756,1662,2082,0.9934030911179125,0.9998244317919638
DRegular,13,2,,10,17,1209.5284510769416,384.72281965916045,2810,1010,0.9979796144323246,0.9726728073355809
DRegular,13,2,,10,18,779.7103304429911,914.5518524420913,1900,2246,0.9621949530833079,0.9977686100375635
DRegular,13,2,,10,19,464.78954519797117,640.4045110349543,1264,1578,0.9896690723427076,0.9898278726279294
DRegular,14,2,,1,0,2.5305933349300176,2.4153284118510783,22,22,0.6860364018513536,0.686036401851354
DRegular,14,2,,1,1,2.3479525859002024,2.220336128026247,20,18,0.6589347092850577,0.6858642509118021
DRegular,14,2,,1,2,2.2596639138646424,0.3733754879795015,20,20,0.6170007548265508,0.6534659776008463
DRegular,14,2,,1,3,0.3771597519516945,0.3736503762193024,20,20,0.6170007548265505,0.6534659776008456
DRegular,14,2,,1,4,0.37658833200111985,0.3740568538196385,20,20,0.6170007548265508,0.6534659776008461
DRegular,14,2,,1,5,0.37489028135314584,0.45528853591531515,20,20,0.6170007548265505,0.6534659776008463
DRegular,14,2,,1,6,0.45914488611742854,0.4657463189214468,20,20,0.7198342139643094,0.7198342139643095
DRegular,14,2,,1,7,0.375136979855597,0.3727747336961329,20,20,0.6170007548265508,0.6534659776008456
DRegular,14,2,,1,8,0.4705003392882645,0.37527160812169313,20,20,0.7198342139643089,0.7198342139643087
DRegular,14,2,,1,9,0.4744972260668874,0.4346658932045102,20,18,0.6589347092850576,0.6858642509118021
DRegular,14,2,,1,10,0.3756565800867975,0.3740937220863998,20,20,0.6170007548265505,0.6534659776008456
DRegular,14,2,,1,11,0.47151756193488836,0.37395681627094746,20,20,0.7198342139643089,0.7198342139643087
DRegular,14,2,,1,12,0.5129779609851539,0.3741100700572133,22,20,0.6860364018513536,0.688156628567678
DRegular,14,2,,1,13,0.3744973107241094,0.36995806405320764,20,20,0.6170007548265508,0.6534659776008463
DRegular,14,2,,1,14,0.3759055039845407,0.3516110787168145,20,18,0.6589347092850577,0.685864250911802
DRegular,14,2,,1,15,0.37593626603484154,0.3747581862844527,20,20,0.6170007548265508,0.6534659776008453
DRegular,14,2,,1,16,0.3746426966972649,0.3739068638533354,20,20,0.6170007548265505,0.6534659776008459
DRegular,14,2,,1,17,0.5091800349764526,0.37195642990991473,20,20,0.6170007548265508,0.6534659776008452
DRegular,14,2,,1,18,0.3779592840000987,0.48973880894482136,20,18,0.6589347092850577,0.685864250911802
DRegular,14,2,,1,19,0.3750430098734796,0.3761658212170005,20,20,0.6170007548265508,0.6534659776008456
DRegular,14,2,,2,0,8.941589650930837,8.976660277927294,72,72,0.761837200759028,0.7618372007590288
DRegular,14,2,,2,1,8.287843751022592,7.39450475294143,66,58,0.714579448660675,0.6185418648627192
DRegular,14,2,,2,2,8.882584168110043,0.9673676760867238,70,50,0.7021778912678857,0.8147711857542365
DRegular,14,2,,2,3,1.8015720089897513,1.0105331940576434,88,48,0.7675148591081171,0.8131819635727562
DRegular,14,2,,2,4,1.490116496104747,0.9440617673099041,74,48,0.6498300090313432,0.8139570155012772
DRegular,14,2,,2,5,1.419596389401704,0.9865220179781318,70,50,0.7021778912678854,0.8147711857542355
DRegular,14,2,,2,6,1.447906007990241,1.3661231738515198,70,70,0.819207539812532,0.819207539812532
DRegular,14,2,,2,7,1.5253004799596965,1.046150623820722,74,48,0.6498300090313425,0.8139570155012767
DRegular,14,2,,2,8,1.3765121940523386,1.3689583097584546,70,70,0.8133405716579292,0.8133405716579288
DRegular,14,2,,2,9,1.3084399309009314,1.1886505610309541,66,58,0.7145794486606752,0.6185418648627182
DRegular,14,2,,2,10,1.48257076414302,1.0179785257205367,70,50,0.7021778912678845,0.8147711857542355
DRegular,14,2,,2,11,1.4174539977684617,1.4903202382847667,70,70,0.8133405716579288,0.813340571657928
DRegular,14,2,,2,12,1.3539644610136747,0.9853805098682642,68,48,0.7584154328702232,0.6478691858716691
DRegular,14,2,,2,13,1.5210657841525972,1.0164677859283984,70,50,0.7021778912678854,0.8147711857542362
DRegular,14,2,,2,14,1.4571199752390385,1.1824232582002878,66,58,0.7145794486606754,0.6185418648627193
DRegular,14,2,,2,15,1.5922248177230358,0.9979796851985157,74,48,0.6498300090313409,0.8139570155012764
DRegular,14,2,,2,16,1.5417897868901491,1.0447289571166039,70,50,0.7021778912678857,0.8147711857542389
DRegular,14,2,,2,17,1.4166614939458668,1.0466305199079216,70,50,0.7021778912678845,0.8147711857542373
DRegular,14,2,,2,18,1.4906471902504563,1.2181865330785513,66,58,0.7145794486606754,0.618541864862719
DRegular,14,2,,2,19,1.4842983479611576,1.0214362870901823,74,48,0.6498300090313432,0.813957015501277
DRegular,14,2,,3,0,19.25146277085878,19.14414413808845,128,128,0.8546657467019542,0.8546657467019529
DRegular,14,2,,3,1,19.675374096957967,12.477483949856833,128,86,0.8003655409769737,0.768911335729246
DRegular,14,2,,3,2,17.702661173883826,2.976407216861844,118,118,0.7803314794704942,0.9866571250176192
DRegular,14,2,,3,3,2.839191854931414,3.1288714446127415,122,120,0.8948853072163105,0.9873874739413775
DRegular,14,2,,3,4,3.3051623441278934,2.7408562847413123,132,106,0.8165257074531772,0.9869863567040681
DRegular,14,2,,3,5,2.8999424860812724,3.071301138959825,118,118,0.7803314794704954,0.9866571250176189
DRegular,14,2,,3,6,2.9116633823141456,2.914488519076258,116,116,0.9039736559925892,0.9039736559925906
DRegular,14,2,,3,7,3.414687950629741,2.752714587841183,132,106,0.8165257074531783,0.9869863567040731
DRegular,14,2,,3,8,3.2005677493289113,3.160629785619676,124,124,0.8797985780664277,0.87979857806643
DRegular,14,2,,3,9,3.348083910997957,2.119605171959847,128,86,0.800365540976976,0.7689113357292466
DRegular,14,2,,3,10,3.0131212966516614,3.146034248173237,118,118,0.7803314794704935,0.9866571250176202
DRegular,14,2,,3,11,3.2593021979555488,3.198225634172559,124,124,0.8797985780664278,0.8797985780664307
DRegular,14,2,,3,12,3.4228061279281974,2.0721707330085337,132,82,0.8312383248674324,0.7520757246434094
DRegular,14,2,,3,13,3.02351488545537,3.2281873147003353,116,118,0.790486486713312,0.986663890785005
DRegular,14,2,,3,14,3.268562319688499,2.1599409501068294,128,86,0.8003655409769753,0.768911335729246
DRegular,14,2,,3,15,3.439358406700194,2.8308741468936205,132,106,0.8165257074531796,0.9869863567040691
DRegular,14,2,,3,16,3.037409892771393,3.1684570549987257,118,118,0.7803314794704946,0.9866571250176179
DRegular,14,2,,3,17,3.0299974866211414,3.2937500500120223,118,118,0.7803314794704941,0.9866571250176194
DRegular,14,2,,3,18,3.3480086871422827,2.2129355617798865,128,86,0.800365540976976,0.7689113357292462
DRegular,14,2,,3,19,3.3914832076989114,2.7837268272414804,132,106,0.8165257074531782,0.9869863567040713
DRegular,14,2,,4,0,46.97589685791172,46.87537628109567,246,246,0.9080011794981487,0.9080011794981453
DRegular,14,2,,4,1,47.52556630084291,37.32432557991706,246,190,0.8655994793180639,0.9466446856202481
DRegular,14,2,,4,2,33.343677141936496,5.105298679787666,184,174,0.8056139758796145,0.9731235374917884
DRegular,14,2,,4,3,4.581979260779917,5.1619727849029005,166,172,0.9509112471525641,0.9763437495673414
DRegular,14,2,,4,4,6.134287491906434,5.02360716694966,204,164,0.8819025819533949,0.9745797564096005
DRegular,14,2,,4,5,5.516253367997706,5.299795740749687,184,174,0.805613975879618,0.9731235374917874
DRegular,14,2,,4,6,5.376531803049147,5.36349984491244,178,178,0.936205298034877,0.9362052980348786
DRegular,14,2,,4,7,6.1677705980837345,5.076783495023847,204,164,0.8819025819533918,0.9745797564095915
DRegular,14,2,,4,8,7.0167926526628435,6.988817207980901,218,218,0.9271602822815049,0.9271602822815078
DRegular,14,2,,4,9,8.20072528719902,6.476464744657278,246,190,0.8655994793180732,0.9466446856203469
DRegular,14,2,,4,10,5.753435952588916,5.489552628714591,184,174,0.8056139758796192,0.9731235374917896
DRegular,14,2,,4,11,7.353582457173616,7.175694336183369,218,218,0.9271602822815096,0.9271602822815086
DRegular,14,2,,4,12,6.082240347750485,7.519692629575729,192,208,0.8590069335878869,0.8189246023785691
DRegular,14,2,,4,13,4.8083808734081686,5.673847703263164,158,176,0.8696395924776812,0.9731805853019372
DRegular,14,2,,4,14,8.59935406409204,6.6197637198492885,246,190,0.865599479318068,0.9466446856204626
DRegular,14,2,,4,15,6.574370058719069,5.3528155772946775,204,164,0.8819025819533914,0.9745797564095968
DRegular,14,2,,4,16,5.925102058798075,5.579227244015783,184,174,0.8056139758796181,0.9731235374917893
DRegular,14,2,,4,17,5.845698114018887,5.698573658242822,184,174,0.8056139758796154,0.973123537491789
DRegular,14,2,,4,18,8.73355067661032,6.573312619701028,246,190,0.8655994793180755,0.9466446856203943
DRegular,14,2,,4,19,6.593780154362321,5.509607834275812,204,164,0.8819025819533893,0.9745797564096027
DRegular,14,2,,5,0,82.00608464702964,82.24222773802467,368,370,0.9146581333562706,0.9146581334910345
DRegular,14,2,,5,1,93.46211352897808,68.52774096094072,406,300,0.8869794170942301,0.9744973650372616
DRegular,14,2,,5,2,50.49640365806408,15.945919528137892,244,406,0.8635180862448523,0.999999985318809
DRegular,14,2,,5,3,7.154338788241148,15.834795486647636,218,396,0.9768074500288908,0.9999999791572651
DRegular,14,2,,5,4,9.360344137065113,21.902704047970474,270,522,0.8692088142581316,0.9998603156182388
DRegular,14,2,,5,5,8.460288945119828,16.726815098896623,244,410,0.8635180862448452,0.9999999884725278
DRegular,14,2,,5,6,9.985033349134028,9.877257680986077,270,270,0.99045667084686,0.990456670846864
DRegular,14,2,,5,7,9.579602713230997,19.283775341697037,270,448,0.8692088142581328,0.9998600827794114
DRegular,14,2,,5,8,17.69932013237849,17.62814476713538,432,432,0.9674032281628132,0.9674032281650801
DRegular,14,2,,5,9,16.31433441117406,12.345474015921354,406,300,0.8869794169665481,0.9744973650378813
DRegular,14,2,,5,10,9.092253056820482,17.74387924093753,244,416,0.8635180862448456,0.9999999961867017
DRegular,14,2,,5,11,18.594365377910435,18.587399259209633,432,432,0.9674032281585712,0.9674032281682937
DRegular,14,2,,5,12,8.546828978694975,13.562526074703783,238,324,0.9331547702502302,0.8711556450165977
DRegular,14,2,,5,13,6.777089870069176,16.999141761101782,194,390,0.9489497841408385,0.9999999941458846
DRegular,14,2,,5,14,17.128216753713787,12.329439816065133,406,300,0.8869794170671373,0.9744973650386815
DRegular,14,2,,5,15,9.998473076149821,20.63937060814351,270,446,0.8692088142581321,0.9998602543383
DRegular,14,2,,5,16,9.06177002703771,18.828448748216033,244,418,0.8635180862448468,0.999999996646711
DRegular,14,2,,5,17,9.288356322795153,18.918206496629864,244,416,0.8635180862448444,0.9999999957709916
DRegular,14,2,,5,18,17.31057753507048,12.733227003365755,406,300,0.8869794169006003,0.9744973650382175
DRegular,14,2,,5,19,10.281267785932869,21.207293080165982,270,454,0.8692088142581331,0.9998599486165008
DRegular,14,2,,6,0,118.06759925489314,119.97594232391566,474,482,0.940003234094308,0.9400032331284806
DRegular,14,2,,6,1,145.7918035229668,106.86802089214325,556,410,0.9045456822818041,0.9775076137296792
DRegular,14,2,,6,2,82.65597065002657,23.353828948922455,338,534,0.8785455336326452,0.9776204607024834
DRegular,14,2,,6,3,12.722391218878329,22.46118690399453,318,510,0.9842601209371293,0.9999991504504578
DRegular,14,2,,6,4,12.662837588693947,34.99909234279767,326,734,0.9417651980318903,0.9920499069469316
DRegular,14,2,,6,5,14.171732611954212,37.870829437393695,338,762,0.8785455336326503,0.9999999867854
DRegular,14,2,,6,6,24.04563704598695,24.247133667115122,510,510,0.99776828195648,0.9977682819564327
DRegular,14,2,,6,7,12.964491169899702,32.78406397020444,326,674,0.9417651980318927,0.9920499140637337
DRegular,14,2,,6,8,29.369918439071625,29.77503945073113,622,628,0.9617217560306036,0.9617217556391168
DRegular,14,2,,6,9,25.39603281300515,18.86481658509001,550,408,0.904545683263806,0.9775076132669068
DRegular,14,2,,6,10,14.88524851296097,34.48261421592906,338,690,0.878545533632649,0.9993648590847856
DRegular,14,2,,6,11,30.635009583085775,30.137556409928948,622,616,0.961721756722131,0.9617217555617955
DRegular,14,2,,6,12,17.70627879584208,19.199332392774522,380,412,0.9699983667633035,0.9349680216918476
DRegular,14,2,,6,13,10.056640363298357,27.504072168841958,246,552,0.9729509502870718,0.9999999383145669
DRegular,14,2,,6,14,26.485774300061166,19.578179541043937,554,408,0.9045456775611248,0.9775076132403141
DRegular,14,2,,6,15,13.77113081002608,33.40713761281222,326,642,0.9417651980319002,0.9920499096974708
DRegular,14,2,,6,16,15.203224608208984,35.78388330200687,338,678,0.8785455336326492,0.999999944205776
DRegular,14,2,,6,17,15.365945348981768,32.36059873132035,338,630,0.8785455336326473,0.9048372465067692
DRegular,14,2,,6,18,26.937158335000277,19.741915204562247,552,408,0.904545683271221,0.9775076132540583
DRegular,14,2,,6,19,14.012320290319622,36.766129199415445,326,696,0.9417651980318957,0.9920499066448848
DRegular,14,2,,7,0,236.92251624912024,231.68194403103553,780,770,0.963750043001539,0.9637500488988504
DRegular,14,2,,7,1,318.89489951799624,189.42679776391014,994,622,0.9381930023428149,0.9809987080969247
DRegular,14,2,,7,2,139.03379597095773,41.74241969920695,482,824,0.9024802129967205,0.9986055118601155
DRegular,14,2,,7,3,22.23628100240603,35.14610206428915,460,702,0.9904099797282013,0.9999989713901306
DRegular,14,2,,7,4,17.549620134290308,48.682141153141856,400,948,0.9450629983199221,0.9968786210306568
DRegular,14,2,,7,5,23.75664947507903,60.127390822861344,482,1094,0.9024802129947068,0.9999723968212294
DRegular,14,2,,7,6,39.4769848450087,39.75791031867266,732,732,0.9997867132667494,0.9997867143136318
DRegular,14,2,,7,7,18.09328221110627,48.490425298921764,400,900,0.9450629983199204,0.9968786202854287
DRegular,14,2,,7,8,59.82923544105142,60.66286131506786,1054,1066,0.9791333462020898,0.9791333495158475
DRegular,14,2,,7,9,46.456322560086846,33.97762820031494,844,610,0.9258109503198924,0.98099870776909
DRegular,14,2,,7,10,25.338695279322565,75.73974413704127,482,1242,0.9024802129962486,0.9966678668203056
DRegular,14,2,,7,11,58.629676159936935,60.4831894277595,1000,1026,0.9791333462571092,0.9791333489223883
DRegular,14,2,,7,12,27.18778829323128,27.63461533933878,506,524,0.9906705118312805,0.9702683633245144
DRegular,14,2,,7,13,15.956909740809351,58.627673753071576,324,970,0.9839603415148414,0.9980891127444974
DRegular,14,2,,7,14,46.89021592307836,35.984589715022594,828,626,0.9258109451618433,0.980998705476316
DRegular,14,2,,7,15,19.456693348940462,47.77994213113561,400,834,0.9450629983199234,0.996878619658034
DRegular,14,2,,7,16,26.535326432436705,46.67085080500692,482,814,0.9024802129957407,0.9999995044546724
DRegular,14,2,,7,17,26.521621352992952,45.82912210281938,482,802,0.9024802129970083,0.9154109904015977
DRegular,14,2,,7,18,46.54196598101407,35.66869099996984,802,620,0.9258109521163673,0.9809987074877622
DRegular,14,2,,7,19,19.459939769934863,52.210745599120855,400,896,0.9450629983199212,0.9968786105306361
DRegular,14,2,,8,0,502.9526150999591,389.88322293688543,1378,1126,0.9632427468740606,0.9884689620147649
DRegular,14,2,,8,1,406.1009106268175,259.6401419050526,1186,778,0.9817605731868349,0.9981996893089861
DRegular,14,2,,8,2,34.014395558740944,120.49640814168379,646,1866,0.9014467929851493,0.999511996516163
DRegular,14,2,,8,3,32.77958881482482,98.7731410888955,594,1548,0.9984387441174732,0.9999908723578651
DRegular,14,2,,8,4,25.122984739020467,73.65238486975431,498,1268,0.9754861852795341,0.9982535211693782
DRegular,14,2,,8,5,37.538153974339366,99.85396411688998,656,1608,0.901446792612307,0.9999965412410303
DRegular,14,2,,8,6,53.778359605930746,52.671254927292466,908,896,0.9947866757462265,0.9947866756951776
DRegular,14,2,,8,7,26.00656056497246,74.37147914012894,498,1212,0.9754861852795295,0.9982535013479868
DRegular,14,2,,8,8,84.19076389493421,87.6587877413258,1350,1392,0.989711879908473,0.989711890559806
DRegular,14,2,,8,9,76.71214518463239,47.472353822086006,1198,768,0.9753580860150436,0.9981996911121636
DRegular,14,2,,8,10,39.93975612940267,116.29670832399279,654,1756,0.9014467933537575,0.999999456738052
DRegular,14,2,,8,11,84.92821490112692,87.19442744692788,1302,1334,0.9897118873060523,0.9897118889880653
DRegular,14,2,,8,12,61.35482577979565,46.892376999370754,902,746,0.9923986724148932,0.9882921234791562
DRegular,14,2,,8,13,26.825742481276393,97.14772818796337,450,1420,0.9861390358171053,0.9999995942820653
DRegular,14,2,,8,14,82.77262977091596,49.356054169125855,1236,784,0.9753580844301305,0.9981996897469488
DRegular,14,2,,8,15,27.897340306080878,76.54471818171442,498,1166,0.9754861852795269,0.998253521430572
DRegular,14,2,,8,16,41.30263257166371,65.96584450406954,656,1038,0.9014467932199091,0.999994702780701
DRegular,14,2,,8,17,41.27703937981278,110.95872932998464,648,1554,0.9014467918148387,0.996207763638766
DRegular,14,2,,8,18,81.240904383827,50.91474328329787,1204,786,0.975358085323128,0.998199692420226
DRegular,14,2,,8,19,28.244558050762862,80.22795417299494,498,1202,0.9754861852795287,0.998253520597535
DRegular,14,2,,9,0,657.7618454510812,617.234753435012,1692,1590,0.9950317859487426,0.9933078391752188
DRegular,14,2,,9,1,512.5366700559389,366.3834312018007,1400,994,0.9595779477293697,0.9976501284417149
DRegular,14,2,,9,2,69.28670817101374,144.04584451112896,1090,2156,0.9862259107847716,0.9999999384477833
DRegular,14,2,,9,3,53.30927472328767,122.32419383898377,842,1798,0.9999045356809191,0.9999998356347353
DRegular,14,2,,9,4,41.262476610951126,130.4302131421864,686,1930,0.988858888775357,0.9999990542008613
DRegular,14,2,,9,5,74.14594469731674,141.35631293570623,1074,2060,0.9862259112677735,0.9999995399415252
DRegular,14,2,,9,6,141.47067342791706,117.60459279408678,1906,1632,0.9998785903453227,0.9998395474014109
DRegular,14,2,,9,7,43.21933667594567,132.91763302637264,686,1872,0.988858888549238,0.9999998465920534
DRegular,14,2,,9,8,161.59476871509105,166.35159619990736,2206,2246,0.9977380960048788,0.9972343825400024
DRegular,14,2,,9,9,98.11482754163444,68.35624573705718,1428,988,0.9797867507211406,0.9976501303434334
DRegular,14,2,,9,10,83.47912801336497,161.6030702330172,1106,2248,0.9862259105142241,0.999972032031106
DRegular,14,2,,9,11,140.51435217587277,167.9144870606251,1878,2160,0.9952966705141493,0.9977380630278233
DRegular,14,2,,9,12,77.69236301723868,72.00057878997177,1068,1012,0.9967086914347806,0.9846312603818319
DRegular,14,2,,9,13,40.06915236217901,129.302968012169,588,1744,0.9920371434865564,0.9999998257144623
DRegular,14,2,,9,14,102.28678518207744,72.14077606704086,1432,1014,0.9797867632195788,0.997650130785977
DRegular,14,2,,9,15,46.56078117201105,149.11340286536142,686,1886,0.9888588888848613,0.9999996251063139
DRegular,14,2,,9,16,83.17318576900288,79.7468938389793,1076,1180,0.9862259092437544,0.9999974500988424
DRegular,14,2,,9,17,84.28208927810192,156.03308123582974,1090,2016,0.9862259079668992,0.99999951410594
DRegular,14,2,,9,18,104.82911908999085,75.75778362900019,1434,1036,0.9797867618576688,0.9976501264321262
DRegular,14,2,,9,19,47.379155955743045,144.401907493826,686,1852,0.988858888665105,0.9999995843589977
DRegular,14,2,,10,0,1133.6082731380593,787.0362469740212,2558,1900,0.9991621233605996,0.9931550575341334
DRegular,14,2,,10,1,670.0725472460035,549.8211734350771,1678,1324,0.9836534338360475,0.9993989171387901
DRegular,14,2,,10,2,128.95393120404333,199.39894184237346,1710,2730,0.9167899917253152,0.9999581843749217
DRegular,14,2,,10,3,113.37608412420377,143.29466498829424,1476,2036,0.9999398295887553,0.999999178379322
DRegular,14,2,,10,4,74.60446343617514,171.38687615003437,1030,2348,0.9953301859084066,0.9999997057856695
DRegular,14,2,,10,5,138.41921537416056,177.22359294770285,1732,2446,0.92054392341522,0.9999996435126908
DRegular,14,2,,10,6,230.25736388890073,197.80910569801927,2776,2430,0.9999796278258262,0.9999995414657804
DRegular,14,2,,10,7,77.52045385027304,202.8070503040217,1030,2562,0.9953301852639723,0.9999999495724288
DRegular,14,2,,10,8,241.71090543083847,213.0869155600667,2974,2696,0.9993816778634796,0.9954539137182009
DRegular,14,2,,10,9,149.02567539317533,104.16506073996425,1918,1340,0.988827867123398,0.9993989177210177
DRegular,14,2,,10,10,160.76783590996638,191.30194604909047,1846,2540,0.9225930947127218,0.9999972582666999
DRegular,14,2,,10,11,266.99423886230215,232.9142279480584,3066,2796,0.997396781033816,0.9993816415496116
DRegular,14,2,,10,12,127.92469428107142,96.34774855757132,1532,1228,0.9994148047574138,0.9882586186712334
DRegular,14,2,,10,13,55.440722635015845,164.3726579612121,730,2078,0.9969607981972282,0.9999984855883975
DRegular,14,2,,10,14,154.20398504892364,110.5581343327649,1912,1360,0.9888279692645607,0.999398916666168
DRegular,14,2,,10,15,85.69621129985899,173.75652077887207,1042,2114,0.9953301875799561,0.9999988994489836
DRegular,14,2,,10,16,164.07589837210253,117.16983232693747,1790,1512,0.9471381447655008,0.9999992686654888
DRegular,14,2,,10,17,157.3437772509642,191.6699454751797,1738,2328,0.9961968433617134,0.9999996224625375
DRegular,14,2,,10,18,164.09494636999443,117.62572051910684,1960,1412,0.9888279641210739,0.999398918207912
DRegular,14,2,,10,19,84.43213936313987,181.40369716798887,1028,2182,0.9953301874454905,0.9999997734244025
DRegular,14,3,,1,0,0.5033680379856378,0.34957644500536844,16,16,0.4799985331521815,0.4799985331521821
DRegular,14,3,,1,1,0.3311366199632175,0.3314558300189674,14,14,0.5000106357280714,0.5000106357280721
DRegular,14,3,,1,2,0.35889113298617303,0.4252331120078452,16,16,0.5553205532302271,0.5553205532302281
DRegular,14,3,,1,3,0.44130206701811403,0.4317436200217344,16,16,0.4799985331521815,0.4799985331521821
DRegular,14,3,,1,4,0.3913125630351715,0.46490574098424986,18,18,0.4798963767559526,0.4798963767559517
DRegular,14,3,,1,5,0.3600393829983659,0.44910717697348446,16,16,0.47999853315218144,0.4799985331521821
DRegular,14,3,,1,6,0.3792548190103844,0.3795821110252291,18,18,0.48962522616558274,0.4896252261655832
DRegular,14,3,,1,7,0.3896254059509374,0.47640644398052245,18,18,0.48962522616558274,0.4896252261655832
DRegular,14,3,,1,8,0.3613106499542482,0.35824514500563964,16,16,0.4799985331521815,0.4799985331521821
DRegular,14,3,,1,9,0.36269790801452473,0.3562074479996227,16,16,0.4548741516654818,0.45487415166548195
DRegular,14,3,,1,10,0.36432285100454465,0.3575152530102059,16,16,0.471065906083386,0.47106590608338667
DRegular,14,3,,1,11,0.5067305049742572,0.3817545640049502,18,18,0.48962522616558274,0.4896252261655813
DRegular,14,3,,1,12,0.3851009929785505,0.5156631489517167,18,18,0.48962522616558274,0.4896252261655832
DRegular,14,3,,1,13,0.5186870010220446,0.5206590379821137,18,18,0.48962522616558285,0.4896252261655832
DRegular,14,3,,1,14,0.4970167889841832,0.3592777860467322,16,16,0.4626756315978799,0.4626756315978806
DRegular,14,3,,1,15,0.36681763496017084,0.3607797910226509,16,16,0.47106590608338594,0.47106590608338667
DRegular,14,3,,1,16,0.5079927229671739,0.5157899330370128,16,16,0.5553205532302271,0.5553205532302281
DRegular,14,3,,1,17,0.3604679140262306,0.36268971901154146,16,16,0.47999853315218144,0.47999853315218216
DRegular,14,3,,1,18,0.3328728190390393,0.4613224570057355,14,14,0.5000106357280713,0.5000106357280721
DRegular,14,3,,1,19,0.38898130803136155,0.5584482100093737,18,18,0.48962522616558274,0.4896252261655832
DRegular,14,3,,2,0,1.0061560350004584,1.024462110013701,46,46,0.5846191807063094,0.5846191807063094
DRegular,14,3,,2,1,1.07736507197842,1.1282437660265714,44,44,0.6287183525519208,0.6287183525519214
DRegular,14,3,,2,2,0.9873002779786475,0.9854405079968274,40,40,0.6666193160489442,0.6666193160489458
DRegular,14,3,,2,3,1.1697029420174658,1.155149394995533,48,48,0.6112670931876784,0.6112670931876761
DRegular,14,3,,2,4,1.1906499770120718,1.2089225350064225,50,50,0.5920176549073327,0.5920176549073326
DRegular,14,3,,2,5,1.1851448639645241,1.1826286370051093,48,48,0.5807325750757767,0.5807325750757756
DRegular,14,3,,2,6,1.1286131990491413,1.130969131947495,48,48,0.6005073569463497,0.6005073569463493
DRegular,14,3,,2,7,1.2311449389671907,1.2303444689605385,50,50,0.6094050836528343,0.6094050836528342
DRegular,14,3,,2,8,1.1627226160489954,1.18018912198022,46,46,0.5878589110889713,0.5878589110889717
DRegular,14,3,,2,9,1.133275425992906,1.0019453529966995,44,44,0.5320296267999339,0.5320296267999333
DRegular,14,3,,2,10,1.2433442369801924,1.2471896529896185,48,48,0.5768315769448694,0.5768315769448682
DRegular,14,3,,2,11,1.0978987099952064,1.1512595160165802,46,46,0.605729412228774,0.6057294122287719
DRegular,14,3,,2,12,1.2713276270078495,1.3500826450181194,52,52,0.6069699251148103,0.6069699251148108
DRegular,14,3,,2,13,1.2014531589811668,1.1944718700251542,50,50,0.6112492825705985,0.6112492825705959
DRegular,14,3,,2,14,1.0030363720143214,0.99743122496875,40,40,0.5541119636806041,0.5541119636806071
DRegular,14,3,,2,15,1.361139754008036,1.3569743469706737,50,50,0.5689260820259983,0.5689260820260001
DRegular,14,3,,2,16,1.0209271250059828,1.0154207630548626,40,40,0.6666193160489458,0.6666193160489428
DRegular,14,3,,2,17,1.3704069759696722,1.3733546849689446,50,50,0.6014842993359871,0.6014842993359867
DRegular,14,3,,2,18,1.207855793996714,1.0908801309997216,44,44,0.6239218323942421,0.6239218323942423
DRegular,14,3,,2,19,1.1797363150399178,1.190915726008825,48,48,0.6005073569463516,0.6005073569463496
DRegular,14,3,,3,0,2.923408948001452,2.9228475280106068,104,104,0.6410318753685579,0.6410318753685581
DRegular,14,3,,3,1,3.2603963630390354,3.2599391309777275,106,106,0.6745546382598594,0.6745546382598605
DRegular,14,3,,3,2,2.745459605997894,2.735227342986036,90,90,0.7526332227882113,0.7526332227882102
DRegular,14,3,,3,3,4.028258710983209,4.132133454026189,130,130,0.6480779744079851,0.6480779744079869
DRegular,14,3,,3,4,3.2987521369941533,3.309638926992193,108,108,0.6436280246131364,0.6436280246131386
DRegular,14,3,,3,5,3.8058483109925874,3.811174992006272,120,120,0.6518561556527663,0.6518561556527653
DRegular,14,3,,3,6,2.9751259239856154,2.959289897000417,102,102,0.6538985216194851,0.6538985216194809
DRegular,14,3,,3,7,3.4892545719631016,3.4771942830411717,112,112,0.65692258276695,0.656922582766949
DRegular,14,3,,3,8,3.4286364180152304,3.3689400929724798,106,106,0.6422683389009322,0.6422683389009283
DRegular,14,3,,3,9,5.020937116001733,5.190222766017541,148,160,0.6218098520870644,0.6014108148507548
DRegular,14,3,,3,10,3.0884018230135553,3.105128340946976,96,96,0.6317038371517181,0.6317038371517195
DRegular,14,3,,3,11,3.493457048025448,3.2933440639753826,108,108,0.6556664725473403,0.6556664725473333
DRegular,14,3,,3,12,3.945346780004911,3.9331294909934513,118,118,0.6559111992426034,0.6559111992426024
DRegular,14,3,,3,13,3.9981676550232805,3.9736045469762757,118,118,0.6571526821029621,0.6571526821029633
DRegular,14,3,,3,14,3.576752533961553,3.5701478990376927,104,104,0.6182889440382103,0.61828894403821
DRegular,14,3,,3,15,5.280975828994997,5.128855207993183,148,148,0.6410818802295163,0.6410818802295118
DRegular,14,3,,3,16,3.097840924980119,3.084366322029382,90,90,0.7526332227882129,0.7526332227882147
DRegular,14,3,,3,17,3.81643162999535,3.7943901940016076,110,110,0.6465952534403402,0.64659525344034
DRegular,14,3,,3,18,3.86013714998262,3.8521355150151066,116,116,0.6696690971031737,0.6696690971031704
DRegular,14,3,,3,19,3.4446441659820266,3.4517557679791935,102,102,0.6538985216194814,0.6538985216194821
DRegular,14,3,,4,0,6.556425869988743,6.567077554005664,192,192,0.5544280908189761,0.5544280908189759
DRegular,14,3,,4,1,8.770957098982763,8.805509058001917,228,228,0.8006434721001865,0.8006434721001822
DRegular,14,3,,4,2,7.170332291978411,7.089800754969474,186,186,0.7974296883466427,0.797429688346641
DRegular,14,3,,4,3,7.4304607980302535,7.864304990973324,210,210,0.6005185559329246,0.6005185559329219
DRegular,14,3,,4,4,13.779046421987005,13.87036340002669,332,328,0.7441607902008617,0.7441607901420655
DRegular,14,3,,4,5,6.32798661099514,6.191471775993705,174,174,0.6638564037138192,0.6638564037138113
DRegular,14,3,,4,6,7.295443970011547,7.744839400984347,198,198,0.5698395139851052,0.5698395139851088
DRegular,14,3,,4,7,12.532870484981686,12.464643279963639,300,298,0.6889672821294671,0.6889672816275136
DRegular,14,3,,4,8,7.305963288003113,7.395343818003312,186,186,0.5586753518628088,0.5586753518642885
DRegular,14,3,,4,9,7.852711940999143,13.873065895983018,204,348,0.6366518688365518,0.6828338503604446
DRegular,14,3,,4,10,10.738856986979954,10.784271022013854,248,248,0.7315040801201933,0.7315040801201946
DRegular,14,3,,4,11,12.564312223985326,12.356011490977835,296,294,0.7525133906046482,0.7525133902435699
DRegular,14,3,,4,12,8.254574678023346,8.017856072983705,198,198,0.5849848669802582,0.584984866980255
DRegular,14,3,,4,13,7.733413356007077,7.793031475972384,190,190,0.5907538287074816,0.5907538287074848
DRegular,14,3,,4,14,9.282704894023482,9.42378173902398,212,212,0.5434035059939347,0.543403505993933
DRegular,14,3,,4,15,8.564448994991835,8.658777393982746,210,210,0.6531070939870635,0.6531070939870628
DRegular,14,3,,4,16,8.26725468802033,8.143397528969217,186,186,0.7974296883466392,0.7974296883466462
DRegular,14,3,,4,17,8.242684669035953,8.221826941997278,194,194,0.5874010567017919,0.5874010567017899
DRegular,14,3,,4,18,11.790162008954212,11.80259014404146,272,272,0.7057415075414774,0.7057415075390914
DRegular,14,3,,4,19,8.63051364698913,8.621903054008726,198,198,0.5698395139851068,0.5698395139851103
DRegular,14,3,,5,0,11.139369377982803,11.14000869897427,282,282,0.6810702997546062,0.6810702997546046
DRegular,14,3,,5,1,16.034983985999133,16.008301235036924,358,358,0.7675842975649091,0.7675842975649125
DRegular,14,3,,5,2,18.641201605962124,18.686620758031495,392,392,0.8652040093515632,0.8652040093473816
DRegular,14,3,,5,3,13.300763302017003,13.238194559002295,304,304,0.716796960478872,0.7167969604788794
DRegular,14,3,,5,4,17.874056448985357,17.55918316403404,402,398,0.7760781818182875,0.776078181825887
DRegular,14,3,,5,5,11.740230712981429,11.599610301957,266,266,0.7289758965128491,0.7289758965128511
DRegular,14,3,,5,6,12.925831675995141,13.953784877958242,302,302,0.7031208917135386,0.703120891713546
DRegular,14,3,,5,7,17.64360122900689,18.204187822993845,384,392,0.7900037958194868,0.7900037991417626
DRegular,14,3,,5,8,15.721153547987342,15.883201775024645,326,324,0.6922245094658631,0.6922245076511508
DRegular,14,3,,5,9,11.412357751978561,21.181108087999746,270,474,0.579190245264957,0.710811022879057
DRegular,14,3,,5,10,14.175258504983503,14.228824332996737,302,302,0.7567910067670542,0.7567910067670591
DRegular,14,3,,5,11,18.569254853005987,18.396736504975706,400,398,0.7741454064504335,0.7741454066554354
DRegular,14,3,,5,12,37.6293586770189,15.177765847009141,306,306,0.7099537739327496,0.7099537739327505
DRegular,14,3,,5,13,15.9479008220369,15.847410259011667,316,316,0.7132467679429354,0.7132467679429392
DRegular,14,3,,5,14,14.543585051957052,14.498206123011187,290,290,0.665167161488978,0.6651671614892387
DRegular,14,3,,5,15,25.090701592038386,23.924056000018027,458,446,0.7443232921916803,0.7443232926220021
DRegular,14,3,,5,16,22.039443028974347,21.92924398096511,392,392,0.8652040093413478,0.8652040093492686
DRegular,14,3,,5,17,18.0679088489851,17.784234135004226,336,336,0.7093897673928281,0.7093897673928256
DRegular,14,3,,5,18,18.283596119028516,18.207565510005224,374,374,0.811825407546983,0.8118254075130662
DRegular,14,3,,5,19,15.75885925698094,15.69722237001406,302,302,0.7031208917135366,0.7031208917135393
DRegular,14,3,,6,0,22.74104078800883,22.61759192496538,466,466,0.7505613900500386,0.7505613901288405
DRegular,14,3,,6,1,28.324191499967128,28.877449808991514,548,552,0.8277556524856199,0.8277556524337571
DRegular,14,3,,6,2,29.8607731119846,30.16800228896318,562,566,0.8803125073114579,0.880312508562033
DRegular,14,3,,6,3,30.042016196006443,30.03922670299653,554,552,0.8084128128738061,0.8084128194202033
DRegular,14,3,,6,4,26.80420176300686,26.34056527802022,534,526,0.7836896222466644,0.7836896226167247
DRegular,14,3,,6,5,26.674608316039667,25.53145005600527,480,488,0.7642485224259349,0.7642485254686996
DRegular,14,3,,6,6,30.87104654801078,33.31343564100098,576,580,0.7841411083974791,0.7841411144106784
DRegular,14,3,,6,7,38.34264818899101,42.167676821001805,678,730,0.8053867947794914,0.7982760848702326
DRegular,14,3,,6,8,39.974419119011145,41.66879548295401,658,670,0.7725382937486037,0.7725382940277553
DRegular,14,3,,6,9,23.710927217034623,30.36551398294978,452,574,0.7414955233337421,0.7231397366100792
DRegular,14,3,,6,10,37.72116472700145,37.15089727699524,610,602,0.7800167159118817,0.7800167188755417
DRegular,14,3,,6,11,27.002464986988343,25.62176291801734,518,500,0.7931663260682339,0.7931663246479849
DRegular,14,3,,6,12,37.46296201698715,35.51115368399769,580,568,0.8095047910215039,0.8095047902619061
DRegular,14,3,,6,13,29.92058251297567,29.964145448000636,490,488,0.7213872055898048,0.721387206057709
DRegular,14,3,,6,14,27.92305107897846,27.983146907004993,458,460,0.7259624823976187,0.7259624832881117
DRegular,14,3,,6,15,44.86697287997231,46.680985155981034,700,722,0.7339860227583102,0.7374554988848496
DRegular,14,3,,6,16,36.47992043796694,36.99267995497212,568,574,0.8803125072807454,0.8803125057104918
DRegular,14,3,,6,17,37.73822638095589,34.819300545961596,570,566,0.7960331510602007,0.7960331512000643
DRegular,14,3,,6,18,35.12579166801879,35.31348471902311,594,596,0.8305259702717342,0.8305259700277254
DRegular,14,3,,6,19,39.09503775002668,39.81443660601508,592,598,0.7841411143458222,0.7841411146301932
DRegular,14,3,,7,0,33.160159630002454,34.05006636300823,624,632,0.7655965882352751,0.7655966027158335
DRegular,14,3,,7,1,48.97747450496536,55.060118661029264,818,900,0.8193419911487325,0.7868362793053808
DRegular,14,3,,7,2,44.486476639984176,45.75512131600408,748,766,0.8976198617635689,0.897619869954265
DRegular,14,3,,7,3,39.435383563046344,39.61296342604328,672,674,0.8764125041030729,0.8764125039242562
DRegular,14,3,,7,4,39.736410727957264,38.14674409601139,696,676,0.8053140538050961,0.8053140503487151
DRegular,14,3,,7,5,45.534537333995104,41.883340704021975,714,702,0.6339071181541187,0.633907134671505
DRegular,14,3,,7,6,46.12161367799854,51.14532994496403,768,798,0.783428707387866,0.7834287079207938
DRegular,14,3,,7,7,55.262469912995584,58.07708668598207,882,916,0.8146303698215326,0.8474999127801964
DRegular,14,3,,7,8,54.557309284980875,57.09790438803611,826,848,0.7755100032875171,0.7755100037069765
DRegular,14,3,,7,9,33.32232679898152,51.67768889997387,570,816,0.6458799309591345,0.7224335284995588
DRegular,14,3,,7,10,58.481287735980004,57.40538358699996,844,826,0.782624839146186,0.7826248386040874
DRegular,14,3,,7,11,43.11479822196998,42.514201704005245,714,696,0.8150163546411403,0.8150163546545034
DRegular,14,3,,7,12,50.876759150996804,49.362693534989376,730,714,0.8380716434328094,0.8380716455566853
DRegular,14,3,,7,13,46.3266108520329,43.92901245498797,666,646,0.8329904710883428,0.825345435711681
DRegular,14,3,,7,14,39.16345380502753,40.19653256301535,580,588,0.7599401274119367,0.7599401337237367
DRegular,14,3,,7,15,93.50532296701567,76.9835492289858,1220,1054,0.7490402024730624,0.7403499975992136
DRegular,14,3,,7,16,54.904199052019976,56.22902484500082,760,780,0.8976198666153172,0.8976198529577417
DRegular,14,3,,7,17,51.15141847997438,46.703270814963616,710,700,0.8377878436521852,0.8377878420329957
DRegular,14,3,,7,18,58.92031340498943,58.834301684983075,858,856,0.8278064153037689,0.8278064166555584
DRegular,14,3,,7,19,60.849141041049734,60.18184915400343,812,808,0.783428713306653,0.7834287156005616
DRegular,14,3,,8,0,66.94034832995385,63.971970956015866,1052,1004,0.7893971673528744,0.7724715972251999
DRegular,14,3,,8,1,67.7375427709776,85.54229254100937,1034,1248,0.8408321864411369,0.8530685094541383
DRegular,14,3,,8,2,68.62589832796948,69.8173629809753,1024,1042,0.9036097703149893,0.9036097698753733
DRegular,14,3,,8,3,77.79645946098026,67.51919316098792,1102,986,0.8278071116347138,0.8319353240968467
DRegular,14,3,,8,4,63.47131629101932,57.856547767005395,958,892,0.8320001384579775,0.8320001352510463
DRegular,14,3,,8,5,64.56181182299042,58.20416630798718,920,898,0.7961934992060485,0.7961934960764278
DRegular,14,3,,8,6,90.88952171005076,100.32573065301403,1294,1328,0.8036199783675081,0.8036199764274299
DRegular,14,3,,8,7,85.80948502599495,82.4831395780202,1206,1172,0.8131137989381477,0.8361071734525337
DRegular,14,3,,8,8,72.19085185299627,75.5701225810335,1010,1040,0.7878838247310317,0.7878838286379866
DRegular,14,3,,8,9,64.36510952201206,95.82892860600259,908,1254,0.7533680523750687,0.762853466034087
DRegular,14,3,,8,10,87.27263735997258,98.92346039303811,1132,1232,0.8201327624834187,0.7858858611737936
DRegular,14,3,,8,11,64.567114185018,64.85836013499647,938,936,0.8208155784032729,0.8208156029325124
DRegular,14,3,,8,12,73.96028787002433,71.1951371729956,960,934,0.8451473246550086,0.845147324810639
DRegular,14,3,,8,13,72.83587526297197,82.42656948999502,924,1010,0.7860647107120388,0.8340662153319206
DRegular,14,3,,8,14,64.08540466998238,62.454771028016694,816,800,0.727954912886526,0.7279549103844384
DRegular,14,3,,8,15,158.29644140199525,98.40773252100917,1824,1242,0.7702733379405148,0.7645084654897113
DRegular,14,3,,8,16,84.07519241399132,81.22571687598247,1034,1014,0.9036097774375873,0.9036097570574025
DRegular,14,3,,8,17,73.77546556299785,67.26122091896832,916,898,0.7792376448964037,0.7792376444897311
DRegular,14,3,,8,18,96.72775968699716,91.54126268002437,1212,1170,0.8665753335759173,0.8698909234710316
DRegular,14,3,,8,19,122.82108673796756,117.28945626300992,1364,1316,0.794693195650333,0.8036199612861336
DRegular,14,3,,9,0,117.17392319801729,94.25206021399936,1616,1354,0.826688305067516,0.7931923054721212
DRegular,14,3,,9,1,102.02030780498171,119.4090915999841,1378,1594,0.8595084925443367,0.8695223790569595
DRegular,14,3,,9,2,100.70458558900282,104.0993074629805,1352,1386,0.8862783021771342,0.8862783183151197
DRegular,14,3,,9,3,153.70158053498017,129.81771564501105,1856,1600,0.88444089368449,0.8709440184513159
DRegular,14,3,,9,4,122.44562364299782,118.97817610501079,1538,1494,0.8196168946738526,0.8197962962523593
DRegular,14,3,,9,5,88.08454095502384,80.83950850501424,1146,1128,0.8083807460217015,0.8083807463531913
DRegular,14,3,,9,6,127.39997080195462,144.44508317898726,1672,1748,0.826356491385181,0.7940656782962763
DRegular,14,3,,9,7,122.3162227969733,107.79739249299746,1548,1398,0.8376844954860778,0.845841649074778
DRegular,14,3,,9,8,112.1747351270169,111.14638959098374,1366,1362,0.8004252045525465,0.8004251400323169
DRegular,14,3,,9,9,105.42022467899369,158.7107337010093,1302,1812,0.712892699203952,0.7777324125329151
DRegular,14,3,,9,10,130.13762140797917,153.13086642103735,1502,1704,0.8125671250521024,0.8272446192612883
DRegular,14,3,,9,11,116.24185078399023,111.13183569000103,1424,1368,0.8230965355750947,0.8230965374252524
DRegular,14,3,,9,12,105.49422459601192,102.63377129501896,1210,1192,0.880298358077058,0.8802983312767947
DRegular,14,3,,9,13,98.37271318497369,105.68607773800613,1134,1214,0.8049823840119288,0.8378761102102334
DRegular,14,3,,9,14,98.00858472002437,94.45417992002331,1094,1064,0.7408215449975263,0.7408215415222936
DRegular,14,3,,9,15,208.6472259060247,124.21295828797156,2246,1466,0.7793390842413802,0.8086177371001998
DRegular,14,3,,9,16,125.58558619499672,118.55109061300755,1374,1318,0.8862783127510097,0.8862782491613468
DRegular,14,3,,9,17,149.50849572900916,107.18939805403352,1530,1256,0.8785840172530034,0.8296011447114475
DRegular,14,3,,9,18,129.38311266701203,112.50472162099322,1508,1356,0.8594715189156759,0.8776786882763773
DRegular,14,3,,9,19,148.91448687098455,158.69968064199202,1558,1658,0.8056268670169512,0.8263564932030937
DRegular,14,3,,10,0,146.41267247695941,163.07621923199622,1898,1916,0.8053029534262678,0.7987943852881947
DRegular,14,3,,10,1,208.8208650809829,197.50597655703314,2362,2306,0.9030568546750221,0.8691873078474625
DRegular,14,3,,10,2,165.0404322819668,159.95602956204675,1940,1900,0.9409907315050117,0.9409907288762109
DRegular,14,3,,10,3,212.30339049897157,161.03338224702748,2378,1880,0.8474711342702991,0.8993956073801707
DRegular,14,3,,10,4,166.48685812496115,174.80562743899645,1924,1978,0.8309764891132135,0.8251705453306261
DRegular,14,3,,10,5,125.05133066204144,117.57644750800682,1464,1468,0.8172918519917077,0.8172918592629691
DRegular,14,3,,10,6,195.48901263199514,209.6571999840089,2296,2298,0.8294256281618034,0.8133747788919358
DRegular,14,3,,10,7,184.494690589956,153.8781960119959,2058,1772,0.872200712334752,0.8618186204164263
DRegular,14,3,,10,8,160.952390785038,162.59271290595643,1762,1768,0.7994507828644566,0.782711847734591
DRegular,14,3,,10,9,221.86187798297033,210.15900183399208,2314,2212,0.8073992297569891,0.7836102177711761
DRegular,14,3,,10,10,179.1921610230347,225.31822836602805,1874,2260,0.8126454284670827,0.7617328080492859
DRegular,14,3,,10,11,176.65900918398984,183.61122326902114,1930,1976,0.8468969188496792,0.8292467873414476
DRegular,14,3,,10,12,173.60337993100984,154.3162554280134,1722,1586,0.8844989116870371,0.8831886037570844
DRegular,14,3,,10,13,143.986460198008,214.37833316699835,1472,1986,0.8624851743219963,0.9037852261256846
DRegular,14,3,,10,14,197.44799303804757,209.13129349204246,1826,1890,0.8167954125541245,0.7999025571608551
DRegular,14,3,,10,15,272.8100908739725,269.9837304370012,2680,2506,0.7871697331061883,0.7823401279383108
DRegular,14,3,,10,16,204.93434251699364,198.1918682079995,1934,1890,0.9409907285129995,0.9273988817083205
DRegular,14,3,,10,17,205.04913503403077,147.7226573409862,1928,1552,0.8749758449109137,0.9037074823906671
DRegular,14,3,,10,18,173.0155823380337,197.1648222390213,1834,1988,0.8692234709665251,0.8790510136652544
DRegular,14,3,,10,19,206.50242063298356,232.56008763302816,1968,2170,0.820979486358662,0.8294256293883885
DRegular,15,2,,1,0,0.4991232259199023,0.38879815954715014,20,20,0.6610722373141618,0.6523508245939015
DRegular,15,2,,1,1,0.48993238899856806,0.46895397594198585,22,20,0.6318878219281034,0.6645135571747784
DRegular,15,2,,1,2,0.4172213999554515,0.4173315935768187,22,22,0.7372024589161207,0.7372024589161207
DRegular,15,2,,1,3,0.4808555799536407,0.47882205294445157,20,20,0.6610722373141618,0.6610722373141612
DRegular,15,2,,1,4,0.4192228503525257,0.3902948312461376,22,20,0.6318878219281038,0.6645135571747784
DRegular,15,2,,1,5,0.4182324521243572,0.48213484697043896,22,20,0.6318878219281034,0.6645135571747784
DRegular,15,2,,1,6,0.47790164360776544,0.4853172888979316,20,20,0.6610722373141618,0.6588000409923566
DRegular,15,2,,1,7,0.39298633206635714,0.39172229217365384,20,20,0.6610722373141618,0.6610722373141611
DRegular,15,2,,1,8,0.4928674018010497,0.39118081191554666,20,20,0.6610722373141618,0.6588000409923566
DRegular,15,2,,1,9,0.5207962729036808,0.38878026977181435,22,20,0.6318878219281034,0.664513557174779
DRegular,15,2,,1,10,0.39357297495007515,0.5004459097981453,20,20,0.6610722373141618,0.6610722373141612
DRegular,15,2,,1,11,0.5056755640543997,0.3934506536461413,20,20,0.6610722373141618,0.6610722373141612
DRegular,15,2,,1,12,0.5361307230778039,0.4179308991879225,22,22,0.7372024589161209,0.7372024589161206
DRegular,15,2,,1,13,0.3949468629434705,0.39424701826646924,20,20,0.6610722373141618,0.6610722373141612
DRegular,15,2,,1,14,0.39709329092875123,0.3955837986432016,20,20,0.6610722373141618,0.6588000409923567
DRegular,15,2,,1,15,0.39339281478896737,0.5257034879177809,20,20,0.6610722373141618,0.6610722373141612
DRegular,15,2,,1,16,0.39346792129799724,0.39367776783183217,20,20,0.6610722373141618,0.6610722373141611
DRegular,15,2,,1,17,0.5280278758145869,0.3928804872557521,20,20,0.6610722373141618,0.6588000409923566
DRegular,15,2,,1,18,0.39619445288553834,0.3912367131561041,20,20,0.6610722373141618,0.6610722373141612
DRegular,15,2,,1,19,0.41681802086532116,0.3933877060189843,22,20,0.6318878219281034,0.6645135571747784
DRegular,15,2,,2,0,1.5401214282028377,1.245278222952038,70,56,0.7523334549298765,0.6126484022612824
DRegular,15,2,,2,1,1.7376921540126204,1.2345227398909628,78,60,0.7028633298004937,0.7467684138424433
DRegular,15,2,,2,2,1.5530181019566953,1.552382530644536,70,70,0.8164325808332227,0.8164325808332228
DRegular,15,2,,2,3,1.5768784247338772,1.5145164569839835,70,70,0.7523334549298765,0.7523334549298765
DRegular,15,2,,2,4,1.8573802458122373,1.3580847000703216,80,58,0.7232377475760445,0.7465326598368741
DRegular,15,2,,2,5,1.81055107107386,1.294072943739593,80,58,0.7232377475760445,0.7465326598368726
DRegular,15,2,,2,6,1.5792915718629956,1.0720765981823206,68,50,0.74727243003806,0.5990275967683493
DRegular,15,2,,2,7,1.6385827958583832,1.6355450642295182,70,70,0.7523334549298774,0.7523334549298765
DRegular,15,2,,2,8,1.4289904912002385,1.0709819258190691,68,50,0.7472724300380601,0.5990275967683489
DRegular,15,2,,2,9,1.8401425718329847,1.4058144791051745,80,58,0.7232377475760445,0.7465326598368731
DRegular,15,2,,2,10,1.6642090254463255,1.592919044662267,70,70,0.7523334549298774,0.7523334549298765
DRegular,15,2,,2,11,1.5933041740208864,1.58754015667364,70,70,0.7523334549298774,0.7523334549298765
DRegular,15,2,,2,12,1.5843842648901045,1.5783210201188922,70,70,0.8164325808332227,0.8164325808332228
DRegular,15,2,,2,13,1.6156885870732367,1.7382107428275049,70,70,0.7523334549298774,0.7523334549298765
DRegular,15,2,,2,14,1.577599155716598,1.2167711392976344,68,50,0.7472724300380602,0.5990275967683486
DRegular,15,2,,2,15,1.6321211270987988,1.4977666302584112,70,70,0.7523334549298774,0.7523334549298765
DRegular,15,2,,2,16,1.6369333262555301,1.6386848068796098,70,70,0.7523334549298774,0.7523334549298765
DRegular,15,2,,2,17,1.60697946511209,1.2379581755958498,68,50,0.7472724300380601,0.5990275967683486
DRegular,15,2,,2,18,1.651954839937389,1.6439364408142865,70,70,0.7523334549298765,0.7523334549298765
DRegular,15,2,,2,19,1.7989299669861794,1.3147249380126595,78,60,0.7028633298004939,0.746768413842444
DRegular,15,2,,3,0,3.050235983915627,2.2762386868707836,116,90,0.8328801009993053,0.7009881491080685
DRegular,15,2,,3,1,3.5217551910318434,4.494689509738237,136,160,0.7882734337712686,0.8674808983925181
DRegular,15,2,,3,2,3.5806099730543792,3.610623064916581,132,132,0.889065947927341,0.889065947927346
DRegular,15,2,,3,3,3.1566492319107056,3.113861298188567,118,118,0.8360694422898166,0.8360694422898164
DRegular,15,2,,3,4,3.354694622103125,2.594205175060779,128,98,0.8363881703089329,0.8054445165280512
DRegular,15,2,,3,5,3.470672446768731,2.6102263419888914,128,98,0.8363881703089321,0.8054445165280529
DRegular,15,2,,3,6,3.352597371209413,2.6688308636657894,120,96,0.8094551469335824,0.7662604127308248
DRegular,15,2,,3,7,3.2900801901705563,3.1831841859966516,118,118,0.8360694422898154,0.8360694422898156
DRegular,15,2,,3,8,3.3871920267120004,2.6719855912961066,120,96,0.809455146933581,0.7662604127308266
DRegular,15,2,,3,9,3.4728635381907225,2.6989982896484435,128,98,0.8363881703089314,0.8054445165280528
DRegular,15,2,,3,10,3.3026753808371723,3.296722417231649,118,118,0.8360694422898154,0.8360694422898144
DRegular,15,2,,3,11,3.232054960913956,3.3291103718802333,118,118,0.836069442289815,0.8360694422898164
DRegular,15,2,,3,12,3.735096544958651,3.7297187000513077,132,132,0.8890659479273447,0.8890659479273451
DRegular,15,2,,3,13,3.411259072832763,3.383454758208245,118,118,0.8360694422898154,0.8360694422898144
DRegular,15,2,,3,14,3.474259277805686,2.719662230927497,120,96,0.8094551469335813,0.7662604127308291
DRegular,15,2,,3,15,3.325685224030167,3.3085361211560667,118,118,0.8360694422898154,0.8360694422898156
DRegular,15,2,,3,16,3.438996016047895,3.361390945967287,118,118,0.8360694422898145,0.836069442289814
DRegular,15,2,,3,17,3.4475744306109846,2.765344784129411,120,96,0.8094551469335818,0.7662604127308246
DRegular,15,2,,3,18,3.3658956945873797,3.3705000919289887,118,118,0.8360694422898144,0.8360694422898148
DRegular,15,2,,3,19,3.9567181109450758,4.890471797902137,136,160,0.7882734337712686,0.8674808983925201
DRegular,15,2,,4,0,5.149025528226048,5.7433926202356815,168,170,0.8610022929113345,0.7431137439309315
DRegular,15,2,,4,1,8.936033071950078,11.830005918163806,270,334,0.8366767343002787,0.976477825893855
DRegular,15,2,,4,2,7.614538803230971,7.824048429727554,230,230,0.9493522244467467,0.9493522244467494
DRegular,15,2,,4,3,5.994022248312831,5.848783318884671,184,184,0.8631578312995859,0.8631578312995867
DRegular,15,2,,4,4,6.016256355214864,7.158160875085741,186,202,0.8468837106887088,0.9309191837296754
DRegular,15,2,,4,5,5.819177703000605,6.893575672991574,186,202,0.8468837106887052,0.9309191837296767
DRegular,15,2,,4,6,7.341053694952279,6.304652152117342,214,178,0.8525599154135225,0.9160982892906988
DRegular,15,2,,4,7,6.269138654693961,6.3330163192003965,184,184,0.8631578312995875,0.8631578312995887
DRegular,15,2,,4,8,7.481816374696791,6.413919987156987,214,178,0.8525599154135287,0.9160982892906955
DRegular,15,2,,4,9,6.234079340938479,7.156100044026971,186,202,0.8468837106887067,0.9309191837296807
DRegular,15,2,,4,10,6.261619691736996,6.220261242706329,184,184,0.8631578312995869,0.8631578312995863
DRegular,15,2,,4,11,6.61704705003649,6.301186684984714,184,184,0.8631578312995921,0.8631578312995877
DRegular,15,2,,4,12,8.362107862252742,8.62930808775127,230,230,0.9493522244467499,0.949352224446747
DRegular,15,2,,4,13,6.226954189129174,6.170455789193511,184,184,0.8631578312995882,0.8631578312995876
DRegular,15,2,,4,14,7.522129851859063,6.3303301921114326,214,178,0.8525599154135252,0.9160982892906976
DRegular,15,2,,4,15,6.509265116415918,6.163717560004443,184,184,0.863157831299587,0.8631578312995881
DRegular,15,2,,4,16,6.0472674374468625,6.50314707076177,184,184,0.863157831299587,0.8631578312995863
DRegular,15,2,,4,17,8.259676251094788,6.859229033347219,214,178,0.8525599154135256,0.9160982892906954
DRegular,15,2,,4,18,6.501604520715773,6.262765435967594,184,184,0.8631578312995878,0.8631578312995903
DRegular,15,2,,4,19,9.623398269061,13.558014783076942,270,334,0.8366767343002773,0.9764778258938401
DRegular,15,2,,5,0,9.416421595029533,11.466300786007196,250,286,0.9139666000387373,0.8568780872992775
DRegular,15,2,,5,1,16.14806537888944,16.27911716606468,404,424,0.843929318391571,0.9884029282765854
DRegular,15,2,,5,2,14.353145085275173,14.207746551837772,356,356,0.9863370795878289,0.9863370795878281
DRegular,15,2,,5,3,9.275054929312319,9.003807318862528,244,244,0.9251979495480519,0.9251979495480482
DRegular,15,2,,5,4,8.900311670731753,13.589406447019428,242,322,0.9156954029551365,0.9479998643324301
DRegular,15,2,,5,5,8.989252390805632,13.751267502084374,242,322,0.9156954029551355,0.947999864332381
DRegular,15,2,,5,6,16.031760732643306,11.844024400226772,372,278,0.8698127779593116,0.9227309196450373
DRegular,15,2,,5,7,9.667230769991875,9.586622664239258,244,244,0.9251979495480496,0.9251979495480589
DRegular,15,2,,5,8,16.075265552382916,12.084852445870638,372,278,0.8698127779593118,0.9227309196450394
DRegular,15,2,,5,9,9.387051416561007,14.3807807052508,242,322,0.9156954029551395,0.9479998643324467
DRegular,15,2,,5,10,9.655788755975664,9.550081871915609,244,244,0.9251979495480542,0.9251979495480528
DRegular,15,2,,5,11,9.862720740959048,10.014334703795612,244,244,0.9251979495480471,0.9251979495480525
DRegular,15,2,,5,12,15.603184501174837,15.803180435206741,356,356,0.9863370795878409,0.9863370795878343
DRegular,15,2,,5,13,9.743231636006385,10.205712603405118,244,244,0.9251979495480501,0.9251979495480468
DRegular,15,2,,5,14,17.166608196683228,12.504673252813518,372,278,0.8698127779593169,0.9227309196450385
DRegular,15,2,,5,15,10.43126598186791,9.641254894901067,244,244,0.9251979495480531,0.925197949548049
DRegular,15,2,,5,16,9.751718269661069,10.24530991492793,244,244,0.9251979495480456,0.9251979495480522
DRegular,15,2,,5,17,17.82691293815151,12.8189342264086,372,278,0.8698127779593102,0.9227309196450401
DRegular,15,2,,5,18,10.01664191717282,9.881312711164355,244,244,0.9251979495480469,0.9251979495480499
DRegular,15,2,,5,19,18.890074151102453,18.828710700850934,404,424,0.8439293183893835,0.9884029282765907
DRegular,15,2,,6,0,17.52695847582072,28.48678936995566,386,572,0.8951806065222992,0.9058813437977481
DRegular,15,2,,6,1,21.746585118584335,23.321708241011947,498,536,0.8669878128074063,0.9903033712076648
DRegular,15,2,,6,2,30.233206693083048,30.28693330194801,614,614,0.9869182851847942,0.9869182860063371
DRegular,15,2,,6,3,15.25104451412335,15.023007938172668,338,338,0.9412987860349799,0.9412987860349817
DRegular,15,2,,6,4,13.89539520861581,24.24379345169291,318,490,0.9146946338782193,0.945787050517434
DRegular,15,2,,6,5,14.029920311179012,24.5336331599392,318,488,0.9146946338782194,0.9457870504054859
DRegular,15,2,,6,6,23.042395778931677,20.699367162771523,476,414,0.8983449794050565,0.9585693657259361
DRegular,15,2,,6,7,15.471037553157657,15.815474131144583,338,338,0.9412987860349803,0.9412987860349792
DRegular,15,2,,6,8,23.23917972575873,20.8948004222475,476,414,0.8983449794050712,0.9585693657200528
DRegular,15,2,,6,9,14.407926834188402,25.70117413904518,318,490,0.9146946338782215,0.945787050434937
DRegular,15,2,,6,10,16.312941493932158,16.3440547962673,338,338,0.9412987860349785,0.9412987860349825
DRegular,15,2,,6,11,16.5203002798371,16.52462564362213,338,338,0.94129878603498,0.9412987860349801
DRegular,15,2,,6,12,33.90973279811442,33.2278855307959,620,614,0.9869182867673771,0.9869182848635334
DRegular,15,2,,6,13,16.19195060385391,16.267385341692716,338,338,0.9412987860349785,0.9412987860349782
DRegular,15,2,,6,14,24.6631539571099,22.32544316072017,476,414,0.8983449794050741,0.9585693657279256
DRegular,15,2,,6,15,16.509512037970126,16.494167352095246,338,338,0.9412987860349722,0.9412987860349771
DRegular,15,2,,6,16,16.70303434925154,16.83112392667681,338,338,0.9412987860349762,0.9412987860349816
DRegular,15,2,,6,17,24.38757058326155,22.205837364774197,476,414,0.8983449794050701,0.9585693657229383
DRegular,15,2,,6,18,17.169997289776802,16.62405027123168,338,338,0.9412987860349792,0.9412987860349793
DRegular,15,2,,6,19,37.8646120512858,27.96151254279539,498,536,0.8669878127903149,0.9903033712122234
DRegular,15,2,,7,0,39.56709977798164,44.017726462334394,610,792,0.9541627570121706,0.9508700392706756
DRegular,15,2,,7,1,43.24502204731107,37.304921807255596,792,732,0.8888402027684191,0.996013058579205
DRegular,15,2,,7,2,52.63318445114419,50.67056383891031,926,892,0.9897537930271879,0.9897537951029749
DRegular,15,2,,7,3,26.053106462117285,26.397774684242904,488,488,0.966943441547517,0.9669434415487894
DRegular,15,2,,7,4,23.463871982879937,42.1318406839855,450,728,0.9615169326216579,0.9773469068602105
DRegular,15,2,,7,5,24.090017008129507,38.88831209298223,450,674,0.9615169326216347,0.9773468993054425
DRegular,15,2,,7,6,33.45595334004611,40.047887342981994,614,662,0.9282279753803916,0.9596565932126199
DRegular,15,2,,7,7,27.489244082011282,27.520945244003087,488,488,0.9669434415493653,0.9669434415458584
DRegular,15,2,,7,8,34.19398103887215,39.372834580019116,614,650,0.9282279753445595,0.9596565906642869
DRegular,15,2,,7,9,25.155747849028558,43.31757653784007,450,718,0.9615169326216558,0.9773469120077743
DRegular,15,2,,7,10,28.261269294656813,28.562891656998545,488,488,0.9669434415425228,0.9669434415442784
DRegular,15,2,,7,11,28.96108829509467,28.33177778776735,488,488,0.9669434415457258,0.9669434415494267
DRegular,15,2,,7,12,57.51803692197427,61.25190455559641,914,954,0.9897537928208539,0.9897537865072618
DRegular,15,2,,7,13,28.496742794290185,28.963640639092773,488,488,0.9669434415467828,0.9669434415499814
DRegular,15,2,,7,14,36.059009249322116,42.420452405232936,614,658,0.9282279753377001,0.9596565913228849
DRegular,15,2,,7,15,29.105611871927977,28.692271910142154,488,488,0.9669434415402938,0.9669434415437311
DRegular,15,2,,7,16,29.65339984977618,29.605247379746288,488,488,0.9669434415511517,0.9669434415498142
DRegular,15,2,,7,17,36.5584009019658,42.689147307071835,614,656,0.9282279753515625,0.9596565923019814
DRegular,15,2,,7,18,29.275028839241713,29.830100123304874,488,488,0.9669434415432576,0.9669434415467715
DRegular,15,2,,7,19,51.7962028440088,42.70711735077202,804,708,0.8888401935364272,0.9960130587795746
DRegular,15,2,,8,0,46.5391776189208,68.79650019295514,768,1098,0.9682497820515532,0.9588126537364751
DRegular,15,2,,8,1,75.9637473593466,59.63538341736421,1196,990,0.9175213547638345,0.9971159468729842
DRegular,15,2,,8,2,82.14118148898706,87.32667146669701,1288,1342,0.9969957843292304,0.9969957491460538
DRegular,15,2,,8,3,42.5332194250077,42.18879046291113,682,678,0.9654957657465228,0.9654957662844545
DRegular,15,2,,8,4,41.38573143770918,59.53163451887667,656,928,0.9534360965502181,0.9939000551391269
DRegular,15,2,,8,5,42.12516804924235,56.72296698624268,658,882,0.953436095474739,0.9925701339781282
DRegular,15,2,,8,6,47.54240379622206,50.878309794701636,772,790,0.9409717768250963,0.9598450838845304
DRegular,15,2,,8,7,44.93779751518741,44.011779183056206,686,678,0.9654957657740796,0.9654957657368276
DRegular,15,2,,8,8,49.939995342399925,52.26824792101979,786,788,0.9409717764858713,0.9598450889738402
DRegular,15,2,,8,9,43.685092442668974,62.13688990287483,656,922,0.9534360955564949,0.9925701347384563
DRegular,15,2,,8,10,46.204670371022075,45.8759750709869,684,678,0.9654957651214569,0.965495766003888
DRegular,15,2,,8,11,45.95592899667099,46.09376329369843,678,674,0.9654957661114855,0.965495765219233
DRegular,15,2,,8,12,97.1629234701395,111.93887852691114,1332,1502,0.996995766214417,0.9969957805199997
DRegular,15,2,,8,13,45.81036451039836,46.866114429198205,668,674,0.9654957644122597,0.9654957654249235
DRegular,15,2,,8,14,50.83142799092457,55.78902981476858,770,790,0.9409717707828017,0.959845087722914
DRegular,15,2,,8,15,46.87029961589724,47.090840585995466,670,672,0.965495765792513,0.9654957629351467
DRegular,15,2,,8,16,47.767645723652095,47.9361952021718,676,680,0.9654957664211324,0.9654957643115932
DRegular,15,2,,8,17,52.449821952264756,55.81973155401647,782,792,0.9409717728479288,0.9598450881762107
DRegular,15,2,,8,18,48.10847552679479,46.2004437581636,680,658,0.9654957652836492,0.9654957660902284
DRegular,15,2,,8,19,95.59465941786766,68.16100319707766,1248,976,0.9117545771331319,0.9971159096069498
DRegular,15,2,,9,0,73.02629978302866,92.15280248690397,1064,1362,0.9876035588426063,0.9414347039077465
DRegular,15,2,,9,1,107.4961326289922,124.59730590414256,1552,1716,0.9286836779003204,0.9980688955356742
DRegular,15,2,,9,2,141.95050574373454,157.81625870475546,1934,2098,0.9968541124214892,0.9968541596620529
DRegular,15,2,,9,3,73.57857704395428,71.72751557594165,1012,984,0.9763589774508488,0.9763589726224884
DRegular,15,2,,9,4,54.935152248013765,170.57170728826895,796,2076,0.9813420810101209,0.9998945388582349
DRegular,15,2,,9,5,56.38017384707928,95.33504204684868,808,1276,0.9813420791202984,0.9988703264456273
DRegular,15,2,,9,6,110.57642602780834,74.60099642910063,1416,1028,0.9638077094411407,0.9705909191162462
DRegular,15,2,,9,7,75.54532053880394,73.33260739501566,996,972,0.9763589426183131,0.9763589691716975
DRegular,15,2,,9,8,107.82638897700235,88.38148131081834,1366,1146,0.9621889756865298,0.974708180316374
DRegular,15,2,,9,9,58.26881205011159,99.70822018897161,796,1288,0.9813420777212528,0.9988703137618072
DRegular,15,2,,9,10,80.10397010110319,76.57528921216726,1010,974,0.976358966470987,0.9763589591855537
DRegular,15,2,,9,11,80.6139761749655,79.7258982998319,1012,992,0.9763589465598997,0.9763589802323116
DRegular,15,2,,9,12,155.62722739065066,185.40144424699247,1888,2186,0.995751419005431,0.9957515735600491
DRegular,15,2,,9,13,77.68655898422003,77.75120109692216,964,964,0.9763589698701878,0.9763589814060704
DRegular,15,2,,9,14,117.57996365614235,95.79642294486985,1376,1170,0.9621889796404945,0.9747081779171355
DRegular,15,2,,9,15,77.26555807096884,79.28782403189689,958,972,0.9763589752035905,0.9763589719414003
DRegular,15,2,,9,16,79.04932373994961,80.23880400322378,960,976,0.976358978793432,0.9763589819431738
DRegular,15,2,,9,17,108.8262980086729,96.65997086884454,1284,1166,0.9621889751655085,0.9747081732967277
DRegular,15,2,,9,18,85.42334987223148,77.89846822293475,1012,952,0.976358961726701,0.9763589783868765
DRegular,15,2,,9,19,114.76145574171096,151.0382719039917,1398,1730,0.9272905121821096,0.9980689048396946
DRegular,15,2,,10,0,101.13171049021184,126.25520433904603,1352,1698,0.988852729169145,0.9844043073331114
DRegular,15,2,,10,1,139.94441626081243,192.8052110010758,1870,2390,0.9879963993894043,0.9990966478035758
DRegular,15,2,,10,2,252.32041692407802,286.0667110327631,3000,3326,0.9986417965411084,0.9990104943291102
DRegular,15,2,,10,3,158.8167367167771,161.33268019603565,1818,1842,0.9846398433748466,0.9846398215688243
DRegular,15,2,,10,4,73.994556220714,249.38346473127604,978,2828,0.9816739277450423,0.9978181425170412
DRegular,15,2,,10,5,77.30482654692605,196.81099925981835,1002,2212,0.9816739215220368,0.9991073492239434
DRegular,15,2,,10,6,168.844683483243,109.15904043521732,1948,1334,0.9347621762051092,0.9950865945167707
DRegular,15,2,,10,7,150.43660348514095,160.43372220313177,1672,1760,0.9846396771507574,0.9846398478560712
DRegular,15,2,,10,8,143.09811894595623,104.77424329612404,1682,1284,0.9784007051335976,0.9733835538749556
DRegular,15,2,,10,9,80.01367308292538,203.13510574074462,994,2208,0.9816739295315376,0.9991076093967897
DRegular,15,2,,10,10,170.39700277196243,169.4077201988548,1792,1782,0.9846398345074603,0.9846398507545285
DRegular,15,2,,10,11,162.79716631118208,171.20179544296116,1700,1784,0.9846398340885363,0.9846398299259586
DRegular,15,2,,10,12,226.66023889090866,252.5071422541514,2486,2742,0.9956620043260274,0.9956620290092842
DRegular,15,2,,10,13,175.0083701168187,172.5773092568852,1784,1766,0.9846397998503382,0.9846398608983925
DRegular,15,2,,10,14,151.0298937582411,111.7237983471714,1668,1306,0.9784007067525853,0.973383552148236
DRegular,15,2,,10,15,171.13482127990574,173.50906123686582,1730,1750,0.9909171096725492,0.9846398530240743
DRegular,15,2,,10,16,164.92575810290873,177.0345937279053,1666,1782,0.9846398532661116,0.9846398493763386
DRegular,15,2,,10,17,148.26121152332053,114.01382201584056,1620,1310,0.9784007062599064,0.9733835537873903
DRegular,15,2,,10,18,174.79836534895003,164.4918271373026,1748,1660,0.9846397863506292,0.9846398389627053
DRegular,15,2,,10,19,143.36930421181023,280.44518432673067,1638,2772,0.9622981479475651,0.9990965843134604
DRegular,16,3,,1,0,0.5228804750367999,0.4287720140418969,18,18,0.4808625686917593,0.4808625686917586
DRegular,16,3,,1,1,0.42916978197172284,0.49139964795904234,18,18,0.4808625686917592,0.4808625686917586
DRegular,16,3,,1,2,0.4286303070257418,0.43039217800833285,18,18,0.47249405886924806,0.47249405886924706
DRegular,16,3,,1,3,0.4288014699704945,0.5069079719833098,18,18,0.5512430686807895,0.5512430686807906
DRegular,16,3,,1,4,0.4285960450069979,0.5023047509603202,18,18,0.47249405886924795,0.47249405886924706
DRegular,16,3,,1,5,0.4308614769834094,0.48706007096916437,18,18,0.4808625686917591,0.4808625686917586
DRegular,16,3,,1,6,0.4647847790038213,0.4675875850371085,16,16,0.5335324205007397,0.5335324205007398
DRegular,16,3,,1,7,0.4319442019914277,0.4478148189955391,18,18,0.46465785643072255,0.46465785643072255
DRegular,16,3,,1,8,0.44730788201559335,0.44133041898021474,18,18,0.5421008325025096,0.5421008325025096
DRegular,16,3,,1,9,0.41072697105119005,0.4121961280470714,16,16,0.5335324205007398,0.5335324205007401
DRegular,16,3,,1,10,0.4394369329675101,0.5500839850283228,18,18,0.4724053592759609,0.4724053592759609
DRegular,16,3,,1,11,0.4393980620079674,0.5433268990018405,18,18,0.47249405886924806,0.4724940588692491
DRegular,16,3,,1,12,0.36716154200257733,0.4905574119766243,14,14,0.4898063370397429,0.4898063370397437
DRegular,16,3,,1,13,0.5511693119769916,0.4317776419920847,18,18,0.4808625686917592,0.4808625686917586
DRegular,16,3,,1,14,0.3694166609784588,0.49521239596651867,14,14,0.4898063370397428,0.4898063370397437
DRegular,16,3,,1,15,0.40124700404703617,0.40117362403543666,16,16,0.5254042030459494,0.5254042030459508
DRegular,16,3,,1,16,0.368233811983373,0.36571611399995163,14,14,0.4898063370397429,0.4898063370397437
DRegular,16,3,,1,17,0.4272484619868919,0.43104621599195525,18,18,0.4808625686917591,0.4808625686917586
DRegular,16,3,,1,18,0.39693748904392123,0.536425590980798,16,16,0.5335324205007397,0.53353242050074
DRegular,16,3,,1,19,0.3751718240091577,0.3773750250111334,14,14,0.4898063370397429,0.4898063370397437
DRegular,16,3,,2,0,1.3494005060056224,1.4132976179826073,50,50,0.5947914044820642,0.5947914044820637
DRegular,16,3,,2,1,1.343249702011235,1.2986968510085717,48,48,0.6008326718927313,0.6008326718927357
DRegular,16,3,,2,2,1.450628812017385,1.3946506640058942,50,50,0.5819530842789294,0.581953084278931
DRegular,16,3,,2,3,1.4183205170556903,1.4749503179918975,52,52,0.6737163782002864,0.6737163782002878
DRegular,16,3,,2,4,1.4585794389713556,1.3624144999776036,50,50,0.5876558200054036,0.5876558200054017
DRegular,16,3,,2,5,1.3333252960001118,1.3775770150241442,50,50,0.5999297947328356,0.5999297947328407
DRegular,16,3,,2,6,1.105908735014964,1.0542425499879755,40,40,0.6437044365062783,0.64370443650628
DRegular,16,3,,2,7,1.4911073780385777,1.4173565889941528,50,50,0.5646555037952122,0.5646555037952102
DRegular,16,3,,2,8,1.5221652860054746,1.6248945890110917,54,54,0.6667602747061263,0.666760274706126
DRegular,16,3,,2,9,1.152792347013019,1.2225798199651763,40,40,0.6446241213014389,0.6446241213014386
DRegular,16,3,,2,10,1.3433307409868576,1.3679483590531163,46,46,0.5959162964317125,0.595916296431712
DRegular,16,3,,2,11,1.5250860789674334,1.4337637459975667,50,50,0.5830557096671468,0.5830557096671465
DRegular,16,3,,2,12,1.2175209620036185,1.2218670719885267,44,44,0.6228294188039344,0.6228294188039311
DRegular,16,3,,2,13,1.3486138799926266,1.4594293840345927,50,50,0.5947469545938686,0.5947469545938676
DRegular,16,3,,2,14,1.354351500980556,1.2477420009672642,44,44,0.6161645118000534,0.6161645118000526
DRegular,16,3,,2,15,1.364993761992082,1.3704471089877188,44,44,0.6230319774189406,0.6230319774189431
DRegular,16,3,,2,16,1.381776117021218,1.2360257870168425,44,44,0.6055381701895816,0.605538170189581
DRegular,16,3,,2,17,1.419194225978572,1.4149985700496472,48,48,0.5963076379921649,0.5963076379921641
DRegular,16,3,,2,18,1.1224693679832853,1.454654727014713,40,40,0.6489623990099744,0.6489623990099725
DRegular,16,3,,2,19,1.3910227789892815,1.4411876419908367,44,44,0.6117727995795335,0.6117727995795337
DRegular,16,3,,3,0,4.017100091034081,3.957655808015261,114,114,0.6435299011995992,0.6435299011995961
DRegular,16,3,,3,1,3.743377364007756,3.7764709750190377,106,106,0.6469018902762694,0.646901890276267
DRegular,16,3,,3,2,3.7461711280047894,3.756889016018249,106,106,0.6329960262301981,0.6329960262301965
DRegular,16,3,,3,3,4.0597559660091065,4.036389211018104,112,112,0.7365762492537082,0.7365762492537088
DRegular,16,3,,3,4,3.890249669959303,3.931842893944122,110,110,0.6348169103329119,0.6348169103329073
DRegular,16,3,,3,5,3.9112908599781804,3.9567007680307142,112,112,0.6453843086930157,0.645384308693018
DRegular,16,3,,3,6,5.443346644053236,5.447930644964799,144,144,0.6992191596371707,0.699219159637171
DRegular,16,3,,3,7,3.5319186550332233,3.509431633981876,100,100,0.6210520623957185,0.6210520623957203
DRegular,16,3,,3,8,4.024644118966535,3.9643137550447136,112,112,0.7276196142736796,0.7276196142736775
DRegular,16,3,,3,9,4.8094711760059,5.031989504990634,124,124,0.6145133038196611,0.614513303819661
DRegular,16,3,,3,10,3.548118277976755,3.4661105240229517,94,94,0.634670670575633,0.6346706705756289
DRegular,16,3,,3,11,4.091350914037321,4.356930551992264,110,110,0.6331809625215093,0.6331809625215016
DRegular,16,3,,3,12,3.3486226740060374,3.2609470470342785,86,86,0.6626201707031277,0.6626201707031313
DRegular,16,3,,3,13,4.436740463017486,4.339113163005095,112,112,0.6436018775518696,0.6436018775518674
DRegular,16,3,,3,14,3.9534746089484543,3.948920088005252,100,100,0.6615349721417167,0.6615349721417187
DRegular,16,3,,3,15,4.746737642970402,4.7788734149653465,116,116,0.7326285511361651,0.7326285511361644
DRegular,16,3,,3,16,4.207226895028725,4.266565233992878,106,106,0.6542761197624649,0.654276119762467
DRegular,16,3,,3,17,4.096666964003816,4.153713393956423,108,108,0.6441013358339632,0.6441013358339619
DRegular,16,3,,3,18,3.427934360981453,3.4800522750010714,88,88,0.7147511476491268,0.7147511476491291
DRegular,16,3,,3,19,4.357856810966041,4.527395026991144,106,106,0.6562825744187215,0.6562825744187278
DRegular,16,3,,4,0,8.225869020971004,8.304172077972908,194,194,0.5698756240775084,0.5698756240775099
DRegular,16,3,,4,1,10.101894741994329,10.171355966012925,224,224,0.7619406492652644,0.761940649265258
DRegular,16,3,,4,2,7.981494299019687,7.9026375049725175,182,182,0.5597303893196935,0.5597303893196949
DRegular,16,3,,4,3,8.635785345977638,8.629662798019126,196,196,0.6452042472784165,0.6452042472784112
DRegular,16,3,,4,4,7.734019918018021,7.69195316900732,180,180,0.5709342679080349,0.5709342679080408
DRegular,16,3,,4,5,7.940248566970695,7.848456784035079,186,186,0.5788374030962399,0.5788374030962433
DRegular,16,3,,4,6,9.58983559301123,9.57539752498269,220,220,0.7280475227208111,0.7280475227208173
DRegular,16,3,,4,7,8.721305724000558,8.738526951987296,192,192,0.5440424436794343,0.5440424436794353
DRegular,16,3,,4,8,7.78533822594909,7.839263476023916,180,180,0.6190671836365874,0.619067183636577
DRegular,16,3,,4,9,12.491992023016792,13.263623832026497,258,258,0.7910254343818427,0.7910254343643163
DRegular,16,3,,4,10,8.790465160040185,8.518281753000338,180,180,0.780667816216888,0.7806678162168933
DRegular,16,3,,4,11,9.222111289971508,9.32532420300413,196,196,0.5691399881720417,0.5691399881720421
DRegular,16,3,,4,12,9.419762393983547,9.478867758007254,186,186,0.7692066454410587,0.7692066454410578
DRegular,16,3,,4,13,9.408523624006193,9.416502628999297,194,194,0.5703117499309094,0.5703117499309057
DRegular,16,3,,4,14,12.464924762025476,12.320611445000395,234,234,0.7897467921264036,0.7897467921264064
DRegular,16,3,,4,15,11.522283790982328,11.49056509602815,224,224,0.7357702634179836,0.7357702634179879
DRegular,16,3,,4,16,14.359318512957543,14.005661286995746,270,270,0.6857336544091067,0.6857336544090915
DRegular,16,3,,4,17,8.896172963955905,8.87637429201277,184,184,0.5771878776014495,0.5771878776014534
DRegular,16,3,,4,18,8.076784870005213,21.533690784010105,164,164,0.6263080287748984,0.626308028774905
DRegular,16,3,,4,19,9.180437288014218,9.690645011025481,186,186,0.5953010401955241,0.5953010401955228
DRegular,16,3,,5,0,14.792981109989341,14.887425303983036,296,296,0.6943841210714236,0.6943841210714676
DRegular,16,3,,5,1,16.943201689980924,17.180304735025857,328,328,0.7317749050816544,0.7317749050816538
DRegular,16,3,,5,2,13.334538144990802,13.333106622041669,264,264,0.6792351945353304,0.6792351945353232
DRegular,16,3,,5,3,14.148191533982754,13.951686204003636,276,276,0.7838175243928722,0.7838175243928677
DRegular,16,3,,5,4,16.439089933002833,15.906456288998015,308,308,0.6937325986665405,0.6937325986665389
DRegular,16,3,,5,5,13.89015260396991,13.807098257995676,276,276,0.6934542890099005,0.6934542890099026
DRegular,16,3,,5,6,18.122154670010787,18.1734867169871,350,350,0.7668162843796704,0.7668162843644177
DRegular,16,3,,5,7,14.046327122021466,14.109757380967494,272,272,0.6666638399498803,0.6666638399498837
DRegular,16,3,,5,8,16.706607155967504,16.85753360396484,310,310,0.7612605271719873,0.7612605271695071
DRegular,16,3,,5,9,19.408885327982716,19.861477244994603,358,352,0.8443179046414406,0.844317904461929
DRegular,16,3,,5,10,16.888471910031512,16.5557841930422,290,290,0.7960683908684769,0.7960683908684686
DRegular,16,3,,5,11,18.405581292987335,18.64021657401463,320,320,0.6905935218033915,0.6905935216416895
DRegular,16,3,,5,12,19.629351318988483,19.687640507996548,320,320,0.8230710739156806,0.8230710739156578
DRegular,16,3,,5,13,19.232011595973745,18.933557373995427,320,320,0.6948992829510143,0.6948992829509999
DRegular,16,3,,5,14,22.834057772008236,22.623646683990955,370,370,0.7860886847063462,0.7860886847063303
DRegular,16,3,,5,15,32.50008213799447,30.80365089798579,496,472,0.7880632310074723,0.7880632309577295
DRegular,16,3,,5,16,21.992020582954865,21.556444080953952,370,370,0.7853297429375445,0.7853297429376249
DRegular,16,3,,5,17,18.017833613965195,18.008574006031267,306,306,0.6988765104002133,0.6988765104002231
DRegular,16,3,,5,18,14.022151959012263,15.869565711007454,244,244,0.7769610370768545,0.7769610370768545
DRegular,16,3,,5,19,20.749748518981505,20.344219654041808,316,316,0.7130894966341097,0.7130894966341167
DRegular,16,3,,6,0,33.69907787098782,34.01717362500494,540,544,0.7929875224903421,0.7929875263753324
DRegular,16,3,,6,1,30.27647037798306,31.588007085956633,500,514,0.7287649904342862,0.7287649924592768
DRegular,16,3,,6,2,24.67259292199742,24.42370717402082,404,404,0.7526827085930136,0.7526827085935566
DRegular,16,3,,6,3,27.64697001397144,27.668341398006305,448,448,0.8677947306966951,0.8677947307075303
DRegular,16,3,,6,4,32.32723276101751,31.296214830013923,508,506,0.7690739251533479,0.7690739249947997
DRegular,16,3,,6,5,25.632421707967296,25.577360683993902,428,428,0.7699842860131082,0.7699842860151233
DRegular,16,3,,6,6,31.6646149889566,31.993889165984,524,524,0.850019095076498,0.8500190905666041
DRegular,16,3,,6,7,26.40697840700159,26.77583938400494,426,426,0.7332375764162201,0.7332375764158988
DRegular,16,3,,6,8,26.079854668001644,26.8332078520325,426,428,0.8786048576498194,0.8786048583134489
DRegular,16,3,,6,9,39.29289541800972,41.039134720980655,590,584,0.8752638059081743,0.8752638019413318
DRegular,16,3,,6,10,40.83727908099536,38.67264229099965,554,554,0.8043506440575875,0.8043506438414629
DRegular,16,3,,6,11,43.03347464802209,43.79641589400126,606,600,0.7888667626537487,0.788866762282668
DRegular,16,3,,6,12,33.54757762799272,34.1444641900016,474,480,0.799152035904984,0.7991520368999389
DRegular,16,3,,6,13,44.957850216014776,43.826877570012584,600,588,0.780722050994974,0.7969734672554546
DRegular,16,3,,6,14,39.82850982097443,39.83362369501265,552,552,0.7450172877407356,0.7450172897495152
DRegular,16,3,,6,15,50.306736234982964,50.02649482601555,686,678,0.8105444046342211,0.8105444010094792
DRegular,16,3,,6,16,38.82111957098823,38.116946916037705,560,550,0.7946243362652409,0.7946243358163748
DRegular,16,3,,6,17,35.460270526004024,36.83622847503284,498,506,0.792306618716313,0.7923066180127256
DRegular,16,3,,6,18,31.024767714028712,33.04200411605416,424,428,0.8584305153092234,0.8584305151291515
DRegular,16,3,,6,19,41.97288751101587,44.27241547900485,556,560,0.8438106786947237,0.8438106821376802
DRegular,16,3,,7,0,56.54007278900826,58.23041751200799,798,814,0.7754365857887568,0.7754365834408447
DRegular,16,3,,7,1,50.67863096704241,52.78079872595845,726,742,0.7870768541382163,0.7870768604134574
DRegular,16,3,,7,2,50.38373113702983,48.846965837001335,690,668,0.7681534621259376,0.7681534612454223
DRegular,16,3,,7,3,44.53227052197326,46.32087578502251,626,652,0.8901907863505016,0.8901907813070628
DRegular,16,3,,7,4,46.18796392303193,43.87129423301667,654,650,0.7671162406496526,0.7671162398169484
DRegular,16,3,,7,5,41.20087942801183,40.843342568026856,598,594,0.7881331959293627,0.7881331944135864
DRegular,16,3,,7,6,45.45958868600428,45.514515690971166,674,668,0.8749336194982947,0.8749336208356239
DRegular,16,3,,7,7,40.14434101298684,40.07103209197521,568,568,0.7527495722345041,0.752749571725136
DRegular,16,3,,7,8,40.221389273996465,41.364779644005466,574,578,0.8684071360612423,0.8684071358252469
DRegular,16,3,,7,9,67.8544633850106,68.32023695798125,878,860,0.8722572336033892,0.8722572483787258
DRegular,16,3,,7,10,63.5490068430081,60.583550654002465,780,768,0.8382074243151877,0.8382074250377942
DRegular,16,3,,7,11,57.69203846802702,59.31443415704416,756,744,0.8149989387205288,0.8149989334401636
DRegular,16,3,,7,12,70.73593818198424,65.07717141899047,822,768,0.7791526083320043,0.7791525988263576
DRegular,16,3,,7,13,79.84197764797136,70.2846801970154,926,834,0.7709922691844587,0.7625844991825034
DRegular,16,3,,7,14,76.80402186798165,75.24132478801766,896,880,0.8200542510372133,0.8200542762936943
DRegular,16,3,,7,15,72.97987978497986,74.14446205901913,894,898,0.8791390951933534,0.8791390942033618
DRegular,16,3,,7,16,58.24674175004475,57.153006467968225,738,734,0.7699265911343453,0.7699265918758382
DRegular,16,3,,7,17,55.08246737997979,57.01627111498965,684,698,0.800680841826124,0.8006808442867943
DRegular,16,3,,7,18,53.777583839022554,60.47435386403231,644,654,0.8321055847583473,0.832105595863077
DRegular,16,3,,7,19,62.59217953000916,67.71399772597943,742,734,0.8169832383019757,0.8169832431355528
DRegular,16,3,,8,0,109.8117950099986,101.91186666599242,1320,1240,0.7926058472242928,0.7926058865094138
DRegular,16,3,,8,1,76.14256853197003,76.16487132501788,968,970,0.8603998432426686,0.8603998411149698
DRegular,16,3,,8,2,82.64894356398145,102.42173464299412,992,1186,0.7973663549183395,0.8012001039334761
DRegular,16,3,,8,3,62.58330057800049,66.35746046697022,798,838,0.9142273200035752,0.914227312018177
DRegular,16,3,,8,4,79.88121757801855,73.1643128930009,974,932,0.8284397410443693,0.8284397145760141
DRegular,16,3,,8,5,72.03007043199614,79.45502891397336,896,928,0.8150949512289646,0.8150949547416613
DRegular,16,3,,8,6,63.93864774698159,64.2148617109633,846,848,0.881097231522646,0.881097261146997
DRegular,16,3,,8,7,68.02544168604072,66.43393907503923,830,808,0.7968298524161153,0.7968298523186228
DRegular,16,3,,8,8,73.61312957399059,81.2307624029927,874,940,0.9089939585933586,0.9116003218856963
DRegular,16,3,,8,9,97.20514168904629,106.06967824499588,1142,1154,0.847164744710009,0.8471647519287161
DRegular,16,3,,8,10,92.58753628697013,92.57661655300763,1010,1052,0.8129937637723984,0.8129937563079949
DRegular,16,3,,8,11,98.38098946597893,101.90865852800198,1114,1102,0.7912810951834784,0.7932554498764997
DRegular,16,3,,8,12,99.18217571702553,91.09259091503918,1060,982,0.8635286264341554,0.8635286115664398
DRegular,16,3,,8,13,101.0072253709659,105.91730523400474,1098,1124,0.8193997303652092,0.7661915752509957
DRegular,16,3,,8,14,110.95578728901455,118.05116509296931,1166,1216,0.8425257843223272,0.8425258122255025
DRegular,16,3,,8,15,106.2121439439943,109.14825393096544,1152,1168,0.8368534371241689,0.8368534434156807
DRegular,16,3,,8,16,93.02748545596842,96.76351444801548,1010,1044,0.8306825780597086,0.8306825761486948
DRegular,16,3,,8,17,88.16239269799553,90.18748273601523,944,970,0.8130391102416928,0.8130390985807344
DRegular,16,3,,8,18,97.91562953602988,192.74883210996632,986,1066,0.8790467038114514,0.8985081019590094
DRegular,16,3,,8,19,113.4858522489667,111.70338859700132,1130,1094,0.838932039946393,0.838878665754447
DRegular,16,3,,9,0,154.45020775002195,155.11762176500633,1708,1698,0.8017118799222166,0.8040610892830333
DRegular,16,3,,9,1,104.04969701397931,103.95116161898477,1200,1206,0.8726797165328116,0.8726797051384335
DRegular,16,3,,9,2,102.90618764195824,160.15603964199545,1168,1678,0.814231044778814,0.7791618274903183
DRegular,16,3,,9,3,92.99640267400537,96.56273077399237,1048,1096,0.9288524806907067,0.9288524781038044
DRegular,16,3,,9,4,119.04927481600316,109.06825466698501,1300,1244,0.8271400039918299,0.8250758804417349
DRegular,16,3,,9,5,98.96701560699148,101.09903024003142,1124,1152,0.8262396689861621,0.8262396602489852
DRegular,16,3,,9,6,148.31285321398173,156.99904170399532,1558,1638,0.876419806680189,0.867987361673313
DRegular,16,3,,9,7,121.53275373304496,117.63974948500982,1268,1236,0.8148134971429197,0.8148134997969688
DRegular,16,3,,9,8,124.63837863900699,133.09806817397475,1286,1358,0.9302843102605292,0.9279573437638317
DRegular,16,3,,9,9,156.05878118099645,157.0362696989905,1602,1570,0.897006236622456,0.8970062603294333
DRegular,16,3,,9,10,133.54824960097903,125.24061303696362,1316,1304,0.8926953910858744,0.8926953845930855
DRegular,16,3,,9,11,144.52060438401531,132.59852258395404,1460,1320,0.8378996472131742,0.8245368480738106
DRegular,16,3,,9,12,144.1684017109801,135.24772764899535,1386,1302,0.8793039607184737,0.9210845867718317
DRegular,16,3,,9,13,163.4498038100428,142.74172395898495,1550,1384,0.7993120436802174,0.820941093461487
DRegular,16,3,,9,14,172.46359068201855,171.2537055889843,1604,1590,0.8183783767346412,0.8287188729894278
DRegular,16,3,,9,15,148.5586923340452,148.98560076899594,1452,1452,0.8584109919818474,0.8584109994443625
DRegular,16,3,,9,16,145.55000337801175,139.9986245179898,1348,1362,0.828804451022232,0.8249479187520735
DRegular,16,3,,9,17,125.28897722502006,131.30186971504008,1222,1270,0.817806783190588,0.8339288429019599
DRegular,16,3,,9,18,179.39269128098385,171.54857297299895,1454,1484,0.9017761756587771,0.9139258232867175
DRegular,16,3,,9,19,193.55071337497793,179.89836000901414,1630,1542,0.8633986691752744,0.8728188029979196
DRegular,16,3,,10,0,222.1824110840098,229.48808434500825,2232,2276,0.818496608555878,0.8352348925166441
DRegular,16,3,,10,1,137.62367592501687,138.3913806999917,1462,1468,0.8739847450137762,0.8739847398447317
DRegular,16,3,,10,2,152.4149431019905,202.70785258396063,1546,2002,0.8088572132730821,0.8343310337542679
DRegular,16,3,,10,3,145.36458267597482,159.68102759198518,1454,1568,0.9049156593495771,0.9088963573305859
DRegular,16,3,,10,4,177.28567385399947,166.09897650498897,1736,1686,0.8704066089255746,0.8732851428237959
DRegular,16,3,,10,5,138.64572951500304,147.2129991289694,1438,1510,0.8355877759704521,0.8355877836858953
DRegular,16,3,,10,6,215.82501138799125,238.41263854398858,2082,2234,0.8859295122983285,0.9133518780232524
DRegular,16,3,,10,7,211.1222800629912,163.5359050600091,1924,1570,0.8113257441677452,0.8186858066544974
DRegular,16,3,,10,8,177.40441486699274,215.55864020000445,1662,1946,0.9528518380313357,0.9472323565082724
DRegular,16,3,,10,9,216.54941858595703,216.95880109799327,2036,1946,0.9007393246381636,0.9007393170104822
DRegular,16,3,,10,10,210.50464312697295,157.06917931797216,1818,1518,0.8789814706001087,0.8412289641610629
DRegular,16,3,,10,11,203.2947670929716,196.1166682629846,1838,1748,0.8628053918142763,0.8236813275357864
DRegular,16,3,,10,12,204.85948453599121,189.87147239100887,1766,1660,0.9494382316806816,0.921607024618934
DRegular,16,3,,10,13,293.20028397999704,228.27428751200205,2380,1938,0.8000335663699003,0.804857641198376
DRegular,16,3,,10,14,220.89623632194707,234.79219186096452,1898,1996,0.852056004170891,0.8550538130078129
DRegular,16,3,,10,15,224.60652014700463,223.31758256803732,1926,1916,0.9005578090733851,0.9005577934879224
DRegular,16,3,,10,16,189.34767885901965,190.1631789120147,1686,1702,0.8428673122171062,0.8884129353321909
DRegular,16,3,,10,17,170.55904793000082,182.9389450320159,1516,1614,0.8513618623817417,0.8361709939963143
DRegular,16,3,,10,18,250.715929744998,225.63227950799046,1806,1824,0.9150559315811035,0.906081907656798
DRegular,16,3,,10,19,260.36731234000763,236.69089314399753,2036,1906,0.8767093602217227,0.8620440301797258
DRegular,18,3,,1,0,0.9536302939523011,0.5579302550759166,18,18,0.46689521583981464,0.4668952158398153
DRegular,18,3,,1,1,0.44247716292738914,0.43761816807091236,14,14,0.4821531130234963,0.48215311302349706
DRegular,18,3,,1,2,0.5529960438143462,0.5722784108947963,16,16,0.5420554928941002,0.5420554928941012
DRegular,18,3,,1,3,0.5009767359588295,0.5758079849183559,16,16,0.459913121399268,0.4599131213992689
DRegular,18,3,,1,4,0.5738511988893151,0.5757193230092525,16,16,0.5256149958848777,0.5256149958848788
DRegular,18,3,,1,5,0.49878044286742806,0.5790286490228027,16,16,0.47429855628233764,0.4742985562823423
DRegular,18,3,,1,6,0.5894687250256538,0.5835270090028644,16,16,0.5180843480416442,0.5180843480416452
DRegular,18,3,,1,7,0.6308465148322284,0.63030512095429,18,18,0.5335945323883596,0.5335945323883603
DRegular,18,3,,1,8,0.5610732180066407,0.49508518096990883,16,16,0.5420554928941002,0.5420554928941055
DRegular,18,3,,1,9,0.599970516981557,0.49175709998235106,16,16,0.5420554928941002,0.5420554928941012
DRegular,18,3,,1,10,0.455558825051412,0.45005790307186544,14,14,0.4821531130234963,0.48215311302349706
DRegular,18,3,,1,11,0.49091518204659224,0.581600998993963,16,16,0.5180843480416442,0.518084348041645
DRegular,18,3,,1,12,0.48862456693314016,0.5855026170611382,16,16,0.47429855628233764,0.4742985562823423
DRegular,18,3,,1,13,0.4889827249571681,0.48743231291882694,16,16,0.47429855628233764,0.4742985562823423
DRegular,18,3,,1,14,0.5627685880754143,0.6731336491648108,18,18,0.5335945323883596,0.5335945323883603
DRegular,18,3,,1,15,0.4468307220377028,0.567298177164048,14,14,0.4821531130234963,0.48215311302349706
DRegular,18,3,,1,16,0.5713142130989581,0.4471304779872298,14,14,0.4821531130234963,0.48215311302349706
DRegular,18,3,,1,17,0.44767985702492297,0.5727227129973471,14,14,0.4821531130234963,0.48215311302349706
DRegular,18,3,,1,18,0.48972195689566433,0.48982527712360024,16,16,0.47429855628233764,0.4742985562823423
DRegular,18,3,,1,19,0.5271110250614583,0.6744676928501576,18,18,0.5335049534041543,0.5335049534041546
DRegular,18,3,,2,0,1.652527533005923,1.672497886000201,50,50,0.5787109045925083,0.5787109045925071
DRegular,18,3,,2,1,1.584093603072688,1.550536836963147,44,44,0.6095733730504802,0.6095733730504791
DRegular,18,3,,2,2,1.782106111990288,1.725867056986317,46,46,0.6691046691495665,0.6691046691495718
DRegular,18,3,,2,3,1.9262815159745514,1.9303934660274535,50,50,0.5711253104451582,0.5711253104451586
DRegular,18,3,,2,4,1.997552877990529,1.947927427943796,52,52,0.6353973547823557,0.6353973547823595
DRegular,18,3,,2,5,1.8143953850958496,1.805226620985195,48,48,0.5863840908440897,0.5863840908440896
DRegular,18,3,,2,6,1.4723382089287043,1.4900391611736268,40,40,0.6216897342893467,0.6216897342893482
DRegular,18,3,,2,7,1.874503135913983,1.8787877559661865,50,50,0.6538052004937238,0.6538052004937233
DRegular,18,3,,2,8,1.7381013110280037,1.720298201078549,44,44,0.6616709334358631,0.6616709334358626
DRegular,18,3,,2,9,1.6353876700159162,1.7305109268054366,44,44,0.6630030034510094,0.6630030034510102
DRegular,18,3,,2,10,1.7808330508414656,1.7162727878894657,44,44,0.5992837476168869,0.5992837476168893
DRegular,18,3,,2,11,1.8132926260586828,1.7359377229586244,48,48,0.6352825439643803,0.635282543964382
DRegular,18,3,,2,12,1.6900340490974486,1.6758452281355858,46,46,0.5916817468579929,0.591681746857989
DRegular,18,3,,2,13,1.9166360218077898,1.912709851982072,50,50,0.5864919779238383,0.5864919779238346
DRegular,18,3,,2,14,2.0092623960226774,1.8980415200348943,50,50,0.6553472545835953,0.655347254583595
DRegular,18,3,,2,15,1.6903959459159523,1.696386048803106,44,44,0.5965587828897643,0.5965587828897609
DRegular,18,3,,2,16,1.6940691079944372,1.7073259227909148,44,44,0.5959723702623075,0.5959723702623094
DRegular,18,3,,2,17,1.700187975075096,1.7102911239489913,44,44,0.6112652766690908,0.6112652766690928
DRegular,18,3,,2,18,1.8430767809040844,1.8107913078274578,48,48,0.5833426936965989,0.5833426936966004
DRegular,18,3,,2,19,1.9920825590379536,1.8922395780682564,50,50,0.6469344826073892,0.6469344826073843
DRegular,18,3,,3,0,4.334733004216105,4.432391510112211,104,104,0.6262388624596037,0.6262388624596051
DRegular,18,3,,3,1,4.087925018975511,4.125259428983554,94,94,0.6520168303026153,0.652016830302621
DRegular,18,3,,3,2,5.373943840852007,5.374994789948687,110,110,0.7248973881227773,0.7248973881227788
DRegular,18,3,,3,3,5.456619383068755,5.3816289629321545,112,112,0.6177853349907905,0.6177853349907895
DRegular,18,3,,3,4,5.788679966004565,5.848708966979757,120,120,0.7010602541785235,0.701060254178537
DRegular,18,3,,3,5,4.992536766920239,4.940449014073238,104,104,0.6345218795207955,0.6345218795207982
DRegular,18,3,,3,6,4.700452500022948,4.746561452979222,96,96,0.699130619550677,0.6991306195506791
DRegular,18,3,,3,7,4.876033995999023,4.904257044894621,102,102,0.7134021490664678,0.7134021490664654
DRegular,18,3,,3,8,5.322863365989178,5.29049099679105,106,106,0.7224848864149221,0.7224848864149279
DRegular,18,3,,3,9,5.106101927114651,5.0245377430692315,102,102,0.723022155231545,0.7230221552315459
DRegular,18,3,,3,10,5.574188587022945,5.365935081150383,110,110,0.6450963308834305,0.6450963308834319
DRegular,18,3,,3,11,5.535539475968108,5.669119303813204,114,114,0.6953235608359706,0.6953235608359728
DRegular,18,3,,3,12,5.488927005091682,5.418321845121682,110,110,0.6363737973349768,0.6363737973349801
DRegular,18,3,,3,13,5.5249052830040455,5.442709516035393,112,112,0.6346674071779675,0.6346674071779692
DRegular,18,3,,3,14,5.295424240175635,5.1839671798516065,104,104,0.7136525165450827,0.7136525165450822
DRegular,18,3,,3,15,6.010704466840252,5.999163919128478,116,116,0.6442432794765918,0.6442432794765919
DRegular,18,3,,3,16,6.141434960998595,6.134034303948283,118,118,0.6439800190501744,0.6439800190501764
DRegular,18,3,,3,17,4.702856607967988,4.633796473965049,92,92,0.6519996244391081,0.6519996244391136
DRegular,18,3,,3,18,5.720702837919816,5.797142707044259,112,112,0.6336378740664645,0.6336378740664622
DRegular,18,3,,3,19,5.260431308997795,5.389162565115839,108,108,0.7114791182933742,0.7114791182933723
DRegular,18,3,,4,0,9.92079643602483,10.218090975889936,194,194,0.5588271275399911,0.5588271275399905
DRegular,18,3,,4,1,9.195905775995925,9.20422576321289,172,172,0.744012544642535,0.7440125446425345
DRegular,18,3,,4,2,11.238270403118804,11.364697880111635,192,192,0.6378364253547997,0.6378364253547906
DRegular,18,3,,4,3,11.524634532863274,11.532205037074164,196,196,0.5543251159328253,0.5543251159328296
DRegular,18,3,,4,4,12.956152312923223,12.905882728053257,218,218,0.6063825093426776,0.6063825093426761
DRegular,18,3,,4,5,11.280461965827271,11.133663711836562,188,188,0.5621096594991658,0.5621096594991759
DRegular,18,3,,4,6,12.649036451010033,12.599085916997865,202,202,0.696260393978102,0.6962603939780864
DRegular,18,3,,4,7,12.049251253018156,12.18563943891786,198,198,0.6158499709070734,0.6158499709070763
DRegular,18,3,,4,8,11.812146309996024,11.72046896792017,190,190,0.6280308995158908,0.6280308995158883
DRegular,18,3,,4,9,12.624977646162733,12.850126778939739,200,200,0.6342341463603056,0.6342341463603092
DRegular,18,3,,4,10,17.97990057594143,17.517807124881074,278,274,0.6782153795301624,0.6782153798406381
DRegular,18,3,,4,11,9.774803541135043,9.727048133034259,170,170,0.6014168930038106,0.6014168930038188
DRegular,18,3,,4,12,10.782872351119295,10.698850295040756,180,180,0.5726769439474422,0.5726769439474412
DRegular,18,3,,4,13,11.782557734055445,11.96576477587223,196,196,0.5635042396337842,0.5635042396337842
DRegular,18,3,,4,14,12.261323540005833,11.513992195948958,188,188,0.6251412677090799,0.6251412677090772
DRegular,18,3,,4,15,12.2341891201213,12.339195937849581,196,196,0.5739514770116881,0.5739514770116876
DRegular,18,3,,4,16,20.766134415986016,21.154813318978995,304,310,0.674620950440421,0.6746209505534595
DRegular,18,3,,4,17,13.067919306922704,13.035629884107038,198,198,0.7515020645360628,0.7515020645360664
DRegular,18,3,,4,18,11.699073872994632,11.758512794040143,188,188,0.5587157178272735,0.5587157178272686
DRegular,18,3,,4,19,12.28376585105434,12.380301838973537,194,194,0.628129594419338,0.6281295944193317
DRegular,18,3,,5,0,19.93984716711566,20.359067887999117,322,322,0.6806235594880323,0.680623559488037
DRegular,18,3,,5,1,18.39052882301621,18.64472299301997,288,288,0.7946111705251386,0.7946111705251309
DRegular,18,3,,5,2,22.80464488011785,22.719238495919853,322,322,0.781291985487661,0.781291985487657
DRegular,18,3,,5,3,19.44027986098081,19.307371373055503,284,284,0.6709053071608369,0.6709053071608295
DRegular,18,3,,5,4,19.917203377000988,19.90844543487765,296,296,0.746691605013715,0.7466916050137172
DRegular,18,3,,5,5,21.031490835128352,21.103812203975394,298,298,0.6838852583615893,0.683885258361584
DRegular,18,3,,5,6,26.909016889054328,27.310096071101725,360,362,0.8013309236824658,0.80133092455974
DRegular,18,3,,5,7,21.761490585980937,21.839805469149724,302,302,0.7679453007511087,0.7679453007511192
DRegular,18,3,,5,8,22.043984616873786,22.086624365998432,300,300,0.7756742143714375,0.7756742143714116
DRegular,18,3,,5,9,24.97507193381898,25.01485359016806,330,330,0.7795635951280458,0.7795635951279636
DRegular,18,3,,5,10,26.579099686117843,26.06312089203857,370,366,0.7772357280472519,0.7772357281456472
DRegular,18,3,,5,11,22.196040084119886,22.382108355872333,302,302,0.7284550030754263,0.7284550030754326
DRegular,18,3,,5,12,21.576125116087496,21.71077435091138,294,294,0.6917410376074665,0.6917410376074649
DRegular,18,3,,5,13,22.179639843991026,22.249834873946384,302,302,0.6854764297674334,0.6854764297674263
DRegular,18,3,,5,14,23.108235984807834,21.512923747999594,294,294,0.769053357933987,0.7690533579339707
DRegular,18,3,,5,15,23.20791370398365,22.99187326594256,308,308,0.6957042423313354,0.6957042423313358
DRegular,18,3,,5,16,29.884073419030756,30.015319392085075,394,400,0.7710402508396972,0.7710402512990947
DRegular,18,3,,5,17,21.60534026287496,21.670597836142406,284,284,0.778250999853409,0.7782509998534056
DRegular,18,3,,5,18,20.6949164129328,20.955130445072427,278,278,0.6835633333858437,0.6835633333857642
DRegular,18,3,,5,19,22.423471132991835,22.332004904048517,298,298,0.769054348323043,0.769054348323043
DRegular,18,3,,6,0,38.74081144295633,38.418630009982735,532,514,0.7438129629958262,0.7438129621860663
DRegular,18,3,,6,1,31.79879516083747,31.932325629983097,430,430,0.7186438801608848,0.7186438801616315
DRegular,18,3,,6,2,51.72484960197471,52.91438265796751,598,614,0.8814988571804451,0.8814988573541006
DRegular,18,3,,6,3,34.346344150137156,34.496870193164796,428,428,0.7450552544751985,0.7450552544716261
DRegular,18,3,,6,4,35.753584095975384,35.71604731515981,446,446,0.8209398439551229,0.820939843955153
DRegular,18,3,,6,5,43.63742683199234,43.72615659516305,508,510,0.7709008839161712,0.7709008844806509
DRegular,18,3,,6,6,52.354009178001434,51.732730160001665,594,590,0.8259865259832643,0.8259865246797091
DRegular,18,3,,6,7,53.00995857291855,53.166949660051614,588,584,0.856050663327504,0.856050656370707
DRegular,18,3,,6,8,48.21568720904179,46.43938684905879,534,518,0.8624059448228876,0.8624059490659517
DRegular,18,3,,6,9,48.652683537919074,49.580843484029174,540,544,0.8324304646276108,0.8324304662159719
DRegular,18,3,,6,10,65.23945660609752,59.61493404000066,724,674,0.7934949992685728,0.7569304226370676
DRegular,18,3,,6,11,37.1933365711011,37.19345179083757,440,440,0.8411877458437659,0.8411877458383807
DRegular,18,3,,6,12,42.06018512090668,42.31800709408708,476,480,0.7652815971024429,0.7652816004242666
DRegular,18,3,,6,13,45.500233598053455,44.62114095198922,512,504,0.7704860638064688,0.7704860642555327
DRegular,18,3,,6,14,56.75561227090657,49.81723849498667,570,540,0.8633235578341544,0.8633235498335197
DRegular,18,3,,6,15,46.436988988891244,46.473959021037444,510,508,0.7849457938553089,0.7849457939372702
DRegular,18,3,,6,16,54.46543695102446,51.6736765159294,610,588,0.7384219147980944,0.7384219134857741
DRegular,18,3,,6,17,45.06938766106032,45.332825927995145,486,486,0.816832101783657,0.8168321017877185
DRegular,18,3,,6,18,48.84253206010908,53.409291476011276,514,554,0.7667316246827037,0.7667316279187881
DRegular,18,3,,6,19,58.27654034201987,56.166339257964864,576,578,0.880501264702379,0.880501266610876
DRegular,18,3,,7,0,56.17908290983178,53.27786041004583,692,656,0.7504538331369337,0.7504538342031727
DRegular,18,3,,7,1,55.207981342915446,55.11338173504919,644,646,0.7522503286136984,0.7522503291552451
DRegular,18,3,,7,2,88.8825266500935,81.46887098695152,904,850,0.9123937309613135,0.8864823646616374
DRegular,18,3,,7,3,50.685720486799255,51.10178476013243,556,566,0.762801725171145,0.7628017230857728
DRegular,18,3,,7,4,61.5417188918218,62.70127537706867,658,668,0.8413460602596554,0.8413460599910252
DRegular,18,3,,7,5,69.10612316103652,64.83404912706465,718,680,0.7671162658651631,0.767116268415017
DRegular,18,3,,7,6,69.7177602511365,74.4277197450865,734,770,0.8449531972222195,0.8449532186878421
DRegular,18,3,,7,7,90.62817713897675,94.08708030893467,886,910,0.8567884080096151,0.8567884035034649
DRegular,18,3,,7,8,64.0348404860124,63.820067008025944,658,654,0.8646296971721217,0.8646296975280272
DRegular,18,3,,7,9,82.47757840715349,81.71888464107178,802,798,0.8829294660060728,0.8829294796065665
DRegular,18,3,,7,10,91.56810793187469,75.47421573591419,932,798,0.7740907060635311,0.8052782261417911
DRegular,18,3,,7,11,64.48251896980219,66.62950621591881,652,664,0.8464496714707141,0.8464496701149014
DRegular,18,3,,7,12,77.48849993105978,79.22939617699012,750,764,0.7706442384500993,0.7706442462941004
DRegular,18,3,,7,13,86.90669103199616,87.52139041596092,826,826,0.788584213537483,0.7885842095557013
DRegular,18,3,,7,14,88.98860821197741,81.61620518681593,806,762,0.8711649263979225,0.8711649213784748
DRegular,18,3,,7,15,81.02963321399875,79.41058728587814,766,760,0.8131364018761842,0.8131364080302932
DRegular,18,3,,7,16,91.13117215014063,89.48575093294494,878,866,0.7831455001781658,0.7831454995888871
DRegular,18,3,,7,17,73.58542513707653,74.92262873100117,690,708,0.8222467642831517,0.822246762782055
DRegular,18,3,,7,18,91.92714475211687,95.43659803899936,830,856,0.7844324925377266,0.7844324938302931
DRegular,18,3,,7,19,89.50914219813421,87.89001326914877,816,808,0.8389970458632623,0.8389970577911136
DRegular,18,3,,8,0,91.01928649889305,91.75891451188363,984,966,0.8008511423238729,0.800851143557511
DRegular,18,3,,8,1,100.72861066809855,90.51003559911624,1016,930,0.8664811602097018,0.8566552585983994
DRegular,18,3,,8,2,128.25565201416612,111.28352476214059,1194,1064,0.9018798043253863,0.9185524194458281
DRegular,18,3,,8,3,74.21912249503657,74.83129674103111,730,738,0.7917597265929237,0.791759732837066
DRegular,18,3,,8,4,90.69709128397517,93.31193529395387,866,888,0.8727961574531274,0.8727961570185775
DRegular,18,3,,8,5,102.55571611900814,95.77387142786756,950,900,0.7831422122751407,0.7831422198723319
DRegular,18,3,,8,6,107.42776925908402,115.70310870208777,994,1058,0.8296448518503156,0.8296448827297057
DRegular,18,3,,8,7,114.2164272509981,118.68557618791237,1050,1072,0.889245927213655,0.889245917958186
DRegular,18,3,,8,8,123.38791036908515,122.52379421098158,1052,1054,0.867543157350649,0.8675431672033621
DRegular,18,3,,8,9,136.1989377408754,122.24986018007621,1164,1056,0.9126659848007478,0.9176582791600184
DRegular,18,3,,8,10,128.95535637903959,97.54748436203226,1188,950,0.7765426881061771,0.8123076296061831
DRegular,18,3,,8,11,105.35614810115658,105.62432239204645,932,934,0.8437713495013073,0.8437713463613091
DRegular,18,3,,8,12,106.9520114378538,110.91660081595182,946,980,0.7956080565821818,0.7989809818730432
DRegular,18,3,,8,13,144.04204716999084,138.7961836059112,1212,1166,0.7990474173091047,0.7795000009318868
DRegular,18,3,,8,14,132.60820388584398,111.89309878810309,1066,980,0.9055119099875354,0.9055118949415499
DRegular,18,3,,8,15,124.10133432294242,119.583091490902,1050,1018,0.791201211942219,0.8372208060005452
DRegular,18,3,,8,16,127.52084012003615,118.87097461498342,1100,1048,0.7993171492301211,0.7993171409447448
DRegular,18,3,,8,17,158.39189749816433,120.7725018360652,1228,1000,0.857700687139021,0.837266140939073
DRegular,18,3,,8,18,120.99313858011737,120.2229826611001,1008,1014,0.7915209219627721,0.7915209211898991
DRegular,18,3,,8,19,130.38588296994567,130.45644833217375,1074,1074,0.8959184478732057,0.8959184458447612
DRegular,18,3,,9,0,180.25672771199606,166.50571232894436,1630,1514,0.797941260305595,0.7979412706821001
DRegular,18,3,,9,1,146.23777964501642,153.7458704158198,1340,1390,0.8597072497050116,0.8298262220385181
DRegular,18,3,,9,2,149.89518992090598,187.56788346683607,1328,1564,0.9346469075252414,0.9216601215637287
DRegular,18,3,,9,3,121.28861197107472,133.20548083796166,1036,1114,0.779969737981345,0.7799697148860911
DRegular,18,3,,9,4,149.56581282895058,159.33067857008427,1244,1310,0.8644644298214574,0.8644644115605438
DRegular,18,3,,9,5,138.79787062387913,141.55192483309656,1184,1190,0.8132878454930821,0.8132878454824866
DRegular,18,3,,9,6,146.8987586000003,153.57223931187764,1244,1290,0.8547880658094733,0.8547880660754278
DRegular,18,3,,9,7,143.70797529211268,152.323918574024,1228,1284,0.8815400603572084,0.8837615777514386
DRegular,18,3,,9,8,278.3200297919102,224.4607448601164,1998,1664,0.8461490135932976,0.8765289763843949
DRegular,18,3,,9,9,310.2338818460703,200.68426818097942,2200,1538,0.919158477302101,0.9181736053524323
DRegular,18,3,,9,10,192.38464157585986,141.60537314694375,1576,1224,0.8200901785569774,0.8328151713499067
DRegular,18,3,,9,11,151.36336209997535,158.474500563927,1208,1252,0.8869158456346129,0.8869158336262165
DRegular,18,3,,9,12,179.76880086096935,143.61998389894143,1354,1172,0.8222321984381015,0.7976030992197146
DRegular,18,3,,9,13,184.69148074183613,196.0947097640019,1444,1512,0.7843432370388911,0.7887148797548059
DRegular,18,3,,9,14,225.66555883409455,290.3127890629694,1574,1450,0.9341789731696319,0.9116953027479667
DRegular,18,3,,9,15,197.56557843997143,161.75549116614275,1470,1254,0.8318874293427831,0.8324467703926592
DRegular,18,3,,9,16,177.8303083970677,167.01928745186888,1380,1330,0.7815063077558665,0.7815063160646292
DRegular,18,3,,9,17,225.4334322679788,193.9542979260441,1606,1394,0.8344955332995628,0.9108119086367117
DRegular,18,3,,9,18,162.58457022206858,173.76705176313408,1248,1308,0.8082742912251956,0.808274309410422
DRegular,18,3,,9,19,213.89652624214068,207.13269891194068,1552,1506,0.9170904077894575,0.9170904596380218
DRegular,18,3,,10,0,237.58634898718446,221.25691907014698,2018,1874,0.8054758389949068,0.8054758185284459
DRegular,18,3,,10,1,254.09703995706514,220.10864008497447,2040,1822,0.8561028260348655,0.8685177872345309
DRegular,18,3,,10,2,247.6144213520456,262.862543821102,1898,1996,0.9296848729975385,0.939714039950073
DRegular,18,3,,10,3,188.32964225579053,203.36418726015836,1418,1520,0.8096211397624635,0.809621153156326
DRegular,18,3,,10,4,219.3679300681688,221.3833408479113,1644,1664,0.8707729116950761,0.8707729148663734
DRegular,18,3,,10,5,196.42189422389492,192.07152608898468,1504,1476,0.8316318854442759,0.8316319088270242
DRegular,18,3,,10,6,289.8101557211485,238.4611602090299,2024,1768,0.8682687485261235,0.8593177505570591
DRegular,18,3,,10,7,180.53989716107026,187.67685856483877,1432,1544,0.900055886680729,0.8764261246434738
DRegular,18,3,,10,8,390.70306724496186,283.3152001129929,2604,1988,0.8701418606734996,0.8982009800183735
DRegular,18,3,,10,9,367.8984881711658,437.60640821489505,2492,2770,0.9432674472448689,0.9540667321378314
DRegular,18,3,,10,10,312.4156642849557,190.1931691430509,2222,1490,0.8513358582861806,0.8564610740401737
DRegular,18,3,,10,11,241.98787885997444,260.34373991494067,1706,1810,0.9198418815269368,0.9198418844544192
DRegular,18,3,,10,12,245.6484608091414,236.70551248895936,1738,1676,0.8461903706465563,0.8682219929084161
DRegular,18,3,,10,13,253.58765224390663,283.81829096213914,1818,1884,0.7964077706419949,0.8309582185523134
DRegular,18,3,,10,14,299.92155590397306,232.17299773707055,1934,1648,0.9115651481318215,0.9214462166150353
DRegular,18,3,,10,15,275.98300930601545,223.78022865881212,1866,1572,0.8549098431724311,0.8408645800696236
DRegular,18,3,,10,16,283.81178698292933,262.42877373704687,1942,1812,0.8003996643777639,0.8003995184213497
DRegular,18,3,,10,17,333.5506111839786,271.9933146620169,2138,1808,0.8863672528147757,0.9193564727059871
DRegular,18,3,,10,18,231.54231039993465,272.0667585248593,1598,1814,0.8061114937240639,0.8069671025681666
DRegular,18,3,,10,19,267.3522246137727,253.32416875706986,1808,1734,0.9004017234632882,0.9004017142708889
DRegular,20,3,,1,0,0.718098466983065,0.6286788280121982,16,16,0.5132947146758196,0.5132947146758197
DRegular,20,3,,1,1,0.6242993779014796,0.5899752120021731,16,16,0.5065712819925958,0.5065712819925968
DRegular,20,3,,1,2,0.6321934501174837,0.6271259679924697,16,16,0.5132947146758196,0.5132947146758196
DRegular,20,3,,1,3,0.6845860760658979,0.6850573569536209,18,18,0.5203791621230666,0.5203791621230673
DRegular,20,3,,1,4,0.6354388170875609,0.5813108258880675,16,16,0.5278480006043472,0.5278480006043438
DRegular,20,3,,1,5,0.6408684379421175,0.5856002909131348,16,16,0.46919822275941964,0.46919822275941986
DRegular,20,3,,1,6,0.5288555040024221,0.5301333118695766,14,14,0.47620060545530435,0.47620060545530535
DRegular,20,3,,1,7,0.6000577760860324,0.5318633981514722,14,14,0.5357256811372175,0.5357256811372186
DRegular,20,3,,1,8,0.6520862469915301,0.5823639261070639,16,16,0.5132947146758196,0.5132947146758196
DRegular,20,3,,1,9,0.5849624499678612,0.5801450829021633,16,16,0.46919822275941947,0.46919822275941986
DRegular,20,3,,1,10,0.6119703901931643,0.5285536220762879,14,14,0.5357256811372175,0.5357256811372186
DRegular,20,3,,1,11,0.5876400598790497,0.6726499150972813,16,16,0.527848000604347,0.5278480006043473
DRegular,20,3,,1,12,0.639164524152875,0.6659963140264153,18,18,0.46255925522050373,0.4625592552205044
DRegular,20,3,,1,13,0.6837835491169244,0.583714883076027,16,16,0.4691982227594196,0.46919822275941997
DRegular,20,3,,1,14,0.5307101320941001,0.6312082069925964,14,14,0.47620060545530435,0.47620060545530535
DRegular,20,3,,1,15,0.583599983016029,0.6908410489559174,16,16,0.46919822275941947,0.46919822275941975
DRegular,20,3,,1,16,0.6022858540527523,0.5865706990007311,16,16,0.5278480006043471,0.5278480006043473
DRegular,20,3,,1,17,0.6390416149515659,0.6555255551356822,18,18,0.4625592552205036,0.46255925522050423
DRegular,20,3,,1,18,0.6014943290501833,0.5864321829285473,16,16,0.5132947146758196,0.5132947146758196
DRegular,20,3,,1,19,0.5980818159878254,0.7058647600933909,16,16,0.513294714675819,0.5132947146758194
DRegular,20,3,,2,0,2.1292346068657935,2.1314729729201645,48,48,0.6302749104208113,0.6302749104208077
DRegular,20,3,,2,1,2.137482472928241,2.13207467389293,48,48,0.6219427254710717,0.6219427254710711
DRegular,20,3,,2,2,2.233592915115878,2.218547261785716,50,50,0.6319216561000426,0.6319216561000415
DRegular,20,3,,2,3,2.2106997079681605,2.2229622239246964,50,50,0.6372934115009234,0.6372934115009266
DRegular,20,3,,2,4,2.177676812047139,2.179359027883038,48,48,0.6536433583843388,0.6536433583843457
DRegular,20,3,,2,5,2.0378825839143246,2.0466728429310024,46,46,0.5844362054856438,0.5844362054856439
DRegular,20,3,,2,6,2.0085414391942322,2.018741230946034,44,44,0.6020298220579897,0.6020298220579894
DRegular,20,3,,2,7,2.0105744421016425,2.031149046961218,44,44,0.663251657076258,0.6632516570762577
DRegular,20,3,,2,8,2.186921016080305,2.220241416944191,48,48,0.6224550647081226,0.6224550647081247
DRegular,20,3,,2,9,2.003267091931775,2.0039066821336746,44,44,0.5903808315306931,0.5903808315306898
DRegular,20,3,,2,10,2.062304720049724,2.0755768069066107,44,44,0.6685855669624295,0.6685855669624288
DRegular,20,3,,2,11,2.308809303911403,2.328929634997621,50,50,0.6501484986192224,0.6501484986192244
DRegular,20,3,,2,12,2.1410155720077455,2.1435241899453104,46,46,0.5755239856242387,0.5755239856242349
DRegular,20,3,,2,13,2.3608634539414197,2.4540300990920514,50,50,0.5820223771369207,0.5820223771369242
DRegular,20,3,,2,14,2.1208753869868815,2.1399459820240736,44,44,0.5959612916726349,0.595961291672634
DRegular,20,3,,2,15,2.198742480017245,2.098226082045585,46,46,0.5849586870427964,0.5849586870427967
DRegular,20,3,,2,16,2.2532710100058466,2.2093073159921914,46,46,0.6566358490138527,0.65663584901385
DRegular,20,3,,2,17,2.1921776491217315,2.2154986860696226,46,46,0.5727468314022127,0.5727468314022126
DRegular,20,3,,2,18,2.3781297858804464,2.329054663190618,48,48,0.6301302374095796,0.6301302374095739
DRegular,20,3,,2,19,2.332889678888023,2.2157564219087362,48,48,0.6220354500167943,0.6220354500167972
DRegular,20,3,,3,0,5.437700014095753,5.511167018907145,98,98,0.6876017603545083,0.6876017603545047
DRegular,20,3,,3,1,6.5025311938952655,6.786549112061039,112,112,0.6795621028398027,0.6795621028397993
DRegular,20,3,,3,2,5.263318374985829,5.246062757913023,94,94,0.6880752600443427,0.688075260044336
DRegular,20,3,,3,3,6.030863711144775,6.0304848870728165,106,106,0.6953247578701985,0.695324757870192
DRegular,20,3,,3,4,6.286343940068036,6.30245546088554,108,108,0.7064552020729117,0.7064552020729152
DRegular,20,3,,3,5,6.653725429903716,6.694991840980947,112,112,0.6291099222326159,0.6291099222326135
DRegular,20,3,,3,6,5.14214575686492,5.1498645269311965,88,88,0.6435956894346097,0.6435956894346138
DRegular,20,3,,3,7,7.124889644095674,7.137853256892413,116,116,0.7159470802130659,0.7159470802130661
DRegular,20,3,,3,8,6.364367079921067,6.305882765213028,106,106,0.6849351886841125,0.6849351886841066
DRegular,20,3,,3,9,5.162236555013806,5.429863961180672,88,88,0.6333762976350872,0.6333762976350817
DRegular,20,3,,3,10,7.023287204792723,7.111443845089525,112,112,0.7176541641799938,0.7176541641799861
DRegular,20,3,,3,11,6.734203765867278,6.7508515259251,110,110,0.70539483882717,0.7053948388271726
DRegular,20,3,,3,12,6.828009085031226,6.813919981010258,110,110,0.6208619266418549,0.6208619266418526
DRegular,20,3,,3,13,6.826460066018626,6.7893550109583884,110,110,0.6283354720343204,0.6283354720343232
DRegular,20,3,,3,14,6.766191674163565,6.8688946480397135,106,106,0.6383191432183256,0.6383191432183183
DRegular,20,3,,3,15,7.700690511846915,8.225692560896277,118,118,0.6293186020395543,0.6293186020395527
DRegular,20,3,,3,16,8.093801473034546,7.142388773150742,112,112,0.7075612296364996,0.7075612296364984
DRegular,20,3,,3,17,7.345484630903229,6.679470457136631,106,106,0.6199149139616762,0.6199149139616813
DRegular,20,3,,3,18,6.5394498920068145,6.361786416033283,102,102,0.6876650929835756,0.6876650929835724
DRegular,20,3,,3,19,7.0944499229080975,7.150019987951964,112,112,0.6847221986295751,0.6847221986295675
DRegular,20,3,,4,0,13.0757095948793,13.150134320836514,186,186,0.599139410440648,0.5991394104406508
DRegular,20,3,,4,1,18.628893546992913,18.616247180849314,252,252,0.7064631916606035,0.7064631916605997
DRegular,20,3,,4,2,12.243891505990177,12.211673707934096,174,174,0.6023630047857296,0.6023630047857361
DRegular,20,3,,4,3,12.983799259876832,13.000397657044232,184,184,0.6078092561053333,0.6078092561053315
DRegular,20,3,,4,4,13.668522784020752,13.594687995035201,190,190,0.6319599255006841,0.6319599255006865
DRegular,20,3,,4,5,13.410680080996826,13.446187056833878,188,188,0.5647545817645293,0.5647545817645174
DRegular,20,3,,4,6,16.31086034490727,16.39274143707007,212,212,0.7690649602674662,0.7690649602674622
DRegular,20,3,,4,7,13.851983671076596,13.927867606980726,190,190,0.6417780974521874,0.641778097452178
DRegular,20,3,,4,8,14.662994638783857,14.59787187492475,196,196,0.5979738440368023,0.5979738440368028
DRegular,20,3,,4,9,15.720802642870694,15.778017804957926,202,202,0.7000929283586339,0.7000929283586352
DRegular,20,3,,4,10,22.818832747871056,26.1694843841251,278,276,0.756544528143813,0.7565445278136602
DRegular,20,3,,4,11,13.868277447996661,13.83442268287763,184,184,0.6266280960434789,0.6266280960434838
DRegular,20,3,,4,12,13.240012513007969,13.35148650011979,176,176,0.5550616436282885,0.555061643628284
DRegular,20,3,,4,13,14.491473790956661,14.303304457105696,188,188,0.5667471070566701,0.5667471070566696
DRegular,20,3,,4,14,13.846218071179464,14.063887585885823,180,180,0.5792786820750628,0.5792786820750666
DRegular,20,3,,4,15,13.82445352897048,15.143585591809824,182,182,0.567120122583948,0.5671201225839467
DRegular,20,3,,4,16,15.025519486982375,14.991107556037605,192,192,0.6319568838942873,0.6319568838942927
DRegular,20,3,,4,17,16.38544774102047,14.885822137119249,190,190,0.5547290729862424,0.5547290729862414
DRegular,20,3,,4,18,14.252274401020259,14.166004069149494,180,180,0.5997030512193734,0.5997030512193713
DRegular,20,3,,4,19,16.554998945910484,16.35463734297082,206,206,0.5951443701480987,0.5951443701480953
DRegular,20,3,,5,0,22.096341029042378,22.322044224012643,272,272,0.7383522562405438,0.7383522562405399
DRegular,20,3,,5,1,28.87032055319287,28.981484110001475,348,348,0.81137915077069,0.8113791507702355
DRegular,20,3,,5,2,21.529742999002337,21.428412977140397,260,260,0.7409865905767379,0.7409865905767362
DRegular,20,3,,5,3,22.344218858983368,22.272228037007153,272,272,0.738832449386024,0.7388324493860196
DRegular,20,3,,5,4,28.35583258396946,28.3433878258802,326,326,0.7652116661107514,0.765211666110767
DRegular,20,3,,5,5,27.608149126870558,27.671592033933848,318,318,0.6824322528150748,0.6824322528151455
DRegular,20,3,,5,6,28.94653023290448,28.882592553040013,326,326,0.7388951282348882,0.7388951282348324
DRegular,20,3,,5,7,28.05814022803679,28.199457990005612,316,316,0.7734223443115772,0.7734223443115622
DRegular,20,3,,5,8,23.912366423988715,23.927547867875546,278,278,0.7301984853025183,0.7301984853025374
DRegular,20,3,,5,9,33.71502404101193,34.055658443132415,360,360,0.6583428176124161,0.6583428176984438
DRegular,20,3,,5,10,34.36977475695312,37.35925557091832,380,378,0.8661611109479284,0.8661611109192187
DRegular,20,3,,5,11,29.79910353687592,29.955015179002658,320,320,0.7625298565621381,0.7625298565618776
DRegular,20,3,,5,12,28.93702416983433,28.71276490809396,306,306,0.6746021853332523,0.6746021853332542
DRegular,20,3,,5,13,31.10363129689358,31.201031270902604,328,328,0.6830667536824411,0.6830667536824303
DRegular,20,3,,5,14,28.13175377389416,28.08312826906331,298,298,0.6919114604934643,0.6919114604934553
DRegular,20,3,,5,15,32.795346026076004,35.951697246171534,336,336,0.6842958056292343,0.6842958056292499
DRegular,20,3,,5,16,27.373021808918566,27.192976685939357,292,292,0.7569416182332505,0.756941618233237
DRegular,20,3,,5,17,35.95686757192016,32.35569605603814,334,334,0.6722531743911409,0.672253174391145
DRegular,20,3,,5,18,25.477363376878202,25.49965029512532,272,272,0.7375273101858237,0.737527310185831
DRegular,20,3,,5,19,25.625372791895643,25.812830643961206,280,280,0.7280853066712634,0.7280853066712688
DRegular,20,3,,6,0,41.268113700905815,41.34157768194564,424,424,0.8102548493982362,0.8102548494085634
DRegular,20,3,,6,1,46.893979168031365,48.25150403799489,492,502,0.8194474717562429,0.8194474793276242
DRegular,20,3,,6,2,42.228268034989014,42.44242393691093,424,424,0.8105341755967757,0.8105341756034772
DRegular,20,3,,6,3,47.53447554609738,47.93820383702405,468,470,0.8198671866933693,0.8198671870868446
DRegular,20,3,,6,4,64.01766845397651,62.21082829893567,602,590,0.8621571348402379,0.8621571385911782
DRegular,20,3,,6,5,65.62545125302859,62.702636159956455,610,588,0.7698816033836887,0.7698815987980905
DRegular,20,3,,6,6,55.884915984934196,56.19389594020322,532,532,0.7600860258775456,0.7600860259618119
DRegular,20,3,,6,7,52.23545167199336,53.046717644203454,500,502,0.8723866508029958,0.8723866530091917
DRegular,20,3,,6,8,44.10774509096518,44.21803049184382,428,428,0.807067237940705,0.8070672374562764
DRegular,20,3,,6,9,52.301714150002226,51.37575574195944,492,490,0.7811414076064414,0.7811414072890833
DRegular,20,3,,6,10,60.40399308712222,65.34764253813773,570,566,0.8247517010881944,0.824751705628967
DRegular,20,3,,6,11,58.21994756907225,58.121389284031466,522,522,0.85599547456783,0.8559954743101144
DRegular,20,3,,6,12,55.55185788916424,56.17463463800959,496,500,0.7439494409510939,0.7439494416856989
DRegular,20,3,,6,13,68.86957395588979,66.56273977388628,590,578,0.7768257256561729,0.78440152351631
DRegular,20,3,,6,14,58.174753345083445,58.22423478704877,510,504,0.7256398397681533,0.7256398405651524
DRegular,20,3,,6,15,64.07579293800518,71.04674535687082,552,556,0.7758076549771101,0.7758076557837161
DRegular,20,3,,6,16,49.05665215104818,48.91937494510785,442,442,0.8419779267643345,0.8419779267597568
DRegular,20,3,,6,17,60.430365056032315,54.000257706968114,484,484,0.6991645358787499,0.6991645358785928
DRegular,20,3,,6,18,49.45121066598222,49.16181070706807,434,434,0.8094686278724242,0.8094686278913262
DRegular,20,3,,6,19,51.37709730793722,51.085342017002404,454,454,0.8021573945771208,0.8021573945771059
DRegular,20,3,,7,0,62.38870200701058,60.619456455111504,568,558,0.8285064174014969,0.8285064167937838
DRegular,20,3,,7,1,75.24455848080106,77.36055217310786,678,700,0.8552510558506161,0.8552510689145143
DRegular,20,3,,7,2,68.42107254103757,68.30090967589058,600,600,0.8183453696217534,0.8183453743384348
DRegular,20,3,,7,3,70.07508599688299,69.14776157797314,618,616,0.8356662348471184,0.835666235559635
DRegular,20,3,,7,4,114.88084087800235,111.14485928299837,942,918,0.8835027059339455,0.8835027074322706
DRegular,20,3,,7,5,105.85859528090805,101.5045968669001,878,844,0.7750770378045918,0.7750770311998733
DRegular,20,3,,7,6,107.23875421495177,98.06766393384896,866,808,0.7976286140640116,0.797628629520745
DRegular,20,3,,7,7,95.75779170216992,97.64656345918775,776,788,0.8953843255057741,0.8953843224957183
DRegular,20,3,,7,8,73.15545275411569,81.16565556800924,612,666,0.8204493547742221,0.8204493529173782
DRegular,20,3,,7,9,93.01336261397228,86.268118330976,752,710,0.8237907595309424,0.8082078288014601
DRegular,20,3,,7,10,92.33752325898968,117.95080025983043,770,886,0.8597708445612704,0.871132710310623
DRegular,20,3,,7,11,90.40651630098,92.19995798007585,716,728,0.8717736531349749,0.8717736584042473
DRegular,20,3,,7,12,98.69260806310922,121.54400542797521,754,892,0.7969124641894096,0.795837683458331
DRegular,20,3,,7,13,96.42136980197392,89.78644394595176,752,718,0.7884520505876521,0.8106871124910362
DRegular,20,3,,7,14,95.70424652914517,95.72449291707017,730,732,0.8144340273367295,0.8144340176724632
DRegular,20,3,,7,15,99.07002089405432,110.025863628136,760,766,0.7849996893625337,0.7849996913956061
DRegular,20,3,,7,16,79.24188118404709,79.94387213583104,620,624,0.8614535611807468,0.8614535500404832
DRegular,20,3,,7,17,127.7143474239856,115.54325297498144,842,844,0.7858312517706383,0.7858312484183162
DRegular,20,3,,7,18,70.33337062899955,71.01965190516785,558,560,0.826582216868994,0.8265822172625681
DRegular,20,3,,7,19,89.76040802919306,88.92968956194818,680,672,0.8215542386171261,0.8215542342345658
DRegular,20,3,,8,0,109.35622444096953,109.30907487706281,852,852,0.8596235425862484,0.8596235429558801
DRegular,20,3,,8,1,104.61594404396601,107.43601085292175,862,880,0.8629564633509936,0.8629564728700254
DRegular,20,3,,8,2,107.39989139907993,106.22382927895524,834,826,0.800326587568531,0.800326580237305
DRegular,20,3,,8,3,118.765513519058,122.76426557591185,910,930,0.8669460156737017,0.8669460187410774
DRegular,20,3,,8,4,176.50513474503532,173.1202711199876,1306,1284,0.8729066930280913,0.9013960242410206
DRegular,20,3,,8,5,148.02292347420007,147.35113328881562,1124,1112,0.7891960792032349,0.789196080802341
DRegular,20,3,,8,6,139.999264330836,126.85073605994694,1058,972,0.810930381441637,0.8109303848327118
DRegular,20,3,,8,7,129.69845209177583,135.70612973487005,974,1002,0.8907243427802365,0.8907243718664317
DRegular,20,3,,8,8,132.93827129295096,146.16853587096557,948,1026,0.8641136834547649,0.8641137222837592
DRegular,20,3,,8,9,156.21202743798494,123.52507978212088,1104,916,0.8149535646064796,0.813848478479404
DRegular,20,3,,8,10,145.03015047986992,161.07310559414327,1048,1142,0.8871111600987593,0.902250607357123
DRegular,20,3,,8,11,148.63181420601904,162.69665957288817,1030,1096,0.8816913420840011,0.8898821136403017
DRegular,20,3,,8,12,168.81606667581946,158.64514790894464,1126,1088,0.7316547972175725,0.8041987221191287
DRegular,20,3,,8,13,166.7048980440013,131.42727112397552,1052,934,0.8004705818633874,0.7910713605036942
DRegular,20,3,,8,14,156.1045528058894,159.98845180892386,1044,1060,0.833373278003125,0.833373286275383
DRegular,20,3,,8,15,159.59461482195184,170.11073925020173,1074,1046,0.7910676146908108,0.7910676091576551
DRegular,20,3,,8,16,126.32699955394492,132.66696338984184,864,894,0.8934081123610336,0.8934081123182338
DRegular,20,3,,8,17,190.30002811201848,168.93447105400264,1128,1118,0.7834785910770257,0.7834785898900581
DRegular,20,3,,8,18,131.6241824638564,133.7682654671371,868,872,0.8542736274843403,0.8542736477700617
DRegular,20,3,,8,19,149.49141429597512,133.7027186260093,908,902,0.8556448123825358,0.8356641870934876
DRegular,20,3,,9,0,172.8343571680598,177.28532451111823,1196,1222,0.8759594298731592,0.8759594266859136
DRegular,20,3,,9,1,228.57953789294697,162.88768223905936,1530,1176,0.8792943377907347,0.8723874077370162
DRegular,20,3,,9,2,142.82013330585323,145.63145839609206,1022,1038,0.8900819146384462,0.890081916445558
DRegular,20,3,,9,3,190.00590959913097,183.25289275799878,1284,1254,0.8751135465832514,0.8790888480395938
DRegular,20,3,,9,4,252.24809792195447,263.34371499414556,1700,1756,0.8683355989805666,0.8327071754788977
DRegular,20,3,,9,5,215.55077620199881,220.09392534010112,1474,1484,0.800681271870261,0.7845878801536984
DRegular,20,3,,9,6,191.26706863497384,191.52516994299367,1314,1304,0.8215540824528996,0.821554096848057
DRegular,20,3,,9,7,174.533877722919,183.7645948631689,1188,1244,0.910941275282581,0.9109412697650043
DRegular,20,3,,9,8,189.90997325908393,202.12183605600148,1230,1310,0.8728972855461996,0.8728972401731532
DRegular,20,3,,9,9,202.47009619907476,167.00560194510035,1328,1130,0.8509398302007821,0.7754124709297598
DRegular,20,3,,9,10,244.5558993718587,213.975149492966,1530,1388,0.8864152412627939,0.9010945253808351
DRegular,20,3,,9,11,227.36018519289792,211.98311709496193,1404,1340,0.8818195702570479,0.9106692891569159
DRegular,20,3,,9,12,307.0732739351224,207.67840072093531,1778,1314,0.8136848755973316,0.8466772832576233
DRegular,20,3,,9,13,217.41039775009267,202.21939042699523,1340,1260,0.8354265677639634,0.8137552934563139
DRegular,20,3,,9,14,265.0750852560159,247.92122036893852,1556,1472,0.8176100789525234,0.8176100840629087
DRegular,20,3,,9,15,227.44095954694785,246.7736069019884,1384,1358,0.8403730174999186,0.8403730180397838
DRegular,20,3,,9,16,182.81043219799176,184.4795730158221,1114,1126,0.9010678810399986,0.9010678831088625
DRegular,20,3,,9,17,417.8872319669463,342.6829717149958,2018,1754,0.8058030500954578,0.8025634830640755
DRegular,20,3,,9,18,186.63394265295938,192.1687059570104,1118,1148,0.8638989663773653,0.8638989636875596
DRegular,20,3,,9,19,208.20348957297392,238.68954748194665,1236,1372,0.8470821637521084,0.8708780650163841
DRegular,20,3,,10,0,224.3016452610027,241.57343613402918,1444,1528,0.8970403721135392,0.897040377624543
DRegular,20,3,,10,1,325.7547171218321,242.89980562892742,2000,1564,0.8970276253629894,0.8944045572624526
DRegular,20,3,,10,2,273.48054864490405,281.29647922096774,1650,1688,0.8752580280845947,0.8920827204005548
DRegular,20,3,,10,3,232.877272966085,233.3851995849982,1488,1490,0.8919398560398442,0.8997923120216957
DRegular,20,3,,10,4,412.44076415500604,342.4095161021687,2316,2122,0.9166700295814738,0.9141765461829483
DRegular,20,3,,10,5,376.79504661099054,365.06803948502056,2230,2166,0.7973706735972935,0.824210404239873
DRegular,20,3,,10,6,291.2991791970562,417.4928057871293,1780,2328,0.8453908403295975,0.8561691108065903
DRegular,20,3,,10,7,248.62471678713337,271.06327576283365,1526,1632,0.9492059176425367,0.9521813727745618
DRegular,20,3,,10,8,273.8988482649438,296.8472471421119,1604,1724,0.866166219821431,0.8661662461867361
DRegular,20,3,,10,9,249.12552496395074,248.7992208718788,1538,1488,0.8627585366429025,0.8151135276155208
DRegular,20,3,,10,10,322.0467653539963,274.3386832398828,1820,1666,0.9267601343124061,0.9196256685807946
DRegular,20,3,,10,11,423.8564045180101,307.5048740040511,2244,1744,0.9299895730573584,0.931580545806107
DRegular,20,3,,10,12,428.03100102813914,295.58055045013316,2288,1694,0.8429785869858945,0.8257255776068995
DRegular,20,3,,10,13,446.5123049588874,256.84235057001933,2330,1498,0.8049248708040007,0.8119604409721575
DRegular,20,3,,10,14,336.598559000995,323.8395717239473,1842,1788,0.8210209006647236,0.8210209373571635
DRegular,20,3,,10,15,280.1581249530427,305.27656993991695,1606,1574,0.8332007474515084,0.8332007528365316
DRegular,20,3,,10,16,308.486902205972,347.3829078869894,1640,1808,0.9281436534651111,0.9281436634724853
DRegular,20,3,,10,17,550.9815236940049,448.5097224160563,2526,2126,0.8194667380500031,0.8416090668756576
DRegular,20,3,,10,18,325.78758105007,330.3377995409537,1700,1704,0.8836813306642846,0.8836813207435092
DRegular,20,3,,10,19,348.02786940103397,361.81854590098374,1812,1876,0.8497285947342652,0.8542549878219501
complete,5,,,1,0,0.6676094392314553,0.24713179003447294,20,20,0.5801787318458196,0.5801787318458183
complete,5,,,2,0,0.7703200783580542,0.8138134581968188,74,74,0.6815264293803782,0.6815264293803784
complete,5,,,3,0,1.7953443080186844,1.9164900770410895,154,154,0.840366360310945,0.8403663603109415
complete,5,,,4,0,3.356030622497201,3.618872182443738,250,250,0.8873028174504931,0.8873028174504687
complete,5,,,5,0,9.670073500834405,9.775753204710782,538,544,0.999999986860161,0.9999999973884819
complete,5,,,6,0,13.381891261786222,14.093812827020884,684,712,0.9999999981510652,0.9999999968164661
complete,5,,,7,0,17.30085889995098,17.259323936887085,806,820,0.9999999985559294,0.9999999973792462
complete,5,,,8,0,20.426506992429495,21.00073130056262,900,920,0.999999996503854,0.9999999826863673
complete,5,,,9,0,25.791799599304795,23.429811825044453,1044,986,0.9999999903867405,0.9999999931830064
complete,5,,,10,0,29.190485870465636,27.72433084063232,1118,1090,0.9999999972936262,0.9999999993305555
complete,6,,,1,0,0.3717445069923997,0.33076034113764763,24,24,0.5064361795699917,0.5064361795699952
complete,6,,,2,0,1.033547512255609,1.0407055728137493,78,78,0.07172309422880296,0.07172309422880119
complete,6,,,3,0,2.0463107489049435,2.0407871659845114,130,130,0.8423136010058734,0.8423136010058858
complete,6,,,4,0,4.255129396915436,4.290904960595071,224,224,0.7483526729225507,0.7483526729225582
complete,6,,,5,0,8.355856226757169,8.630933624692261,364,366,0.9337259785363203,0.933725979315577
complete,6,,,6,0,18.562654189765453,17.078638898208737,662,610,0.9999628948999755,0.9681318738859077
complete,6,,,7,0,23.495686884969473,22.48081603087485,780,746,0.999999989329905,0.9999999951515908
complete,6,,,8,0,31.983070142567158,29.76905927248299,972,904,0.9999999803548416,0.9999999875616972
complete,6,,,9,0,41.106133949011564,37.013646928593516,1148,1042,0.999999987019919,0.999999981310614
complete,6,,,10,0,49.352239498868585,45.58685472421348,1284,1186,0.9999999874090846,0.9999999187593276
complete,7,,,1,0,0.45201487466692924,0.4003647305071354,26,26,0.45670431831739844,0.4567043183174029
complete,7,,,2,0,1.1937733637169003,1.2033217484131455,72,72,-1.6583400255719671,-1.658340025571973
complete,7,,,3,0,2.331597223877907,2.3742644526064396,120,120,-0.4754518553541649,-0.4754518553541578
complete,7,,,4,0,9.331305327825248,9.020806680433452,348,334,0.6586260653313518,0.6586260653282503
complete,7,,,5,0,14.369121395982802,13.892757905647159,482,462,0.6366762526794449,0.6366762585283414
complete,7,,,6,0,20.59494018368423,20.803044472821057,622,616,0.9337059010620834,0.9337059124167091
complete,7,,,7,0,79.14111802075058,54.57844781689346,1758,1262,0.9999998015092215,0.9379301600456991
complete,7,,,8,0,97.08104438800365,81.96415735501796,2058,1732,0.9999999952087917,0.9999998242368946
complete,7,,,9,0,114.80929649155587,100.98625815473497,2330,2012,0.9999999252685701,0.9999999578291412
complete,7,,,10,0,134.06791655998677,120.39164735935628,2582,2260,0.9999999945533453,0.999999931934501
complete,8,,,1,0,0.43596348725259304,0.4936015261337161,24,24,0.42175472520638735,0.4217547252063838
complete,8,,,2,0,2.41443526186049,3.5995148746296763,114,170,-0.6980026252486837,-0.6980026252486908
complete,8,,,3,0,4.479482050053775,6.021051247604191,184,248,0.33676617409938103,0.3367661732176188
complete,8,,,4,0,7.822960405610502,9.359366858378053,268,330,-0.25056793845613257,-0.25056793728516524
complete,8,,,5,0,32.14972903113812,26.081224244087934,778,676,0.835751916778591,0.8610371080897554
complete,8,,,6,0,49.34721975028515,40.13759212847799,1068,922,0.6329638859608488,0.44521547069193
complete,8,,,7,0,73.94586299918592,70.67596729192883,1454,1386,0.8774706570136157,0.9704383174380933
complete,8,,,8,0,165.53721290733665,142.30839515384287,2692,2340,0.9909787432500172,0.9999996953305912
complete,8,,,9,0,212.03957945015281,175.70110437553376,3246,2734,0.9999997090401536,0.9999998292225358
complete,8,,,10,0,254.21282948181033,218.28004213050008,3680,3200,0.9999998118718993,0.9999989819240058
complete,9,,,1,0,0.6749115856364369,0.6814138405025005,32,32,0.3966534691255994,0.39665346912559585
complete,9,,,2,0,1.8930272124707699,1.9421391999348998,78,78,-1.853053090066715,-1.8530530900667053
complete,9,,,3,0,5.689005766995251,5.672935368493199,180,180,-5.020313697219965,-5.020313698083408
complete,9,,,4,0,12.214808874763548,12.575274056755006,318,318,-1.1319842400244449,-1.1319842605326542
complete,9,,,5,0,21.081603977829218,19.37228828575462,468,434,0.4415100476827245,0.44151002331706835
complete,9,,,6,0,72.21797616686672,39.64797342196107,1204,720,0.7384149316895545,0.7402862660957545
complete,9,,,7,0,100.53052659984678,72.62403688393533,1536,1134,0.3804766272799398,0.7866798433917808
complete,9,,,8,0,157.73144732788205,131.80846669804305,2182,1768,0.9759069670573197,0.4959585432010858
complete,9,,,9,0,257.3743186844513,232.6768162837252,3134,2722,0.9999996032569332,0.9263744221236294
complete,9,,,10,0,364.46999257057905,333.62939093541354,4088,3600,0.999987157538655,0.9999995921694893
complete,10,,,1,0,0.6272829249501228,0.6291477605700493,24,24,0.48547756404632025,0.48547756404623854
complete,10,,,2,0,2.0439985962584615,2.062033224850893,68,68,-0.16416032419398086,-0.16416032419403592
complete,10,,,3,0,10.109679332002997,10.40266193728894,248,254,0.7194679267594317,0.7194679257738557
complete,10,,,4,0,21.22706058435142,20.961728380061686,438,436,-0.6093100340884359,-0.6093100985565201
complete,10,,,5,0,38.49246733263135,34.620221017859876,684,628,-2.2880521077880793,-2.2880522124917597
complete,10,,,6,0,63.874406390823424,63.38833351340145,982,970,0.5792975648751479,-0.01591802179392232
complete,10,,,7,0,99.67933343257755,108.33542095590383,1346,1432,0.47379800285108686,0.59854400662174
complete,10,,,8,0,154.5899737207219,163.15740082599223,1850,1902,0.9360094284373659,0.9638643320245723
complete,10,,,9,0,259.0432767830789,355.292904375121,2678,3370,0.9697400394679008,0.9714690094389731
complete,10,,,10,0,410.914736145176,552.2498553758487,3740,4796,0.9999977532745135,0.984763820341616
complete,11,,,1,0,0.7073863325640559,0.7526045367121696,24,24,0.48553568955642135,0.48553568955648885
complete,11,,,2,0,2.6839978713542223,2.6786150988191366,76,76,-0.10005244892626663,-0.10005244892638743
complete,11,,,3,0,9.202784036286175,9.009066538885236,196,196,0.7541682444455091,0.7541682444452231
complete,11,,,4,0,24.397340572439134,25.09656155668199,418,438,0.9673147608879624,0.9673147885354041
complete,11,,,5,0,39.09309684764594,40.34473890159279,588,622,0.992225580808249,0.9922270183236463
complete,11,,,6,0,79.73321340233088,80.85561503656209,996,1040,0.9994449912891596,0.9971555494958437
complete,11,,,7,0,122.03438272792846,152.52544169779867,1350,1674,0.9999812084160844,0.9999707835299247
complete,11,,,8,0,172.33946865331382,233.36205365229398,1736,2298,0.9999922378028856,0.9999916056864073
complete,11,,,9,0,219.00425834860653,256.44023181684315,2046,2450,0.9999530119926483,0.9999927181869381
complete,11,,,10,0,274.4021971253678,308.0881859436631,2372,2766,0.999996207540768,0.9999937507951202
complete,12,,,1,0,0.9818778056651354,0.9816338634118438,32,32,0.48557617413494825,0.4855761741348985
complete,12,,,2,0,3.1436300575733185,3.1265296591445804,82,82,-0.04579150018073008,-0.04579150018101075
complete,12,,,3,0,11.52238121908158,11.579105135053396,220,220,0.7546956191613887,0.7546956191611258
complete,12,,,4,0,20.282512610778213,20.391857024282217,334,334,0.807845890017397,0.8078458904016159
complete,12,,,5,0,39.78155733831227,42.384431910701096,542,564,0.9910794965620582,0.9910795095167302
complete,12,,,6,0,97.6428000498563,112.46591244265437,1052,1178,0.9977836346694673,0.9977839240797479
complete,12,,,7,0,149.2273688064888,145.96134059596807,1442,1434,0.9999005947035258,0.9999700669585181
complete,12,,,8,0,194.8828355455771,203.47848308086395,1756,1814,0.9999934012701672,0.9999175700848966
complete,12,,,9,0,236.97322338819504,243.32807733025402,1994,2036,0.9999868270978141,0.9999246919924047
complete,12,,,10,0,300.9052533162758,290.8995664017275,2340,2284,0.9999934529849099,0.9999922685687714
complete,13,,,1,0,1.131519889459014,1.1819192608818412,32,32,0.4856119667004677,0.48561196670053874
complete,13,,,2,0,3.9794782251119614,3.9819163531064987,90,90,-0.0008985523252960093,-0.0008985523252427186
complete,13,,,3,0,13.555895471945405,13.573683419264853,228,228,0.7555734461256165,0.7555734461247567
complete,13,,,4,0,27.355194449424744,27.051232371479273,384,378,0.8122470618662092,0.8122470951366125
complete,13,,,5,0,56.426474288105965,50.618739678524435,654,592,0.9912799849324045,0.9912799119952638
complete,13,,,6,0,154.38058972358704,121.97937922831625,1410,1130,0.9975961473738337,0.9975938200550019
complete,13,,,7,0,215.64581455569714,194.41490568965673,1822,1594,0.9999323909903524,0.9999783406524756
complete,13,,,8,0,268.37915542908013,250.09638735838234,2112,1908,0.9998708663796236,0.99988737418483
complete,13,,,9,0,334.6525819739327,300.52012982591987,2436,2164,0.9999246557594859,0.9999387273112887
complete,13,,,10,0,397.05141782201827,361.40501465275884,2702,2438,0.9999945425260606,0.9999952435860564
complete,14,,,1,0,1.2272089710459113,1.2216342659667134,30,30,0.48564788216462773,0.485647882165253
complete,14,,,2,0,4.255865555256605,4.278392058797181,84,84,0.03553825510207531,0.03553825510210373
complete,14,,,3,0,16.20661039929837,16.657011028379202,234,240,0.7566099313160137,0.7566099214339204
complete,14,,,4,0,29.00023846887052,31.79285793285817,358,386,0.8163434316090203,0.8163434281451458
complete,14,,,5,0,60.310787023976445,68.21971841901541,604,676,0.9915370107845476,0.9915337705508129
complete,14,,,6,0,130.4159878976643,163.94728064816445,1066,1312,0.9961693029020893,0.997422942704457
complete,14,,,7,0,214.52060975786299,230.81495622824878,1546,1700,0.9999881617032003,0.9999617916385368
complete,14,,,8,0,266.5229330100119,370.07469421904534,1800,2368,0.9999305085254448,0.9999544254616453
complete,14,,,9,0,321.8210239764303,451.0174367884174,2064,2722,0.9999864960508162,0.9998858446921446
complete,14,,,10,0,382.6370068117976,546.2194381505251,2298,3106,0.9999242968399606,0.9999738291866294
complete,15,,,1,0,1.6035014623776078,1.6094252839684486,36,36,0.48568539889400597,0.4856853988944536
complete,15,,,2,0,5.515550118871033,5.622268000617623,96,96,0.0647606603330182,0.06476066033399519
complete,15,,,3,0,19.001300141215324,19.47416137252003,244,248,0.7577084389921254,0.7577084368605185
complete,15,,,4,0,35.777094847522676,37.14466712810099,386,392,0.8201562047747188,0.8201563578318911
complete,15,,,5,0,72.22615551482886,76.12523779924959,638,656,0.9917916331723191,0.9917919805512412
complete,15,,,6,0,141.0035664504394,144.7709367433563,1040,1046,0.9956500651511391,0.9960795609496387
complete,15,,,7,0,214.3967697583139,243.1952164331451,1404,1528,0.9995477104247357,0.9999881841929152
complete,15,,,8,0,312.6026145266369,401.94553443975747,1824,2200,0.9997542956403223,0.9999870496662098
complete,15,,,9,0,415.60288653708994,508.4277023198083,2218,2596,0.9999106700249243,0.9999805161435376
complete,15,,,10,0,465.9945086976513,627.4609624398872,2384,2996,0.9998198352151917,0.9999727396664753
complete,16,,,1,0,1.7609820421785116,1.7751610931009054,34,34,0.4857246515008953,0.4857246515008242
complete,16,,,2,0,5.838985473848879,5.937492156401277,88,88,0.08798598253409295,0.08798598253474665
complete,16,,,3,0,24.412777894176543,25.085368869826198,262,266,0.7588154800567537,0.7588154822251738
complete,16,,,4,0,47.34449537098408,44.82854058779776,428,406,0.8237195620973381,0.8237195506631139
complete,16,,,5,0,96.71887925826013,86.12546175066382,720,646,0.9920227684895906,0.9920227679337827
complete,16,,,6,0,246.7730960668996,176.00834022276103,1458,1028,0.9998663395560143,0.9959547386693046
complete,16,,,7,0,326.02715141139925,256.6491826204583,1790,1328,0.9885233405253828,0.9992394897240331
complete,16,,,8,0,470.6695272382349,419.77974389400333,2318,1886,0.999569378092815,0.9995682395490206
complete,16,,,9,0,560.4728352148086,508.52927321475,2608,2152,0.9998080302344619,0.9999162501457093
complete,16,,,10,0,673.827544728294,682.6878513582051,2934,2580,0.9999689726176442,0.9999530353094173
complete,17,,,1,0,2.950551813468337,2.2710483325645328,34,34,0.4857652787350162,0.48576527873420616
complete,17,,,2,0,7.821020352654159,8.00574931036681,92,92,0.10630779322725914,0.10630779322839601
complete,17,,,3,0,29.770856539718807,29.270969171077013,248,248,0.7599001455533454,0.7599001457661672
complete,17,,,4,0,58.0451016779989,61.62453949265182,414,428,0.8270594942388811,0.8270594896006855
complete,17,,,5,0,81.96151755284518,109.08564505260438,526,646,0.9540789166137316,0.9922225911686127
complete,17,,,6,0,203.19560391828418,245.86298855859786,994,1226,0.9960196828907613,0.9969587417186716
complete,17,,,7,0,359.5585889797658,356.57808270771056,1512,1626,0.999906340197299,0.9999387788675733
complete,17,,,8,0,554.6797890868038,432.41264645941556,2082,1858,0.9996183126827702,0.9994286550127924
complete,17,,,9,0,631.1029316131026,587.2096983147785,2276,2284,0.9999287985793899,0.9998811091927848
complete,17,,,10,0,867.4438142627478,665.1374272583053,2820,2472,0.9998927008157494,0.999665449843306
complete,18,,,1,0,2.6905664391815662,2.7596461260691285,36,36,0.4858067842226532,0.4858067842236409
complete,18,,,2,0,8.742833147756755,8.845579551532865,90,90,0.12066195403919266,0.12066195403789948
complete,18,,,3,0,33.317003985866904,33.804262342862785,248,248,0.7609446403229327,0.7609445909133257
complete,18,,,4,0,65.2190755251795,61.41387857217342,404,382,0.8301955833614159,0.8301956137145083
complete,18,,,5,0,89.87124707829207,92.62541352771223,506,492,0.953441807208506,0.953438849941179
complete,18,,,6,0,231.00628807861358,251.90751706715673,958,1034,0.996557349414303,0.995902442182313
complete,18,,,7,0,484.1457065027207,473.0950509440154,1718,1666,0.9998470112443627,0.9998562992286608
complete,18,,,8,0,668.0158683964983,677.6804227391258,2172,2186,0.9995810313620552,0.9999655326777912
complete,18,,,9,0,980.5639884127304,858.1395089598373,2872,2594,0.9998099911047404,0.9999724514822503
complete,18,,,10,0,1169.8227531537414,1290.2213855516165,3264,3460,0.999911827060231,0.9997447227846834
complete,19,,,1,0,3.5875493017956614,3.5871077543124557,42,42,0.48584868442223694,0.4858486844219527
complete,19,,,2,0,11.59472850523889,11.632977666333318,104,104,0.13182866393599113,0.1318286639366022
complete,19,,,3,0,40.46531336847693,42.65877983625978,264,274,0.7619393102647862,0.7619392510432874
complete,19,,,4,0,83.42867587693036,86.19190692249686,440,458,0.833142944923722,0.8331430162850779
complete,19,,,5,0,146.1519424468279,218.25176305230707,664,914,0.9925316795544035,0.9899413634976497
complete,19,,,6,0,244.79955540038645,330.92270248383284,954,1240,0.9936829079039597,0.9625660657093817
complete,19,,,7,0,494.7824321379885,563.4778602328151,1580,1824,0.9983227332511717,0.9968957414795554
complete,19,,,8,0,771.4081571679562,1128.144559145905,2194,3056,0.9997956348290984,0.9971593607714837
complete,19,,,9,0,892.8346049524844,1405.9146348657086,2428,3592,0.9994477842671969,0.9996128465422913
complete,19,,,10,0,1095.8815726786852,1638.0913846958429,2754,3986,0.9998175605116302,0.9987536307738765
complete,20,,,1,0,4.071366662159562,7.561773071065545,40,40,0.4858905623693772,0.4858905623680698
complete,20,,,2,0,13.444220972247422,13.681168026290834,100,100,0.14044861733898273,0.14044861734058856
complete,20,,,3,0,52.30347442533821,55.10551621392369,278,278,0.7628796338260244,0.7628796556926289
complete,20,,,4,0,102.71815071906894,104.80190742295235,456,454,0.8359142157084491,0.8359141662537368
complete,20,,,5,0,176.26039190776646,154.1130317961797,668,596,0.9522226574663719,0.9521950190201949
complete,20,,,6,0,426.86765877436846,379.6621382953599,1276,1134,0.9959333589466866,0.9959529012278239
complete,20,,,7,0,643.2130494667217,715.1030917344615,1728,1818,0.9993732507703044,0.9997445963422535
complete,20,,,8,0,957.2330756792799,961.6902840742841,2300,2180,0.9991100018593357,0.9979920555971944
complete,20,,,9,0,1401.7160681905225,1238.576590997167,3010,2576,0.9995718917649583,0.9978408907379759
complete,20,,,10,0,1699.3728588996455,1539.5298122558743,3430,3000,0.9995623474435291,0.9994729379984335
linear,5,,,1,0,0.28667881339788437,0.32311106380075216,26,44,0.4770887242410568,0.7609179498889121
linear,5,,,2,0,0.5743929371237755,0.7186653120443225,74,96,0.6468575260894188,0.9072021145803572
linear,5,,,3,0,1.1340503580868244,1.3981452845036983,130,168,0.5763579225478506,0.9780357495886963
linear,5,,,4,0,1.7770815985277295,4.042648528702557,178,384,0.7468692060725012,0.9999999998959096
linear,5,,,5,0,4.286809674464166,5.1301759500056505,350,454,0.8827933827294324,0.6666665760787426
linear,5,,,6,0,5.7252887496724725,6.469859406352043,430,532,0.9367784807885581,0.9988369064447289
linear,5,,,7,0,8.138689482584596,8.587373243644834,548,632,0.8920780242975422,0.999999955250845
linear,5,,,8,0,15.975258734077215,12.887505701743066,886,820,0.9888232610961083,0.999999994001833
linear,5,,,9,0,28.01425531785935,17.01871467474848,1346,972,0.9985060034370609,0.9999993778618456
linear,5,,,10,0,38.07972339633852,30.82672665733844,1694,1450,0.9989798674283605,0.9999979148099136
linear,6,,,1,0,0.2481940146535635,0.23780429270118475,20,22,0.5778230669070666,0.6552735643338948
linear,6,,,2,0,0.6615055175498128,0.5200675409287214,68,52,0.7536307829612978,0.7986018717782231
linear,6,,,3,0,1.4097173428162932,1.2026505125686526,132,114,0.7502741333849344,0.8437711961518143
linear,6,,,4,0,3.208166596479714,2.8951151883229613,258,228,0.9003582025503459,0.9999999997020863
linear,6,,,5,0,5.242427922785282,6.049068132415414,366,402,0.9146714740654431,0.9999999999621153
linear,6,,,6,0,7.680762559175491,12.7876488417387,484,720,0.9693772286376766,0.9999169853900666
linear,6,,,7,0,13.165476922877133,31.131582476198673,700,890,0.9702178692882887,0.9999999987849245
linear,6,,,8,0,20.206579500809312,24.67563744261861,962,1162,0.9676275842463599,0.9999999800697844
linear,6,,,9,0,31.315944199450314,29.569408266805112,1312,1296,0.9720775629062711,0.99999962345674
linear,6,,,10,0,42.64228863082826,38.68636706098914,1648,1584,0.9650564923789752,0.999999391476995
linear,7,,,1,0,0.2549518970772624,0.3104465799406171,22,24,0.5094734937667075,0.521499000442524
linear,7,,,2,0,0.8109825607389212,0.5432512303814292,78,54,0.6456842273740792,0.7864319812849296
linear,7,,,3,0,1.7648093421012163,1.4518602844327688,148,120,0.6571151792320378,0.9877819282835233
linear,7,,,4,0,3.3806195482611656,3.7985896775498986,244,258,0.7565884221164804,0.9928968292062305
linear,7,,,5,0,6.519336985424161,9.347416259348392,394,520,0.7814059151890241,0.9999987835999404
linear,7,,,6,0,11.028650935739279,13.042813620530069,576,672,0.8382163559878965,0.9999998468287694
linear,7,,,7,0,17.589505156502128,14.74304652493447,800,728,0.838814032571298,0.999999873399185
linear,7,,,8,0,26.707381644286215,19.05629736185074,1080,864,0.8947194486792109,0.9999999950616549
linear,7,,,9,0,33.44989975448698,22.834808125160635,1264,962,0.9104496262937762,0.9999999881374121
linear,7,,,10,0,48.29693170916289,25.212007607333362,1634,1022,0.9338845406671574,0.9999994655833684
linear,8,,,1,0,0.25825124606490135,0.3342954171821475,20,22,0.5858857052750643,0.6524311485417995
linear,8,,,2,0,0.9671855550259352,0.5646073957905173,84,50,0.726341550679112,0.8003361235341906
linear,8,,,3,0,2.1284970697015524,1.5005140472203493,160,110,0.7518994411119441,0.7703899905831545
linear,8,,,4,0,4.389789261855185,3.8758786553516984,274,220,0.8556916478152803,0.9999999997514475
linear,8,,,5,0,9.11279418412596,9.055781675502658,470,422,0.8816312584708154,0.9999999999079354
linear,8,,,6,0,13.748344180174172,14.34806964918971,632,596,0.8803406196745012,0.9999999986814685
linear,8,,,7,0,21.235019009560347,21.537007305771112,856,806,0.9426914834371011,0.9999999999182092
linear,8,,,8,0,34.13867253065109,28.8018012708053,1210,976,0.9771199398887586,0.999999930497515
linear,8,,,9,0,50.127910900861025,36.58057929109782,1586,1154,0.9706600251373286,0.9999995209065905
linear,8,,,10,0,82.25405361875892,47.17708854749799,2266,1374,0.989614780773367,0.9999999846610617
linear,9,,,1,0,0.29279465042054653,0.3073902381584048,20,22,0.5299873882077235,0.5475783410097541
linear,9,,,2,0,1.0808966364711523,0.615512428805232,84,50,0.5758422155850103,0.7885300197691671
linear,9,,,3,0,2.038868634030223,1.7111372230574489,136,112,0.6439593538903132,0.7862852695622122
linear,9,,,4,0,3.1420157896354795,3.6920330170542,188,200,0.6893935290438614,0.9736484555436515
linear,9,,,5,0,6.082595405168831,7.897702828980982,298,360,0.791178978103184,0.993295869656983
linear,9,,,6,0,9.959585901349783,18.14265038166195,416,676,0.7971956367007043,0.9936478424338524
linear,9,,,7,0,16.000409999862313,48.986585655249655,582,1514,0.8187124477816067,0.7983493706174536
linear,9,,,8,0,30.645881889387965,79.98970516305417,926,2230,0.8549342291455148,0.9990484477181252
linear,9,,,9,0,43.55843221955001,114.21656016074121,1206,2968,0.8205096456927207,0.9990565079795651
linear,9,,,10,0,82.62423726264387,230.57128204405308,1942,5150,0.8607379938862068,0.7997913797700443
linear,10,,,1,0,0.32339714001864195,0.32143277395516634,22,22,0.5913636419327771,0.6516310409342688
linear,10,,,2,0,1.1985808527097106,0.7235134989023209,86,52,0.6456462721749512,0.8021573257127207
linear,10,,,3,0,2.495372209697962,1.7009694557636976,154,102,0.7184466368073241,0.808976477227026
linear,10,,,4,0,3.657784548588097,4.563681277446449,198,220,0.7671939598787523,0.9999999999961823
linear,10,,,5,0,6.930421115830541,14.5134755698964,308,550,0.8740200953281836,0.9735242342017643
linear,10,,,6,0,11.569962544366717,19.120093818753958,436,674,0.8805465356419706,0.999999797094086
linear,10,,,7,0,25.70914772991091,29.54753087926656,782,922,0.9226030275844934,0.9999999961021586
linear,10,,,8,0,37.00214890483767,46.42324351053685,1020,1276,0.9147790265184241,0.9999999254729708
linear,10,,,9,0,52.63055562321097,55.41071144212037,1316,1456,0.941334015361312,0.9999999975934883
linear,10,,,10,0,77.5178189156577,83.76527276355773,1738,1928,0.9428380249909706,0.9999993864046935
linear,11,,,1,0,0.3397234622389078,0.3239183211699128,22,20,0.5440058789538816,0.5650796647985682
linear,11,,,2,0,1.0976979490369558,0.7381355362012982,72,46,0.59629290808391,0.7909577865495252
linear,11,,,3,0,2.1640157382935286,2.458481322042644,124,124,0.6659405284362747,0.874839417260036
linear,11,,,4,0,4.44131307117641,6.251154848374426,206,254,0.7709864067331411,0.9818170723198684
linear,11,,,5,0,7.7926450204104185,12.730418609455228,306,436,0.7583487496310067,0.9962293230505802
linear,11,,,6,0,13.284809718839824,27.163323420099914,426,786,0.8096909473262514,0.8332035910555255
linear,11,,,7,0,21.16096218675375,51.75902729295194,588,1292,0.8149703134563038,0.9995425812941733
linear,11,,,8,0,35.14245006348938,81.26834028214216,840,1816,0.8607145536279424,0.8332811861002973
linear,11,,,9,0,61.097515895962715,134.5184384956956,1260,2684,0.8877661698404585,0.9991444178603905
linear,11,,,10,0,89.86266825441271,179.07601670641452,1678,3298,0.8920175846799129,0.8332193807228535
linear,12,,,1,0,0.3586297743022442,0.3384749135002494,22,20,0.5952489256849921,0.6514201434116033
linear,12,,,2,0,1.3853976912796497,0.8173426520079374,82,48,0.6546038619221914,0.8036809097266001
linear,12,,,3,0,2.6284170523285866,2.2548033287748694,132,106,0.7300691557147054,0.8363932517922152
linear,12,,,4,0,4.888497316278517,6.095863923430443,204,228,0.8369345192786853,0.9999999996896815
linear,12,,,5,0,8.788568305782974,14.846935422159731,306,456,0.8286706071240006,0.9965675833639763
linear,12,,,6,0,14.676280085928738,21.333711286075413,430,596,0.8778448277948095,0.9999999994804211
linear,12,,,7,0,25.271492523141205,27.736086449585855,634,714,0.8799217199119697,0.9999999076027658
linear,12,,,8,0,44.15000953618437,35.17252966761589,936,840,0.9287189663611534,0.999999673309499
linear,12,,,9,0,75.01952834427357,49.43256379943341,1402,1046,0.9659385292201849,0.9999999727117141
linear,12,,,10,0,109.69761852454394,68.30083351116627,1846,1302,0.9688705059681927,0.9999997422390857
linear,13,,,1,0,0.41760776191949844,0.4183456767350435,26,20,0.5541615602892962,0.577625518672641
linear,13,,,2,0,1.3015170386061072,0.8632748322561383,74,48,0.6111040398292577,0.7931840908105589
linear,13,,,3,0,2.6488457899540663,2.5823464076966047,124,112,0.6808913878628567,0.7389854377506487
linear,13,,,4,0,5.231472639366984,5.55270089302212,200,198,0.7740147496143213,0.9489143151500491
linear,13,,,5,0,9.022340486757457,11.497565154917538,290,338,0.7708089001692154,0.9999999998739771
linear,13,,,6,0,15.540775717236102,28.963938142172992,420,690,0.810907791470188,0.9999999952998324
linear,13,,,7,0,23.96226974762976,51.14697464182973,566,1078,0.8196619289405345,0.857142850372077
linear,13,,,8,0,45.59659026470035,108.46573467645794,898,1946,0.8340520118122201,0.9999998122081335
linear,13,,,9,0,79.87014487572014,137.00336413737386,1364,2298,0.8667191941403127,0.9990523866292795
linear,13,,,10,0,113.46615613438189,196.1128991600126,1758,3032,0.8767831046453926,0.857138729549245
linear,14,,,1,0,0.45634935796260834,0.36801708210259676,28,20,0.5981292696767981,0.6514125328014478
linear,14,,,2,0,1.5343621680513024,0.9244304057210684,80,48,0.6611440813539683,0.8049162452128533
linear,14,,,3,0,2.9360082326456904,2.5401425482705235,128,102,0.7361162351774616,0.8566844226606972
linear,14,,,4,0,5.838453992269933,6.349688293412328,206,206,0.8308591407165327,0.9999999998889396
linear,14,,,5,0,9.441915502771735,19.682173972018063,286,496,0.8315162995508756,0.9848003163122963
linear,14,,,6,0,17.75705019198358,31.885229672305286,438,724,0.8694178791929164,0.9999999259435292
linear,14,,,7,0,27.300351292826235,49.31976225785911,588,1002,0.8804187465650263,0.9999999662962942
linear,14,,,8,0,48.24360922910273,61.95579517353326,882,1178,0.911625795864224,0.9999999957872385
linear,14,,,9,0,80.9714392349124,81.82223930675536,1300,1420,0.9440690816984911,0.9999996725072327
linear,14,,,10,0,155.27612808533013,105.0334750926122,2108,1676,0.9432726813286588,0.9999990149463115
linear,15,,,1,0,0.5455279806628823,0.4581012614071369,28,20,0.5618481765161796,0.5870562435317541
linear,15,,,2,0,1.7281894432380795,1.0690715219825506,84,50,0.6223026219432767,0.7951187187261702
linear,15,,,3,0,3.051455294713378,2.650999958626926,126,102,0.6924929722816766,0.7666596039759297
linear,15,,,4,0,6.214428232051432,5.782581061124802,204,178,0.7768085425381903,0.9480214865356981
linear,15,,,5,0,10.364402137696743,10.930795908905566,290,282,0.7808243192448896,0.9926041958817636
linear,15,,,6,0,18.935063240118325,21.31428121495992,434,456,0.8364324957755005,0.9912084476539043
linear,15,,,7,0,38.64363414607942,57.50697410479188,718,992,0.8371384513413209,0.9999999552480355
linear,15,,,8,0,64.4283112930134,84.53160539735109,1056,1328,0.837852092576504,0.9999999437768315
linear,15,,,9,0,82.11667586956173,100.11947424802929,1262,1508,0.848648599886215,0.9999999986882313
linear,15,,,10,0,119.12481685914099,231.08119538798928,1636,2868,0.8516771172262632,0.9999999948358231
linear,16,,,1,0,0.5249231206253171,0.4104354651644826,24,20,0.6003438323954946,0.6514798531704129
linear,16,,,2,0,2.0212183576077223,1.1069724438712,88,48,0.6661169383160279,0.8059215513248035
linear,16,,,3,0,3.45411544945091,3.444704939611256,130,116,0.7409376093013293,0.8722425380316327
linear,16,,,4,0,6.570596585050225,9.715782960876822,202,260,0.8266534858003743,0.9999999999984482
linear,16,,,5,0,10.831427794881165,22.11340709310025,280,488,0.8341741373626795,0.9999999999659841
linear,16,,,6,0,18.927433422766626,40.320483789779246,406,768,0.890600684832804,0.9999953708973603
linear,16,,,7,0,41.9614568259567,53.010827204212546,716,944,0.8894355858680937,0.9999803903055754
linear,16,,,8,0,62.227100671269,92.33542698528618,948,1396,0.8545567179762465,0.9999999742213763
linear,16,,,9,0,104.32438998483121,121.90429545287043,1398,1712,0.9225255822385585,0.9999999849499234
linear,16,,,10,0,163.70026137586683,142.0482819834724,1940,1890,0.925984045162977,0.9999980431958992
linear,17,,,1,0,0.550763051956892,0.4935632133856416,22,18,0.5678649306226595,0.5944027269892924
linear,17,,,2,0,2.136149249970913,1.2249424681067467,80,46,0.6310589584713314,0.7967784968032646
linear,17,,,3,0,3.7082436168566346,3.4962526131421328,120,104,0.7017105101871156,0.789024045266246
linear,17,,,4,0,7.127489252015948,7.697655945084989,188,188,0.7791332071924258,0.9473937447335753
linear,17,,,5,0,11.782793698832393,15.933415140025318,264,322,0.7889834559671173,0.99999999987134
linear,17,,,6,0,21.330330418422818,52.610009585507214,396,834,0.8398244264852717,0.887500035137019
linear,17,,,7,0,45.49659340828657,79.27668511494994,682,1146,0.8371766882590905,0.9755276776476456
linear,17,,,8,0,67.60402819141746,130.8172387527302,910,1686,0.8300857892899725,0.992051828493073
linear,17,,,9,0,96.90495486930013,272.7174917459488,1192,2978,0.8615971243303009,0.9966541068725085
linear,17,,,10,0,219.88062580302358,427.9355429597199,2220,4304,0.8758848184097641,0.9999251240081652
linear,18,,,1,0,0.5492448266595602,0.5118773747235537,22,20,0.6020971349463955,0.6515733628188524
linear,18,,,2,0,2.3556231670081615,1.4685661252588034,76,48,0.6700211627746265,0.8067494740479753
linear,18,,,3,0,4.236609709449112,4.263727101497352,118,110,0.7448399483852,0.8845217987047076
linear,18,,,4,0,8.516328459605575,8.735455689951777,192,186,0.8234808230263304,0.9443680408859341
linear,18,,,5,0,13.819985339418054,14.6677415529266,266,270,0.8365385908593185,0.9999999988388473
linear,18,,,6,0,25.139814124442637,23.78776047192514,400,378,0.8880283807056522,0.99999999964246
linear,18,,,7,0,66.96734869852662,57.151576805859804,690,718,0.8838399621593376,0.9999993566383281
linear,18,,,8,0,86.07930696289986,86.14273504260927,986,982,0.8779362248900792,0.9999990138989028
linear,18,,,9,0,124.37483261805028,109.44082638435066,1286,1164,0.9163068853461758,0.9999998751652753
linear,18,,,10,0,206.18353823199868,139.26614206749946,1884,1380,0.9288662914158551,0.9999999072859218
linear,19,,,1,0,0.6497605703771114,0.5766342813149095,22,18,0.5727010628540825,0.6002866467356336
linear,19,,,2,0,2.5546295177191496,1.4390125768259168,76,44,0.6380903068268008,0.7982030532523511
linear,19,,,3,0,4.7411355739459395,4.2544654831290245,120,100,0.7091946982460359,0.8074064740047657
linear,19,,,4,0,9.286541601642966,9.190455592237413,190,176,0.7810578251715052,0.9469474457911226
linear,19,,,5,0,14.59704646654427,29.526841898448765,258,432,0.7957287794819645,0.9999999991039491
linear,19,,,6,0,29.186620654538274,46.36960053537041,412,616,0.8426275285369836,0.9999980877092209
linear,19,,,7,0,68.51654208172113,62.09278704598546,780,756,0.8311291253598257,0.9999979396351705
linear,19,,,8,0,100.79826550465077,84.62034546583891,1038,942,0.8319018768190384,0.9999988470144942
linear,19,,,9,0,152.7750306976959,109.28899093158543,1418,1120,0.8735708365729765,0.9999999454474494
linear,19,,,10,0,206.53308394923806,139.79319068882614,1764,1316,0.8647826094629476,0.9999998023845151
linear,20,,,1,0,0.7079550428315997,0.6139848195016384,24,20,0.603518611915357,0.6516731134545539
linear,20,,,2,0,3.03624820522964,1.822132334113121,78,48,0.6731659258254563,0.807440482742031
linear,20,,,3,0,5.365330770611763,5.319395434111357,118,108,0.7480519737721074,0.8944462207264527
linear,20,,,4,0,10.581383123062551,10.874398480169475,188,180,0.8209926656024129,0.9455700737244033
linear,20,,,5,0,16.750468699261546,19.603147510439157,254,276,0.8386098843743538,0.9999999990400357
linear,20,,,6,0,32.959417229518294,30.44921707548201,402,376,0.8860450345515192,0.9999999946035057
linear,20,,,7,0,87.42115151695907,79.75345656927675,724,764,0.8741754001575558,0.9999999983000845
linear,20,,,8,0,119.00821429118514,116.4893698291853,1042,1018,0.8771339347851927,0.9999994232169197
linear,20,,,9,0,196.21367609873414,145.46678143553436,1520,1198,0.9063845356185475,0.9999999214919763
linear,20,,,10,0,306.3178005479276,291.01951258070767,2126,1624,0.909201705461987,0.9999999890234669
circular,5,,,1,0,0.30117968562990427,0.21920366771519184,20,20,0.7712509435331886,0.7712509435331883
circular,5,,,2,0,0.7301205899566412,0.7249402990564704,88,88,0.810572795776287,0.810572795776286
circular,5,,,3,0,1.6883723568171263,1.6619018977507949,178,178,0.9658732966804306,0.9658732966804067
circular,5,,,4,0,2.7294772984459996,2.6543941600248218,248,248,0.990758899971067,0.9907588999710577
circular,5,,,5,0,7.380028464831412,7.1850385228171945,526,530,0.997786239914525,0.9977862411007167
circular,5,,,6,0,19.002241525799036,14.362202963791788,782,902,0.999753296252014,0.9994354643535304
circular,5,,,7,0,30.054841730743647,24.966378677636385,1266,1392,0.9999327520485315,0.999883241601571
circular,5,,,8,0,28.12521584890783,33.48464710637927,1432,1730,0.9999999992299162,0.9999983940817295
circular,5,,,9,0,35.326399048790336,45.557721216231585,1702,2162,0.9999999839222597,0.9999995666105093
circular,5,,,10,0,38.797530706971884,52.97980728559196,1840,2382,0.9999999984688228,0.999999963752649
circular,6,,,1,0,0.23752120323479176,0.2359360260888934,20,20,0.6170007548265507,0.6534659776008458
circular,6,,,2,0,0.7104303920641541,0.5009608864784241,70,50,0.7021778912678851,0.8147711857542377
circular,6,,,3,0,1.2844615811482072,1.4802788365632296,116,124,0.8103462805597029,0.9866731723417251
circular,6,,,4,0,1.8031794531270862,2.3054008036851883,152,172,0.9755806067160187,0.973266763599685
circular,6,,,5,0,2.931572837755084,6.276298061013222,210,372,0.9949818558336458,0.9999999875790646
circular,6,,,6,0,5.199862640351057,12.351508080027997,308,622,0.9997336606893076,0.995138742281282
circular,6,,,7,0,17.527148691006005,24.066819177009165,784,1046,0.999977138491316,0.9960401777510476
circular,6,,,8,0,27.89341569878161,42.45913509558886,1080,1640,0.9999999971798839,0.9978951157532617
circular,6,,,9,0,34.90879286173731,56.7411490092054,1282,2028,0.9999999797153459,0.9979041975289453
circular,6,,,10,0,42.30642301402986,89.15012201108038,1472,2874,0.9999993996423777,0.9991946690521424
circular,7,,,1,0,0.2746423240751028,0.2732154605910182,20,20,0.7198342139643091,0.719834213964309
circular,7,,,2,0,0.8018880728632212,0.8003653464838862,70,70,0.8192075398125325,0.8192075398125326
circular,7,,,3,0,1.47458522208035,1.4739927304908633,116,116,0.9039736559925888,0.9039736559925888
circular,7,,,4,0,2.6249256543815136,2.618119053542614,178,178,0.9362052980348796,0.93620529803488
circular,7,,,5,0,4.84861858561635,4.835748488083482,270,270,0.9904566708468637,0.990456670846863
circular,7,,,6,0,11.398260306566954,11.308390379883349,510,510,0.9977682819564504,0.997768281956502
circular,7,,,7,0,18.764087996445596,18.218249006196856,738,734,0.9997867079927314,0.9997867164648246
circular,7,,,8,0,25.130730810575187,24.04147396516055,906,892,0.9947866690923516,0.9947866751671421
circular,7,,,9,0,47.73251990787685,56.85386442113668,1472,1706,0.9998381860270996,0.9998396138370035
circular,7,,,10,0,81.98179571609944,85.28032690566033,2238,2330,0.9999848470057123,0.9999991197857355
circular,8,,,1,0,0.2845711624249816,0.34550529066473246,20,20,0.6170007548265508,0.6534659776008462
circular,8,,,2,0,0.8798436876386404,0.5993263628333807,70,50,0.7021778912678847,0.8147711857542379
circular,8,,,3,0,1.698392572812736,1.776938259601593,118,118,0.7803314794704949,0.9866571250176212
circular,8,,,4,0,3.8684079609811306,2.9873535353690386,218,172,0.8564742772518021,0.9731234875985267
circular,8,,,5,0,5.175143797881901,10.19067002646625,268,446,0.8899363130544088,0.9999999952487132
circular,8,,,6,0,7.318573617376387,25.786990406922996,338,944,0.962009325989707,0.9999999960652164
circular,8,,,7,0,17.10741315688938,38.42480317968875,604,1290,0.9975419922103423,0.999999662598805
circular,8,,,8,0,22.811622655019164,72.03190490230918,744,2092,0.9814584460222314,0.9999988737273396
circular,8,,,9,0,58.11022203415632,104.90186208672822,1506,2806,0.9999984540186927,0.9999997893510705
circular,8,,,10,0,77.68172231409699,139.0175086595118,1886,3446,0.999999807849425,0.9999992024140258
circular,9,,,1,0,0.29885563999414444,0.2997659193351865,20,20,0.6941258491798699,0.6941258491798694
circular,9,,,2,0,0.9456716012209654,0.9972926015034318,70,70,0.7899501276763709,0.7899501276763703
circular,9,,,3,0,1.8552876729518175,1.8514350447803736,118,118,0.8778729144043073,0.8778729144043064
circular,9,,,4,0,3.320222780108452,3.3305286848917603,178,178,0.9062870697035786,0.9062870697035819
circular,9,,,5,0,5.319924961775541,5.273649947717786,244,244,0.9547018242524634,0.9547018242524642
circular,9,,,6,0,10.803266132250428,10.82646271865815,400,400,0.9871097620020359,0.9871097620032141
circular,9,,,7,0,16.502854093909264,16.297521086409688,542,536,0.9966649072940978,0.9966649077560445
circular,9,,,8,0,32.029632629826665,31.905144152231514,872,870,0.9968727030560505,0.99687270713719
circular,9,,,9,0,46.83492812141776,46.03256645426154,1160,1142,0.998646948558973,0.9986469281150179
circular,9,,,10,0,71.362917650491,72.80290907807648,1582,1602,0.9995429233141987,0.999542933639767
circular,10,,,1,0,0.31547746155411005,0.3388781640678644,20,20,0.6170007548265504,0.6534659776008457
circular,10,,,2,0,1.0334940878674388,0.740028134547174,70,50,0.7021778912678853,0.8147711857542369
circular,10,,,3,0,2.063077657483518,2.0885470416396856,118,118,0.7803314794704941,0.9866571250176204
circular,10,,,4,0,3.871798533014953,3.5245545329526067,184,174,0.8056139758796167,0.9731235374917873
circular,10,,,5,0,5.541676407679915,10.383953684009612,240,388,0.8677647755068983,0.9999999916311811
circular,10,,,6,0,7.289446763694286,38.095552396029234,286,1092,0.9496581288638651,0.9996235159880481
circular,10,,,7,0,9.48446659464389,84.29075826983899,340,2094,0.9747708059136523,0.9999999516638722
circular,10,,,8,0,13.493771686218679,103.26841498259455,422,2464,0.9934230988615775,0.9999289701700246
circular,10,,,9,0,20.865875734947622,127.82262057624757,556,2890,0.9980516426817531,0.9999982932318272
circular,10,,,10,0,38.182571368291974,151.39035594649613,842,3008,0.999566683522836,0.9999958311302027
circular,11,,,1,0,0.4032232714816928,0.39309015683829784,20,20,0.6787008303092061,0.6787008303092057
circular,11,,,2,0,1.105906456708908,1.1065879464149475,70,70,0.7723956803946732,0.7723956803946732
circular,11,,,3,0,2.26435574144125,2.2309511164203286,118,118,0.8583646274175436,0.8583646274175439
circular,11,,,4,0,4.169954675249755,4.248748403973877,184,184,0.886175373467578,0.8861753734675766
circular,11,,,5,0,6.45321099460125,6.513913321308792,246,246,0.948146102378115,0.9481461023781195
circular,11,,,6,0,10.15112128853798,10.09869287442416,330,330,0.9655616774622476,0.9655616774622512
circular,11,,,7,0,21.10401750076562,21.77688556071371,550,562,0.9896919799361775,0.9896919791610793
circular,11,,,8,0,36.628774114884436,36.51019898895174,820,822,0.9911709311232546,0.9911709295110442
circular,11,,,9,0,53.246600622311234,56.255950196646154,1082,1124,0.9963615232553984,0.9963615131907003
circular,11,,,10,0,79.3013923112303,80.35158164426684,1446,1468,0.9985651158793274,0.9985651134116675
circular,12,,,1,0,0.4045493118464947,0.40002190321683884,20,20,0.6170007548265509,0.6534659776008462
circular,12,,,2,0,1.233842677436769,0.8569720676168799,70,50,0.7021778912678854,0.8147711857542367
circular,12,,,3,0,2.4048382490873337,2.5626477068290114,118,118,0.7803314794704943,0.9866571250176187
circular,12,,,4,0,4.549767000600696,4.384381436742842,184,174,0.8056139758796143,0.9731235374917843
circular,12,,,5,0,6.948760382831097,13.589796617627144,244,408,0.8635180862448447,0.9999999853915029
circular,12,,,6,0,10.658173111267388,20.656326620839536,322,556,0.8786240700620888,0.9999280479785294
circular,12,,,7,0,18.910673358477652,50.36889149155468,474,1102,0.930614535798523,0.998961580810505
circular,12,,,8,0,22.272904061712325,63.32252465840429,528,1310,0.9811855016149363,0.9999997687834158
circular,12,,,9,0,27.32299860008061,96.60137384012341,600,1784,0.987929205186465,0.9954785910434549
circular,12,,,10,0,35.87204125151038,123.12832900509238,714,2128,0.9957537097234056,0.9999974275668156
circular,13,,,1,0,0.42307074554264545,0.41659437771886587,20,20,0.6684174843954303,0.6684174843954297
circular,13,,,2,0,1.30176505073905,1.3016250999644399,70,70,0.7606927155402085,0.7606927155402085
circular,13,,,3,0,2.650504441000521,2.649286527186632,118,118,0.8453591027597026,0.8453591027597014
circular,13,,,4,0,4.928815867751837,4.9025715962052345,184,184,0.8727484738695823,0.8727484738695831
circular,13,,,5,0,7.526261414401233,7.4625597428530455,244,244,0.9354779267652483,0.93547792676525
circular,13,,,6,0,11.305274491198361,11.284313061274588,318,318,0.9517554703975285,0.951755470397524
circular,13,,,7,0,19.428795374929905,19.400931449607015,456,456,0.9774969272453862,0.9774969272453861
circular,13,,,8,0,29.88646454922855,29.833702079951763,612,608,0.9753149761865542,0.97531497198828
circular,13,,,9,0,60.108242430724204,70.1569601483643,1014,1146,0.9940464421553971,0.9953606452752157
circular,13,,,10,0,84.78254018258303,85.63570942357183,1304,1326,0.9933917981431847,0.9895477298813363
circular,14,,,1,0,0.3730169581249356,0.43814876675605774,20,20,0.6170007548265508,0.6534659776008453
circular,14,,,2,0,1.419642373919487,1.01958988327533,70,50,0.7021778912678845,0.8147711857542378
circular,14,,,3,0,2.8303143894299865,2.9950787322595716,118,118,0.7803314794704935,0.9866571250176185
circular,14,,,4,0,5.35486660618335,5.130394208244979,184,174,0.8056139758796176,0.97312353749179
circular,14,,,5,0,8.1237921314314,16.009061314165592,244,406,0.8635180862448447,0.9999999839497983
circular,14,,,6,0,13.389773034490645,25.557827378623188,338,578,0.8785455336326479,0.9999280507402029
circular,14,,,7,0,22.59063139744103,50.09034578315914,482,960,0.9024802129957513,0.9989615855982606
circular,14,,,8,0,35.77546891756356,67.52259510289878,660,1200,0.9014467922757428,0.9999999881018801
circular,14,,,9,0,68.11836122907698,102.52811231929809,1058,1544,0.986225911197553,0.999996980532722
circular,14,,,10,0,111.83885806892067,141.15283720567822,1530,2036,0.9167900038391584,0.9999999544171684
circular,15,,,1,0,0.4579714983701706,0.4557307232171297,20,20,0.6610722373141618,0.6610722373141612
circular,15,,,2,0,1.5228771949186921,1.5174675583839417,70,70,0.7523334549298774,0.7523334549298765
circular,15,,,3,0,3.065154008567333,3.0731692975386977,118,118,0.8360694422898145,0.8360694422898146
circular,15,,,4,0,5.706736482679844,5.826496044173837,184,184,0.8631578312995901,0.8631578312995881
circular,15,,,5,0,8.916227518580854,8.86488043796271,244,244,0.9251979495480503,0.9251979495480506
circular,15,,,6,0,14.498287511058152,14.518504313193262,338,338,0.94129878603498,0.941298786034979
circular,15,,,7,0,24.91916671860963,25.02291182242334,488,488,0.9669434415480599,0.9669434415495103
circular,15,,,8,0,39.42307125031948,39.79780558031052,672,674,0.9654957658294727,0.9654957649645926
circular,15,,,9,0,69.65971171390265,68.31110401265323,1014,1002,0.9763589819799076,0.9763589793528241
circular,15,,,10,0,99.4268324431032,142.47422469127923,1322,1740,0.9814136124801859,0.9846398375032732
circular,16,,,1,0,0.4155589211732149,0.47813860792666674,20,20,0.6170007548265508,0.6534659776008458
circular,16,,,2,0,1.6833006152883172,1.1452640108764172,70,50,0.7021778912678847,0.8147711857542359
circular,16,,,3,0,3.317575518041849,3.560046494938433,118,118,0.7803314794704933,0.986657125017617
circular,16,,,4,0,6.370537859387696,6.044782122597098,184,174,0.8056139758796156,0.9731235374917837
circular,16,,,5,0,9.599847707897425,18.826739026233554,244,406,0.8635180862448474,0.9999999854864297
circular,16,,,6,0,15.673845196142793,27.47232358995825,338,540,0.8785455336326468,0.9776204639756468
circular,16,,,7,0,27.00462376140058,66.20261942315847,484,834,0.9024807102200171,0.9986062967574015
circular,16,,,8,0,42.20867115911096,109.16011403221637,664,1514,0.9012173968300594,0.9995119131019152
circular,16,,,9,0,72.14485049434006,150.33836358506233,966,1926,0.9179538760501198,0.9999999924040684
circular,16,,,10,0,119.59062215965241,198.06983316969126,1412,2364,0.9135490746642663,0.9999997744555149
circular,17,,,1,0,0.5268818167969584,0.5287432810291648,20,20,0.6555633020032103,0.6555633020032098
circular,17,,,2,0,1.892898315563798,1.8973573809489608,70,70,0.7460640094721285,0.7460640094721276
circular,17,,,3,0,3.7874701153486967,3.798363672569394,118,118,0.8291021969373992,0.8291021969373996
circular,17,,,4,0,7.2139612613245845,7.139678173698485,184,184,0.8559648493720919,0.8559648493720909
circular,17,,,5,0,10.926300229504704,10.949305949732661,244,244,0.9174879666351513,0.9174879666351525
circular,17,,,6,0,17.870782727375627,17.847649278119206,338,338,0.9334546294846866,0.9334546294846845
circular,17,,,7,0,30.365287844091654,30.422034369781613,484,484,0.958885754113682,0.9588857539558396
circular,17,,,8,0,47.08834579680115,46.34298499394208,658,648,0.9575494690761418,0.9575494661620045
circular,17,,,9,0,78.41916394978762,81.06221980787814,942,964,0.9711469812960142,0.9711469794414741
circular,17,,,10,0,158.7116722073406,153.29817095212638,1612,1562,0.97702828399056,0.9837369176790282
circular,18,,,1,0,0.519932359457016,0.5158451441675425,20,20,0.6170007548265509,0.6534659776008449
circular,18,,,2,0,2.1712285466492176,1.5270926496014,70,50,0.7021778912678847,0.8147711857542382
circular,18,,,3,0,4.4114000322297215,4.668753657490015,118,118,0.7803314794704929,0.9866571250176186
circular,18,,,4,0,8.335213704966009,7.983556658029556,184,174,0.8056139758796178,0.9731235374917868
circular,18,,,5,0,12.71222036331892,25.559050135314465,244,416,0.8635180862448502,0.9999999958737011
circular,18,,,6,0,20.678398159332573,48.29505773447454,338,678,0.8785455336326488,0.9999987143889086
circular,18,,,7,0,35.499276673421264,77.09802994225174,486,972,0.9024807099507951,0.9999990416336604
circular,18,,,8,0,57.12553429976106,133.67065213713795,678,1464,0.9012240691267929,0.9999886988914319
circular,18,,,9,0,91.90134960971773,184.07168905530125,950,1860,0.9144771319323668,0.9999908120397522
circular,18,,,10,0,167.04832683689892,328.6349363755435,1486,2898,0.9192192934591223,0.9998604010810475
circular,19,,,1,0,0.5563066191971302,0.6163104064762592,20,20,0.6512785745391372,0.6512785745391364
circular,19,,,2,0,2.4175025913864374,2.415124890394509,70,70,0.7411877741161005,0.7411877741161006
circular,19,,,3,0,4.828120527788997,4.780841650441289,118,118,0.8236832283299651,0.8236832283299655
circular,19,,,4,0,9.142327358946204,9.110712281428277,184,184,0.8503703078729248,0.850370307872927
circular,19,,,5,0,13.91675465553999,14.018898155540228,244,244,0.911491313258446,0.9114913132584448
circular,19,,,6,0,22.903316151350737,22.803021429106593,338,338,0.9273536188344585,0.9273536188344562
circular,19,,,7,0,39.0374451847747,39.34299877937883,486,486,0.9526185271700656,0.9526185271589939
circular,19,,,8,0,62.2599794222042,60.258482214063406,668,656,0.9512920720829291,0.9512920679960328
circular,19,,,9,0,104.33929817657918,100.68393622338772,974,938,0.9652718050239871,0.9652718023228805
circular,19,,,10,0,219.17367978952825,153.34937005396932,1700,1282,0.9774292179742317,0.9675201824064362
circular,20,,,1,0,0.6814792584627867,0.6249292651191354,20,20,0.6170007548265508,0.6534659776008455
circular,20,,,2,0,2.804719584994018,1.949802908115089,70,50,0.7021778912678857,0.8147711857542363
circular,20,,,3,0,5.607947237789631,5.952224690467119,118,118,0.7803314794704928,0.9866571250176186
circular,20,,,4,0,10.701135200448334,10.194934159517288,184,174,0.8056139758796175,0.9731235374917866
circular,20,,,5,0,16.327285142615438,32.385935698635876,244,410,0.8635180862448457,0.9999999958514035
circular,20,,,6,0,26.706572082825005,60.57928177900612,338,666,0.8785455336326521,0.9298052865848252
circular,20,,,7,0,45.93492590542883,102.56525062490255,486,990,0.9024807099009404,0.9999999543134848
circular,20,,,8,0,70.49392270855606,152.5767709389329,656,1332,0.9012240613070054,0.9999931199738142
circular,20,,,9,0,120.20268441364169,218.04017802048475,956,1726,0.9144680758818116,0.9999994462578361
circular,20,,,10,0,211.1375608239323,258.9881896581501,1454,2006,0.9191864397794429,0.9999973277779042
