family,N,d,q,p,times_cold_mean,times_cold_stderr,times_warm_mean,times_warm_stderr,evals_cold_mean,evals_cold_stderr,evals_warm_mean,evals_warm_stderr,aratio_cold_mean,aratio_cold_stderr,aratio_warm_mean,aratio_warm_stderr
Gilbert,5,,0.1,1,1.1961522962898017,0.09826274085000411,1.2556809546076693,0.04267630779784304,19.8,1.045290188869755,27.1,1.8494664949085922,0.6957143425122994,0.03812719199623057,0.8344578658204576,0.018470945243782257
Gilbert,5,,0.1,2,1.9998112122528255,0.16908252696054393,2.2588412136305123,0.20789696232901916,44.5,4.835994427753526,54.8,5.97609272104494,0.780539204108311,0.049100755249413215,0.8933973455789005,0.025794910017339568
Gilbert,5,,0.1,3,4.036254077171907,0.5663670416081151,4.267313276755158,0.5256189425475917,85.0,11.92829453552836,96.9,12.909788208136776,0.8170087023959092,0.05354518483554597,0.9098498713039047,0.02699420837299053
Gilbert,5,,0.1,4,6.043092493817676,0.9863122701521267,6.299358540540561,0.8944403240583624,116.3,17.72080252430073,128.2,17.978291002440166,0.8235851708672799,0.054479085932836235,0.911397249444702,0.02718623835145302
Gilbert,5,,0.1,5,9.504814649873879,2.1941097962048794,10.30524337211391,2.2082742765078525,159.1,29.88344903647819,178.6,32.33512022553805,0.8244337108397914,0.05461814087276889,0.9120328914840931,0.02728085741389499
Gilbert,5,,0.1,6,13.711922458512708,3.193188459788591,17.540798103064297,5.481874475260378,203.2,39.399011475710374,256.4,65.4074838788989,0.8247878806907607,0.05467663948000677,0.9124898422263359,0.0273543735953997
Gilbert,5,,0.1,7,20.97419247799553,6.086245331500753,22.893437666376123,7.602145697361568,272.1,64.85018767979984,306.4,84.9780900554589,0.8249999999288795,0.05471216547826858,0.9124956625557333,0.027355352825766788
Gilbert,5,,0.1,8,26.051840372756125,7.8375918937974145,29.528021351748613,10.604949481946157,314.1,78.7218253692944,361.7,109.82332941688902,0.824999999728405,0.05471216544452007,0.9124999991467451,0.027356082601479488
Gilbert,5,,0.1,9,30.53310265955515,9.025505487059863,38.16956661087461,15.048610014334113,347.9,87.52629379371183,426.6,142.32077186856162,0.8249999997615568,0.05471216545010058,0.9124999396287741,0.027356072581983536
Gilbert,5,,0.1,10,34.848400279216,10.009355769774823,44.67935494040139,17.974333261982,376.4,93.54431541985018,469.9,161.46940234836083,0.8249999998652496,0.05471216546755725,0.912499995646429,0.027356082012218536
Gilbert,5,,0.25,1,0.264223297405988,0.023874446599038545,0.3020518891280517,0.02119671770373189,26.0,1.4867838833500562,39.8,4.106221210745829,0.5134611828811755,0.033196286411714696,0.7994678840198336,0.021672186208669533
Gilbert,5,,0.25,2,0.49105409035691994,0.03776715910480989,0.4747964013600722,0.03264049711363715,63.6,5.441748944865737,66.5,5.725060330640515,0.7372592850730718,0.03433401990916217,0.8973088248047849,0.01945372033450707
Gilbert,5,,0.25,3,1.0594175205333158,0.09199930402186607,0.8331751143676229,0.06990979250541916,122.0,10.584994344030509,103.2,9.250206256590912,0.842681546502539,0.03617835685748857,0.9250940147839479,0.019262927553054667
Gilbert,5,,0.25,4,1.8434531877399423,0.19020672464104865,1.3052478140918538,0.11805782091598413,184.3,17.562085357532663,143.0,13.079111510142301,0.8522401327349721,0.03539526090011031,0.9482841750161122,0.01974055429507456
Gilbert,5,,0.25,5,3.198463119927328,0.3738089801234448,2.732745844020974,0.3892795069289017,270.9,28.768211623248323,238.2,29.54671590976959,0.8871555772707355,0.0384116668167914,0.9534268676428127,0.019960479163537534
Gilbert,5,,0.25,6,5.144575390941464,0.6764579135450346,4.946866654173936,0.781108269744323,381.9,45.26354987590369,362.4,51.34252367036612,0.8822194644692676,0.038328145534561806,0.9596082291084986,0.020304325036904637
Gilbert,5,,0.25,7,7.753880906838458,1.024823657943247,8.54128508756403,1.4395776377453902,503.6,61.395971066169274,534.5,83.1874073213134,0.9187727794995373,0.040411486740890415,0.9618851437845019,0.020422437910803386
Gilbert,5,,0.25,8,12.779586016235408,1.8284906893905462,11.26655749778729,1.8033372603885083,718.7,94.84361366286915,648.6,99.00697476759696,0.9236989604139071,0.04083618877876537,0.9623440612681838,0.020464488726243756
Gilbert,5,,0.25,9,19.342952187196353,2.981397564090891,15.614009747037198,2.3996161506907137,960.4,135.32351878680254,811.4,120.69422870255754,0.9204371815507374,0.04059013049929039,0.9624426389366812,0.0204739373600561
Gilbert,5,,0.25,10,28.584671204059852,4.778520937307794,20.06698983408278,2.962811075875872,1264.9,191.29313273502254,960.0,138.61009304786154,0.9242247682305479,0.04088609984508112,0.962488194737519,0.020478314140319254
Gilbert,5,,0.5,1,1.4662990988581441,0.08484004749042927,1.5298848271835594,0.12155975187942125,23.3,1.5374277903453923,29.6,4.793855716600047,0.4717421646009618,0.021997118636234606,0.54324709919431,0.0517007221361834
Gilbert,5,,0.5,2,3.548133914626669,0.18981152147572558,3.24930148961721,0.12469059715706293,69.9,3.5702719931768727,67.1,4.561797891182817,0.6628789627081622,0.024726398445370668,0.7970058179325773,0.026310873019259346
Gilbert,5,,0.5,3,7.922745219757781,0.44278452743547797,6.712443889316637,0.299449556213801,138.0,7.156888474161026,119.8,4.450665237088899,0.7093746651230814,0.04660975111630703,0.7475487356575373,0.0511207651862225
Gilbert,5,,0.5,4,15.408834985562134,0.7787885867852743,12.129964682110586,0.7575140670716917,229.0,10.141628645289048,185.7,7.778885050672682,0.8605880066747453,0.0241953020882047,0.8357528585482379,0.03274216350694307
Gilbert,5,,0.5,5,27.731687643018084,1.3605474685381762,23.995899037085472,1.5193493178137443,353.3,15.234500319997371,307.3,16.808691360815626,0.8909993551717124,0.019149580797412913,0.8841555157443903,0.03357732973240453
Gilbert,5,,0.5,6,47.738279772608074,2.977157756786801,40.96144272425445,3.0946608515048997,526.2,30.116580500658298,459.2,36.7493358335974,0.8881051513397444,0.03090336497634002,0.8947300420727726,0.025654182538812204
Gilbert,5,,0.5,7,75.91618611441227,4.107072763739869,72.5965209542308,6.328079258430573,736.7,38.8251885141321,701.4,66.14149107863582,0.9185401189015208,0.023364808016373688,0.938606749331187,0.01798170324155928
Gilbert,5,,0.5,8,123.69668848755536,9.118413294921433,107.91226702762069,9.068344531846,1045.5,66.93687128064849,933.5,85.28094437612783,0.9558247068067107,0.016734524036130533,0.9292928660467454,0.02270217393578339
Gilbert,5,,0.5,9,181.16849082249684,14.568296455830765,157.2044545357465,10.998924658821519,1377.2,97.24991137866344,1217.6,93.97699606538657,0.952468541986299,0.017704410572968853,0.9577828083402556,0.012745109055876344
Gilbert,5,,0.5,10,259.34055335703306,22.17862375314078,214.3578585404204,20.776661647110956,1786.9,137.29947866654578,1516.8,133.5781576850284,0.9860362540088572,0.005366917504658218,0.9607072327305625,0.010136607716727399
Gilbert,6,,0.1,1,1.3345882588881068,0.04026306758055293,1.4385091479634866,0.05862642265698583,24.7,1.3160947014397917,29.4,2.11311692953673,0.7089374471723853,0.035862549172768085,0.89523549738483,0.020167612641741217
Gilbert,6,,0.1,2,2.577797995880246,0.17646419704072977,2.904874335299246,0.2818516170520672,54.1,4.442557347910513,65.2,7.77499365374593,0.8216554047567604,0.04029006260506011,0.9362785316454014,0.021715065480168383
Gilbert,6,,0.1,3,5.0187019991572015,0.45749068930719294,5.608717640093528,0.6421491595843324,95.9,9.132331229440295,112.4,14.374392435673128,0.8677253595252081,0.04336953803185898,0.9460997652651297,0.022562360580746874
Gilbert,6,,0.1,4,8.088462886062917,0.8972369012634814,8.622335028857924,0.949039093187479,136.1,14.255912900673144,152.5,18.42702534751322,0.8880042738186281,0.04487528674810205,0.9485937124556534,0.02278858276448375
Gilbert,6,,0.1,5,14.280377708899323,1.976791057213503,12.74210685439175,1.3308835539803716,202.1,24.417196269928503,197.4,21.399016209556038,0.8917301586790833,0.04508593403928687,0.9492569073973897,0.02286055825004231
Gilbert,6,,0.1,6,26.47421117629856,5.211367248381414,22.201028127153403,4.049926669252385,311.2,51.16832902037003,282.6,40.32972000633619,0.8965502888567123,0.04554718676044472,0.9498609681393134,0.022925924324645696
Gilbert,6,,0.1,7,49.03232798944227,10.645911408016559,33.5401762090507,7.187715596284976,486.6,92.4138403851763,371.3,62.38425492989313,0.898118978216979,0.0457039487754049,0.9499320857018301,0.02293388059848177
Gilbert,6,,0.1,8,62.19602230256423,14.486130777039778,41.56409190373961,9.174956853004456,576.4,117.2828878800044,426.7,75.02775275996561,0.8987072224183971,0.04575278102176305,0.9499640421681855,0.022937476459924118
Gilbert,6,,0.1,9,76.09328070384217,17.660613126533022,49.416877585940526,10.45700684783978,660.5,135.1465384022294,475.1,82.0866647289058,0.8994115732412151,0.045819377847789555,0.9499769986967831,0.022938946320947513
Gilbert,6,,0.1,10,97.26191394019406,23.142092210426945,58.629065632319545,12.651307211795464,775.0,161.44612919354537,526.1,92.92288540278409,0.8997945083612002,0.045860029403929845,0.949995624427047,0.022941071876099742
Gilbert,6,,0.25,1,0.2902524517150596,0.016925683809738013,0.28171915884595367,0.01708052391334304,30.2,2.4789641300137313,29.7,2.3587463217833147,0.5880870484470785,0.02830620804870416,0.7166482063930758,0.05455449766399487
Gilbert,6,,0.25,2,0.5945427931379527,0.03681602710642164,0.5015246631228365,0.024271424878057238,68.3,4.073728409932937,57.8,3.074170833865527,0.7501199206999266,0.03373391605789412,0.9107516634468894,0.019004716189790886
Gilbert,6,,0.25,3,1.2048382625565863,0.09230068581688504,1.3066168002551422,0.24420228205583777,119.9,7.68932958545049,111.3,7.557881908800138,0.8423049701096316,0.03453876017111686,0.959260632066352,0.013551060170558163
Gilbert,6,,0.25,4,2.2436908557196147,0.2341364213659243,1.9584194979630412,0.20758987204980348,189.4,15.651534311874649,167.1,13.232714643719376,0.8945706697438108,0.028408744283934785,0.9745601214638832,0.013174512447246416
Gilbert,6,,0.25,5,3.834808121586684,0.36038767171879454,3.7187003239407206,0.4895801930370587,278.2,21.81399840276398,261.1,27.174087889597672,0.9097020766901341,0.02847354198009752,0.9746306797666927,0.01352067800519967
Gilbert,6,,0.25,6,7.149632603803184,0.8337949749762701,6.710844453203026,1.0459027914659933,431.2,43.938569557244826,395.8,50.323145245189316,0.9355478177528068,0.02539433685851041,0.9870098371400348,0.012476036794347474
Gilbert,6,,0.25,7,12.461162182153203,1.5269373196279845,10.135839213535656,1.349332505716924,650.1,73.61027888749463,528.6,60.52300128224414,0.9555306271812805,0.02465167151110759,0.9870245274241831,0.012477020618702993
Gilbert,6,,0.25,8,18.55375571229961,2.3774615726289166,14.997599835542497,2.4065619827696283,857.9,99.71026183793458,696.9,94.76891284648812,0.9563985330450286,0.024677309144788745,0.9873434841164291,0.012491932081465136
Gilbert,6,,0.25,9,25.48439863801468,3.226570837043118,20.997982203727588,3.9167120949313667,1070.6,123.70415471897797,878.1,139.0155973831335,0.9598185929403865,0.024852946650885534,0.9874070972911324,0.012495180310379331
Gilbert,6,,0.25,10,37.32636859994382,5.071720414692165,26.960495894576887,5.171384471548424,1389.2,166.72166531141215,1043.2,172.77831247919366,0.9672217530289469,0.024770557591309594,0.9874821077439778,0.01249906074905523
Gilbert,6,,0.5,1,1.571304732223507,0.07686197147096248,1.4754446665523573,0.03333191546977382,24.0,2.5298221281347035,21.6,1.0115126765082294,0.45393827332637954,0.03333864393264125,0.3928445413891216,0.03750689848338151
Gilbert,6,,0.5,2,4.121692722092848,0.1558799793201811,3.54870322070783,0.11601162596527723,67.5,2.886903276231434,56.7,1.5846301245334657,0.5366473302554693,0.06690045989680074,0.6408339398372288,0.07594446150317004
Gilbert,6,,0.5,3,9.310498063568957,0.5982457188680268,9.06221244256012,0.6286958899471176,131.0,6.827961088903403,124.4,6.880330469419405,0.5927082829610709,0.06949147991884753,0.6862987694138554,0.07003214496657652
Gilbert,6,,0.5,4,19.43347755416762,1.3704975175556986,19.493167066958268,1.4399148387863896,225.8,11.789290412109315,223.4,13.348053278129715,0.7167897941235866,0.0470481534984918,0.7533391555918504,0.05400649225241739
Gilbert,6,,0.5,5,35.298357946705075,2.7417198040732877,37.7446694940445,3.0580174539089895,346.8,19.51431323548517,365.0,24.43746045897999,0.8051690925755455,0.029856141498602006,0.8861578552545397,0.03016573697925465
Gilbert,6,,0.5,6,57.73482771010604,4.665862812311685,60.184771214250944,4.8594222550376,493.7,31.28250730293042,512.8,34.75338680958796,0.8119973273672164,0.047840943181428945,0.8599230657878854,0.0510031380976592
Gilbert,6,,0.5,7,91.53313186648302,7.868369161487496,89.1881860599271,7.492702384769694,686.1,49.96176959488756,676.6,46.610841295945185,0.818324786627131,0.047638022857143254,0.870458842952241,0.050347787352542805
Gilbert,6,,0.5,8,141.87682430307615,13.562495337560698,142.63845101399346,16.827239940101997,935.5,77.02082766847445,937.6,82.39271812484402,0.8300419144773212,0.04128784207465953,0.8794837266767923,0.044884497896202594
Gilbert,6,,0.5,9,203.76300475803436,18.17694840558093,209.90545731110032,26.9630689062608,1219.6,100.70505135503905,1235.5,123.3427296088765,0.8766932227960428,0.034129408841021835,0.9091519787869334,0.03427819334610782
Gilbert,6,,0.5,10,308.32293381753846,30.201567316620146,292.0771530036815,36.57190942320879,1641.6,148.1830731153013,1566.0,163.09977572671664,0.8853151732229634,0.0358558480391636,0.904007425000035,0.03628925864149895
Gilbert,7,,0.1,1,1.4157166579156182,0.046253943985450116,1.4861681974492966,0.05265528329297366,24.4,1.2945228749173228,27.7,1.3862102825215303,0.7551773509079983,0.03620687185426991,0.890861175410443,0.019179486219439837
Gilbert,7,,0.1,2,2.7045698572532273,0.18851600632724202,3.1247876240406187,0.23829615531873583,52.1,4.373304182615727,62.7,5.443054483032772,0.8514036823362122,0.042313014311490565,0.9396808994258926,0.021887770841496366
Gilbert,7,,0.1,3,5.404763791651931,0.48206502844997684,6.384375900996384,0.6521874735152577,92.8,8.714657948416262,113.0,12.099151775401882,0.8803073462862064,0.04486732889258239,0.9472105693154133,0.02267362466035147
Gilbert,7,,0.1,4,8.972898949019145,1.080769232259123,9.494020588637795,0.999448272305512,133.9,14.634835873785246,150.0,16.337235480885216,0.8924639090687586,0.04524053767148185,0.9490326008326134,0.022836269994450986
Gilbert,7,,0.1,5,13.449034598458093,1.79378250996558,13.567053221864626,1.5399109335838403,175.8,20.441392474970716,189.1,20.89445909930744,0.8937436130927143,0.04534095928147384,0.9494902256870628,0.022885236288993315
Gilbert,7,,0.1,6,19.80791840001475,3.2783780156124585,20.997685720562004,3.7645751589345045,226.1,31.092214290295953,248.3,34.96864008613552,0.8986876747194833,0.045745065969981714,0.9498748184069944,0.02292745436076698
Gilbert,7,,0.1,7,31.899800445314032,7.788223069956464,28.552891623950565,5.493572141400041,309.0,60.61170635585523,300.1,45.26703808337923,0.8991444423979915,0.04579054494686426,0.949936822164038,0.022934411432508187
Gilbert,7,,0.1,8,47.77609517032979,13.066182667620957,36.467484604532366,7.791994788317375,400.6,89.52107661268789,347.0,57.23515665999995,0.8992211321887525,0.045800092505421705,0.949964686872336,0.02293754944703354
Gilbert,7,,0.1,9,64.43601302664028,19.736469742687884,46.8654717944446,11.279757500071065,489.2,121.83529866175894,403.2,74.44735335156403,0.8994537771873897,0.04582370339307543,0.9499785197310302,0.022939119131322523
Gilbert,7,,0.1,10,85.19156167809851,28.700970610721928,58.52806318840012,16.229119544038902,587.1,161.89921978941422,458.6,96.31080171152034,0.8994234524823517,0.0458205919009269,0.9499963849950817,0.022941158976733655
Gilbert,7,,0.25,1,0.3077312662033364,0.011527255231464218,0.3033094282262027,0.010939992559282364,27.6,1.744766610843923,28.8,1.6377134252236851,0.5488720471141731,0.04414494970945995,0.6309373522356937,0.06596084178829162
Gilbert,7,,0.25,2,0.7004154252936132,0.04218158433137059,0.6511197445564904,0.037364579376355976,71.0,3.255764119219941,63.6,2.9579509266062085,0.7101564296322915,0.04356596169215591,0.8791720333120635,0.025627154655197916
Gilbert,7,,0.25,3,1.5931887571001426,0.10304919730983006,1.4182103912928141,0.11268860756077623,133.3,6.026738665926077,121.2,7.117657805175727,0.8120161580678034,0.03208468442687099,0.9465744041417927,0.020232030685772253
Gilbert,7,,0.25,4,3.2370316115324385,0.28986069561414485,2.6738992616999893,0.2462502358455438,223.9,13.647035536971698,189.0,11.499656745449313,0.869281534756339,0.027455738300572328,0.9497437651290799,0.02969597108719493
Gilbert,7,,0.25,5,5.792806595086586,0.5224098460820985,5.2718957319390025,0.463206515097185,338.5,19.98782524174996,306.5,19.503778311420906,0.8746657868722831,0.03173177900018087,0.9525560852838962,0.031369476150158226
Gilbert,7,,0.25,6,9.70539075495908,0.7226630517077557,8.85396794884,0.770430708819745,488.9,25.930057746500335,445.9,30.782590773631156,0.9227413994065345,0.019861295527318256,0.9671102585002839,0.02081402424527773
Gilbert,7,,0.25,7,15.634156313643325,1.1881955742046053,14.35651715049753,1.304388492346605,691.0,44.59537384551286,628.5,50.16832194040168,0.928031106779877,0.020995788957614007,0.9553878481768449,0.032612061321116784
Gilbert,7,,0.25,8,26.18123336819699,2.465340510864639,22.92489977623336,2.5853658850614285,998.2,82.58875927082775,876.6,87.57253835355128,0.9285798140717649,0.021010344443433342,0.9599897826513019,0.029603299915462417
Gilbert,7,,0.25,9,37.482602987834255,3.662661802337285,34.01353418641956,4.727994786680645,1286.0,110.59380395702198,1154.5,137.96772124400388,0.953617466969798,0.014134670138119613,0.9857761882290397,0.009108870305291913
Gilbert,7,,0.25,10,52.169713670096826,5.143422506820388,46.1643992750207,6.850732956155371,1634.2,153.08235829465337,1423.2,179.98125048547638,0.9552733695870836,0.01329880559911289,0.9923191738959375,0.006987995487215819
Gilbert,7,,0.5,1,1.7161434796742268,0.1276504867694173,1.7705275615573757,0.1148641142377304,23.333333333333332,3.496029493900505,22.0,2.1081851067789197,0.3890992375895215,0.03630034687716805,0.34826451489147137,0.04876584780057544
Gilbert,7,,0.5,2,4.840818349582453,0.6701092725632867,5.197891555855879,0.7634835917592131,66.44444444444444,7.8583132044830775,71.11111111111111,9.202119991919199,0.37784065029603714,0.11861991259035833,0.585500054084478,0.1211742992943284
Gilbert,7,,0.5,3,13.157558730104938,1.4970832656671276,13.446816484728414,1.3400488066491063,150.0,12.560962454277849,154.44444444444446,12.300757780531598,0.5746364899690001,0.08023528122369057,0.6233622470372033,0.11092806676539613
Gilbert,7,,0.5,4,29.968666486286867,4.525327288611257,28.627679721322945,3.222252990441353,278.0,30.969519064898492,274.0,25.394662606321216,0.7141345866396125,0.052893126117199214,0.7253845891763226,0.08965537758502802
Gilbert,7,,0.5,5,52.49896282925167,8.394565516651886,47.476610583511906,5.443579912208423,415.77777777777777,52.77567247262959,394.44444444444446,35.92086638675783,0.7494013018154004,0.050304468256969236,0.7471294380829941,0.08548955886761123
Gilbert,7,,0.5,6,78.73283430714056,13.573243253700205,68.46447962142217,6.729115475913829,560.8888888888889,77.7218052566053,507.3333333333333,38.83726732577015,0.8028978205760517,0.04063294106903132,0.7643386983147589,0.0738406330363215
Gilbert,7,,0.5,7,122.6046197111201,19.35147108267145,111.11472031968232,12.05761287026859,758.2222222222222,98.13281501473422,707.7777777777778,53.868610159292466,0.8328734175992615,0.04019054872125257,0.8277154480270804,0.06867018966396066
Gilbert,7,,0.5,8,187.77782370232873,26.295332523715487,184.86660485895766,30.4956660107914,1026.4444444444443,120.5629286019812,1003.7777777777778,113.38745984183048,0.8631847872888025,0.034590960850145604,0.7729930071125706,0.08352953587671985
Gilbert,7,,0.5,9,279.77054678454687,42.137256182054806,249.84172452311032,39.521911840213,1363.7777777777778,174.33251894151542,1234.2222222222222,138.1884560399893,0.8888959461718886,0.033237439725963665,0.7847088634505783,0.08657552146270969
Gilbert,7,,0.5,10,387.7047712697337,53.117314251566675,344.80970915776885,57.12496190471689,1730.6666666666667,205.90450861179963,1533.7777777777778,183.50490288468055,0.7673538860351246,0.10792244567552,0.7842576240854643,0.08736214197056967
Gilbert,8,,0.1,1,1.564021610969212,0.06762407214819714,1.657818751432933,0.06025911760240963,25.6,1.3657463739269957,28.6,1.298582222839079,0.7607775910505523,0.041559650978365795,0.8183744261455758,0.04840751440087529
Gilbert,8,,0.1,2,3.5662800059188156,0.19007385324208637,3.550729746511206,0.1775607667195797,61.9,3.1837581235818915,63.4,2.998596162768241,0.8911320917641886,0.02990483454433282,0.9422253561846731,0.01841555110044893
Gilbert,8,,0.1,3,7.1785523051745255,0.4007022414714773,8.715781861823052,0.4703610521630961,107.5,5.166440289324739,130.4,6.421345981219694,0.9420061121047402,0.026311924589383716,0.9782569653074805,0.013551654762013362
Gilbert,8,,0.1,4,12.170618354028557,0.9430772272159035,15.183865027036518,1.5338500125260794,156.8,9.024411338142782,195.6,16.526597382783653,0.9605927558852315,0.025208396863114338,0.9839783541890437,0.01266049048342316
Gilbert,8,,0.1,5,20.401021620212124,2.3888624450097016,25.014908718445803,3.4563718729917436,221.1,18.435934590102185,271.8,30.651830888906222,0.9614254111913538,0.02539071303804378,0.9842667285945292,0.012674887368800354
Gilbert,8,,0.1,6,34.715974056755655,5.005832797475936,37.17266120859422,5.883872008170929,316.9,34.9394890451598,356.7,45.55627520469946,0.966966001329465,0.02503814091269004,0.9847856059116887,0.012646241860251308
Gilbert,8,,0.1,7,61.95992255865131,12.10463728888632,53.25970570573118,10.236943368651993,475.5,77.38473601700177,447.8,67.36997613336764,0.9708029913057402,0.02489837813862227,0.9871694939123785,0.01248682891118283
Gilbert,8,,0.1,8,88.9985199703602,17.28388751270736,69.88196007767692,14.28734782503543,607.8,99.14273601864714,530.4,85.40671734952147,0.9707775951397446,0.02493411217052935,0.9872958554300484,0.012490904284631966
Gilbert,8,,0.1,9,115.2829643511679,23.38454411324794,88.09179152059369,18.20849485604926,720.9,122.84148750577542,611.9,100.4345793879882,0.9713440737445795,0.02496699547614887,0.9874287072044506,0.012496446569051719
Gilbert,8,,0.1,10,167.84151120677126,40.68062424154807,123.67300317542394,32.675407860292985,924.9,181.8014807999446,748.6,145.72837746986684,0.97407761002631,0.024964789479320907,0.9874951613129287,0.012499746099874667
Gilbert,8,,0.25,1,0.32727879310259594,0.015194546503047593,0.3329103508614935,0.01544187925785688,27.7,2.0066993061400993,27.5,1.8173143863810048,0.44629459723759546,0.032459876519356064,0.4996647336178672,0.05337801102353934
Gilbert,8,,0.25,2,0.7467341318144463,0.03541091797356271,0.7945200255955569,0.06771918617675725,65.2,2.8224662601125425,67.7,4.910300666107824,0.6466255476187481,0.03517767233476024,0.8012811290014342,0.025643906282303668
Gilbert,8,,0.25,3,1.901267101697158,0.14233261633910727,1.8581147424760274,0.1619528800071719,134.6,7.31415354673821,133.4,8.785274761302514,0.7398851473016316,0.02764828409813622,0.8461072469104997,0.033499898194028065
Gilbert,8,,0.25,4,3.790824237104971,0.3245569960750453,3.661210148583632,0.26841526628033396,223.1,14.426930227511107,217.7,11.389076021854404,0.8183786138200194,0.02179877661627813,0.9162654027157829,0.023614899470344827
Gilbert,8,,0.25,5,6.731837760400959,0.6529506283758887,6.65816364857601,0.470181569958862,332.0,24.572984738272403,332.8,17.658992043715294,0.8683501347385423,0.01878855251429471,0.9298186846282546,0.03402167379032162
Gilbert,8,,0.25,6,11.060452125244774,1.0371540808939577,11.332939313270618,0.903819226281443,470.1,34.34483796346755,484.1,33.212386719098454,0.8883442933742807,0.019813829724562818,0.9444166244379828,0.029349880038294154
Gilbert,8,,0.25,7,17.112192694598342,1.7177878609311525,17.898079443734606,1.4388720042353782,632.7,50.55653948017532,651.6,43.92927329960716,0.9068475479695165,0.01888584429421366,0.9626049581888336,0.02136578482099381
Gilbert,8,,0.25,8,26.284582006698475,2.7574814962061027,27.460792535729706,2.426036661682216,846.3,70.45106924592939,891.9,67.30832043662953,0.9283725798851693,0.017957357907019054,0.9684488624317213,0.014645076036712855
Gilbert,8,,0.25,9,40.511535935522986,4.360867084485193,39.54526370780077,3.706645138446455,1141.9,101.71833918382559,1147.2,92.62890307139843,0.9422376293334181,0.017638813179861948,0.979091580714439,0.010841846123512668
Gilbert,8,,0.25,10,58.94441613495583,7.477880757727963,54.551268948812506,5.625830421777217,1480.7,151.36009868417835,1429.6,122.71255243990237,0.9541742791701546,0.018254921651811883,0.9880984317524666,0.007855451952812937
Gilbert,9,,0.1,1,1.847426455002278,0.06244549381466351,2.048472474492155,0.07958640498138449,28.2,1.3757294715703985,34.0,2.0261449005179113,0.7124197027766658,0.02926857890692225,0.8571887576392037,0.021200815417162382
Gilbert,9,,0.1,2,4.55587725272635,0.23120153047572767,4.245644538139459,0.15758099802476236,71.0,4.541040919390503,68.6,3.4916441610462567,0.8509121682603139,0.023017827501412038,0.9282593005271123,0.017151306666258196
Gilbert,9,,0.1,3,9.662407281715423,0.41372545018474954,10.060923679650296,0.5355747169567705,125.4,5.036916349890027,131.1,6.817122405732263,0.9115539149291585,0.019411762847724334,0.977041052039627,0.006864697715289597
Gilbert,9,,0.1,4,17.704989664128515,1.1934634084708076,18.571084611478728,1.4489884685434529,191.5,8.192262074344109,200.7,11.46736788961571,0.935378277073627,0.014656349649133952,0.991063776818368,0.004852150971202231
Gilbert,9,,0.1,5,29.874080634105486,2.5018845022281493,31.034061385295352,3.3007636990200377,271.9,14.955002683488821,284.1,20.980931192018396,0.9575005396325832,0.01221550199625125,0.9984683433818826,0.0005154844449080279
Gilbert,9,,0.1,6,49.99038555059815,5.307603824849411,65.7404749656329,8.722719506115366,384.7,27.80695672139012,482.4,49.98538733838541,0.9707516970014561,0.010861896072500358,0.9997804354821362,0.00015542650420032994
Gilbert,9,,0.1,7,77.8249128645868,8.666066869360936,110.27631576752756,17.954244190777494,521.4,42.41501720158235,707.6,98.14742938425256,0.9781561276995202,0.009084053704925007,0.9998214257628856,0.00012141780489691873
Gilbert,9,,0.1,8,131.10963737913409,15.721561704244593,141.3021173347137,21.019294017890644,749.1,71.3363382708612,841.4,111.45054130821768,0.9780781883325973,0.012151408032496746,0.9999487212188454,4.998962469060789e-05
Gilbert,9,,0.1,9,197.0067246522871,25.247417478632176,168.38582785303007,23.296689037304017,1000.5,106.71169964959448,946.2,119.49524544604493,0.9909227158358469,0.0039759363647848215,0.9999674817706149,3.1840249062141354e-05
Gilbert,9,,0.1,10,279.57546949529785,39.99305908218596,211.08313003835502,28.224126361987214,1278.3,155.46834336762478,1094.8,135.23137287821314,0.9844933035023853,0.010648665129060162,0.99997924077649,2.0509122333818422e-05
Gilbert,9,,0.25,1,0.3384529442409985,0.016736716284959242,0.3599011464510113,0.018707633294662903,23.5,2.175824102797786,27.1,2.240653100278906,0.4126187692673037,0.03349630831887044,0.49131981861033064,0.05061846469808298
Gilbert,9,,0.25,2,0.9583343937643803,0.06294186908628548,0.9588140341220424,0.06781197739340684,69.6,3.93526565678528,70.3,4.3631832898759395,0.5904727245245848,0.03434260822415514,0.7486549014567062,0.036489456799098145
Gilbert,9,,0.25,3,2.4659247420262544,0.23058816902133975,2.154443569574505,0.17004727118662558,143.9,10.177865560539747,130.2,7.251714860710716,0.655625548956254,0.038651015487213246,0.7908820621868035,0.048795817001745304
Gilbert,9,,0.25,4,4.72534904788481,0.3789488364582849,5.1289396371576,0.408421250547991,231.8,14.006690130828645,235.8,11.735595874360863,0.7101955122247978,0.040638044286782124,0.8692642773969739,0.03953788149458163
Gilbert,9,,0.25,5,8.814939089363907,0.8510874002157628,8.885496629495174,0.5707146253306318,350.4,24.66559504547515,360.0,17.60442528098217,0.7819952788124442,0.02690160552918797,0.8284064855473771,0.057526837788949854
Gilbert,9,,0.25,6,15.6808023240068,1.5477016431163273,15.843145676946733,1.067282628088422,527.9,39.999072357664545,547.3,29.657084003302607,0.794829349690275,0.03421951835355357,0.8943091129371545,0.03698534506022649
Gilbert,9,,0.25,7,24.65648049635347,2.0001857330920747,25.290786076814403,1.767385690243295,731.1,47.42960989441977,758.8,45.64517614450795,0.8385150077511361,0.02552766114106409,0.9102796110732475,0.03336860216968829
Gilbert,9,,0.25,8,39.91139492981601,3.104972504850086,38.85516799511388,4.051232082046151,1042.3,69.85869572516404,1015.7,69.23997552372701,0.8309560047988906,0.028580198432551485,0.9376629380391469,0.024007581474305296
Gilbert,9,,0.25,9,61.32446211989736,4.381792428068269,55.50169163580286,4.950133170608486,1406.6,92.21029740418595,1292.3,78.30672149680989,0.8855977051625686,0.018229743410503752,0.9076113416339853,0.0511526810597896
Gilbert,9,,0.25,10,84.41237035144586,6.967962786397844,76.95817487444728,6.64728442028495,1785.2,135.3920933709514,1624.6,93.98074830853166,0.8774396905949657,0.020336219102366052,0.9591967541831072,0.01363991975763711
Gilbert,10,,0.1,1,0.7334351525176317,0.15868801828031615,0.7648177404073067,0.15920465620477575,28.3,1.3,31.3,1.4162589712634517,0.6659591112628087,0.03831471456039638,0.8135379334086222,0.04222956778587395
Gilbert,10,,0.1,2,1.8794797706766986,0.4861921313763374,1.8230026367818937,0.4835425478642164,65.6,3.174238408450791,63.0,3.300717625321085,0.8312378533976716,0.02709741301997832,0.9025544937112937,0.03088266130353654
Gilbert,10,,0.1,3,3.881876077526249,0.9049679106871521,3.9177587062935344,1.0269231600777118,117.7,4.449186797370362,110.6,7.1098153059141085,0.878948583954718,0.02705949168451656,0.9405325448420179,0.02771244051697761
Gilbert,10,,0.1,4,7.679032433498651,1.7704298105963288,9.636808260460384,2.8230321880319598,198.7,11.488461030186127,205.7,19.95746793347767,0.9350255306114235,0.015632181188494316,0.9468821364187692,0.026974209728297175
Gilbert,10,,0.1,5,13.061671494005713,3.01252228949463,15.77943109133048,4.456684629190449,289.3,17.332218250232255,306.6,32.21509943456557,0.9482964208538442,0.012994049087077412,0.9703370784897801,0.016814481052042692
Gilbert,10,,0.1,6,23.10792276704451,5.799985316873928,19.46345739903627,5.459835028234549,428.2,26.789982416842616,411.3,39.71855591799035,0.9620387683404594,0.009128355159610598,0.9829788967703731,0.009147379188780336
Gilbert,10,,0.1,7,38.31240075841779,10.78965526087471,27.041807779262307,6.7693541971832705,611.8,54.79721468142433,541.5,48.05980375367866,0.9693941451174055,0.008643978406635309,0.9830304689304343,0.010771752100115247
Gilbert,10,,0.1,8,57.161134386505,16.241787370561283,37.3186056997627,8.583038292857752,819.0,69.61616569673878,693.4,61.220756713973884,0.9813762289656977,0.0052187264999256295,0.9890242801288192,0.008221788560136582
Gilbert,10,,0.1,9,78.32429624270881,22.548191923202467,50.16243872230407,10.840298725550243,1035.8,94.93531315696245,870.5,85.87700813556437,0.9916636005705299,0.0032550586219088494,0.9887951626253486,0.008374575365828262
Gilbert,10,,0.1,10,104.32779305311851,28.77612164690619,68.18766867097001,14.37025664661341,1287.2,122.60672257691515,1097.5,129.6071696359913,0.9948910490490872,0.0018249620743016888,0.9913920000173224,0.005948809606867753
Gilbert,10,,0.25,1,0.36204041888704525,0.015562258479261504,0.42128362754592674,0.03173152323780269,23.1,1.7916472867168918,29.2,3.1065296257704467,0.36525760224967346,0.023485777849269685,0.45667392719272526,0.049323649128936796
Gilbert,10,,0.25,2,1.1795031832996756,0.07394217581648761,1.0158749931259081,0.08104534751816789,76.5,4.560413185343257,67.9,5.443441249024273,0.5594323523242879,0.028546636544717736,0.6844805221958212,0.04391043918260818
Gilbert,10,,0.25,3,3.000851667241659,0.2305622715735672,2.5618139026453717,0.15705938493753627,154.9,9.293432882247663,135.0,6.581473199344066,0.620052248927907,0.04592729518246832,0.8071138490031965,0.04484228035314693
Gilbert,10,,0.25,4,5.924810366157908,0.354001153636396,5.632931892143096,0.434589566025259,252.3,11.972138708817145,238.1,13.46299020512003,0.7345149902522683,0.021401566123661273,0.8978692997848938,0.027760786623699695
Gilbert,10,,0.25,5,10.87676323967753,0.8322294684852174,9.983529440604617,0.8055009405898579,384.2,19.639326818777082,353.8,21.056265475850022,0.7595515101410378,0.021360803330124686,0.9144728198141256,0.026098458930306684
Gilbert,10,,0.25,6,18.708150543645026,1.4685649424190297,16.777514841605445,1.2632021850266564,557.8,31.07779711762419,507.2,29.740066895475678,0.8104207773334284,0.02134862634996091,0.9493727732331878,0.017747974825766424
Gilbert,10,,0.25,7,30.825584817864,1.7909585042082,27.508790042926556,1.9641470327560502,797.3,34.60644144481898,718.2,42.145087745224025,0.8398679762739766,0.02052404059659245,0.9544454788353729,0.01813146747138863
Gilbert,10,,0.25,8,48.29791221639607,3.1522652510548514,41.04134376050206,2.9403956557132784,1092.2,53.458079985999056,950.2,56.59177920585471,0.8756471734691533,0.01780198908865059,0.9569891273636106,0.017871522705041998
Gilbert,10,,0.25,9,70.2632099064067,4.359439502463556,57.585951209883206,4.676631079245261,1429.0,69.79013653729828,1197.2,80.2857265940643,0.8870378677871527,0.015298903400830947,0.968474252179694,0.013940998298568676
Gilbert,10,,0.25,10,99.00988856545882,6.016640199849158,79.40609782434767,6.319434684874006,1814.3,86.257908866986,1484.7,99.93916833965075,0.9066394980865777,0.01449922324428176,0.973917329918111,0.01163434174649572
Gilbert,11,,0.1,1,0.40212798803113403,0.011961937373515277,0.45099829118698836,0.017440912142955865,33.4,1.330611256449258,39.5,1.9887843417260544,0.6923332233266469,0.03093915897370581,0.8287077717532221,0.03233534371573703
Gilbert,11,,0.1,2,0.8379574274644256,0.04435774789932711,0.9103991383221001,0.03158040933522777,66.5,2.5334602922942326,74.5,3.178463713643333,0.8387694943944389,0.018945027789167932,0.9221920627998961,0.01488722561847478
Gilbert,11,,0.1,3,1.78288855208084,0.14063079294436615,1.8464569438248872,0.05400338046798826,113.0,6.209500361288507,123.4,4.139921179010664,0.902690649931486,0.014178443183552296,0.9619917328211296,0.0075314320969972785
Gilbert,11,,0.1,4,3.716567157069221,0.379108002963709,3.723958464479074,0.2793985004164414,186.6,14.310173046877487,197.5,11.159961327984307,0.930180609864248,0.013285090719885378,0.983104761918803,0.0057595170895014
Gilbert,11,,0.1,5,6.023940977314487,0.6048480648841448,6.9306304444558915,0.6033350437965443,258.1,20.33015649614864,297.1,18.844781491799903,0.9387114657995138,0.01782092942278225,0.9915629151730855,0.004606324686409277
Gilbert,11,,0.1,6,9.798538418067618,0.9455121579130479,14.172449962701648,1.2981926555202823,355.0,27.509041575835617,492.1,40.31650439107773,0.961426491030468,0.009176226169285661,0.99483158917873,0.004183822342776871
Gilbert,11,,0.1,7,16.589954034378753,1.6194868058102732,27.103675370756537,3.1109265135504085,508.4,41.8769123679586,785.1,79.65682644946382,0.9733908574752709,0.006214004662927639,0.9988556682869639,0.0007039228892809474
Gilbert,11,,0.1,8,26.13485170705244,2.9273583561273924,43.2743608805351,6.315291704956547,689.4,62.722798675475325,1099.2,135.47867573514057,0.9792726688125579,0.005817671907064073,0.9993585959283797,0.00042056193882673365
Gilbert,11,,0.1,9,42.41063266387209,5.368107257737467,60.09167249086313,7.893897972587102,960.3,96.85792905618325,1397.6,162.88120307693416,0.9857438099183401,0.0037786082117569003,0.9995228468843695,0.00036981019690759666
Gilbert,11,,0.1,10,63.96152211842127,8.70808472713369,81.79444314688445,10.398452887847661,1284.5,143.2343589329996,1731.8,199.2117043697351,0.9901982885037711,0.0033533418404040603,0.999750023757316,0.0001801110000779151
Gilbert,11,,0.25,1,0.3822443799348548,0.01674301526735921,0.3780995836830698,0.014288394137378962,20.1,1.4251500382692859,22.4,1.6770902119287943,0.36269805714535625,0.02076743281165092,0.39554400657022215,0.043041837898120515
Gilbert,11,,0.25,2,1.4053723871591501,0.08491555696651927,1.1224131970317104,0.08297830547688047,79.1,4.226420658068405,62.7,3.6657016273903995,0.5208019200389457,0.028424564415809365,0.6443135335461229,0.04116770343574574
Gilbert,11,,0.25,3,3.374841277243104,0.25298783263125835,2.6303817339707165,0.1693880643655563,155.0,9.25145792209047,120.7,5.5843295785712055,0.6254767823114947,0.03412193454871444,0.6738139256489503,0.057794360220260764
Gilbert,11,,0.25,4,6.916192881786264,0.4870453457225049,6.404996002523694,0.5661925407778587,258.0,13.848807662907682,229.7,15.699329519709465,0.6960864502466453,0.026523592011760987,0.8142033395626769,0.0392520499520417
Gilbert,11,,0.25,5,12.687201791012194,0.8076182619022849,11.367922401463147,1.054681966691211,396.6,19.60993303619904,348.4,25.407665648071852,0.7427118877644127,0.028594636841015073,0.862981613661327,0.03294575076821883
Gilbert,11,,0.25,6,20.879156171297655,1.1195171142219926,18.77153198363958,1.6948033510209952,561.3,23.332053849631524,494.1,36.17486041874646,0.7934621057600906,0.0269230700135913,0.8671559673916758,0.031634100692381116
Gilbert,11,,0.25,7,33.04444303428754,1.6557802264035473,28.60095298658125,2.0616852959248297,773.2,31.99289394784246,663.8,41.1262241859069,0.802659603066829,0.022603886163801733,0.8917859970492023,0.028012512843541934
Gilbert,11,,0.25,8,49.87366867301753,3.5237665624299463,42.29476432459196,2.769943902749698,1025.0,56.35143485774178,868.9,47.24370746180745,0.8526772901458328,0.026629946878257336,0.8984761556520713,0.03007422143120196
Gilbert,11,,0.25,9,75.27408893425017,4.589562998492503,61.923913288046606,4.464421511374264,1367.6,69.05582791061919,1127.5,65.40253898177927,0.8525005522634134,0.026487448383646615,0.9160478605361329,0.0229446518736085
Gilbert,11,,0.25,10,103.45762686019297,5.722378378115598,91.20783786514076,7.230269529452076,1699.6,80.29781408835747,1464.4,96.01771766326857,0.8772211990869812,0.022925610237589312,0.914297311798036,0.024095171347877392
Gilbert,12,,0.1,1,0.4606117758434266,0.030319170323497326,0.4755011448636651,0.01949997330880703,34.5,2.8538985339540823,35.4,1.4874917071860831,0.6042587449739393,0.03923681171263398,0.7796893212357634,0.04737715977761255
Gilbert,12,,0.1,2,1.03530264897272,0.04456368734733286,0.9950879004318267,0.03688900802699133,74.6,3.2186953878862163,72.7,2.2723741352440876,0.8099627483601488,0.023874243168556058,0.8878916264526586,0.032632968237661014
Gilbert,12,,0.1,3,2.4092695163562894,0.2543587712512443,2.1313025990035386,0.09098898382183361,135.1,8.80367746127181,124.9,4.36848763424212,0.8736498212380684,0.02191957094300262,0.943470209765423,0.015691952701788397
Gilbert,12,,0.1,4,4.499173506302759,0.426692416423318,4.26732775811106,0.2791349767338761,207.6,13.282041694669813,198.5,8.74657827832961,0.9078348345544445,0.022685707487213918,0.9743901717069263,0.010618297521335121
Gilbert,12,,0.1,5,7.448820180632174,0.6234405464365834,7.873433977179229,0.6018902270428834,289.1,16.72469022606681,297.7,15.01387077969814,0.9429727917563897,0.012430112722976278,0.9886450640627116,0.004781727587825001
Gilbert,12,,0.1,6,12.466256625484675,0.8887855672559115,17.75055416133255,1.634495407194584,408.4,21.30016061219406,531.1,36.466993006654235,0.9557084373333697,0.01516492818778917,0.9908032873565261,0.006817091346405797
Gilbert,12,,0.1,7,21.86254060561769,1.6201065086729682,30.556691340915858,3.206667525300407,598.4,32.5759355805381,794.6,72.17028109744487,0.9598845036024326,0.019947210383532987,0.995114266837839,0.00406517918283136
Gilbert,12,,0.1,8,35.41436106855981,2.9914304355444368,42.940298767480996,4.113992519200678,833.6,53.498568598657506,1013.7,87.97909739788973,0.9762410469664731,0.009341715223191114,0.9968121609510533,0.0028272196730479283
Gilbert,12,,0.1,9,52.729240965982896,4.603209806133174,63.56763905705884,9.125293743580713,1101.9,75.47916756855565,1329.7,151.96303393987145,0.9751672396874362,0.015882500655663656,0.9990801977064521,0.0007899369143544475
Gilbert,12,,0.1,10,78.1759417841211,7.798077328975155,84.69632583372295,13.087281212972858,1446.9,114.735712331473,1617.3,199.94363811097523,0.9797940975038559,0.010679634920910256,0.9996950171965828,0.0002550120054370669
Gilbert,12,,0.25,1,0.4353019141941331,0.019230928765543113,0.4532900517107919,0.03181420688090442,21.6,1.4910257860737492,23.4,2.1081296274934775,0.31678060221627236,0.018013732954811033,0.36040402055631715,0.038076869807562766
Gilbert,12,,0.25,2,1.7679415856255218,0.1344827624252866,1.6080940288840793,0.13839033729169992,83.5,5.344697322925238,77.0,5.702261785790285,0.4691393901374633,0.030608789005499393,0.5558768290204961,0.039129181851697774
Gilbert,12,,0.25,3,4.341044122946914,0.3422508855163427,3.716631572053302,0.2613908914202423,158.3,9.048727738428786,143.3,9.351920714624967,0.613174146363635,0.0310826570202781,0.6675748464792683,0.041878590963489476
Gilbert,12,,0.25,4,16.721334058616776,7.269207702726106,8.015744758758228,0.6446419930679267,278.3,15.000543849790034,240.6,14.187540864768412,0.6656666907360749,0.02499902031743392,0.71071549137108,0.04630625445166357
Gilbert,12,,0.25,5,17.683790572173894,1.373479792739891,15.743742509558796,1.6210254810267972,433.1,24.609572378072293,384.8,27.542655912907925,0.7136973172264921,0.027382506259018176,0.7877659282226304,0.03114853931681863
Gilbert,12,,0.25,6,26.99939833820099,2.0657243364755007,25.13842015034752,2.0513162880455496,580.9,34.15459435843842,536.7,35.71680276844499,0.7547601437846818,0.02251665152138199,0.8295517893920137,0.02860012854248438
Gilbert,12,,0.25,7,44.026871594809926,3.1569332631144,41.158211178041526,2.9265394766242188,809.8,47.008823359920534,754.5,47.07617008077106,0.7753244263171786,0.023480203371255885,0.8340552685889533,0.02780224331276284
Gilbert,12,,0.25,8,61.226667108910625,3.7896449349323333,66.82219642035197,7.104333791406747,1016.7,53.83606206760825,1057.4,90.94163541872105,0.7911409023763363,0.022626592611492514,0.8456675113665227,0.02453796002308563
Gilbert,12,,0.25,9,95.99865499476437,5.7734590217468655,99.39841000664747,10.002917375124504,1391.0,75.07547079965248,1393.6,114.76746283819202,0.8305840409641846,0.01811048542389681,0.8535673037140252,0.027938119322069018
Gilbert,12,,0.25,10,138.48665026368107,8.777548973676874,138.5055370768765,15.971906631555864,1780.6,97.44494802059694,1752.9,168.581479597131,0.8395827458102036,0.02030062817118725,0.8856422620515596,0.020769530450136076
Gilbert,13,,0.1,1,0.44794519315473735,0.016756187286364754,0.530760675854981,0.029673442809467914,28.8,1.5036796971359783,38.1,2.758622844826744,0.5764519257469936,0.03205900376712935,0.7029481517971397,0.05775943456827777
Gilbert,13,,0.1,2,1.115819307928905,0.084235647777094,0.9594760927837342,0.03810334871113386,69.5,3.5,65.3,3.4770677301427417,0.7724261243301085,0.019546221603019012,0.8676128806606019,0.027948806445980766
Gilbert,13,,0.1,3,2.6173397830221803,0.21517734645082867,2.2630206322297455,0.1817315181049209,128.6,6.914667857456884,116.7,7.005674391820571,0.8397315493346582,0.01665547112363185,0.9313770280166548,0.02449686702169719
Gilbert,13,,0.1,4,5.254218453262001,0.529258330436418,4.362205672683194,0.38900730092872815,208.0,14.049536422395242,180.7,11.898053799278532,0.8771218293264045,0.01773316605009887,0.9467479291542664,0.02480014835898373
Gilbert,13,,0.1,5,9.422556480346248,1.1659399970607365,8.214507996942848,0.8137768050443486,307.4,25.383003015901465,275.4,21.791886466973747,0.9078871181236361,0.016562185989782926,0.9599644300691018,0.024838635962749347
Gilbert,13,,0.1,6,16.14156668712385,1.5202366922610795,15.270353158563376,1.5989968482860213,447.4,30.216098880877187,424.4,38.89489210139227,0.9331660443865826,0.015346080985938195,0.9638304744657995,0.025787903518293742
Gilbert,13,,0.1,7,27.564032913884148,2.4865843305539137,27.220131704909726,2.9681981275045146,651.5,43.04168725904298,626.3,58.03597341758227,0.9458943385787812,0.013502763859590662,0.9657173024903327,0.02675429569175059
Gilbert,13,,0.1,8,45.74439304205589,3.3093203743890185,40.71995649319142,5.36644994634849,935.9,54.08151255281235,847.0,97.02821076475917,0.9578477797650706,0.010196429130518858,0.9714346365989203,0.02379448529705203
Gilbert,13,,0.1,9,70.5303139239084,4.5292437737190365,59.50718415188603,8.381338009380435,1279.2,67.67420405691405,1111.8,138.29038098755896,0.9647718141794434,0.010260317505718432,0.9678975321335745,0.026348851940478427
Gilbert,13,,0.1,10,99.48582079322077,6.303405859137693,80.08732651239261,11.880421434304713,1634.6,84.02720110961562,1360.5,178.21889999601464,0.9675107401039356,0.01193686139818617,0.9702950292057828,0.027020235427231788
Gilbert,13,,0.25,1,0.44371551593067127,0.021535385321265702,0.4687184330658056,0.024226781505472746,21.5,1.7524419053363645,23.6,1.6389984104548985,0.30937190276969934,0.02010506064133719,0.31695590912088595,0.028502022568925867
Gilbert,13,,0.25,2,1.6105539548792875,0.06661842705358062,1.5367793791461737,0.10350624178496766,72.4,2.377969058273312,70.2,4.154642298872305,0.44087369436601503,0.030407350563089235,0.5428404351443263,0.04361539032470721
Gilbert,13,,0.25,3,4.482324578345287,0.29731437254417264,4.2216721080709245,0.3137758986337753,155.6,7.085344399756295,148.6,7.825868036602444,0.5564123296593791,0.024157343383314215,0.6968183434349785,0.040180896620913974
Gilbert,13,,0.25,4,9.60027179067256,0.7954933387195272,10.013043203693815,0.9246027050667966,264.2,15.41079594242125,266.7,17.429119614206446,0.6138361239444128,0.030478813411148407,0.7320340515657974,0.045742049517864515
Gilbert,13,,0.25,5,16.913235441676807,1.2181041062777795,17.72723487870535,1.5746928208184348,400.8,22.11615270625331,414.7,28.962507524474862,0.6921157182546784,0.023035865096254077,0.7994370910035901,0.03742854742213365
Gilbert,13,,0.25,6,27.20323334906716,1.8166136430816187,30.699504788895137,2.1859445073777883,555.7,27.26990822751045,614.3,33.821598518044496,0.7444191384205733,0.02001888050916236,0.8252841561457283,0.0323397279083469
Gilbert,13,,0.25,7,45.91195181205403,3.280306370327787,45.556242194760124,2.914236111663772,774.4,36.92142438947024,799.3,38.725559355139346,0.7664904054848625,0.01991547955734284,0.7927647449883212,0.041427634675062684
Gilbert,13,,0.25,8,70.9321652441984,5.256292309230232,66.47342792866985,5.357417878517624,1057.2,53.454240144947185,1032.2,58.54389266542713,0.802241182322935,0.02116590594586634,0.8914036901315052,0.023617918732299018
Gilbert,13,,0.25,9,108.06172746896046,8.640572449292536,94.72222920916974,6.46079750741801,1386.0,70.48583284305397,1309.7,71.40901830117006,0.8267484723518448,0.014657209011238535,0.8759277372426938,0.028534009670677922
Gilbert,13,,0.25,10,143.62076935633087,10.574701182602723,136.683549798117,11.826429838370244,1736.7,94.37119040759933,1669.3,105.43875997593653,0.8505956513197743,0.01462261479597091,0.9261035873250243,0.016696152401127
Gilbert,14,,0.1,1,0.5038594890851528,0.02531815730989945,0.582354485290125,0.03840712844155487,33.4,1.9471977165579308,40.1,3.51380735175723,0.5705535642371566,0.028848726505476197,0.7861452374121647,0.03455330710519185
Gilbert,14,,0.1,2,1.1561769990250468,0.04671053685003451,1.0847885699477047,0.07180703412826403,69.7,2.017163198261621,68.1,4.8264076212350515,0.7635764010296161,0.022159158171466378,0.8806599953631032,0.02512156588733871
Gilbert,14,,0.1,3,2.5995473011396824,0.15439857845088223,2.342185188131407,0.2384281334364041,123.3,5.3158650333347985,114.7,9.836853369372049,0.830024498996164,0.024804404093274862,0.9273566604861886,0.02516648645843138
Gilbert,14,,0.1,4,5.246617580298334,0.41223037121050665,4.387402515206486,0.5109433493189235,197.8,11.172240033602083,171.9,16.812573615569608,0.8945481345840568,0.017116656098630906,0.9570607550313879,0.02054998201663456
Gilbert,14,,0.1,5,9.829956436948851,0.8258063973520391,8.143451640754938,0.9270008238724137,297.8,19.66396651104167,257.1,25.031969033302403,0.9236038436702889,0.014824057554882602,0.9678996456919455,0.018955025569066468
Gilbert,14,,0.1,6,15.902820798009634,1.0806507316903404,16.28744150311686,1.8499300446373652,417.0,22.357619683113334,414.5,43.37058789936842,0.936436230253433,0.014891404648351751,0.975210989959475,0.018620960680198712
Gilbert,14,,0.1,7,28.060577592393383,1.8942020345656096,31.529826566157862,4.354200241459438,617.1,32.727093234489175,668.8,84.51800181960616,0.9544172262450974,0.011406311957540525,0.9756709414725864,0.0213515659713807
Gilbert,14,,0.1,8,44.38044712240808,3.213442454446994,46.414837694447485,6.188888596978229,849.8,49.88447707084418,885.5,111.38769420834885,0.9698988670559243,0.007350397919035329,0.9783550569074455,0.020381593221450653
Gilbert,14,,0.1,9,64.49077511322685,5.025087522743734,63.81705624498427,8.310005349291876,1103.3,70.05370496231708,1106.2,137.42327237216293,0.97294413618334,0.007413103711436373,0.9746904783715002,0.024348091265145932
Gilbert,14,,0.1,10,90.80132798003032,7.224639757415899,91.30943043762818,12.605447196453898,1402.0,91.48540291963752,1422.6,183.7698847099703,0.9751143862789349,0.006841118559908549,0.9785578168601738,0.021211087330219255
Gilbert,14,,0.25,1,0.4726341540575959,0.020187889255816886,0.5799569977330975,0.03140134503493736,21.1,0.6878647357851994,28.0,1.952056944812183,0.2526769401165192,0.011320202968858575,0.293600863732327,0.03484949466508815
Gilbert,14,,0.25,2,2.096062381740194,0.11623309819397783,1.6786223966162652,0.11130575060549475,83.3,4.024333877537342,69.8,3.7498070125779734,0.3889931101400429,0.049514476691566646,0.5527086135155754,0.07413710426597811
Gilbert,14,,0.25,3,5.7239376324811015,0.3775532187553459,4.568844987766352,0.2575619816111614,171.5,6.757257307206044,146.2,5.717747071963516,0.5044700176281633,0.033526142750826764,0.6935254758411775,0.051513551952954435
Gilbert,14,,0.25,4,12.109681838809047,0.5866485425084202,11.492996998352464,0.7911169241066193,307.5,10.57691129922053,280.1,13.938568226705579,0.6427393408941494,0.025082838013040412,0.7865067628313638,0.041748090215685374
Gilbert,14,,0.25,5,21.65369466561824,1.0403434328142962,20.97885186681524,1.450904797084918,461.1,16.485703535264474,439.7,23.277400379360504,0.668597386648327,0.030138343852167446,0.8412872357652867,0.03677638272542613
Gilbert,14,,0.25,6,38.74927975371247,2.6244111428284165,34.11734058456496,2.5089792524013026,682.0,32.56313705306726,618.6,34.064675328896904,0.6950351632614714,0.035121316119166836,0.8231724714018054,0.04215585340495564
Gilbert,14,,0.25,7,58.78399145089789,3.4982529784852514,52.461429779022,4.034163173665688,931.6,45.495540556479995,834.8,49.60314081736527,0.6942051289384096,0.04363307511982672,0.8552415624292993,0.03725695383955356
Gilbert,14,,0.25,8,85.97036257683067,4.809616216143654,79.90601633739425,7.993387671199658,1221.2,53.83198032083863,1114.9,85.2341017742497,0.7761861756040032,0.021316718546131177,0.8499930759756248,0.037423477060861465
Gilbert,14,,0.25,9,127.86081643245416,5.852946443802734,116.33793584037339,10.673348442650479,1609.9,58.5670061598364,1445.0,105.54594908579415,0.7971167691771106,0.024154554564520574,0.8660333924794943,0.033055899624507584
Gilbert,14,,0.25,10,196.19419584156714,11.987001144388653,167.68701922859765,15.737340018276473,2170.0,96.3774378488855,1862.7,144.46126962287377,0.8046651055011473,0.023521428394442215,0.8536491600687048,0.03744319230847963
Gilbert,15,,0.1,1,0.5098701879382134,0.018312491932305965,0.5630660489667207,0.029213056465737106,30.6,1.1154418525032084,36.2,2.161383572475839,0.59878736889494,0.02584310646900889,0.7789075182018373,0.035102452261277235
Gilbert,15,,0.1,2,1.28435061047785,0.07183546425219445,1.227114587277174,0.0706009690219453,69.5,2.7563324220878425,69.8,3.4179094872681888,0.7619552897869601,0.019882198102838203,0.8867430822718786,0.01653667227249582
Gilbert,15,,0.1,3,3.098529416229576,0.18927758322693214,2.821669333009049,0.23393529205598765,129.5,4.286760523924061,122.6,7.129036252870148,0.8267793364943581,0.01762386579798111,0.9406255085493014,0.011306950382950055
Gilbert,15,,0.1,4,6.335085005313158,0.4202245900761247,6.126937570096925,0.5451855597668998,212.3,9.048727738428784,207.2,14.414466417639716,0.8720388405522055,0.013594970521974146,0.9710773984102417,0.009490443024827582
Gilbert,15,,0.1,5,11.902771407645195,0.8726884965220829,11.983062346559018,1.1944664661346711,326.7,16.039605586435755,329.0,25.91707423383483,0.899662933491749,0.015183433603792526,0.993018818981021,0.003326518394525144
Gilbert,15,,0.1,6,19.95181427234784,1.405265321578804,19.431357935443522,1.6673215251409765,465.9,23.399268994429807,460.2,33.04857668724375,0.9296359839645513,0.011303066677140166,0.9961547591436408,0.002104000156198568
Gilbert,15,,0.1,7,31.94484915076755,2.1602498871483196,29.5960632733535,2.236314553445583,641.3,31.529860533518985,609.7,39.01046418320953,0.9354464904673204,0.013346151676748146,0.9977534220454747,0.001195305982389487
Gilbert,15,,0.1,8,50.25724582700059,3.8925949208966553,44.72412439375184,3.5460476150983022,879.1,52.79403375382486,808.6,56.830884857480534,0.9552322455626558,0.007478407465435286,0.998753573912265,0.0006795253197350541
Gilbert,15,,0.1,9,76.94368460597471,6.722817419216406,65.98420885759406,5.883956895509328,1179.7,79.67424136345512,1056.2,82.83171271668205,0.9600378338774345,0.008720669511422224,0.9991678868199715,0.0005702608468733819
Gilbert,15,,0.1,10,115.59721373282373,11.767929812798197,92.09839482745156,9.635309995361238,1575.5,127.74966268366218,1318.7,113.7997571914901,0.9695165467228046,0.005881868411551961,0.9993752084673609,0.0004946371760563629
Gilbert,15,,0.25,1,0.5444581126677803,0.017253439528579374,0.561207635467872,0.0151465005638375,21.6,0.47239590889088157,22.9,0.7605399743810833,0.25410643539260624,0.007435874404416927,0.2646175024380824,0.027399490119107896
Gilbert,15,,0.25,2,2.492143608117476,0.1878118853497866,2.5406961488421076,0.15287014489094722,84.1,5.5449835081146235,84.4,3.9459506225736622,0.3510856272964849,0.04014939885052525,0.417814626826972,0.03344908862721113
Gilbert,15,,0.25,3,6.6488049123203385,0.5140963497943019,6.269301060563885,0.38837221918930576,174.8,10.54653846928984,167.0,7.983535689483899,0.44012601393760153,0.029088414357343925,0.39388112400398667,0.04640859791279575
Gilbert,15,,0.25,4,13.443434535665437,0.5326458397993266,13.331460859219078,0.6877369839184331,290.4,9.558242516278815,285.6,11.91248791903071,0.4890420046495276,0.04678430679189521,0.5005011482750588,0.05055416285407046
Gilbert,15,,0.25,5,24.93294484484941,1.1453493075210843,24.7107345322147,1.445780303078973,448.9,17.723297186412427,439.3,21.152715391198658,0.5951634763583966,0.037240479956441856,0.5635375963525567,0.05431369985640815
Gilbert,15,,0.25,6,40.07049009943148,2.1152733637383987,40.67249983729562,2.2062018020896854,619.9,23.190957856798182,620.7,28.695231586266623,0.6167956246150184,0.03829947280312014,0.6227617998697904,0.05571483328018642
Gilbert,15,,0.25,7,61.99135019370588,3.597329340328355,65.90005932233763,4.201886429651362,830.7,30.40542714713937,863.7,46.315229960735266,0.676140401479505,0.029329151384599177,0.6888276388867377,0.04435225078161313
Gilbert,15,,0.25,8,93.8929734002566,5.539207957168244,95.6860954383039,6.007195746038199,1102.5,40.652798181675024,1109.7,55.28838747398665,0.7218746590800654,0.023983992145138647,0.7420425369294616,0.02365049269972907
Gilbert,15,,0.25,9,145.87942088497803,6.729621006988761,143.82867101352895,9.721507964018386,1486.2,36.26797920741482,1466.0,76.61413913756046,0.7488994185129286,0.022258238651621128,0.7518908314598336,0.027399809501984406
Gilbert,15,,0.25,10,215.1748374935938,13.597198795421416,209.53386162412352,16.12488853770656,1954.4,74.23116099831589,1885.9,113.28264372100897,0.7711620268949413,0.01717258392656138,0.7702035288867708,0.028110573031041936
DRegular,5,2,,1,0.25979427793063226,0.025021326184641025,0.23525392985902727,0.0003783639193963395,20.0,0.0,20.0,0.0,0.7712509435331885,4.866086912763837e-17,0.7712509435331885,3.320915995620004e-17
DRegular,5,2,,2,0.7464807639364153,0.012947018213841298,0.7543412588071078,0.014801804461666318,88.0,0.0,88.0,0.0,0.8105727957762869,7.181530241947872e-17,0.8105727957762865,8.618589038409839e-17
DRegular,5,2,,3,1.6920088978018613,0.012400590518626676,1.6744738373439758,0.014865740771049926,178.0,0.0,178.0,0.0,0.9658732966804271,3.049153255949733e-15,0.9658732966804244,4.138000705700679e-15
DRegular,5,2,,4,2.681784030562267,0.013053797517085693,2.6931253461632876,0.012465736526860154,248.0,0.0,248.0,0.0,0.9907588999710649,9.681380647343625e-16,0.9907588999710637,1.3939705305256969e-15
DRegular,5,2,,5,7.5691384298261255,0.049284708886485534,7.571736978460104,0.04842349725604735,532.4,1.1201503658461496,533.2,1.7435595774162693,0.9977862407500524,1.2917225464247777e-10,0.9977862409774524,8.4129110240879e-11
DRegular,5,2,,6,14.322168174851686,0.3291152015540919,14.082914165453985,0.2751281382754263,860.2,14.156196337181894,849.3,13.480805067322867,0.9995466911345167,3.4781142092329085e-05,0.9995651583720472,3.961816407174343e-05
DRegular,5,2,,7,25.03434968399815,0.41526457127293837,26.516331391083078,0.35043665904365573,1307.2,17.91700162885579,1370.4,15.889486759291005,0.9999263876060274,2.4118888155958482e-05,0.9998530716260191,3.09738029223167e-05
DRegular,5,2,,8,35.105645081494,0.8964749854190405,36.22083229618147,0.745527694660802,1676.8,32.92300427552619,1726.1,30.731596974963388,0.9999997057601225,7.112372727579046e-08,0.9999997109064618,1.279443479870857e-07
DRegular,5,2,,9,45.45336269033142,1.5233449900815983,45.79964918503538,0.7921156862628471,2013.2,44.07706170357834,2041.7,26.529536667448106,0.9999995807945254,1.4834515018226948e-07,0.999999928626036,3.492889495326709e-08
DRegular,5,2,,10,54.133095640176904,2.0475133719733254,54.2377528312616,1.021899671617768,2261.2,58.088933632201545,2292.0,30.721499415161844,0.9999998585548495,8.438518589172491e-08,0.9999999305542531,3.2051051957365646e-08
DRegular,6,2,,1,0.2632992999162525,0.009672490242992536,0.25070380461402236,0.005558391294341605,20.6,0.21026299321513872,20.6,0.21026299321513872,0.6660861941201403,0.01720141898191688,0.6916118500621466,0.013367775537526777
DRegular,6,2,,2,0.6611424786970019,0.022669748777834425,0.5207311426755041,0.00908899523421118,64.6,1.8923669389362483,50.6,0.21026299321513872,0.7622259206357969,0.02104313065261289,0.8410412267762435,0.009206029095285872
DRegular,6,2,,3,1.4948151630349458,0.0698515281021154,1.60227886387147,0.050865633831389145,130.4,5.046311837163329,136.0,4.205259864302774,0.8672423963889285,0.019938579360947128,0.9906712206363439,0.0014010693357422671
DRegular,6,2,,4,2.1284216759726404,0.06900210496064928,2.38235961063765,0.03413098723973788,167.0,5.256574830378468,181.0,3.153944898227081,0.9829064246542849,0.0025672473457484103,0.9812867344728508,0.0028105051354838386
DRegular,6,2,,5,3.2010187569539994,0.038937750014781045,5.814045831933617,0.4654702580128979,220.2,3.5744708846573583,333.1,13.4207027818179,0.9964872990624141,0.0005275649989940664,0.9999999908747077,1.71298500926162e-09
DRegular,6,2,,6,5.164769669203087,0.12597462709217405,10.026575759518892,0.9734681620124033,300.8,2.5231559185816645,518.8,40.68916835046682,0.999813562480208,2.8000649530235112e-05,0.9927138125611933,0.003164591657980131
DRegular,6,2,,7,15.40653904513456,1.4944261623255306,17.746242664242164,1.9293062773194762,665.3,51.071935851100726,793.5,73.70865477997603,0.9999840758329789,2.39162142227025e-06,0.9962563219783345,0.001622799339739695
DRegular,6,2,,8,22.965289809787645,2.431687659668313,31.210863350797446,4.298431423393157,888.8,78.11494903767073,1204.4,142.58748745576298,0.9999998008036822,9.105378605971782e-08,0.9992617171816154,0.00024040029281308632
DRegular,6,2,,9,30.05085923727602,3.3408508272121114,42.24719311823137,5.966460832725814,1088.9,103.53920945582327,1504.0,187.131026429696,0.999999076485584,3.714336864045092e-07,0.9994359300399477,0.00020504727391338417
DRegular,6,2,,10,37.88040648270398,4.336535743100575,61.588259254069996,8.725709647711541,1284.3,127.57901782610526,1981.6,252.8482632143759,0.9999994465047836,1.3619165852038023e-07,0.999741041280557,8.799101787917838e-05
DRegular,6,3,,1,0.2962683404999552,0.05980639291628886,0.23652383575972635,0.0051058829049851085,15.8,0.13764944032233706,16.4,0.2752988806446741,0.5723193258040272,0.010991979301504846,0.5964678744423156,0.005628191721780734
DRegular,6,3,,2,0.5265199254470645,0.010557248077257622,0.5248843134992057,0.011833841329661332,42.2,0.13764944032233703,43.2,0.8258966419340223,0.7189472054283589,0.004960594801199145,0.7339929081771623,0.005394568011946314
DRegular,6,3,,3,1.4068062175967497,0.047033320074737185,1.3658337415428832,0.011460233533367854,102.6,3.1659371274137524,99.0,0.6882472016116853,0.8184630255422215,0.014474510622366415,0.8104968616638709,0.019957200619221533
DRegular,6,3,,4,2.565126213806798,0.08953006046660499,2.6828031122568063,0.19164233515155352,160.0,5.505977612893482,167.3,10.530432089900206,0.8227549045944074,0.00839196644591382,0.8513985761630835,0.011321960355111326
DRegular,6,3,,5,5.014815588554484,0.051602443327186956,5.153922581602819,0.1403952373796082,263.4,3.7165348887031007,270.3,8.468237870512315,0.9283909099313415,0.0031483403677798304,0.9216817742435911,0.007765884230107675
DRegular,6,3,,6,10.230653901057668,0.1481071180672198,10.27830012680206,0.0875758441303867,442.0,1.818038271845435,447.6,4.6850265403955325,0.8645839757671478,0.0017311344090256643,0.8554697865038534,0.004541680949255554
DRegular,6,3,,7,15.112380881651188,0.1242053555266568,14.848150498743053,0.14188208925470935,589.1,5.1349678418508224,585.3,1.95892021814382,0.8734278899083104,0.009575871495847587,0.8665803958898032,0.0048631029018798705
DRegular,6,3,,8,23.999166581293686,0.5796906990823647,22.75265506771102,0.3950478318283799,820.7,18.35284288891678,790.6,6.654005521013956,0.9180824355521293,0.007190448060467425,0.9223244922213099,0.00539127295909781
DRegular,6,3,,9,32.83291202155233,1.5460319660533846,31.298886942039825,0.8042685993865946,1027.6,42.97333322446669,991.4,19.33423470373077,0.9364339736998037,0.006310654823706967,0.9439735090856537,0.005956421951466327
DRegular,6,3,,10,44.905603365652496,3.05692502841838,43.58838615639543,1.8955429194931266,1280.4,73.58583959889079,1245.3,43.025151762783196,0.994340942237085,0.0009640116512394178,0.9845148772049013,0.0028703599230105806
DRegular,7,2,,1,0.28167957863770426,0.009872908056334811,0.2613348776474595,0.0017062942362715968,20.0,0.0,18.8,0.22478059477960655,0.6832945111567585,0.006844513441792737,0.6994522361328048,0.0038178942497918895
DRegular,7,2,,2,0.7828363124281168,0.009601373874156627,0.6967880961019546,0.020332307998104603,70.0,0.0,61.6,1.5734641634572457,0.7788684300421476,0.0075562075725557655,0.6981439792337673,0.02267728262752648
DRegular,7,2,,3,1.4122488812077791,0.014333021107461708,1.2660782019607724,0.04029776277869898,112.4,0.6743417843388195,99.2,3.1469283269144914,0.9161137118308552,0.0022740408099860454,0.8391246804498582,0.012147326077785976
DRegular,7,2,,4,2.9152032388839872,0.0483543136157824,3.6019861853215844,0.1719926833151772,188.8,2.023025353016459,218.8,7.642540222506622,0.9250074128397582,0.002097556078694159,0.9428712673887129,0.001248650463447903
DRegular,7,2,,5,5.525287638511509,0.1312545108038884,5.662628830922768,0.15185668254472315,298.8,5.394734274710557,306.0,6.743417843388197,0.9845922532647237,0.0010985060601245609,0.9730575480281878,0.0032591543131878756
DRegular,7,2,,6,10.480464806547388,0.20604962486653988,11.187494361354037,0.14498981719733883,476.4,6.293856653828983,502.8,1.348683568677639,0.9968536449124665,0.00017132721563139168,0.9773906533188261,0.003817079571141449
DRegular,7,2,,7,24.76374835432507,1.1555827060134047,16.54189002746716,0.5233168126371391,906.4,33.53100686010832,663.6,13.905394636614957,0.9995931950792614,4.0194809412269483e-05,0.996479773453007,0.0006194467115324441
DRegular,7,2,,8,35.86213669981807,2.330489380867297,24.73503923411481,0.3587073781355017,1191.9,62.1548956449255,875.0,4.276004037219304,0.9923717377292733,0.0034455948144927885,0.9966577321191357,0.00035048181101003217
DRegular,7,2,,9,53.985861968202514,2.3596164686699534,44.74172381595709,2.7004225420382957,1617.4,53.25610417200029,1349.0,61.41429629551806,0.9999369681549626,1.782083898854076e-05,0.9995840705732977,4.9593409192938726e-05
DRegular,7,2,,10,78.109564336529,5.09343948451088,70.16759990113788,5.145978745976096,2123.9,93.95502563516898,1880.5,108.1995111381115,0.9999873125901365,7.764330219125631e-06,0.9999647730362794,7.4053123619011045e-06
DRegular,8,2,,1,0.30846958300098776,0.011503841109044304,0.48093441291712224,0.17132722064371075,21.4,0.4376973239219324,21.4,0.4376973239219324,0.6671296825461298,0.015672355367096952,0.6908320773494218,0.011682172760965491
DRegular,8,2,,2,0.8450903931632638,0.01737619610121784,0.6716571932192892,0.021959998920752673,66.5,1.0246950765959597,54.7,1.5712884421458246,0.7654418843458439,0.016839974342618264,0.8180870505039396,0.0011794477469690221
DRegular,8,2,,3,1.8592175926547498,0.04493743129884172,1.923637433629483,0.03615493185274172,125.1,2.5400994593042796,124.9,2.597468403130856,0.8355956144305573,0.014968897764301546,0.9390098583906592,0.012142737060931382
DRegular,8,2,,4,4.09815217233263,0.10928620626587117,3.5594330285675824,0.15441376983668476,222.1,4.972503340741382,197.2,7.878551830594784,0.9113322560736472,0.014026631677782815,0.9632404171771825,0.0065574946507744244
DRegular,8,2,,5,7.847068527806551,0.7236953526941475,10.141055789170787,0.3359388959924721,335.4,23.48979621699153,435.9,12.364188525525517,0.9368408399297673,0.0119059922614166,0.9847762774073029,0.008508371883872807
DRegular,8,2,,6,11.74517069500871,1.029708977985889,19.040519291581585,1.107802363174366,468.6,35.733251505536046,696.1,31.979755109164063,0.9785338788687892,0.004192400306039411,0.9960718602268971,0.0016109343369856573
DRegular,8,2,,7,23.662038469407708,1.7699689836077612,34.9900193145033,1.4036092599529375,768.0,55.19725393627171,1100.9,37.12240775993304,0.9984005806273901,0.00022237618234302584,0.996568580350697,0.0031257894974863966
DRegular,8,2,,8,37.717357565648854,4.32333108329482,54.48807591605,2.1889437017252846,1079.0,113.44142935778287,1533.0,53.80716054872055,0.9897755838153628,0.0021094783047951,0.9998585032236835,6.26708271617253e-05
DRegular,8,2,,9,81.72789580775425,8.232913896467561,93.44345517405308,5.248514069331026,1945.2,196.09913711933402,2301.5,117.47383807290433,0.999990117754396,5.015705621691399e-06,0.9999376421492674,4.282632349347794e-05
DRegular,8,2,,10,105.40638186912983,10.561909534396131,124.95276974360459,8.908193929375742,2350.9,236.65464399904724,2847.2,180.12448327110954,0.9999414380023112,5.5395422986828615e-05,0.9999939929237673,1.9339851534143315e-06
DRegular,8,3,,1,0.2943501712550642,0.009596343461490058,0.29816789615433664,0.00952102825221852,15.6,0.27529888064467406,15.6,0.27529888064467406,0.5401859967442653,0.00901271913433052,0.5401859967442655,0.00901271913433054
DRegular,8,3,,2,0.7561840718059102,0.019064251340715644,0.7444182634964818,0.014589424349624196,50.6,0.7553319242488522,50.6,0.7553319242488522,0.6588011357090783,0.013456243208723732,0.6588011357090787,0.013456243208723654
DRegular,8,3,,3,2.0696681339497447,0.029419734034678548,2.074391787496279,0.03006918017083534,115.9,1.2853424692111803,115.9,1.2853424692111803,0.7317662807212978,0.006772859853417237,0.7317662807212969,0.006772859853417155
DRegular,8,3,,4,3.940043808642076,0.09449990363347463,3.905550785045489,0.09174822847384032,185.6,3.655133376499413,185.6,3.655133376499413,0.6750425892623784,0.024012628790356736,0.6750425892623781,0.024012628790356608
DRegular,8,3,,5,8.179793318753946,0.18378276737365606,8.174705658797757,0.18330105941327235,315.5,5.91496763349244,315.5,5.91496763349244,0.7868255919810428,0.014326340090205938,0.7868255919828533,0.01432634008996466
DRegular,8,3,,6,14.310905349793028,0.3312396330943131,14.281773186501232,0.3208917243236189,474.0,9.50789145920377,473.3,9.34291175169711,0.7403610961719255,0.04999739876431912,0.7403610961678444,0.04999739876242638
DRegular,8,3,,7,24.06103625294054,0.8636068036406686,24.03376968295488,0.8627242196447535,686.9,20.041785297092094,688.4,20.448960853794013,0.9042698908080944,0.00989654212272615,0.904574713876572,0.009894059485390364
DRegular,8,3,,8,42.48381490953616,2.000360971399659,44.2920310648944,2.126184215820088,1038.7,40.476965509312876,1063.9,41.11843612631302,0.8688020228708606,0.020775583310649878,0.8563442786684531,0.023119787042078524
DRegular,8,3,,9,60.953365310601654,3.319265199936847,64.30998933229421,3.972308777246674,1353.8,62.7083306813545,1410.8,70.49709213861236,0.9184887063508343,0.019914665333034293,0.8904640187565682,0.03073477797793706
DRegular,8,3,,10,87.4517836904939,4.549170207506835,91.77965928099874,5.334333077800214,1754.2,81.38109181660786,1831.4,91.55580409322991,0.9233477432916709,0.018491075777078154,0.9062934432081496,0.027661188661203515
DRegular,9,2,,1,0.3201684503816068,0.013294362335383671,0.30464693196117876,0.005173585606258537,20.8,0.22478059477960655,20.0,0.0,0.6750164931099603,0.005369265529061911,0.6857239579593151,0.0019842137426908006
DRegular,9,2,,2,0.9650713333860039,0.013667608811503884,0.9007586822379381,0.019947627275828727,71.2,0.8258966419340223,66.4,1.3266499161421597,0.7608991596537206,0.010174182645533755,0.7476700592857453,0.010517799930262042
DRegular,9,2,,3,1.9266317124012857,0.01852647839345412,1.8608465588185936,0.032549015925985955,122.2,0.9722464491551188,117.2,1.8261261846064372,0.8555258645982565,0.007738622286114939,0.8369854503794503,0.010029852201833757
DRegular,9,2,,4,3.2779066110495476,0.07272929877427327,3.1811879794579,0.038076844483506976,176.4,2.2365386791106237,171.6,1.4910257860737492,0.8973119172066696,0.0028490526546168507,0.8740963626848197,0.013009741382333613
DRegular,9,2,,5,5.020892595266924,0.12059648853409789,5.1141144432593135,0.1002396984918466,234.0,3.973597071195131,234.8,2.7849218074632205,0.9546890641176973,0.000424482152492911,0.930863114442859,0.013078925936059242
DRegular,9,2,,6,9.70755932033062,0.3863775810186911,9.247447244403883,0.4325380612858573,362.4,10.566680502509067,348.4,11.872657663724665,0.972060742334009,0.0035208498998012426,0.9544470681851278,0.012408656901035337
DRegular,9,2,,7,17.582746552117168,0.6827607200051938,15.13737652292475,0.5085809066886905,550.6,18.923168756565946,487.6,12.069622590358167,0.9956079086939124,0.0004604232016460705,0.971724161320018,0.00573681760797753
DRegular,9,2,,8,29.96166217867285,1.6224446842951625,31.428285403130577,1.1224206097777647,806.1,36.750503039879746,823.2,22.537641029129354,0.9959700270223679,0.0003592185235293951,0.993902759367252,0.0026475909789647452
DRegular,9,2,,9,47.00812436761335,2.752937268958013,45.15569726522081,1.5317959680999904,1126.7,59.29662722280248,1077.1,27.857333911047174,0.9992804995907354,0.00014538837879628146,0.9949600075077554,0.002036954176593108
DRegular,9,2,,10,79.81389097603969,3.043586453535983,65.66479828972369,2.7076354088498777,1668.5,59.782038316396985,1414.8,44.09377566767875,0.999710289919412,3.889058324240645e-05,0.9881764220798329,0.002742757243914579
DRegular,10,2,,1,0.32862389320507646,0.00558656304347961,0.3165218089707196,0.007332245289256179,20.8,0.22478059477960655,20.4,0.2752988806446741,0.6556658144213601,0.011098508392186937,0.679662894775322,0.007420356855413989
DRegular,10,2,,2,1.0191293782088906,0.015191686869205401,0.8474526296369731,0.029535372565274144,69.0,0.6407232755171874,56.1,1.8608147621263564,0.7270404545943914,0.01167076220460264,0.7899700883051105,0.012510676740685194
DRegular,10,2,,3,2.14741870528087,0.02645991323708004,2.1253407486248763,0.03935744335957572,121.1,1.1468492306727756,116.9,1.5250539248446955,0.8407839065994109,0.012609412492109721,0.9360574245650319,0.015830194747195322
DRegular,10,2,,4,4.302115112589672,0.11356728803147889,4.249703422375023,0.1462547114134575,199.6,4.614850171485869,193.5,6.0504458295932295,0.8833108732504498,0.01631423906557818,0.9610951578857382,0.0036086867137250524
DRegular,10,2,,5,7.252231227979064,0.42243482937991944,11.517996930982918,0.7544825397362835,284.7,13.525239563983991,405.1,21.374098934531904,0.9264297609105583,0.012301877219596247,0.9814076821273208,0.007532676893015841
DRegular,10,2,,6,11.249181086895987,0.8986178650514266,24.516009859601034,2.0800288510361886,383.0,25.6426864509367,718.7,50.48861778971364,0.9731619133937214,0.004905014282668904,0.992477800346577,0.0032905882421450585
DRegular,10,2,,7,19.091304457187654,2.330255853713716,45.509057011129336,4.066593370046987,549.9,56.43654564385144,1157.1,87.80774153617783,0.9846039530365276,0.002075192078234716,0.9949767006747245,0.0015498333084677752
DRegular,10,2,,8,34.087531650206074,5.257722101048021,76.05069398810156,6.865351363720138,825.3,110.88583745171616,1708.0,132.21075678826708,0.9953235443177582,0.000474176953906158,0.9969417288797009,0.001252574702122662
DRegular,10,2,,9,54.39771246914752,9.138627128185677,119.68629792751744,10.591922879168454,1157.3,176.05820060423196,2405.5,189.7354876219994,0.9945334291932278,0.003706288028691244,0.9954933353986626,0.003758324963893666
DRegular,10,2,,10,85.74625061363913,12.347265941196298,174.68490175432527,14.74039815486084,1597.7,230.57028954540655,3190.6,242.1624987265239,0.9971284846647176,0.0019198174814188263,0.9974016095759548,0.0019381548967174302
DRegular,10,3,,1,0.3299818026978755,0.012137304094004167,0.31057385475724003,0.006399941731549128,15.9,0.30693733288049113,15.9,0.30693733288049113,0.5117880798311419,0.004133287761652136,0.5117880798311425,0.004133287761652187
DRegular,10,3,,2,0.7971074571978534,0.013071618784169278,0.7956731998070609,0.01612275088862821,45.8,0.5964809080634605,45.8,0.5964809080634605,0.628839122540555,0.008936621368073753,0.6288391225405545,0.008936621368073697
DRegular,10,3,,3,2.7723854775482324,0.19063191063237275,2.7386163635906997,0.18953171416637257,121.7,7.621679604916491,122.0,7.747325514755331,0.6890990437930984,0.005634316618503514,0.689278363513927,0.005585918209384994
DRegular,10,3,,4,6.689323010243243,0.3216133807055619,6.678962709146435,0.33073494346785126,240.7,11.351118655746756,240.6,11.37504193167517,0.7086646690944882,0.01940244544540186,0.7129047315316097,0.01916278918848159
DRegular,10,3,,5,12.260671672044555,0.37912284965661913,12.008677905195508,0.31439365071595743,376.0,13.108454483552528,369.7,10.431001364858705,0.7884177462524417,0.01569225482665586,0.7878005706098097,0.01577796154731713
DRegular,10,3,,6,20.733215703096356,0.7765348029815116,20.481213870944337,0.7305989280507936,549.2,19.2301298679141,539.1,16.353641152580312,0.8146444959720727,0.011650080094827781,0.8185003254914809,0.00980259687190314
DRegular,10,3,,7,34.42412189914903,1.10938799728495,33.93222972439253,1.2689485540974765,783.3,20.07211996775627,771.5,20.314824765750696,0.8344774496075911,0.022270785309237706,0.850012928267614,0.013636396528196107
DRegular,10,3,,8,55.83240451665188,2.820703351882435,54.5996703046374,2.5131650880880225,1108.7,45.70138198992973,1083.6,39.622056589998614,0.8498465341898429,0.01161487117152786,0.8434069405704425,0.014158136017395915
DRegular,10,3,,9,86.2267419607524,4.719863667191229,84.15078458635544,4.430510785871142,1510.2,66.84087939199136,1469.9,58.5058656528512,0.888752118082334,0.012552628384462718,0.8882602024530163,0.013254197487144204
DRegular,10,3,,10,123.9598549478018,6.4834037874184345,122.42668274900643,5.6852311903772215,1968.5,82.5595638248372,1933.9,73.09308772848641,0.8997160720446485,0.012481946786646717,0.890221369783281,0.012455469330919506
DRegular,11,2,,1,0.37300535375252364,0.013219026501203686,0.35518119726330044,0.008918337913391465,21.1,0.22826577307580465,20.2,0.13764944032233706,0.6692812332723677,0.008263787493481374,0.6822541161308414,0.006144030085421197
DRegular,11,2,,2,1.1122169796377421,0.013644822880996966,0.9962665770202875,0.029974357590525805,70.1,0.6065432687303562,62.2,1.7525920653045366,0.7497793249158493,0.008617800847380307,0.7433438679931094,0.010339472453527891
DRegular,11,2,,3,2.5628823240753262,0.15834308220725268,2.488556872494519,0.12103585620122187,127.0,4.869885981589734,126.1,5.4395723516119405,0.854744521871495,0.013595078780610401,0.8512165759334371,0.012397705373199602
DRegular,11,2,,4,5.016824203217402,0.19141813022766957,4.716578834177926,0.2994876109639298,211.2,6.704907864667807,193.3,5.651781274867895,0.8892428060437018,0.009432143572214675,0.8755132026000254,0.00965224452411719
DRegular,11,2,,5,8.81385329538025,0.4840049862360412,8.06424482180737,0.3312871437834632,309.4,14.462364951832738,283.5,9.15351528677716,0.9228636339393912,0.010913027745504515,0.9149839803700827,0.007283352023182276
DRegular,11,2,,6,14.344985958607868,0.8611853560203352,13.744981497479603,0.8054460213031168,432.9,21.587752375631396,405.4,17.933855076216513,0.9630182269110026,0.004649280958308737,0.9424278474160437,0.008902725898005252
DRegular,11,2,,7,26.583608000632374,2.116341537837144,25.564455255074428,1.7858313611477878,664.0,42.91852746774987,627.0,34.526420089701254,0.9771922126054013,0.005072317145975729,0.9660820281304824,0.007240521806903918
DRegular,11,2,,8,41.938675549812615,2.9606629277103957,44.072740567987786,3.0416818166499184,912.6,51.85548745260591,933.9,56.50272000904959,0.9901348208015959,0.0013212207073363966,0.9817246067088453,0.0069304294147242524
DRegular,11,2,,9,74.71157864914275,4.467185450873221,69.16483588907867,4.564698667602494,1404.3,79.99056194326927,1299.2,81.10245631947673,0.9955633730217661,0.0006080896870623526,0.9934188777613169,0.0036141069325208684
DRegular,11,2,,10,110.59215066847392,8.153049449145335,99.38042967710643,7.802907463694653,1869.6,119.90808760748463,1692.5,113.82117784628565,0.9986577731453139,0.00019786034730745865,0.9958581318702706,0.002264549473765882
DRegular,12,2,,1,0.4007525240536779,0.024682932738757078,0.3652454980183393,0.010291788219982908,20.3,0.16383560438182507,19.9,0.22826577307580465,0.6559438614321748,0.010836159630829798,0.679734288439643,0.0073626422004392095
DRegular,12,2,,2,1.2253778514452278,0.02794177868381687,1.0805473790038378,0.10821619804520055,67.7,0.9762980563008623,55.4,1.9089815416383131,0.7291514235400167,0.013321016859700361,0.7770338967282542,0.01725710010260592
DRegular,12,2,,3,2.721664405381307,0.05451491464448044,2.542091812519357,0.07926570387486534,124.4,1.884004693255971,114.1,2.785205274491026,0.826556460734238,0.010167391128678767,0.9184662052571431,0.01964527438951977
DRegular,12,2,,4,5.247036618785932,0.16311661544933848,5.335667654406279,0.22267982220676133,194.9,4.3394760780051485,195.3,6.140932553902457,0.8790031426391314,0.013688851239345936,0.9543823712914481,0.006703144121297181
DRegular,12,2,,5,8.897207555314527,0.46549903429112244,13.331762069184332,0.47539099428166975,277.5,12.05328083748854,377.3,9.898724000703588,0.9158949201762487,0.01117086766844814,0.9794846185161777,0.008546972983061599
DRegular,12,2,,6,15.337904831627384,1.1491468702624448,22.698410443402828,1.5144231071964733,407.0,25.075674939754073,559.3,27.294987008413717,0.931991986205311,0.009527961069881073,0.9668534239377946,0.007598391689660675
DRegular,12,2,,7,31.810604164609686,2.434720350014725,39.56956196608953,2.1419345703975425,674.9,44.39759950836603,844.3,40.405647077970094,0.9641361993454229,0.006320302189589235,0.9879936945584573,0.005637677201919874
DRegular,12,2,,8,52.25772545160726,6.965298366752778,71.48607564461417,4.530888845950343,970.7,110.25227292083608,1307.5,71.36442796623096,0.976831566571733,0.005197202972633922,0.9958661791211967,0.0027456835370617033
DRegular,12,2,,9,79.70390312490053,9.946437543305255,107.96477125287056,7.038859757095569,1327.2,150.4857678180547,1765.0,101.32807581005582,0.989952663285637,0.002194786733773172,0.9972495400077801,0.0013139882220917821
DRegular,12,2,,10,118.85429865624755,15.322423631156605,163.9435429658741,14.512990084110815,1774.5,211.96558186351115,2392.4,174.97438007951484,0.9944722623585701,0.0011053782003012623,0.990829668309452,0.0050308587539179455
DRegular,12,3,,1,0.3577219571074238,0.012733701168749468,0.34614831379731187,0.008384203856355394,16.4,0.3111946420861996,16.4,0.3111946420861996,0.49495522313262946,0.0027185269057054535,0.49495522313262974,0.002718526905705444
DRegular,12,3,,2,0.9471221224463079,0.014324265197520314,0.9494858751975699,0.013976746120322014,46.4,0.7341303483857976,46.4,0.7341303483857976,0.610464622241909,0.005882228871983093,0.6104646222419089,0.005882228871983141
DRegular,12,3,,3,2.8223553834948687,0.0828433470893653,2.847660512247239,0.08270888488156013,108.4,2.808258497623337,108.4,2.808258497623337,0.6649827899063385,0.004114697175535331,0.6649827899063379,0.004114697175535412
DRegular,12,3,,4,7.207707444150583,0.3728830174082325,7.239122401658096,0.3955889904642371,220.4,10.594536824529698,220.8,10.725670142233538,0.6688617790015119,0.01811942587303254,0.6688617790082649,0.01811942587437715
DRegular,12,3,,5,12.725764716297272,0.5047516210661294,12.680517087504267,0.5032353033074023,332.6,11.971984841814308,332.8,12.019633062093385,0.7608347823783921,0.01054312142122873,0.7608347826274275,0.010543121477919297
DRegular,12,3,,6,24.067598294405617,0.9454239591799724,24.448167568093048,1.0283654663497426,527.0,17.47027550772424,535.2,19.928503786232792,0.7947260527149712,0.009741252306383837,0.7964069908485459,0.00909609185617033
DRegular,12,3,,7,36.53560859420104,1.4931874420216802,36.624212010140766,1.4493441031753937,709.0,23.950167563417786,712.6,23.9636127669036,0.8220896047702044,0.0070532474385741825,0.8210418717222907,0.00758353115430217
DRegular,12,3,,8,58.9073341957439,2.2502960769824787,58.64716930700233,2.3430607100885528,996.1,35.451219264905696,994.9,33.48918914326957,0.8362936123703767,0.008991285399192897,0.8385733007120727,0.00943802283876864
DRegular,12,3,,9,89.34031051435159,3.367879174326833,93.94400179730728,4.609223746941434,1339.5,42.72503888082983,1394.7,52.62764432661241,0.8554888966984422,0.00922086007873462,0.8547084514227683,0.00862160287344698
DRegular,12,3,,10,137.0052824461978,5.165709426947389,135.02178168134705,5.477537559486955,1831.9,58.63544374487068,1818.9,59.08147363019806,0.8750073007919863,0.00879125363107064,0.8696038035365679,0.009022912633867017
DRegular,13,2,,1,1.498532421712298,0.2024070913126651,1.5382566611398942,0.19373031782357142,20.7,0.2188486619609662,20.1,0.09999999999999998,0.6665072119355536,0.006400503191074701,0.6727310645134563,0.00553691105063287
DRegular,13,2,,2,5.30676723025972,0.750285830780321,5.029983897588681,0.6716739707167977,69.7,1.1812125794685462,62.3,1.8709693519107877,0.7436588860390548,0.0077080960653571114,0.7016329266779577,0.01654594653401189
DRegular,13,2,,3,12.04737830759259,1.5703895568728692,12.580024834745563,1.9470803314509573,123.1,1.8888871689018656,122.9,6.954703066044021,0.8357035335377099,0.007817004567337766,0.8200914224456548,0.012921244574694292
DRegular,13,2,,4,25.043731805018616,3.426807268389832,24.53274993953528,3.3937282821372516,206.2,5.399610122377745,203.0,7.290224168093367,0.8784455590655387,0.0089050356861082,0.8895898118226657,0.006628771487814498
DRegular,13,2,,5,45.40067955550039,6.637835505862987,42.54565371668432,5.933171881933186,309.3,13.791129872417804,296.8,11.977522808643652,0.9120439243579874,0.010138153629620832,0.9337808338970458,0.00886331138339619
DRegular,13,2,,6,80.97294230277184,12.799730737375784,78.94359877809184,12.330710365530658,477.8,36.78497977221281,464.8,36.81773028254043,0.9376397108757919,0.009719686928650542,0.9502381866210958,0.006299634469412325
DRegular,13,2,,7,126.70126516052987,19.997642974962254,115.42027801624499,16.524693121787113,669.2,58.463735948471786,616.7,49.48647343094452,0.9592541293574725,0.009682390276256532,0.9541887326515509,0.00983304841940411
DRegular,13,2,,8,207.1149547573412,32.12108648144111,177.8236350954976,24.883380496382284,978.6,110.2018339707934,830.0,65.53713290550392,0.9678425329856987,0.0067197774361172705,0.9728564424066282,0.008177369737731787
DRegular,13,2,,9,339.2786733929417,49.921075647619496,292.585354717134,40.3471143709981,1403.4,126.72723298071085,1182.2,69.63950784311717,0.9871791052133112,0.003860318143444766,0.9678182896756212,0.008566296074915514
DRegular,13,2,,10,480.0870423722314,72.50109375206938,483.2194890788058,72.86515511435225,1786.3,150.1549568034022,1667.1,114.39989648504702,0.9880486351046522,0.0030523823618014106,0.9904305836800505,0.002196835848330328
DRegular,14,2,,1,0.7084721920313314,0.16172983679842443,0.5845375104574486,0.13300266776242967,20.2,0.13764944032233706,19.7,0.2188486619609662,0.6477161292913961,0.008799094398793846,0.6732639214784235,0.005581436103841659
DRegular,14,2,,2,2.561962884827517,0.5929417940564304,1.8135532327578403,0.4918240732486619,70.9,1.0806917862379193,55.1,1.9492238671354623,0.720218067712057,0.011972388584770812,0.7643699834656623,0.018771857272218313
DRegular,14,2,,3,5.539118111436255,1.2882696322951674,4.12904023793526,0.9296419627730562,124.6,1.3618872354586717,108.5,3.3806726207104187,0.8202034534348769,0.009099977721233062,0.910062002150928,0.021425626356721652
DRegular,14,2,,4,11.855448775994592,3.03148614412811,9.49440147385467,2.5229996052644017,204.8,6.402959841888913,185.1,4.919296055759454,0.8698081469899053,0.010311036844459873,0.950874571746134,0.008355501706164257
DRegular,14,2,,5,21.029853154730517,5.539503802440227,22.593189337744843,4.130581454761458,303.8,18.2173428069894,387.5,15.02690569401572,0.9020588310614878,0.009989306163372881,0.9804253451445627,0.007440739516016277
DRegular,14,2,,6,33.145357263158076,8.380249062281678,37.008068665047176,6.032410745944795,418.9,26.882776720616608,569.2,26.98085090929257,0.92831978267299,0.008799024372740098,0.9778117362435944,0.005792795036770746
DRegular,14,2,,7,61.73842098444002,17.88245480122798,63.816239233885426,11.617625318644123,616.7,52.61964312027651,831.1,42.240034639140504,0.9447561595001421,0.007528642012209439,0.9856162739901315,0.004468087586776286
DRegular,14,2,,8,89.74900609094183,28.530859634483654,104.29862116447184,18.247105397369904,848.0,75.47477794113182,1212.4,77.98550472599649,0.961572158812175,0.008180538494451712,0.9966242647712704,0.0009187824090019968
DRegular,14,2,,9,133.148431904288,35.81673877599398,160.75098830240313,27.90480491835248,1202.7,103.28603869581642,1670.7,103.35562266680078,0.9881049420797547,0.0020526806469423372,0.9981658927381082,0.0008088056401289906
DRegular,14,2,,10,218.92616812395863,56.2604019264437,216.15750298781785,36.69249753509338,1776.3,147.4406410443842,2068.1,118.36246515637774,0.9813477810575246,0.0064534905466768775,0.9986897206077195,0.0006744839376421925
DRegular,14,3,,1,0.40539645624521653,0.014389137474262905,0.4208181486552348,0.01570235022190064,16.5,0.2856202852887397,16.5,0.2856202852887397,0.48939921864285435,0.0056258975949631095,0.4893992186428548,0.005625897594963145
DRegular,14,3,,2,1.1614600708504441,0.02433403040541618,1.1598137793975183,0.026474450223596766,46.6,0.8091581069885311,46.6,0.8091581069885311,0.6005063099128616,0.007207668717984812,0.6005063099128611,0.0072076687179847216
DRegular,14,3,,3,3.6289116822968936,0.14347415159895643,3.617673288148944,0.1455716056408561,111.8,3.527038417709679,112.4,3.884110681928836,0.6584641148364254,0.00781947038139524,0.657444162974609,0.008131404763541007
DRegular,14,3,,4,8.954556246148423,0.48268559122111365,9.284493339643813,0.5313504330645491,220.7,10.02341994373283,227.5,11.663596087151273,0.6565924775447969,0.020007323700766855,0.6589015765748546,0.02001944341239227
DRegular,14,3,,5,17.32697081969527,1.3240232987217408,16.65727331720118,0.7353009064305375,338.1,11.913261076367133,347.7,12.906363179699994,0.737670828625673,0.015007226920559164,0.7442518676124079,0.012599243884004348
DRegular,14,3,,6,32.53410235939664,1.374836914046739,33.047085060190874,1.4312868332277602,559.4,15.68176950273285,568.9,16.63697530708094,0.7886789257179346,0.009917905941329077,0.7875790756066791,0.01011370131921653
DRegular,14,3,,7,49.894373339298184,2.9288676770332183,50.24230920285045,2.2563420616676657,760.6,31.164791199786908,769.8,25.323132757057902,0.7970983802868659,0.015259732849231149,0.8001274913462122,0.013886268583134746
DRegular,14,3,,8,81.04028051334316,5.214881146816416,79.63515713050438,3.7007194894547575,1081.4,50.13268709923171,1070.8,35.868003627335135,0.8131165053230258,0.0100215196072105,0.8157239971479193,0.010337893609348255
DRegular,14,3,,9,123.08678085954743,6.0633396882386466,117.88450193890313,4.827047141098443,1467.7,59.323249192343155,1423.6,46.69150717320296,0.8266669136344259,0.010642995323923226,0.8302024197992841,0.008883917732147237
DRegular,14,3,,10,186.00570479429734,7.317997469290067,187.13096464306,7.999915873998148,1978.2,67.38263090269199,1965.1,60.1215391825942,0.8485113738917367,0.009958896915525794,0.8446062508162532,0.011995212988767778
DRegular,15,2,,1,0.4482230024645105,0.012011305937255131,0.42409402823541315,0.01034833655608476,20.7,0.2188486619609662,20.2,0.13764944032233706,0.6613891556278432,0.0064580148174076995,0.6686550795391376,0.005280938740912055
DRegular,15,2,,2,1.6462376394541933,0.024698764958099757,1.4215054378379137,0.045142919319301436,71.9,0.9891516833284868,62.5,1.851741712124305,0.748419793925835,0.006375897056755466,0.7196713198817821,0.01626803777240636
DRegular,15,2,,3,3.4163782644318417,0.04372452238475743,3.2038877613376826,0.1443392801759072,123.0,1.504379571363837,114.8,4.482480516293112,0.8311549750688085,0.00574614192045713,0.8192006290286893,0.01056973056284729
DRegular,15,2,,4,6.939310600748286,0.2595796321045174,7.225203560874798,0.4490789255282791,202.7,6.468181229762554,204.4,10.540748001022159,0.8644606827261155,0.00678154345399957,0.8978593601680324,0.012123706766021702
DRegular,15,2,,5,12.359585330518893,0.804217973023435,12.284371565142646,0.5988223974477457,296.8,15.053868186231103,293.8,13.071382965531189,0.9101210156541211,0.008706621174709802,0.9371432485494969,0.007045650436686868
DRegular,15,2,,6,20.453822782891802,1.5403732854294099,21.690638362430036,1.2226964957297697,408.9,22.126656940632063,435.0,22.310488446845845,0.9235423455803474,0.0073504462301845095,0.9531176779811028,0.00477916875313208
DRegular,15,2,,7,34.25160094508901,2.230222088562896,37.63624671951402,2.041420024833642,587.8,34.37835916601268,636.4,32.40422324652339,0.9522180485405418,0.00631442578093828,0.9714309178146772,0.002866964136460816
DRegular,15,2,,8,54.677486602566205,3.9475727844285537,57.76345746398438,3.742720682847228,816.8,52.74734216302427,859.6,52.24327707944822,0.9569839386839206,0.004750272241967355,0.9744711417250983,0.003560844423840714
DRegular,15,2,,9,91.82607353145723,6.174797138766439,102.42987660812214,7.926291194744112,1180.1,74.93386206656191,1301.4,94.23030018886817,0.972072793841563,0.003996766463755002,0.981670033105347,0.0032457320461407677
DRegular,15,2,,10,151.71439372363966,9.96765539251315,178.85343180899508,12.162860854761835,1707.4,103.50836223528792,1976.8,128.57751297215725,0.9815916444392148,0.00296036754037061,0.9882829585310281,0.002027540519351264
DRegular,16,3,,1,0.4279562245530542,0.010470729998561959,0.46192302444833333,0.01194401824884407,16.8,0.3670651741928988,16.8,0.3670651741928988,0.4968714474831831,0.00622987913191378,0.4968714474831832,0.006229879131913854
DRegular,16,3,,2,1.3546918716514482,0.027253064751308252,1.364436245552497,0.027524752104292168,46.9,0.9344291812314307,46.9,0.9344291812314307,0.6128474682694108,0.006583663398282127,0.6128474682694109,0.006583663398282158
DRegular,16,3,,3,4.06960276424943,0.1136747222691473,4.097411746499711,0.12202700609085806,108.3,2.7844492982880547,108.3,2.7844492982880547,0.6620128904203114,0.008539408474557381,0.6620128904203112,0.008539408474557532
DRegular,16,3,,4,9.527428405743558,0.40608048659835927,10.231078717156198,0.7190292630433278,201.5,6.232132354516431,201.5,6.232132354516431,0.6534039510825049,0.020362489761342768,0.6534039510816285,0.020362489761031017
DRegular,16,3,,5,18.10517199973983,0.9799693287788057,18.0545816021011,0.8952745902582951,319.5,12.07422221533392,318.0,11.125125664577078,0.7434249080600902,0.01192685140658219,0.7434249080396594,0.011926851403892184
DRegular,16,3,,6,34.87447910434567,1.6213991220849309,35.18904946860857,1.6070717841806568,515.2,16.891230985648328,515.1,16.203622077210163,0.8018119416701628,0.01046597945517215,0.8026245124258677,0.010411200511774972
DRegular,16,3,,7,56.72525832085521,2.7478568758419053,56.65837557465129,2.5316401562916058,733.4,24.595292660438734,725.3,21.952712336915646,0.8133347764591697,0.009891937184753917,0.8129143899773595,0.009995042291797087
DRegular,16,3,,8,89.33987372014671,3.5911191554057993,96.37611622434633,6.243765651015654,1015.5,29.77666871898198,1033.1,28.756500409289615,0.838525135708266,0.00819191327984241,0.8372558545629871,0.009202612928927037
DRegular,16,3,,9,138.6726640025532,6.177436921823778,138.47716442854434,5.475958786835779,1384.2,41.6071603149468,1394.3,39.913663403849434,0.8543582568034868,0.009241734659022827,0.8567922139771266,0.01004694255992237
DRegular,16,3,,10,201.13850225694188,9.193100735032594,197.14564921329438,7.310986174960364,1812.1,58.51540058192507,1801.4,52.34321953776771,0.8696480985167415,0.009742231390837543,0.8690512869663672,0.008958202500270842
DRegular,18,3,,1,0.5436789257219061,0.024909617518574026,0.5514114510617218,0.01548641817487113,15.9,0.3069373328804912,15.9,0.3069373328804912,0.5011706158158628,0.006670095737967173,0.5011706158158644,0.006670095737967086
DRegular,18,3,,2,1.7803578932886013,0.0325240848373061,1.760396321618464,0.02761735018994667,46.8,0.7167176644441768,46.8,0.7167176644441768,0.6176312725802973,0.007201784539031863,0.6176312725802974,0.007201784539032004
DRegular,18,3,,3,5.264750227157492,0.11789695806366217,5.255131640296895,0.1163684777907461,107.3,1.7123391203724496,107.3,1.7123391203724496,0.671250694397093,0.008693970055500256,0.671250694397095,0.008693970055500329
DRegular,18,3,,4,12.394208669813816,0.5909067928497307,12.390300174884032,0.5939978254968341,202.1,7.245288850440388,202.2,7.36549565988532,0.6232871660566213,0.013434417092107728,0.6232871660777964,0.013434417096584649
DRegular,18,3,,5,22.5334207308013,0.6180794988570486,22.508886297466233,0.6126175173945577,311.3,6.875241622548334,311.5,7.02158326725158,0.7416048825567462,0.010207473882004244,0.7416048826284888,0.010207473899902697
DRegular,18,3,,6,46.903692997596224,1.9394324480776766,46.23725935627008,1.7218565238468337,530.8,16.369033665977195,526.5,14.739760049464488,0.8039465972561232,0.011342494928789084,0.802118368283538,0.011576094683463578
DRegular,18,3,,7,76.25392266269773,3.1148817462122773,75.00836330445017,2.9786621031108718,759.9,22.71307298034606,750.5,20.4156157982328,0.816427733653809,0.01076598166658325,0.816691543717269,0.010009612934760471
DRegular,18,3,,8,117.40066920821555,4.509228069262589,110.56578032581601,3.501063920233704,1040.2,27.79280482427062,994.5,20.44549879686557,0.8386074982014584,0.010642336240612513,0.8414582243506992,0.010445147664371103
DRegular,18,3,,9,183.81934489569394,10.73318164639421,175.3342452517827,8.210635176062134,1442.2,62.348578677928934,1363.0,33.51213448729783,0.8486333725072448,0.01125495088616575,0.8504137931309108,0.011254208658994673
DRegular,18,3,,10,265.9085019865539,12.434969831493472,247.74668694305,12.09634368547465,1892.2,70.75054770106023,1783.5,62.451813003053964,0.8629277212420081,0.01015666766914704,0.8689331992262941,0.01051406388336527
DRegular,20,3,,1,0.618960942781996,0.010503182831691058,0.6114805694087408,0.012131683065270592,15.9,0.2704771612111494,15.9,0.2704771612111494,0.5001365996985764,0.006059461288733859,0.5001365996985768,0.006059461288733813
DRegular,20,3,,2,2.174247606447898,0.025843454129917804,2.1707488631247545,0.02555957213538573,46.9,0.4915068131454751,46.9,0.4915068131454751,0.6188189208818289,0.00691560437472358,0.6188189208818288,0.006915604374723673
DRegular,20,3,,3,6.546007496328093,0.18218342607182272,6.524449939711485,0.16975253793067624,106.3,1.8821879765175866,106.3,1.8821879765175866,0.67018654217669,0.00786787038389029,0.6701865421766876,0.007867870383890092
DRegular,20,3,,4,14.943282337265554,0.5375829651215722,15.098978447483386,0.6670467132216888,196.5,5.730573591204507,196.4,5.656109877589758,0.622715637907594,0.014201717985476961,0.6227156378910856,0.014201717977289679
DRegular,20,3,,5,28.25029625935713,0.9058304152858783,28.410422609362286,0.9681706686727123,311.1,7.317570778971883,311.0,7.268533479827165,0.731771386174558,0.011466246175446592,0.7317713861773892,0.011466246173100117
DRegular,20,3,,6,54.38545135101303,1.7973321142341692,54.418287276255434,1.8396307231239486,501.3,13.355286751340323,499.5,12.436681737166829,0.798428103299871,0.010067482366301936,0.7988068939564441,0.010031766702062878
DRegular,20,3,,7,90.28582542921649,3.8033896522278927,91.69470840304857,3.972316301321061,723.6,24.057212508605613,731.5,24.663151717320698,0.8272682936472273,0.00773462807144549,0.8281152545831028,0.007741289439384328
DRegular,20,3,,8,143.30691841176014,5.247996885773283,140.57344301188132,4.79623895683365,1005.7,27.74366689231218,997.6,26.72613544434499,0.8372425635478257,0.009939757602638115,0.8419364956717542,0.009307335879460664
DRegular,20,3,,9,222.23353626749014,13.213592578202775,209.274194211117,9.773585247043233,1387.2,55.05048400762416,1322.5,41.826930382986006,0.8569489992908694,0.007326007307585594,0.8542102810243957,0.00927742054233403
DRegular,20,3,,10,333.9542650068528,18.81504865593191,309.61333006965,13.09421293330326,1869.2,75.10167143700318,1760.4,55.03139773658402,0.871936161470288,0.010048051820346317,0.8731070068594364,0.009799047302531857
complete,5,,,1,0.6676094392314553,nan,0.24713179003447294,nan,20.0,nan,20.0,nan,0.5801787318458196,nan,0.5801787318458183,nan
complete,5,,,2,0.7703200783580542,nan,0.8138134581968188,nan,74.0,nan,74.0,nan,0.6815264293803782,nan,0.6815264293803784,nan
complete,5,,,3,1.7953443080186844,nan,1.9164900770410895,nan,154.0,nan,154.0,nan,0.840366360310945,nan,0.8403663603109415,nan
complete,5,,,4,3.356030622497201,nan,3.618872182443738,nan,250.0,nan,250.0,nan,0.8873028174504931,nan,0.8873028174504687,nan
complete,5,,,5,9.670073500834405,nan,9.775753204710782,nan,538.0,nan,544.0,nan,0.999999986860161,nan,0.9999999973884819,nan
complete,5,,,6,13.381891261786222,nan,14.093812827020884,nan,684.0,nan,712.0,nan,0.9999999981510652,nan,0.9999999968164661,nan
complete,5,,,7,17.30085889995098,nan,17.259323936887085,nan,806.0,nan,820.0,nan,0.9999999985559294,nan,0.9999999973792462,nan
complete,5,,,8,20.426506992429495,nan,21.00073130056262,nan,900.0,nan,920.0,nan,0.999999996503854,nan,0.9999999826863673,nan
complete,5,,,9,25.791799599304795,nan,23.429811825044453,nan,1044.0,nan,986.0,nan,0.9999999903867405,nan,0.9999999931830064,nan
complete,5,,,10,29.190485870465636,nan,27.72433084063232,nan,1118.0,nan,1090.0,nan,0.9999999972936262,nan,0.9999999993305555,nan
complete,6,,,1,0.3717445069923997,nan,0.33076034113764763,nan,24.0,nan,24.0,nan,0.5064361795699917,nan,0.5064361795699952,nan
complete,6,,,2,1.033547512255609,nan,1.0407055728137493,nan,78.0,nan,78.0,nan,0.07172309422880296,nan,0.07172309422880119,nan
complete,6,,,3,2.0463107489049435,nan,2.0407871659845114,nan,130.0,nan,130.0,nan,0.8423136010058734,nan,0.8423136010058858,nan
complete,6,,,4,4.255129396915436,nan,4.290904960595071,nan,224.0,nan,224.0,nan,0.7483526729225507,nan,0.7483526729225582,nan
complete,6,,,5,8.355856226757169,nan,8.630933624692261,nan,364.0,nan,366.0,nan,0.9337259785363203,nan,0.933725979315577,nan
complete,6,,,6,18.562654189765453,nan,17.078638898208737,nan,662.0,nan,610.0,nan,0.9999628948999755,nan,0.9681318738859077,nan
complete,6,,,7,23.495686884969473,nan,22.48081603087485,nan,780.0,nan,746.0,nan,0.999999989329905,nan,0.9999999951515908,nan
complete,6,,,8,31.983070142567158,nan,29.76905927248299,nan,972.0,nan,904.0,nan,0.9999999803548416,nan,0.9999999875616972,nan
complete,6,,,9,41.106133949011564,nan,37.013646928593516,nan,1148.0,nan,1042.0,nan,0.999999987019919,nan,0.999999981310614,nan
complete,6,,,10,49.352239498868585,nan,45.58685472421348,nan,1284.0,nan,1186.0,nan,0.9999999874090846,nan,0.9999999187593276,nan
complete,7,,,1,0.45201487466692924,nan,0.4003647305071354,nan,26.0,nan,26.0,nan,0.45670431831739844,nan,0.4567043183174029,nan
complete,7,,,2,1.1937733637169003,nan,1.2033217484131455,nan,72.0,nan,72.0,nan,-1.6583400255719671,nan,-1.658340025571973,nan
complete,7,,,3,2.331597223877907,nan,2.3742644526064396,nan,120.0,nan,120.0,nan,-0.4754518553541649,nan,-0.4754518553541578,nan
complete,7,,,4,9.331305327825248,nan,9.020806680433452,nan,348.0,nan,334.0,nan,0.6586260653313518,nan,0.6586260653282503,nan
complete,7,,,5,14.369121395982802,nan,13.892757905647159,nan,482.0,nan,462.0,nan,0.6366762526794449,nan,0.6366762585283414,nan
complete,7,,,6,20.59494018368423,nan,20.803044472821057,nan,622.0,nan,616.0,nan,0.9337059010620834,nan,0.9337059124167091,nan
complete,7,,,7,79.14111802075058,nan,54.57844781689346,nan,1758.0,nan,1262.0,nan,0.9999998015092215,nan,0.9379301600456991,nan
complete,7,,,8,97.08104438800365,nan,81.96415735501796,nan,2058.0,nan,1732.0,nan,0.9999999952087917,nan,0.9999998242368946,nan
complete,7,,,9,114.80929649155587,nan,100.98625815473497,nan,2330.0,nan,2012.0,nan,0.9999999252685701,nan,0.9999999578291412,nan
complete,7,,,10,134.06791655998677,nan,120.39164735935628,nan,2582.0,nan,2260.0,nan,0.9999999945533453,nan,0.999999931934501,nan
complete,8,,,1,0.43596348725259304,nan,0.4936015261337161,nan,24.0,nan,24.0,nan,0.42175472520638735,nan,0.4217547252063838,nan
complete,8,,,2,2.41443526186049,nan,3.5995148746296763,nan,114.0,nan,170.0,nan,-0.6980026252486837,nan,-0.6980026252486908,nan
complete,8,,,3,4.479482050053775,nan,6.021051247604191,nan,184.0,nan,248.0,nan,0.33676617409938103,nan,0.3367661732176188,nan
complete,8,,,4,7.822960405610502,nan,9.359366858378053,nan,268.0,nan,330.0,nan,-0.25056793845613257,nan,-0.25056793728516524,nan
complete,8,,,5,32.14972903113812,nan,26.081224244087934,nan,778.0,nan,676.0,nan,0.835751916778591,nan,0.8610371080897554,nan
complete,8,,,6,49.34721975028515,nan,40.13759212847799,nan,1068.0,nan,922.0,nan,0.6329638859608488,nan,0.44521547069193,nan
complete,8,,,7,73.94586299918592,nan,70.67596729192883,nan,1454.0,nan,1386.0,nan,0.8774706570136157,nan,0.9704383174380933,nan
complete,8,,,8,165.53721290733665,nan,142.30839515384287,nan,2692.0,nan,2340.0,nan,0.9909787432500172,nan,0.9999996953305912,nan
complete,8,,,9,212.03957945015281,nan,175.70110437553376,nan,3246.0,nan,2734.0,nan,0.9999997090401536,nan,0.9999998292225358,nan
complete,8,,,10,254.21282948181033,nan,218.28004213050008,nan,3680.0,nan,3200.0,nan,0.9999998118718993,nan,0.9999989819240058,nan
complete,9,,,1,0.6749115856364369,nan,0.6814138405025005,nan,32.0,nan,32.0,nan,0.3966534691255994,nan,0.39665346912559585,nan
complete,9,,,2,1.8930272124707699,nan,1.9421391999348998,nan,78.0,nan,78.0,nan,-1.853053090066715,nan,-1.8530530900667053,nan
complete,9,,,3,5.689005766995251,nan,5.672935368493199,nan,180.0,nan,180.0,nan,-5.020313697219965,nan,-5.020313698083408,nan
complete,9,,,4,12.214808874763548,nan,12.575274056755006,nan,318.0,nan,318.0,nan,-1.1319842400244449,nan,-1.1319842605326542,nan
complete,9,,,5,21.081603977829218,nan,19.37228828575462,nan,468.0,nan,434.0,nan,0.4415100476827245,nan,0.44151002331706835,nan
complete,9,,,6,72.21797616686672,nan,39.64797342196107,nan,1204.0,nan,720.0,nan,0.7384149316895545,nan,0.7402862660957545,nan
complete,9,,,7,100.53052659984678,nan,72.62403688393533,nan,1536.0,nan,1134.0,nan,0.3804766272799398,nan,0.7866798433917808,nan
complete,9,,,8,157.73144732788205,nan,131.80846669804305,nan,2182.0,nan,1768.0,nan,0.9759069670573197,nan,0.4959585432010858,nan
complete,9,,,9,257.3743186844513,nan,232.6768162837252,nan,3134.0,nan,2722.0,nan,0.9999996032569332,nan,0.9263744221236294,nan
complete,9,,,10,364.46999257057905,nan,333.62939093541354,nan,4088.0,nan,3600.0,nan,0.999987157538655,nan,0.9999995921694893,nan
complete,10,,,1,0.6272829249501228,nan,0.6291477605700493,nan,24.0,nan,24.0,nan,0.48547756404632025,nan,0.48547756404623854,nan
complete,10,,,2,2.0439985962584615,nan,2.062033224850893,nan,68.0,nan,68.0,nan,-0.16416032419398086,nan,-0.16416032419403592,nan
complete,10,,,3,10.109679332002997,nan,10.40266193728894,nan,248.0,nan,254.0,nan,0.7194679267594317,nan,0.7194679257738557,nan
complete,10,,,4,21.22706058435142,nan,20.961728380061686,nan,438.0,nan,436.0,nan,-0.6093100340884359,nan,-0.6093100985565201,nan
complete,10,,,5,38.49246733263135,nan,34.620221017859876,nan,684.0,nan,628.0,nan,-2.2880521077880793,nan,-2.2880522124917597,nan
complete,10,,,6,63.874406390823424,nan,63.38833351340145,nan,982.0,nan,970.0,nan,0.5792975648751479,nan,-0.01591802179392232,nan
complete,10,,,7,99.67933343257755,nan,108.33542095590383,nan,1346.0,nan,1432.0,nan,0.47379800285108686,nan,0.59854400662174,nan
complete,10,,,8,154.5899737207219,nan,163.15740082599223,nan,1850.0,nan,1902.0,nan,0.9360094284373659,nan,0.9638643320245723,nan
complete,10,,,9,259.0432767830789,nan,355.292904375121,nan,2678.0,nan,3370.0,nan,0.9697400394679008,nan,0.9714690094389731,nan
complete,10,,,10,410.914736145176,nan,552.2498553758487,nan,3740.0,nan,4796.0,nan,0.9999977532745135,nan,0.984763820341616,nan
complete,11,,,1,0.7073863325640559,nan,0.7526045367121696,nan,24.0,nan,24.0,nan,0.48553568955642135,nan,0.48553568955648885,nan
complete,11,,,2,2.6839978713542223,nan,2.6786150988191366,nan,76.0,nan,76.0,nan,-0.10005244892626663,nan,-0.10005244892638743,nan
complete,11,,,3,9.202784036286175,nan,9.009066538885236,nan,196.0,nan,196.0,nan,0.7541682444455091,nan,0.7541682444452231,nan
complete,11,,,4,24.397340572439134,nan,25.09656155668199,nan,418.0,nan,438.0,nan,0.9673147608879624,nan,0.9673147885354041,nan
complete,11,,,5,39.09309684764594,nan,40.34473890159279,nan,588.0,nan,622.0,nan,0.992225580808249,nan,0.9922270183236463,nan
complete,11,,,6,79.73321340233088,nan,80.85561503656209,nan,996.0,nan,1040.0,nan,0.9994449912891596,nan,0.9971555494958437,nan
complete,11,,,7,122.03438272792846,nan,152.52544169779867,nan,1350.0,nan,1674.0,nan,0.9999812084160844,nan,0.9999707835299247,nan
complete,11,,,8,172.33946865331382,nan,233.36205365229398,nan,1736.0,nan,2298.0,nan,0.9999922378028856,nan,0.9999916056864073,nan
complete,11,,,9,219.00425834860653,nan,256.44023181684315,nan,2046.0,nan,2450.0,nan,0.9999530119926483,nan,0.9999927181869381,nan
complete,11,,,10,274.4021971253678,nan,308.0881859436631,nan,2372.0,nan,2766.0,nan,0.999996207540768,nan,0.9999937507951202,nan
complete,12,,,1,0.9818778056651354,nan,0.9816338634118438,nan,32.0,nan,32.0,nan,0.48557617413494825,nan,0.4855761741348985,nan
complete,12,,,2,3.1436300575733185,nan,3.1265296591445804,nan,82.0,nan,82.0,nan,-0.04579150018073008,nan,-0.04579150018101075,nan
complete,12,,,3,11.52238121908158,nan,11.579105135053396,nan,220.0,nan,220.0,nan,0.7546956191613887,nan,0.7546956191611258,nan
complete,12,,,4,20.282512610778213,nan,20.391857024282217,nan,334.0,nan,334.0,nan,0.807845890017397,nan,0.8078458904016159,nan
complete,12,,,5,39.78155733831227,nan,42.384431910701096,nan,542.0,nan,564.0,nan,0.9910794965620582,nan,0.9910795095167302,nan
complete,12,,,6,97.6428000498563,nan,112.46591244265437,nan,1052.0,nan,1178.0,nan,0.9977836346694673,nan,0.9977839240797479,nan
complete,12,,,7,149.2273688064888,nan,145.96134059596807,nan,1442.0,nan,1434.0,nan,0.9999005947035258,nan,0.9999700669585181,nan
complete,12,,,8,194.8828355455771,nan,203.47848308086395,nan,1756.0,nan,1814.0,nan,0.9999934012701672,nan,0.9999175700848966,nan
complete,12,,,9,236.97322338819504,nan,243.32807733025402,nan,1994.0,nan,2036.0,nan,0.9999868270978141,nan,0.9999246919924047,nan
complete,12,,,10,300.9052533162758,nan,290.8995664017275,nan,2340.0,nan,2284.0,nan,0.9999934529849099,nan,0.9999922685687714,nan
complete,13,,,1,1.131519889459014,nan,1.1819192608818412,nan,32.0,nan,32.0,nan,0.4856119667004677,nan,0.48561196670053874,nan
complete,13,,,2,3.9794782251119614,nan,3.9819163531064987,nan,90.0,nan,90.0,nan,-0.0008985523252960093,nan,-0.0008985523252427186,nan
complete,13,,,3,13.555895471945405,nan,13.573683419264853,nan,228.0,nan,228.0,nan,0.7555734461256165,nan,0.7555734461247567,nan
complete,13,,,4,27.355194449424744,nan,27.051232371479273,nan,384.0,nan,378.0,nan,0.8122470618662092,nan,0.8122470951366125,nan
complete,13,,,5,56.426474288105965,nan,50.618739678524435,nan,654.0,nan,592.0,nan,0.9912799849324045,nan,0.9912799119952638,nan
complete,13,,,6,154.38058972358704,nan,121.97937922831625,nan,1410.0,nan,1130.0,nan,0.9975961473738337,nan,0.9975938200550019,nan
complete,13,,,7,215.64581455569714,nan,194.41490568965673,nan,1822.0,nan,1594.0,nan,0.9999323909903524,nan,0.9999783406524756,nan
complete,13,,,8,268.37915542908013,nan,250.09638735838234,nan,2112.0,nan,1908.0,nan,0.9998708663796236,nan,0.99988737418483,nan
complete,13,,,9,334.6525819739327,nan,300.52012982591987,nan,2436.0,nan,2164.0,nan,0.9999246557594859,nan,0.9999387273112887,nan
complete,13,,,10,397.05141782201827,nan,361.40501465275884,nan,2702.0,nan,2438.0,nan,0.9999945425260606,nan,0.9999952435860564,nan
complete,14,,,1,1.2272089710459113,nan,1.2216342659667134,nan,30.0,nan,30.0,nan,0.48564788216462773,nan,0.485647882165253,nan
complete,14,,,2,4.255865555256605,nan,4.278392058797181,nan,84.0,nan,84.0,nan,0.03553825510207531,nan,0.03553825510210373,nan
complete,14,,,3,16.20661039929837,nan,16.657011028379202,nan,234.0,nan,240.0,nan,0.7566099313160137,nan,0.7566099214339204,nan
complete,14,,,4,29.00023846887052,nan,31.79285793285817,nan,358.0,nan,386.0,nan,0.8163434316090203,nan,0.8163434281451458,nan
complete,14,,,5,60.310787023976445,nan,68.21971841901541,nan,604.0,nan,676.0,nan,0.9915370107845476,nan,0.9915337705508129,nan
complete,14,,,6,130.4159878976643,nan,163.94728064816445,nan,1066.0,nan,1312.0,nan,0.9961693029020893,nan,0.997422942704457,nan
complete,14,,,7,214.52060975786299,nan,230.81495622824878,nan,1546.0,nan,1700.0,nan,0.9999881617032003,nan,0.9999617916385368,nan
complete,14,,,8,266.5229330100119,nan,370.07469421904534,nan,1800.0,nan,2368.0,nan,0.9999305085254448,nan,0.9999544254616453,nan
complete,14,,,9,321.8210239764303,nan,451.0174367884174,nan,2064.0,nan,2722.0,nan,0.9999864960508162,nan,0.9998858446921446,nan
complete,14,,,10,382.6370068117976,nan,546.2194381505251,nan,2298.0,nan,3106.0,nan,0.9999242968399606,nan,0.9999738291866294,nan
complete,15,,,1,1.6035014623776078,nan,1.6094252839684486,nan,36.0,nan,36.0,nan,0.48568539889400597,nan,0.4856853988944536,nan
complete,15,,,2,5.515550118871033,nan,5.622268000617623,nan,96.0,nan,96.0,nan,0.0647606603330182,nan,0.06476066033399519,nan
complete,15,,,3,19.001300141215324,nan,19.47416137252003,nan,244.0,nan,248.0,nan,0.7577084389921254,nan,0.7577084368605185,nan
complete,15,,,4,35.777094847522676,nan,37.14466712810099,nan,386.0,nan,392.0,nan,0.8201562047747188,nan,0.8201563578318911,nan
complete,15,,,5,72.22615551482886,nan,76.12523779924959,nan,638.0,nan,656.0,nan,0.9917916331723191,nan,0.9917919805512412,nan
complete,15,,,6,141.0035664504394,nan,144.7709367433563,nan,1040.0,nan,1046.0,nan,0.9956500651511391,nan,0.9960795609496387,nan
complete,15,,,7,214.3967697583139,nan,243.1952164331451,nan,1404.0,nan,1528.0,nan,0.9995477104247357,nan,0.9999881841929152,nan
complete,15,,,8,312.6026145266369,nan,401.94553443975747,nan,1824.0,nan,2200.0,nan,0.9997542956403223,nan,0.9999870496662098,nan
complete,15,,,9,415.60288653708994,nan,508.4277023198083,nan,2218.0,nan,2596.0,nan,0.9999106700249243,nan,0.9999805161435376,nan
complete,15,,,10,465.9945086976513,nan,627.4609624398872,nan,2384.0,nan,2996.0,nan,0.9998198352151917,nan,0.9999727396664753,nan
complete,16,,,1,1.7609820421785116,nan,1.7751610931009054,nan,34.0,nan,34.0,nan,0.4857246515008953,nan,0.4857246515008242,nan
complete,16,,,2,5.838985473848879,nan,5.937492156401277,nan,88.0,nan,88.0,nan,0.08798598253409295,nan,0.08798598253474665,nan
complete,16,,,3,24.412777894176543,nan,25.085368869826198,nan,262.0,nan,266.0,nan,0.7588154800567537,nan,0.7588154822251738,nan
complete,16,,,4,47.34449537098408,nan,44.82854058779776,nan,428.0,nan,406.0,nan,0.8237195620973381,nan,0.8237195506631139,nan
complete,16,,,5,96.71887925826013,nan,86.12546175066382,nan,720.0,nan,646.0,nan,0.9920227684895906,nan,0.9920227679337827,nan
complete,16,,,6,246.7730960668996,nan,176.00834022276103,nan,1458.0,nan,1028.0,nan,0.9998663395560143,nan,0.9959547386693046,nan
complete,16,,,7,326.02715141139925,nan,256.6491826204583,nan,1790.0,nan,1328.0,nan,0.9885233405253828,nan,0.9992394897240331,nan
complete,16,,,8,470.6695272382349,nan,419.77974389400333,nan,2318.0,nan,1886.0,nan,0.999569378092815,nan,0.9995682395490206,nan
complete,16,,,9,560.4728352148086,nan,508.52927321475,nan,2608.0,nan,2152.0,nan,0.9998080302344619,nan,0.9999162501457093,nan
complete,16,,,10,673.827544728294,nan,682.6878513582051,nan,2934.0,nan,2580.0,nan,0.9999689726176442,nan,0.9999530353094173,nan
complete,17,,,1,2.950551813468337,nan,2.2710483325645328,nan,34.0,nan,34.0,nan,0.4857652787350162,nan,0.48576527873420616,nan
complete,17,,,2,7.821020352654159,nan,8.00574931036681,nan,92.0,nan,92.0,nan,0.10630779322725914,nan,0.10630779322839601,nan
complete,17,,,3,29.770856539718807,nan,29.270969171077013,nan,248.0,nan,248.0,nan,0.7599001455533454,nan,0.7599001457661672,nan
complete,17,,,4,58.0451016779989,nan,61.62453949265182,nan,414.0,nan,428.0,nan,0.8270594942388811,nan,0.8270594896006855,nan
complete,17,,,5,81.96151755284518,nan,109.08564505260438,nan,526.0,nan,646.0,nan,0.9540789166137316,nan,0.9922225911686127,nan
complete,17,,,6,203.19560391828418,nan,245.86298855859786,nan,994.0,nan,1226.0,nan,0.9960196828907613,nan,0.9969587417186716,nan
complete,17,,,7,359.5585889797658,nan,356.57808270771056,nan,1512.0,nan,1626.0,nan,0.999906340197299,nan,0.9999387788675733,nan
complete,17,,,8,554.6797890868038,nan,432.41264645941556,nan,2082.0,nan,1858.0,nan,0.9996183126827702,nan,0.9994286550127924,nan
complete,17,,,9,631.1029316131026,nan,587.2096983147785,nan,2276.0,nan,2284.0,nan,0.9999287985793899,nan,0.9998811091927848,nan
complete,17,,,10,867.4438142627478,nan,665.1374272583053,nan,2820.0,nan,2472.0,nan,0.9998927008157494,nan,0.999665449843306,nan
complete,18,,,1,2.6905664391815662,nan,2.7596461260691285,nan,36.0,nan,36.0,nan,0.4858067842226532,nan,0.4858067842236409,nan
complete,18,,,2,8.742833147756755,nan,8.845579551532865,nan,90.0,nan,90.0,nan,0.12066195403919266,nan,0.12066195403789948,nan
complete,18,,,3,33.317003985866904,nan,33.804262342862785,nan,248.0,nan,248.0,nan,0.7609446403229327,nan,0.7609445909133257,nan
complete,18,,,4,65.2190755251795,nan,61.41387857217342,nan,404.0,nan,382.0,nan,0.8301955833614159,nan,0.8301956137145083,nan
complete,18,,,5,89.87124707829207,nan,92.62541352771223,nan,506.0,nan,492.0,nan,0.953441807208506,nan,0.953438849941179,nan
complete,18,,,6,231.00628807861358,nan,251.90751706715673,nan,958.0,nan,1034.0,nan,0.996557349414303,nan,0.995902442182313,nan
complete,18,,,7,484.1457065027207,nan,473.0950509440154,nan,1718.0,nan,1666.0,nan,0.9998470112443627,nan,0.9998562992286608,nan
complete,18,,,8,668.0158683964983,nan,677.6804227391258,nan,2172.0,nan,2186.0,nan,0.9995810313620552,nan,0.9999655326777912,nan
complete,18,,,9,980.5639884127304,nan,858.1395089598373,nan,2872.0,nan,2594.0,nan,0.9998099911047404,nan,0.9999724514822503,nan
complete,18,,,10,1169.8227531537414,nan,1290.2213855516165,nan,3264.0,nan,3460.0,nan,0.999911827060231,nan,0.9997447227846834,nan
complete,19,,,1,3.5875493017956614,nan,3.5871077543124557,nan,42.0,nan,42.0,nan,0.48584868442223694,nan,0.4858486844219527,nan
complete,19,,,2,11.59472850523889,nan,11.632977666333318,nan,104.0,nan,104.0,nan,0.13182866393599113,nan,0.1318286639366022,nan
complete,19,,,3,40.46531336847693,nan,42.65877983625978,nan,264.0,nan,274.0,nan,0.7619393102647862,nan,0.7619392510432874,nan
complete,19,,,4,83.42867587693036,nan,86.19190692249686,nan,440.0,nan,458.0,nan,0.833142944923722,nan,0.8331430162850779,nan
complete,19,,,5,146.1519424468279,nan,218.25176305230707,nan,664.0,nan,914.0,nan,0.9925316795544035,nan,0.9899413634976497,nan
complete,19,,,6,244.79955540038645,nan,330.92270248383284,nan,954.0,nan,1240.0,nan,0.9936829079039597,nan,0.9625660657093817,nan
complete,19,,,7,494.7824321379885,nan,563.4778602328151,nan,1580.0,nan,1824.0,nan,0.9983227332511717,nan,0.9968957414795554,nan
complete,19,,,8,771.4081571679562,nan,1128.144559145905,nan,2194.0,nan,3056.0,nan,0.9997956348290984,nan,0.9971593607714837,nan
complete,19,,,9,892.8346049524844,nan,1405.9146348657086,nan,2428.0,nan,3592.0,nan,0.9994477842671969,nan,0.9996128465422913,nan
complete,19,,,10,1095.8815726786852,nan,1638.0913846958429,nan,2754.0,nan,3986.0,nan,0.9998175605116302,nan,0.9987536307738765,nan
complete,20,,,1,4.071366662159562,nan,7.561773071065545,nan,40.0,nan,40.0,nan,0.4858905623693772,nan,0.4858905623680698,nan
complete,20,,,2,13.444220972247422,nan,13.681168026290834,nan,100.0,nan,100.0,nan,0.14044861733898273,nan,0.14044861734058856,nan
complete,20,,,3,52.30347442533821,nan,55.10551621392369,nan,278.0,nan,278.0,nan,0.7628796338260244,nan,0.7628796556926289,nan
complete,20,,,4,102.71815071906894,nan,104.80190742295235,nan,456.0,nan,454.0,nan,0.8359142157084491,nan,0.8359141662537368,nan
complete,20,,,5,176.26039190776646,nan,154.1130317961797,nan,668.0,nan,596.0,nan,0.9522226574663719,nan,0.9521950190201949,nan
complete,20,,,6,426.86765877436846,nan,379.6621382953599,nan,1276.0,nan,1134.0,nan,0.9959333589466866,nan,0.9959529012278239,nan
complete,20,,,7,643.2130494667217,nan,715.1030917344615,nan,1728.0,nan,1818.0,nan,0.9993732507703044,nan,0.9997445963422535,nan
complete,20,,,8,957.2330756792799,nan,961.6902840742841,nan,2300.0,nan,2180.0,nan,0.9991100018593357,nan,0.9979920555971944,nan
complete,20,,,9,1401.7160681905225,nan,1238.576590997167,nan,3010.0,nan,2576.0,nan,0.9995718917649583,nan,0.9978408907379759,nan
complete,20,,,10,1699.3728588996455,nan,1539.5298122558743,nan,3430.0,nan,3000.0,nan,0.9995623474435291,nan,0.9994729379984335,nan
linear,5,,,1,0.28667881339788437,nan,0.32311106380075216,nan,26.0,nan,44.0,nan,0.4770887242410568,nan,0.7609179498889121,nan
linear,5,,,2,0.5743929371237755,nan,0.7186653120443225,nan,74.0,nan,96.0,nan,0.6468575260894188,nan,0.9072021145803572,nan
linear,5,,,3,1.1340503580868244,nan,1.3981452845036983,nan,130.0,nan,168.0,nan,0.5763579225478506,nan,0.9780357495886963,nan
linear,5,,,4,1.7770815985277295,nan,4.042648528702557,nan,178.0,nan,384.0,nan,0.7468692060725012,nan,0.9999999998959096,nan
linear,5,,,5,4.286809674464166,nan,5.1301759500056505,nan,350.0,nan,454.0,nan,0.8827933827294324,nan,0.6666665760787426,nan
linear,5,,,6,5.7252887496724725,nan,6.469859406352043,nan,430.0,nan,532.0,nan,0.9367784807885581,nan,0.9988369064447289,nan
linear,5,,,7,8.138689482584596,nan,8.587373243644834,nan,548.0,nan,632.0,nan,0.8920780242975422,nan,0.999999955250845,nan
linear,5,,,8,15.975258734077215,nan,12.887505701743066,nan,886.0,nan,820.0,nan,0.9888232610961083,nan,0.999999994001833,nan
linear,5,,,9,28.01425531785935,nan,17.01871467474848,nan,1346.0,nan,972.0,nan,0.9985060034370609,nan,0.9999993778618456,nan
linear,5,,,10,38.07972339633852,nan,30.82672665733844,nan,1694.0,nan,1450.0,nan,0.9989798674283605,nan,0.9999979148099136,nan
linear,6,,,1,0.2481940146535635,nan,0.23780429270118475,nan,20.0,nan,22.0,nan,0.5778230669070666,nan,0.6552735643338948,nan
linear,6,,,2,0.6615055175498128,nan,0.5200675409287214,nan,68.0,nan,52.0,nan,0.7536307829612978,nan,0.7986018717782231,nan
linear,6,,,3,1.4097173428162932,nan,1.2026505125686526,nan,132.0,nan,114.0,nan,0.7502741333849344,nan,0.8437711961518143,nan
linear,6,,,4,3.208166596479714,nan,2.8951151883229613,nan,258.0,nan,228.0,nan,0.9003582025503459,nan,0.9999999997020863,nan
linear,6,,,5,5.242427922785282,nan,6.049068132415414,nan,366.0,nan,402.0,nan,0.9146714740654431,nan,0.9999999999621153,nan
linear,6,,,6,7.680762559175491,nan,12.7876488417387,nan,484.0,nan,720.0,nan,0.9693772286376766,nan,0.9999169853900666,nan
linear,6,,,7,13.165476922877133,nan,31.131582476198673,nan,700.0,nan,890.0,nan,0.9702178692882887,nan,0.9999999987849245,nan
linear,6,,,8,20.206579500809312,nan,24.67563744261861,nan,962.0,nan,1162.0,nan,0.9676275842463599,nan,0.9999999800697844,nan
linear,6,,,9,31.315944199450314,nan,29.569408266805112,nan,1312.0,nan,1296.0,nan,0.9720775629062711,nan,0.99999962345674,nan
linear,6,,,10,42.64228863082826,nan,38.68636706098914,nan,1648.0,nan,1584.0,nan,0.9650564923789752,nan,0.999999391476995,nan
linear,7,,,1,0.2549518970772624,nan,0.3104465799406171,nan,22.0,nan,24.0,nan,0.5094734937667075,nan,0.521499000442524,nan
linear,7,,,2,0.8109825607389212,nan,0.5432512303814292,nan,78.0,nan,54.0,nan,0.6456842273740792,nan,0.7864319812849296,nan
linear,7,,,3,1.7648093421012163,nan,1.4518602844327688,nan,148.0,nan,120.0,nan,0.6571151792320378,nan,0.9877819282835233,nan
linear,7,,,4,3.3806195482611656,nan,3.7985896775498986,nan,244.0,nan,258.0,nan,0.7565884221164804,nan,0.9928968292062305,nan
linear,7,,,5,6.519336985424161,nan,9.347416259348392,nan,394.0,nan,520.0,nan,0.7814059151890241,nan,0.9999987835999404,nan
linear,7,,,6,11.028650935739279,nan,13.042813620530069,nan,576.0,nan,672.0,nan,0.8382163559878965,nan,0.9999998468287694,nan
linear,7,,,7,17.589505156502128,nan,14.74304652493447,nan,800.0,nan,728.0,nan,0.838814032571298,nan,0.999999873399185,nan
linear,7,,,8,26.707381644286215,nan,19.05629736185074,nan,1080.0,nan,864.0,nan,0.8947194486792109,nan,0.9999999950616549,nan
linear,7,,,9,33.44989975448698,nan,22.834808125160635,nan,1264.0,nan,962.0,nan,0.9104496262937762,nan,0.9999999881374121,nan
linear,7,,,10,48.29693170916289,nan,25.212007607333362,nan,1634.0,nan,1022.0,nan,0.9338845406671574,nan,0.9999994655833684,nan
linear,8,,,1,0.25825124606490135,nan,0.3342954171821475,nan,20.0,nan,22.0,nan,0.5858857052750643,nan,0.6524311485417995,nan
linear,8,,,2,0.9671855550259352,nan,0.5646073957905173,nan,84.0,nan,50.0,nan,0.726341550679112,nan,0.8003361235341906,nan
linear,8,,,3,2.1284970697015524,nan,1.5005140472203493,nan,160.0,nan,110.0,nan,0.7518994411119441,nan,0.7703899905831545,nan
linear,8,,,4,4.389789261855185,nan,3.8758786553516984,nan,274.0,nan,220.0,nan,0.8556916478152803,nan,0.9999999997514475,nan
linear,8,,,5,9.11279418412596,nan,9.055781675502658,nan,470.0,nan,422.0,nan,0.8816312584708154,nan,0.9999999999079354,nan
linear,8,,,6,13.748344180174172,nan,14.34806964918971,nan,632.0,nan,596.0,nan,0.8803406196745012,nan,0.9999999986814685,nan
linear,8,,,7,21.235019009560347,nan,21.537007305771112,nan,856.0,nan,806.0,nan,0.9426914834371011,nan,0.9999999999182092,nan
linear,8,,,8,34.13867253065109,nan,28.8018012708053,nan,1210.0,nan,976.0,nan,0.9771199398887586,nan,0.999999930497515,nan
linear,8,,,9,50.127910900861025,nan,36.58057929109782,nan,1586.0,nan,1154.0,nan,0.9706600251373286,nan,0.9999995209065905,nan
linear,8,,,10,82.25405361875892,nan,47.17708854749799,nan,2266.0,nan,1374.0,nan,0.989614780773367,nan,0.9999999846610617,nan
linear,9,,,1,0.29279465042054653,nan,0.3073902381584048,nan,20.0,nan,22.0,nan,0.5299873882077235,nan,0.5475783410097541,nan
linear,9,,,2,1.0808966364711523,nan,0.615512428805232,nan,84.0,nan,50.0,nan,0.5758422155850103,nan,0.7885300197691671,nan
linear,9,,,3,2.038868634030223,nan,1.7111372230574489,nan,136.0,nan,112.0,nan,0.6439593538903132,nan,0.7862852695622122,nan
linear,9,,,4,3.1420157896354795,nan,3.6920330170542,nan,188.0,nan,200.0,nan,0.6893935290438614,nan,0.9736484555436515,nan
linear,9,,,5,6.082595405168831,nan,7.897702828980982,nan,298.0,nan,360.0,nan,0.791178978103184,nan,0.993295869656983,nan
linear,9,,,6,9.959585901349783,nan,18.14265038166195,nan,416.0,nan,676.0,nan,0.7971956367007043,nan,0.9936478424338524,nan
linear,9,,,7,16.000409999862313,nan,48.986585655249655,nan,582.0,nan,1514.0,nan,0.8187124477816067,nan,0.7983493706174536,nan
linear,9,,,8,30.645881889387965,nan,79.98970516305417,nan,926.0,nan,2230.0,nan,0.8549342291455148,nan,0.9990484477181252,nan
linear,9,,,9,43.55843221955001,nan,114.21656016074121,nan,1206.0,nan,2968.0,nan,0.8205096456927207,nan,0.9990565079795651,nan
linear,9,,,10,82.62423726264387,nan,230.57128204405308,nan,1942.0,nan,5150.0,nan,0.8607379938862068,nan,0.7997913797700443,nan
linear,10,,,1,0.32339714001864195,nan,0.32143277395516634,nan,22.0,nan,22.0,nan,0.5913636419327771,nan,0.6516310409342688,nan
linear,10,,,2,1.1985808527097106,nan,0.7235134989023209,nan,86.0,nan,52.0,nan,0.6456462721749512,nan,0.8021573257127207,nan
linear,10,,,3,2.495372209697962,nan,1.7009694557636976,nan,154.0,nan,102.0,nan,0.7184466368073241,nan,0.808976477227026,nan
linear,10,,,4,3.657784548588097,nan,4.563681277446449,nan,198.0,nan,220.0,nan,0.7671939598787523,nan,0.9999999999961823,nan
linear,10,,,5,6.930421115830541,nan,14.5134755698964,nan,308.0,nan,550.0,nan,0.8740200953281836,nan,0.9735242342017643,nan
linear,10,,,6,11.569962544366717,nan,19.120093818753958,nan,436.0,nan,674.0,nan,0.8805465356419706,nan,0.999999797094086,nan
linear,10,,,7,25.70914772991091,nan,29.54753087926656,nan,782.0,nan,922.0,nan,0.9226030275844934,nan,0.9999999961021586,nan
linear,10,,,8,37.00214890483767,nan,46.42324351053685,nan,1020.0,nan,1276.0,nan,0.9147790265184241,nan,0.9999999254729708,nan
linear,10,,,9,52.63055562321097,nan,55.41071144212037,nan,1316.0,nan,1456.0,nan,0.941334015361312,nan,0.9999999975934883,nan
linear,10,,,10,77.5178189156577,nan,83.76527276355773,nan,1738.0,nan,1928.0,nan,0.9428380249909706,nan,0.9999993864046935,nan
linear,11,,,1,0.3397234622389078,nan,0.3239183211699128,nan,22.0,nan,20.0,nan,0.5440058789538816,nan,0.5650796647985682,nan
linear,11,,,2,1.0976979490369558,nan,0.7381355362012982,nan,72.0,nan,46.0,nan,0.59629290808391,nan,0.7909577865495252,nan
linear,11,,,3,2.1640157382935286,nan,2.458481322042644,nan,124.0,nan,124.0,nan,0.6659405284362747,nan,0.874839417260036,nan
linear,11,,,4,4.44131307117641,nan,6.251154848374426,nan,206.0,nan,254.0,nan,0.7709864067331411,nan,0.9818170723198684,nan
linear,11,,,5,7.7926450204104185,nan,12.730418609455228,nan,306.0,nan,436.0,nan,0.7583487496310067,nan,0.9962293230505802,nan
linear,11,,,6,13.284809718839824,nan,27.163323420099914,nan,426.0,nan,786.0,nan,0.8096909473262514,nan,0.8332035910555255,nan
linear,11,,,7,21.16096218675375,nan,51.75902729295194,nan,588.0,nan,1292.0,nan,0.8149703134563038,nan,0.9995425812941733,nan
linear,11,,,8,35.14245006348938,nan,81.26834028214216,nan,840.0,nan,1816.0,nan,0.8607145536279424,nan,0.8332811861002973,nan
linear,11,,,9,61.097515895962715,nan,134.5184384956956,nan,1260.0,nan,2684.0,nan,0.8877661698404585,nan,0.9991444178603905,nan
linear,11,,,10,89.86266825441271,nan,179.07601670641452,nan,1678.0,nan,3298.0,nan,0.8920175846799129,nan,0.8332193807228535,nan
linear,12,,,1,0.3586297743022442,nan,0.3384749135002494,nan,22.0,nan,20.0,nan,0.5952489256849921,nan,0.6514201434116033,nan
linear,12,,,2,1.3853976912796497,nan,0.8173426520079374,nan,82.0,nan,48.0,nan,0.6546038619221914,nan,0.8036809097266001,nan
linear,12,,,3,2.6284170523285866,nan,2.2548033287748694,nan,132.0,nan,106.0,nan,0.7300691557147054,nan,0.8363932517922152,nan
linear,12,,,4,4.888497316278517,nan,6.095863923430443,nan,204.0,nan,228.0,nan,0.8369345192786853,nan,0.9999999996896815,nan
linear,12,,,5,8.788568305782974,nan,14.846935422159731,nan,306.0,nan,456.0,nan,0.8286706071240006,nan,0.9965675833639763,nan
linear,12,,,6,14.676280085928738,nan,21.333711286075413,nan,430.0,nan,596.0,nan,0.8778448277948095,nan,0.9999999994804211,nan
linear,12,,,7,25.271492523141205,nan,27.736086449585855,nan,634.0,nan,714.0,nan,0.8799217199119697,nan,0.9999999076027658,nan
linear,12,,,8,44.15000953618437,nan,35.17252966761589,nan,936.0,nan,840.0,nan,0.9287189663611534,nan,0.999999673309499,nan
linear,12,,,9,75.01952834427357,nan,49.43256379943341,nan,1402.0,nan,1046.0,nan,0.9659385292201849,nan,0.9999999727117141,nan
linear,12,,,10,109.69761852454394,nan,68.30083351116627,nan,1846.0,nan,1302.0,nan,0.9688705059681927,nan,0.9999997422390857,nan
linear,13,,,1,0.41760776191949844,nan,0.4183456767350435,nan,26.0,nan,20.0,nan,0.5541615602892962,nan,0.577625518672641,nan
linear,13,,,2,1.3015170386061072,nan,0.8632748322561383,nan,74.0,nan,48.0,nan,0.6111040398292577,nan,0.7931840908105589,nan
linear,13,,,3,2.6488457899540663,nan,2.5823464076966047,nan,124.0,nan,112.0,nan,0.6808913878628567,nan,0.7389854377506487,nan
linear,13,,,4,5.231472639366984,nan,5.55270089302212,nan,200.0,nan,198.0,nan,0.7740147496143213,nan,0.9489143151500491,nan
linear,13,,,5,9.022340486757457,nan,11.497565154917538,nan,290.0,nan,338.0,nan,0.7708089001692154,nan,0.9999999998739771,nan
linear,13,,,6,15.540775717236102,nan,28.963938142172992,nan,420.0,nan,690.0,nan,0.810907791470188,nan,0.9999999952998324,nan
linear,13,,,7,23.96226974762976,nan,51.14697464182973,nan,566.0,nan,1078.0,nan,0.8196619289405345,nan,0.857142850372077,nan
linear,13,,,8,45.59659026470035,nan,108.46573467645794,nan,898.0,nan,1946.0,nan,0.8340520118122201,nan,0.9999998122081335,nan
linear,13,,,9,79.87014487572014,nan,137.00336413737386,nan,1364.0,nan,2298.0,nan,0.8667191941403127,nan,0.9990523866292795,nan
linear,13,,,10,113.46615613438189,nan,196.1128991600126,nan,1758.0,nan,3032.0,nan,0.8767831046453926,nan,0.857138729549245,nan
linear,14,,,1,0.45634935796260834,nan,0.36801708210259676,nan,28.0,nan,20.0,nan,0.5981292696767981,nan,0.6514125328014478,nan
linear,14,,,2,1.5343621680513024,nan,0.9244304057210684,nan,80.0,nan,48.0,nan,0.6611440813539683,nan,0.8049162452128533,nan
linear,14,,,3,2.9360082326456904,nan,2.5401425482705235,nan,128.0,nan,102.0,nan,0.7361162351774616,nan,0.8566844226606972,nan
linear,14,,,4,5.838453992269933,nan,6.349688293412328,nan,206.0,nan,206.0,nan,0.8308591407165327,nan,0.9999999998889396,nan
linear,14,,,5,9.441915502771735,nan,19.682173972018063,nan,286.0,nan,496.0,nan,0.8315162995508756,nan,0.9848003163122963,nan
linear,14,,,6,17.75705019198358,nan,31.885229672305286,nan,438.0,nan,724.0,nan,0.8694178791929164,nan,0.9999999259435292,nan
linear,14,,,7,27.300351292826235,nan,49.31976225785911,nan,588.0,nan,1002.0,nan,0.8804187465650263,nan,0.9999999662962942,nan
linear,14,,,8,48.24360922910273,nan,61.95579517353326,nan,882.0,nan,1178.0,nan,0.911625795864224,nan,0.9999999957872385,nan
linear,14,,,9,80.9714392349124,nan,81.82223930675536,nan,1300.0,nan,1420.0,nan,0.9440690816984911,nan,0.9999996725072327,nan
linear,14,,,10,155.27612808533013,nan,105.0334750926122,nan,2108.0,nan,1676.0,nan,0.9432726813286588,nan,0.9999990149463115,nan
linear,15,,,1,0.5455279806628823,nan,0.4581012614071369,nan,28.0,nan,20.0,nan,0.5618481765161796,nan,0.5870562435317541,nan
linear,15,,,2,1.7281894432380795,nan,1.0690715219825506,nan,84.0,nan,50.0,nan,0.6223026219432767,nan,0.7951187187261702,nan
linear,15,,,3,3.051455294713378,nan,2.650999958626926,nan,126.0,nan,102.0,nan,0.6924929722816766,nan,0.7666596039759297,nan
linear,15,,,4,6.214428232051432,nan,5.782581061124802,nan,204.0,nan,178.0,nan,0.7768085425381903,nan,0.9480214865356981,nan
linear,15,,,5,10.364402137696743,nan,10.930795908905566,nan,290.0,nan,282.0,nan,0.7808243192448896,nan,0.9926041958817636,nan
linear,15,,,6,18.935063240118325,nan,21.31428121495992,nan,434.0,nan,456.0,nan,0.8364324957755005,nan,0.9912084476539043,nan
linear,15,,,7,38.64363414607942,nan,57.50697410479188,nan,718.0,nan,992.0,nan,0.8371384513413209,nan,0.9999999552480355,nan
linear,15,,,8,64.4283112930134,nan,84.53160539735109,nan,1056.0,nan,1328.0,nan,0.837852092576504,nan,0.9999999437768315,nan
linear,15,,,9,82.11667586956173,nan,100.11947424802929,nan,1262.0,nan,1508.0,nan,0.848648599886215,nan,0.9999999986882313,nan
linear,15,,,10,119.12481685914099,nan,231.08119538798928,nan,1636.0,nan,2868.0,nan,0.8516771172262632,nan,0.9999999948358231,nan
linear,16,,,1,0.5249231206253171,nan,0.4104354651644826,nan,24.0,nan,20.0,nan,0.6003438323954946,nan,0.6514798531704129,nan
linear,16,,,2,2.0212183576077223,nan,1.1069724438712,nan,88.0,nan,48.0,nan,0.6661169383160279,nan,0.8059215513248035,nan
linear,16,,,3,3.45411544945091,nan,3.444704939611256,nan,130.0,nan,116.0,nan,0.7409376093013293,nan,0.8722425380316327,nan
linear,16,,,4,6.570596585050225,nan,9.715782960876822,nan,202.0,nan,260.0,nan,0.8266534858003743,nan,0.9999999999984482,nan
linear,16,,,5,10.831427794881165,nan,22.11340709310025,nan,280.0,nan,488.0,nan,0.8341741373626795,nan,0.9999999999659841,nan
linear,16,,,6,18.927433422766626,nan,40.320483789779246,nan,406.0,nan,768.0,nan,0.890600684832804,nan,0.9999953708973603,nan
linear,16,,,7,41.9614568259567,nan,53.010827204212546,nan,716.0,nan,944.0,nan,0.8894355858680937,nan,0.9999803903055754,nan
linear,16,,,8,62.227100671269,nan,92.33542698528618,nan,948.0,nan,1396.0,nan,0.8545567179762465,nan,0.9999999742213763,nan
linear,16,,,9,104.32438998483121,nan,121.90429545287043,nan,1398.0,nan,1712.0,nan,0.9225255822385585,nan,0.9999999849499234,nan
linear,16,,,10,163.70026137586683,nan,142.0482819834724,nan,1940.0,nan,1890.0,nan,0.925984045162977,nan,0.9999980431958992,nan
linear,17,,,1,0.550763051956892,nan,0.4935632133856416,nan,22.0,nan,18.0,nan,0.5678649306226595,nan,0.5944027269892924,nan
linear,17,,,2,2.136149249970913,nan,1.2249424681067467,nan,80.0,nan,46.0,nan,0.6310589584713314,nan,0.7967784968032646,nan
linear,17,,,3,3.7082436168566346,nan,3.4962526131421328,nan,120.0,nan,104.0,nan,0.7017105101871156,nan,0.789024045266246,nan
linear,17,,,4,7.127489252015948,nan,7.697655945084989,nan,188.0,nan,188.0,nan,0.7791332071924258,nan,0.9473937447335753,nan
linear,17,,,5,11.782793698832393,nan,15.933415140025318,nan,264.0,nan,322.0,nan,0.7889834559671173,nan,0.99999999987134,nan
linear,17,,,6,21.330330418422818,nan,52.610009585507214,nan,396.0,nan,834.0,nan,0.8398244264852717,nan,0.887500035137019,nan
linear,17,,,7,45.49659340828657,nan,79.27668511494994,nan,682.0,nan,1146.0,nan,0.8371766882590905,nan,0.9755276776476456,nan
linear,17,,,8,67.60402819141746,nan,130.8172387527302,nan,910.0,nan,1686.0,nan,0.8300857892899725,nan,0.992051828493073,nan
linear,17,,,9,96.90495486930013,nan,272.7174917459488,nan,1192.0,nan,2978.0,nan,0.8615971243303009,nan,0.9966541068725085,nan
linear,17,,,10,219.88062580302358,nan,427.9355429597199,nan,2220.0,nan,4304.0,nan,0.8758848184097641,nan,0.9999251240081652,nan
linear,18,,,1,0.5492448266595602,nan,0.5118773747235537,nan,22.0,nan,20.0,nan,0.6020971349463955,nan,0.6515733628188524,nan
linear,18,,,2,2.3556231670081615,nan,1.4685661252588034,nan,76.0,nan,48.0,nan,0.6700211627746265,nan,0.8067494740479753,nan
linear,18,,,3,4.236609709449112,nan,4.263727101497352,nan,118.0,nan,110.0,nan,0.7448399483852,nan,0.8845217987047076,nan
linear,18,,,4,8.516328459605575,nan,8.735455689951777,nan,192.0,nan,186.0,nan,0.8234808230263304,nan,0.9443680408859341,nan
linear,18,,,5,13.819985339418054,nan,14.6677415529266,nan,266.0,nan,270.0,nan,0.8365385908593185,nan,0.9999999988388473,nan
linear,18,,,6,25.139814124442637,nan,23.78776047192514,nan,400.0,nan,378.0,nan,0.8880283807056522,nan,0.99999999964246,nan
linear,18,,,7,66.96734869852662,nan,57.151576805859804,nan,690.0,nan,718.0,nan,0.8838399621593376,nan,0.9999993566383281,nan
linear,18,,,8,86.07930696289986,nan,86.14273504260927,nan,986.0,nan,982.0,nan,0.8779362248900792,nan,0.9999990138989028,nan
linear,18,,,9,124.37483261805028,nan,109.44082638435066,nan,1286.0,nan,1164.0,nan,0.9163068853461758,nan,0.9999998751652753,nan
linear,18,,,10,206.18353823199868,nan,139.26614206749946,nan,1884.0,nan,1380.0,nan,0.9288662914158551,nan,0.9999999072859218,nan
linear,19,,,1,0.6497605703771114,nan,0.5766342813149095,nan,22.0,nan,18.0,nan,0.5727010628540825,nan,0.6002866467356336,nan
linear,19,,,2,2.5546295177191496,nan,1.4390125768259168,nan,76.0,nan,44.0,nan,0.6380903068268008,nan,0.7982030532523511,nan
linear,19,,,3,4.7411355739459395,nan,4.2544654831290245,nan,120.0,nan,100.0,nan,0.7091946982460359,nan,0.8074064740047657,nan
linear,19,,,4,9.286541601642966,nan,9.190455592237413,nan,190.0,nan,176.0,nan,0.7810578251715052,nan,0.9469474457911226,nan
linear,19,,,5,14.59704646654427,nan,29.526841898448765,nan,258.0,nan,432.0,nan,0.7957287794819645,nan,0.9999999991039491,nan
linear,19,,,6,29.186620654538274,nan,46.36960053537041,nan,412.0,nan,616.0,nan,0.8426275285369836,nan,0.9999980877092209,nan
linear,19,,,7,68.51654208172113,nan,62.09278704598546,nan,780.0,nan,756.0,nan,0.8311291253598257,nan,0.9999979396351705,nan
linear,19,,,8,100.79826550465077,nan,84.62034546583891,nan,1038.0,nan,942.0,nan,0.8319018768190384,nan,0.9999988470144942,nan
linear,19,,,9,152.7750306976959,nan,109.28899093158543,nan,1418.0,nan,1120.0,nan,0.8735708365729765,nan,0.9999999454474494,nan
linear,19,,,10,206.53308394923806,nan,139.79319068882614,nan,1764.0,nan,1316.0,nan,0.8647826094629476,nan,0.9999998023845151,nan
linear,20,,,1,0.7079550428315997,nan,0.6139848195016384,nan,24.0,nan,20.0,nan,0.603518611915357,nan,0.6516731134545539,nan
linear,20,,,2,3.03624820522964,nan,1.822132334113121,nan,78.0,nan,48.0,nan,0.6731659258254563,nan,0.807440482742031,nan
linear,20,,,3,5.365330770611763,nan,5.319395434111357,nan,118.0,nan,108.0,nan,0.7480519737721074,nan,0.8944462207264527,nan
linear,20,,,4,10.581383123062551,nan,10.874398480169475,nan,188.0,nan,180.0,nan,0.8209926656024129,nan,0.9455700737244033,nan
linear,20,,,5,16.750468699261546,nan,19.603147510439157,nan,254.0,nan,276.0,nan,0.8386098843743538,nan,0.9999999990400357,nan
linear,20,,,6,32.959417229518294,nan,30.44921707548201,nan,402.0,nan,376.0,nan,0.8860450345515192,nan,0.9999999946035057,nan
linear,20,,,7,87.42115151695907,nan,79.75345656927675,nan,724.0,nan,764.0,nan,0.8741754001575558,nan,0.9999999983000845,nan
linear,20,,,8,119.00821429118514,nan,116.4893698291853,nan,1042.0,nan,1018.0,nan,0.8771339347851927,nan,0.9999994232169197,nan
linear,20,,,9,196.21367609873414,nan,145.46678143553436,nan,1520.0,nan,1198.0,nan,0.9063845356185475,nan,0.9999999214919763,nan
linear,20,,,10,306.3178005479276,nan,291.01951258070767,nan,2126.0,nan,1624.0,nan,0.909201705461987,nan,0.9999999890234669,nan
circular,5,,,1,0.30117968562990427,nan,0.21920366771519184,nan,20.0,nan,20.0,nan,0.7712509435331886,nan,0.7712509435331883,nan
circular,5,,,2,0.7301205899566412,nan,0.7249402990564704,nan,88.0,nan,88.0,nan,0.810572795776287,nan,0.810572795776286,nan
circular,5,,,3,1.6883723568171263,nan,1.6619018977507949,nan,178.0,nan,178.0,nan,0.9658732966804306,nan,0.9658732966804067,nan
circular,5,,,4,2.7294772984459996,nan,2.6543941600248218,nan,248.0,nan,248.0,nan,0.990758899971067,nan,0.9907588999710577,nan
circular,5,,,5,7.380028464831412,nan,7.1850385228171945,nan,526.0,nan,530.0,nan,0.997786239914525,nan,0.9977862411007167,nan
circular,5,,,6,19.002241525799036,nan,14.362202963791788,nan,782.0,nan,902.0,nan,0.999753296252014,nan,0.9994354643535304,nan
circular,5,,,7,30.054841730743647,nan,24.966378677636385,nan,1266.0,nan,1392.0,nan,0.9999327520485315,nan,0.999883241601571,nan
circular,5,,,8,28.12521584890783,nan,33.48464710637927,nan,1432.0,nan,1730.0,nan,0.9999999992299162,nan,0.9999983940817295,nan
circular,5,,,9,35.326399048790336,nan,45.557721216231585,nan,1702.0,nan,2162.0,nan,0.9999999839222597,nan,0.9999995666105093,nan
circular,5,,,10,38.797530706971884,nan,52.97980728559196,nan,1840.0,nan,2382.0,nan,0.9999999984688228,nan,0.999999963752649,nan
circular,6,,,1,0.23752120323479176,nan,0.2359360260888934,nan,20.0,nan,20.0,nan,0.6170007548265507,nan,0.6534659776008458,nan
circular,6,,,2,0.7104303920641541,nan,0.5009608864784241,nan,70.0,nan,50.0,nan,0.7021778912678851,nan,0.8147711857542377,nan
circular,6,,,3,1.2844615811482072,nan,1.4802788365632296,nan,116.0,nan,124.0,nan,0.8103462805597029,nan,0.9866731723417251,nan
circular,6,,,4,1.8031794531270862,nan,2.3054008036851883,nan,152.0,nan,172.0,nan,0.9755806067160187,nan,0.973266763599685,nan
circular,6,,,5,2.931572837755084,nan,6.276298061013222,nan,210.0,nan,372.0,nan,0.9949818558336458,nan,0.9999999875790646,nan
circular,6,,,6,5.199862640351057,nan,12.351508080027997,nan,308.0,nan,622.0,nan,0.9997336606893076,nan,0.995138742281282,nan
circular,6,,,7,17.527148691006005,nan,24.066819177009165,nan,784.0,nan,1046.0,nan,0.999977138491316,nan,0.9960401777510476,nan
circular,6,,,8,27.89341569878161,nan,42.45913509558886,nan,1080.0,nan,1640.0,nan,0.9999999971798839,nan,0.9978951157532617,nan
circular,6,,,9,34.90879286173731,nan,56.7411490092054,nan,1282.0,nan,2028.0,nan,0.9999999797153459,nan,0.9979041975289453,nan
circular,6,,,10,42.30642301402986,nan,89.15012201108038,nan,1472.0,nan,2874.0,nan,0.9999993996423777,nan,0.9991946690521424,nan
circular,7,,,1,0.2746423240751028,nan,0.2732154605910182,nan,20.0,nan,20.0,nan,0.7198342139643091,nan,0.719834213964309,nan
circular,7,,,2,0.8018880728632212,nan,0.8003653464838862,nan,70.0,nan,70.0,nan,0.8192075398125325,nan,0.8192075398125326,nan
circular,7,,,3,1.47458522208035,nan,1.4739927304908633,nan,116.0,nan,116.0,nan,0.9039736559925888,nan,0.9039736559925888,nan
circular,7,,,4,2.6249256543815136,nan,2.618119053542614,nan,178.0,nan,178.0,nan,0.9362052980348796,nan,0.93620529803488,nan
circular,7,,,5,4.84861858561635,nan,4.835748488083482,nan,270.0,nan,270.0,nan,0.9904566708468637,nan,0.990456670846863,nan
circular,7,,,6,11.398260306566954,nan,11.308390379883349,nan,510.0,nan,510.0,nan,0.9977682819564504,nan,0.997768281956502,nan
circular,7,,,7,18.764087996445596,nan,18.218249006196856,nan,738.0,nan,734.0,nan,0.9997867079927314,nan,0.9997867164648246,nan
circular,7,,,8,25.130730810575187,nan,24.04147396516055,nan,906.0,nan,892.0,nan,0.9947866690923516,nan,0.9947866751671421,nan
circular,7,,,9,47.73251990787685,nan,56.85386442113668,nan,1472.0,nan,1706.0,nan,0.9998381860270996,nan,0.9998396138370035,nan
circular,7,,,10,81.98179571609944,nan,85.28032690566033,nan,2238.0,nan,2330.0,nan,0.9999848470057123,nan,0.9999991197857355,nan
circular,8,,,1,0.2845711624249816,nan,0.34550529066473246,nan,20.0,nan,20.0,nan,0.6170007548265508,nan,0.6534659776008462,nan
circular,8,,,2,0.8798436876386404,nan,0.5993263628333807,nan,70.0,nan,50.0,nan,0.7021778912678847,nan,0.8147711857542379,nan
circular,8,,,3,1.698392572812736,nan,1.776938259601593,nan,118.0,nan,118.0,nan,0.7803314794704949,nan,0.9866571250176212,nan
circular,8,,,4,3.8684079609811306,nan,2.9873535353690386,nan,218.0,nan,172.0,nan,0.8564742772518021,nan,0.9731234875985267,nan
circular,8,,,5,5.175143797881901,nan,10.19067002646625,nan,268.0,nan,446.0,nan,0.8899363130544088,nan,0.9999999952487132,nan
circular,8,,,6,7.318573617376387,nan,25.786990406922996,nan,338.0,nan,944.0,nan,0.962009325989707,nan,0.9999999960652164,nan
circular,8,,,7,17.10741315688938,nan,38.42480317968875,nan,604.0,nan,1290.0,nan,0.9975419922103423,nan,0.999999662598805,nan
circular,8,,,8,22.811622655019164,nan,72.03190490230918,nan,744.0,nan,2092.0,nan,0.9814584460222314,nan,0.9999988737273396,nan
circular,8,,,9,58.11022203415632,nan,104.90186208672822,nan,1506.0,nan,2806.0,nan,0.9999984540186927,nan,0.9999997893510705,nan
circular,8,,,10,77.68172231409699,nan,139.0175086595118,nan,1886.0,nan,3446.0,nan,0.999999807849425,nan,0.9999992024140258,nan
circular,9,,,1,0.29885563999414444,nan,0.2997659193351865,nan,20.0,nan,20.0,nan,0.6941258491798699,nan,0.6941258491798694,nan
circular,9,,,2,0.9456716012209654,nan,0.9972926015034318,nan,70.0,nan,70.0,nan,0.7899501276763709,nan,0.7899501276763703,nan
circular,9,,,3,1.8552876729518175,nan,1.8514350447803736,nan,118.0,nan,118.0,nan,0.8778729144043073,nan,0.8778729144043064,nan
circular,9,,,4,3.320222780108452,nan,3.3305286848917603,nan,178.0,nan,178.0,nan,0.9062870697035786,nan,0.9062870697035819,nan
circular,9,,,5,5.319924961775541,nan,5.273649947717786,nan,244.0,nan,244.0,nan,0.9547018242524634,nan,0.9547018242524642,nan
circular,9,,,6,10.803266132250428,nan,10.82646271865815,nan,400.0,nan,400.0,nan,0.9871097620020359,nan,0.9871097620032141,nan
circular,9,,,7,16.502854093909264,nan,16.297521086409688,nan,542.0,nan,536.0,nan,0.9966649072940978,nan,0.9966649077560445,nan
circular,9,,,8,32.029632629826665,nan,31.905144152231514,nan,872.0,nan,870.0,nan,0.9968727030560505,nan,0.99687270713719,nan
circular,9,,,9,46.83492812141776,nan,46.03256645426154,nan,1160.0,nan,1142.0,nan,0.998646948558973,nan,0.9986469281150179,nan
circular,9,,,10,71.362917650491,nan,72.80290907807648,nan,1582.0,nan,1602.0,nan,0.9995429233141987,nan,0.999542933639767,nan
circular,10,,,1,0.31547746155411005,nan,0.3388781640678644,nan,20.0,nan,20.0,nan,0.6170007548265504,nan,0.6534659776008457,nan
circular,10,,,2,1.0334940878674388,nan,0.740028134547174,nan,70.0,nan,50.0,nan,0.7021778912678853,nan,0.8147711857542369,nan
circular,10,,,3,2.063077657483518,nan,2.0885470416396856,nan,118.0,nan,118.0,nan,0.7803314794704941,nan,0.9866571250176204,nan
circular,10,,,4,3.871798533014953,nan,3.5245545329526067,nan,184.0,nan,174.0,nan,0.8056139758796167,nan,0.9731235374917873,nan
circular,10,,,5,5.541676407679915,nan,10.383953684009612,nan,240.0,nan,388.0,nan,0.8677647755068983,nan,0.9999999916311811,nan
circular,10,,,6,7.289446763694286,nan,38.095552396029234,nan,286.0,nan,1092.0,nan,0.9496581288638651,nan,0.9996235159880481,nan
circular,10,,,7,9.48446659464389,nan,84.29075826983899,nan,340.0,nan,2094.0,nan,0.9747708059136523,nan,0.9999999516638722,nan
circular,10,,,8,13.493771686218679,nan,103.26841498259455,nan,422.0,nan,2464.0,nan,0.9934230988615775,nan,0.9999289701700246,nan
circular,10,,,9,20.865875734947622,nan,127.82262057624757,nan,556.0,nan,2890.0,nan,0.9980516426817531,nan,0.9999982932318272,nan
circular,10,,,10,38.182571368291974,nan,151.39035594649613,nan,842.0,nan,3008.0,nan,0.999566683522836,nan,0.9999958311302027,nan
circular,11,,,1,0.4032232714816928,nan,0.39309015683829784,nan,20.0,nan,20.0,nan,0.6787008303092061,nan,0.6787008303092057,nan
circular,11,,,2,1.105906456708908,nan,1.1065879464149475,nan,70.0,nan,70.0,nan,0.7723956803946732,nan,0.7723956803946732,nan
circular,11,,,3,2.26435574144125,nan,2.2309511164203286,nan,118.0,nan,118.0,nan,0.8583646274175436,nan,0.8583646274175439,nan
circular,11,,,4,4.169954675249755,nan,4.248748403973877,nan,184.0,nan,184.0,nan,0.886175373467578,nan,0.8861753734675766,nan
circular,11,,,5,6.45321099460125,nan,6.513913321308792,nan,246.0,nan,246.0,nan,0.948146102378115,nan,0.9481461023781195,nan
circular,11,,,6,10.15112128853798,nan,10.09869287442416,nan,330.0,nan,330.0,nan,0.9655616774622476,nan,0.9655616774622512,nan
circular,11,,,7,21.10401750076562,nan,21.77688556071371,nan,550.0,nan,562.0,nan,0.9896919799361775,nan,0.9896919791610793,nan
circular,11,,,8,36.628774114884436,nan,36.51019898895174,nan,820.0,nan,822.0,nan,0.9911709311232546,nan,0.9911709295110442,nan
circular,11,,,9,53.246600622311234,nan,56.255950196646154,nan,1082.0,nan,1124.0,nan,0.9963615232553984,nan,0.9963615131907003,nan
circular,11,,,10,79.3013923112303,nan,80.35158164426684,nan,1446.0,nan,1468.0,nan,0.9985651158793274,nan,0.9985651134116675,nan
circular,12,,,1,0.4045493118464947,nan,0.40002190321683884,nan,20.0,nan,20.0,nan,0.6170007548265509,nan,0.6534659776008462,nan
circular,12,,,2,1.233842677436769,nan,0.8569720676168799,nan,70.0,nan,50.0,nan,0.7021778912678854,nan,0.8147711857542367,nan
circular,12,,,3,2.4048382490873337,nan,2.5626477068290114,nan,118.0,nan,118.0,nan,0.7803314794704943,nan,0.9866571250176187,nan
circular,12,,,4,4.549767000600696,nan,4.384381436742842,nan,184.0,nan,174.0,nan,0.8056139758796143,nan,0.9731235374917843,nan
circular,12,,,5,6.948760382831097,nan,13.589796617627144,nan,244.0,nan,408.0,nan,0.8635180862448447,nan,0.9999999853915029,nan
circular,12,,,6,10.658173111267388,nan,20.656326620839536,nan,322.0,nan,556.0,nan,0.8786240700620888,nan,0.9999280479785294,nan
circular,12,,,7,18.910673358477652,nan,50.36889149155468,nan,474.0,nan,1102.0,nan,0.930614535798523,nan,0.998961580810505,nan
circular,12,,,8,22.272904061712325,nan,63.32252465840429,nan,528.0,nan,1310.0,nan,0.9811855016149363,nan,0.9999997687834158,nan
circular,12,,,9,27.32299860008061,nan,96.60137384012341,nan,600.0,nan,1784.0,nan,0.987929205186465,nan,0.9954785910434549,nan
circular,12,,,10,35.87204125151038,nan,123.12832900509238,nan,714.0,nan,2128.0,nan,0.9957537097234056,nan,0.9999974275668156,nan
circular,13,,,1,0.42307074554264545,nan,0.41659437771886587,nan,20.0,nan,20.0,nan,0.6684174843954303,nan,0.6684174843954297,nan
circular,13,,,2,1.30176505073905,nan,1.3016250999644399,nan,70.0,nan,70.0,nan,0.7606927155402085,nan,0.7606927155402085,nan
circular,13,,,3,2.650504441000521,nan,2.649286527186632,nan,118.0,nan,118.0,nan,0.8453591027597026,nan,0.8453591027597014,nan
circular,13,,,4,4.928815867751837,nan,4.9025715962052345,nan,184.0,nan,184.0,nan,0.8727484738695823,nan,0.8727484738695831,nan
circular,13,,,5,7.526261414401233,nan,7.4625597428530455,nan,244.0,nan,244.0,nan,0.9354779267652483,nan,0.93547792676525,nan
circular,13,,,6,11.305274491198361,nan,11.284313061274588,nan,318.0,nan,318.0,nan,0.9517554703975285,nan,0.951755470397524,nan
circular,13,,,7,19.428795374929905,nan,19.400931449607015,nan,456.0,nan,456.0,nan,0.9774969272453862,nan,0.9774969272453861,nan
circular,13,,,8,29.88646454922855,nan,29.833702079951763,nan,612.0,nan,608.0,nan,0.9753149761865542,nan,0.97531497198828,nan
circular,13,,,9,60.108242430724204,nan,70.1569601483643,nan,1014.0,nan,1146.0,nan,0.9940464421553971,nan,0.9953606452752157,nan
circular,13,,,10,84.78254018258303,nan,85.63570942357183,nan,1304.0,nan,1326.0,nan,0.9933917981431847,nan,0.9895477298813363,nan
circular,14,,,1,0.3730169581249356,nan,0.43814876675605774,nan,20.0,nan,20.0,nan,0.6170007548265508,nan,0.6534659776008453,nan
circular,14,,,2,1.419642373919487,nan,1.01958988327533,nan,70.0,nan,50.0,nan,0.7021778912678845,nan,0.8147711857542378,nan
circular,14,,,3,2.8303143894299865,nan,2.9950787322595716,nan,118.0,nan,118.0,nan,0.7803314794704935,nan,0.9866571250176185,nan
circular,14,,,4,5.35486660618335,nan,5.130394208244979,nan,184.0,nan,174.0,nan,0.8056139758796176,nan,0.97312353749179,nan
circular,14,,,5,8.1237921314314,nan,16.009061314165592,nan,244.0,nan,406.0,nan,0.8635180862448447,nan,0.9999999839497983,nan
circular,14,,,6,13.389773034490645,nan,25.557827378623188,nan,338.0,nan,578.0,nan,0.8785455336326479,nan,0.9999280507402029,nan
circular,14,,,7,22.59063139744103,nan,50.09034578315914,nan,482.0,nan,960.0,nan,0.9024802129957513,nan,0.9989615855982606,nan
circular,14,,,8,35.77546891756356,nan,67.52259510289878,nan,660.0,nan,1200.0,nan,0.9014467922757428,nan,0.9999999881018801,nan
circular,14,,,9,68.11836122907698,nan,102.52811231929809,nan,1058.0,nan,1544.0,nan,0.986225911197553,nan,0.999996980532722,nan
circular,14,,,10,111.83885806892067,nan,141.15283720567822,nan,1530.0,nan,2036.0,nan,0.9167900038391584,nan,0.9999999544171684,nan
circular,15,,,1,0.4579714983701706,nan,0.4557307232171297,nan,20.0,nan,20.0,nan,0.6610722373141618,nan,0.6610722373141612,nan
circular,15,,,2,1.5228771949186921,nan,1.5174675583839417,nan,70.0,nan,70.0,nan,0.7523334549298774,nan,0.7523334549298765,nan
circular,15,,,3,3.065154008567333,nan,3.0731692975386977,nan,118.0,nan,118.0,nan,0.8360694422898145,nan,0.8360694422898146,nan
circular,15,,,4,5.706736482679844,nan,5.826496044173837,nan,184.0,nan,184.0,nan,0.8631578312995901,nan,0.8631578312995881,nan
circular,15,,,5,8.916227518580854,nan,8.86488043796271,nan,244.0,nan,244.0,nan,0.9251979495480503,nan,0.9251979495480506,nan
circular,15,,,6,14.498287511058152,nan,14.518504313193262,nan,338.0,nan,338.0,nan,0.94129878603498,nan,0.941298786034979,nan
circular,15,,,7,24.91916671860963,nan,25.02291182242334,nan,488.0,nan,488.0,nan,0.9669434415480599,nan,0.9669434415495103,nan
circular,15,,,8,39.42307125031948,nan,39.79780558031052,nan,672.0,nan,674.0,nan,0.9654957658294727,nan,0.9654957649645926,nan
circular,15,,,9,69.65971171390265,nan,68.31110401265323,nan,1014.0,nan,1002.0,nan,0.9763589819799076,nan,0.9763589793528241,nan
circular,15,,,10,99.4268324431032,nan,142.47422469127923,nan,1322.0,nan,1740.0,nan,0.9814136124801859,nan,0.9846398375032732,nan
circular,16,,,1,0.4155589211732149,nan,0.47813860792666674,nan,20.0,nan,20.0,nan,0.6170007548265508,nan,0.6534659776008458,nan
circular,16,,,2,1.6833006152883172,nan,1.1452640108764172,nan,70.0,nan,50.0,nan,0.7021778912678847,nan,0.8147711857542359,nan
circular,16,,,3,3.317575518041849,nan,3.560046494938433,nan,118.0,nan,118.0,nan,0.7803314794704933,nan,0.986657125017617,nan
circular,16,,,4,6.370537859387696,nan,6.044782122597098,nan,184.0,nan,174.0,nan,0.8056139758796156,nan,0.9731235374917837,nan
circular,16,,,5,9.599847707897425,nan,18.826739026233554,nan,244.0,nan,406.0,nan,0.8635180862448474,nan,0.9999999854864297,nan
circular,16,,,6,15.673845196142793,nan,27.47232358995825,nan,338.0,nan,540.0,nan,0.8785455336326468,nan,0.9776204639756468,nan
circular,16,,,7,27.00462376140058,nan,66.20261942315847,nan,484.0,nan,834.0,nan,0.9024807102200171,nan,0.9986062967574015,nan
circular,16,,,8,42.20867115911096,nan,109.16011403221637,nan,664.0,nan,1514.0,nan,0.9012173968300594,nan,0.9995119131019152,nan
circular,16,,,9,72.14485049434006,nan,150.33836358506233,nan,966.0,nan,1926.0,nan,0.9179538760501198,nan,0.9999999924040684,nan
circular,16,,,10,119.59062215965241,nan,198.06983316969126,nan,1412.0,nan,2364.0,nan,0.9135490746642663,nan,0.9999997744555149,nan
circular,17,,,1,0.5268818167969584,nan,0.5287432810291648,nan,20.0,nan,20.0,nan,0.6555633020032103,nan,0.6555633020032098,nan
circular,17,,,2,1.892898315563798,nan,1.8973573809489608,nan,70.0,nan,70.0,nan,0.7460640094721285,nan,0.7460640094721276,nan
circular,17,,,3,3.7874701153486967,nan,3.798363672569394,nan,118.0,nan,118.0,nan,0.8291021969373992,nan,0.8291021969373996,nan
circular,17,,,4,7.2139612613245845,nan,7.139678173698485,nan,184.0,nan,184.0,nan,0.8559648493720919,nan,0.8559648493720909,nan
circular,17,,,5,10.926300229504704,nan,10.949305949732661,nan,244.0,nan,244.0,nan,0.9174879666351513,nan,0.9174879666351525,nan
circular,17,,,6,17.870782727375627,nan,17.847649278119206,nan,338.0,nan,338.0,nan,0.9334546294846866,nan,0.9334546294846845,nan
circular,17,,,7,30.365287844091654,nan,30.422034369781613,nan,484.0,nan,484.0,nan,0.958885754113682,nan,0.9588857539558396,nan
circular,17,,,8,47.08834579680115,nan,46.34298499394208,nan,658.0,nan,648.0,nan,0.9575494690761418,nan,0.9575494661620045,nan
circular,17,,,9,78.41916394978762,nan,81.06221980787814,nan,942.0,nan,964.0,nan,0.9711469812960142,nan,0.9711469794414741,nan
circular,17,,,10,158.7116722073406,nan,153.29817095212638,nan,1612.0,nan,1562.0,nan,0.97702828399056,nan,0.9837369176790282,nan
circular,18,,,1,0.519932359457016,nan,0.5158451441675425,nan,20.0,nan,20.0,nan,0.6170007548265509,nan,0.6534659776008449,nan
circular,18,,,2,2.1712285466492176,nan,1.5270926496014,nan,70.0,nan,50.0,nan,0.7021778912678847,nan,0.8147711857542382,nan
circular,18,,,3,4.4114000322297215,nan,4.668753657490015,nan,118.0,nan,118.0,nan,0.7803314794704929,nan,0.9866571250176186,nan
circular,18,,,4,8.335213704966009,nan,7.983556658029556,nan,184.0,nan,174.0,nan,0.8056139758796178,nan,0.9731235374917868,nan
circular,18,,,5,12.71222036331892,nan,25.559050135314465,nan,244.0,nan,416.0,nan,0.8635180862448502,nan,0.9999999958737011,nan
circular,18,,,6,20.678398159332573,nan,48.29505773447454,nan,338.0,nan,678.0,nan,0.8785455336326488,nan,0.9999987143889086,nan
circular,18,,,7,35.499276673421264,nan,77.09802994225174,nan,486.0,nan,972.0,nan,0.9024807099507951,nan,0.9999990416336604,nan
circular,18,,,8,57.12553429976106,nan,133.67065213713795,nan,678.0,nan,1464.0,nan,0.9012240691267929,nan,0.9999886988914319,nan
circular,18,,,9,91.90134960971773,nan,184.07168905530125,nan,950.0,nan,1860.0,nan,0.9144771319323668,nan,0.9999908120397522,nan
circular,18,,,10,167.04832683689892,nan,328.6349363755435,nan,1486.0,nan,2898.0,nan,0.9192192934591223,nan,0.9998604010810475,nan
circular,19,,,1,0.5563066191971302,nan,0.6163104064762592,nan,20.0,nan,20.0,nan,0.6512785745391372,nan,0.6512785745391364,nan
circular,19,,,2,2.4175025913864374,nan,2.415124890394509,nan,70.0,nan,70.0,nan,0.7411877741161005,nan,0.7411877741161006,nan
circular,19,,,3,4.828120527788997,nan,4.780841650441289,nan,118.0,nan,118.0,nan,0.8236832283299651,nan,0.8236832283299655,nan
circular,19,,,4,9.142327358946204,nan,9.110712281428277,nan,184.0,nan,184.0,nan,0.8503703078729248,nan,0.850370307872927,nan
circular,19,,,5,13.91675465553999,nan,14.018898155540228,nan,244.0,nan,244.0,nan,0.911491313258446,nan,0.9114913132584448,nan
circular,19,,,6,22.903316151350737,nan,22.803021429106593,nan,338.0,nan,338.0,nan,0.9273536188344585,nan,0.9273536188344562,nan
circular,19,,,7,39.0374451847747,nan,39.34299877937883,nan,486.0,nan,486.0,nan,0.9526185271700656,nan,0.9526185271589939,nan
circular,19,,,8,62.2599794222042,nan,60.258482214063406,nan,668.0,nan,656.0,nan,0.9512920720829291,nan,0.9512920679960328,nan
circular,19,,,9,104.33929817657918,nan,100.68393622338772,nan,974.0,nan,938.0,nan,0.9652718050239871,nan,0.9652718023228805,nan
circular,19,,,10,219.17367978952825,nan,153.34937005396932,nan,1700.0,nan,1282.0,nan,0.9774292179742317,nan,0.9675201824064362,nan
circular,20,,,1,0.6814792584627867,nan,0.6249292651191354,nan,20.0,nan,20.0,nan,0.6170007548265508,nan,0.6534659776008455,nan
circular,20,,,2,2.804719584994018,nan,1.949802908115089,nan,70.0,nan,50.0,nan,0.7021778912678857,nan,0.8147711857542363,nan
circular,20,,,3,5.607947237789631,nan,5.952224690467119,nan,118.0,nan,118.0,nan,0.7803314794704928,nan,0.9866571250176186,nan
circular,20,,,4,10.701135200448334,nan,10.194934159517288,nan,184.0,nan,174.0,nan,0.8056139758796175,nan,0.9731235374917866,nan
circular,20,,,5,16.327285142615438,nan,32.385935698635876,nan,244.0,nan,410.0,nan,0.8635180862448457,nan,0.9999999958514035,nan
circular,20,,,6,26.706572082825005,nan,60.57928177900612,nan,338.0,nan,666.0,nan,0.8785455336326521,nan,0.9298052865848252,nan
circular,20,,,7,45.93492590542883,nan,102.56525062490255,nan,486.0,nan,990.0,nan,0.9024807099009404,nan,0.9999999543134848,nan
circular,20,,,8,70.49392270855606,nan,152.5767709389329,nan,656.0,nan,1332.0,nan,0.9012240613070054,nan,0.9999931199738142,nan
circular,20,,,9,120.20268441364169,nan,218.04017802048475,nan,956.0,nan,1726.0,nan,0.9144680758818116,nan,0.9999994462578361,nan
circular,20,,,10,211.1375608239323,nan,258.9881896581501,nan,1454.0,nan,2006.0,nan,0.9191864397794429,nan,0.9999973277779042,nan
